{
	"content_type": "CG_SHOP_2025_Solution",
	"instance_uid": "ortho_100_bd1e4a14",
	"steiner_points_x": [
		0,
		95517,
		-90266,
		28935,
		28935,
		28935,
		28935,
		28935,
		530223,
		466807,
		248617,
		456616,
		160957,
		617398,
		810415,
		938744,
		278171,
		409622,
		978299,
		1020486,
		1505703,
		1503227,
		1325228,
		1325228,
		1528199,
		1325228,
		853065,
		853065,
		1109140,
		1135027,
		1162925,
		-166572,
		-159636
	],
	"steiner_points_y": [
		656474,
		682351,
		473913,
		480037,
		37329,
		334809,
		"34727479/101",
		625265,
		656474,
		835131,
		835904,
		1000000,
		1000000,
		209100,
		85368,
		73528,
		186254,
		-55981,
		0,
		225913,
		135213,
		21099,
		522181,
		530648,
		621700,
		621700,
		509537,
		714611,
		655052,
		655052,
		636045,
		571811,
		624153
	],
	"edges": [
		[
			41,
			43
		],
		[
			42,
			43
		],
		[
			41,
			42
		],
		[
			72,
			73
		],
		[
			72,
			114
		],
		[
			73,
			114
		],
		[
			76,
			111
		],
		[
			76,
			109
		],
		[
			109,
			111
		],
		[
			6,
			101
		],
		[
			3,
			6
		],
		[
			3,
			101
		],
		[
			8,
			9
		],
		[
			8,
			110
		],
		[
			9,
			110
		],
		[
			11,
			109
		],
		[
			9,
			11
		],
		[
			9,
			109
		],
		[
			38,
			121
		],
		[
			37,
			38
		],
		[
			37,
			121
		],
		[
			82,
			101
		],
		[
			83,
			101
		],
		[
			82,
			83
		],
		[
			58,
			126
		],
		[
			65,
			126
		],
		[
			58,
			65
		],
		[
			90,
			131
		],
		[
			91,
			131
		],
		[
			90,
			91
		],
		[
			109,
			110
		],
		[
			41,
			120
		],
		[
			43,
			120
		],
		[
			13,
			108
		],
		[
			11,
			13
		],
		[
			11,
			108
		],
		[
			13,
			75
		],
		[
			14,
			75
		],
		[
			13,
			14
		],
		[
			108,
			109
		],
		[
			32,
			72
		],
		[
			34,
			72
		],
		[
			32,
			34
		],
		[
			39,
			41
		],
		[
			40,
			41
		],
		[
			39,
			40
		],
		[
			120,
			121
		],
		[
			38,
			120
		],
		[
			38,
			39
		],
		[
			38,
			41
		],
		[
			57,
			119
		],
		[
			56,
			57
		],
		[
			56,
			119
		],
		[
			14,
			113
		],
		[
			21,
			113
		],
		[
			14,
			21
		],
		[
			44,
			45
		],
		[
			44,
			46
		],
		[
			45,
			46
		],
		[
			73,
			113
		],
		[
			113,
			114
		],
		[
			76,
			108
		],
		[
			72,
			115
		],
		[
			114,
			115
		],
		[
			0,
			99
		],
		[
			1,
			99
		],
		[
			0,
			1
		],
		[
			21,
			24
		],
		[
			24,
			113
		],
		[
			99,
			104
		],
		[
			1,
			104
		],
		[
			34,
			119
		],
		[
			35,
			119
		],
		[
			34,
			35
		],
		[
			96,
			105
		],
		[
			96,
			106
		],
		[
			105,
			106
		],
		[
			75,
			108
		],
		[
			2,
			101
		],
		[
			2,
			83
		],
		[
			72,
			119
		],
		[
			99,
			105
		],
		[
			104,
			105
		],
		[
			57,
			126
		],
		[
			57,
			58
		],
		[
			57,
			72
		],
		[
			58,
			60
		],
		[
			60,
			65
		],
		[
			95,
			106
		],
		[
			95,
			103
		],
		[
			103,
			106
		],
		[
			65,
			66
		],
		[
			65,
			127
		],
		[
			66,
			127
		],
		[
			25,
			114
		],
		[
			28,
			114
		],
		[
			25,
			28
		],
		[
			75,
			113
		],
		[
			9,
			10
		],
		[
			10,
			11
		],
		[
			35,
			56
		],
		[
			56,
			120
		],
		[
			35,
			120
		],
		[
			96,
			98
		],
		[
			96,
			99
		],
		[
			98,
			99
		],
		[
			17,
			19
		],
		[
			17,
			20
		],
		[
			19,
			20
		],
		[
			102,
			103
		],
		[
			86,
			102
		],
		[
			86,
			103
		],
		[
			25,
			113
		],
		[
			66,
			68
		],
		[
			66,
			69
		],
		[
			68,
			69
		],
		[
			17,
			18
		],
		[
			18,
			19
		],
		[
			35,
			36
		],
		[
			35,
			121
		],
		[
			36,
			121
		],
		[
			61,
			63
		],
		[
			61,
			130
		],
		[
			63,
			130
		],
		[
			16,
			116
		],
		[
			17,
			116
		],
		[
			16,
			17
		],
		[
			69,
			71
		],
		[
			69,
			127
		],
		[
			71,
			127
		],
		[
			28,
			118
		],
		[
			28,
			31
		],
		[
			31,
			118
		],
		[
			2,
			3
		],
		[
			48,
			50
		],
		[
			48,
			124
		],
		[
			50,
			124
		],
		[
			28,
			115
		],
		[
			31,
			115
		],
		[
			32,
			115
		],
		[
			31,
			32
		],
		[
			87,
			102
		],
		[
			86,
			87
		],
		[
			15,
			116
		],
		[
			15,
			16
		],
		[
			93,
			131
		],
		[
			87,
			131
		],
		[
			87,
			93
		],
		[
			95,
			102
		],
		[
			73,
			74
		],
		[
			73,
			75
		],
		[
			74,
			75
		],
		[
			14,
			20
		],
		[
			20,
			21
		],
		[
			22,
			117
		],
		[
			23,
			117
		],
		[
			22,
			23
		],
		[
			69,
			70
		],
		[
			70,
			71
		],
		[
			92,
			131
		],
		[
			91,
			92
		],
		[
			3,
			4
		],
		[
			3,
			5
		],
		[
			4,
			5
		],
		[
			51,
			52
		],
		[
			51,
			53
		],
		[
			52,
			53
		],
		[
			95,
			96
		],
		[
			72,
			126
		],
		[
			126,
			127
		],
		[
			76,
			78
		],
		[
			78,
			111
		],
		[
			84,
			86
		],
		[
			84,
			103
		],
		[
			87,
			132
		],
		[
			87,
			90
		],
		[
			90,
			132
		],
		[
			66,
			67
		],
		[
			67,
			68
		],
		[
			24,
			117
		],
		[
			23,
			24
		],
		[
			81,
			110
		],
		[
			82,
			110
		],
		[
			81,
			82
		],
		[
			54,
			120
		],
		[
			43,
			54
		],
		[
			21,
			117
		],
		[
			81,
			111
		],
		[
			81,
			112
		],
		[
			111,
			112
		],
		[
			8,
			101
		],
		[
			6,
			8
		],
		[
			44,
			47
		],
		[
			46,
			47
		],
		[
			53,
			125
		],
		[
			51,
			125
		],
		[
			48,
			49
		],
		[
			49,
			50
		],
		[
			76,
			77
		],
		[
			77,
			78
		],
		[
			24,
			25
		],
		[
			53,
			124
		],
		[
			124,
			125
		],
		[
			79,
			80
		],
		[
			79,
			81
		],
		[
			80,
			81
		],
		[
			44,
			122
		],
		[
			47,
			122
		],
		[
			110,
			111
		],
		[
			30,
			118
		],
		[
			30,
			31
		],
		[
			58,
			59
		],
		[
			59,
			60
		],
		[
			93,
			95
		],
		[
			93,
			102
		],
		[
			20,
			116
		],
		[
			79,
			112
		],
		[
			43,
			122
		],
		[
			43,
			44
		],
		[
			84,
			107
		],
		[
			103,
			107
		],
		[
			25,
			26
		],
		[
			25,
			27
		],
		[
			26,
			27
		],
		[
			2,
			100
		],
		[
			83,
			100
		],
		[
			2,
			84
		],
		[
			2,
			107
		],
		[
			60,
			61
		],
		[
			60,
			128
		],
		[
			61,
			128
		],
		[
			5,
			6
		],
		[
			47,
			123
		],
		[
			48,
			123
		],
		[
			47,
			48
		],
		[
			65,
			128
		],
		[
			32,
			33
		],
		[
			33,
			34
		],
		[
			54,
			55
		],
		[
			54,
			56
		],
		[
			55,
			56
		],
		[
			89,
			132
		],
		[
			89,
			90
		],
		[
			29,
			118
		],
		[
			29,
			30
		],
		[
			11,
			12
		],
		[
			12,
			13
		],
		[
			96,
			97
		],
		[
			97,
			98
		],
		[
			61,
			64
		],
		[
			61,
			129
		],
		[
			64,
			129
		],
		[
			61,
			62
		],
		[
			62,
			63
		],
		[
			84,
			100
		],
		[
			27,
			28
		],
		[
			88,
			132
		],
		[
			88,
			89
		],
		[
			122,
			123
		],
		[
			128,
			129
		],
		[
			92,
			93
		],
		[
			48,
			53
		],
		[
			6,
			7
		],
		[
			7,
			8
		],
		[
			53,
			123
		],
		[
			54,
			122
		],
		[
			84,
			85
		],
		[
			85,
			86
		],
		[
			8,
			82
		],
		[
			64,
			130
		],
		[
			93,
			94
		],
		[
			94,
			95
		],
		[
			14,
			116
		]
	],
	"score": 0.5147058823529411
}