{
	"content_type": "CG_SHOP_2025_Solution",
	"instance_uid": "point-set_20_5868538a",
	"steiner_points_x": [
		950,
		"492570/313",
		2775,
		"4157817431/1943317",
		935,
		"3288774/250841",
		"3195015087/1943317",
		1876,
		484,
		582,
		"6188368/250841",
		"273706125/395453",
		"792127075/457213",
		"1768901509/1943317",
		119,
		1101,
		890
	],
	"steiner_points_y": [
		1085,
		"4116/313",
		1008,
		"3190077644/1943317",
		513,
		"108877928/250841",
		"3196293728/1943317",
		434,
		582,
		1208,
		"158870928/250841",
		"32517911/395453",
		"2286977/457213",
		"3205501061/1943317",
		416,
		836,
		907
	],
	"edges": [
		[
			9,
			34
		],
		[
			18,
			34
		],
		[
			9,
			18
		],
		[
			29,
			36
		],
		[
			20,
			29
		],
		[
			20,
			36
		],
		[
			4,
			12
		],
		[
			12,
			27
		],
		[
			4,
			27
		],
		[
			25,
			34
		],
		[
			6,
			34
		],
		[
			6,
			25
		],
		[
			8,
			20
		],
		[
			7,
			20
		],
		[
			7,
			8
		],
		[
			0,
			29
		],
		[
			0,
			7
		],
		[
			7,
			29
		],
		[
			3,
			27
		],
		[
			17,
			27
		],
		[
			3,
			17
		],
		[
			12,
			21
		],
		[
			12,
			32
		],
		[
			21,
			32
		],
		[
			10,
			16
		],
		[
			10,
			24
		],
		[
			16,
			24
		],
		[
			5,
			8
		],
		[
			8,
			26
		],
		[
			5,
			26
		],
		[
			2,
			16
		],
		[
			2,
			21
		],
		[
			16,
			21
		],
		[
			15,
			17
		],
		[
			3,
			15
		],
		[
			15,
			22
		],
		[
			11,
			22
		],
		[
			11,
			15
		],
		[
			17,
			22
		],
		[
			28,
			36
		],
		[
			28,
			29
		],
		[
			27,
			35
		],
		[
			8,
			35
		],
		[
			8,
			27
		],
		[
			18,
			25
		],
		[
			13,
			29
		],
		[
			0,
			13
		],
		[
			24,
			36
		],
		[
			24,
			28
		],
		[
			19,
			29
		],
		[
			13,
			19
		],
		[
			4,
			32
		],
		[
			2,
			27
		],
		[
			2,
			12
		],
		[
			0,
			26
		],
		[
			0,
			33
		],
		[
			26,
			33
		],
		[
			2,
			24
		],
		[
			8,
			17
		],
		[
			10,
			31
		],
		[
			16,
			31
		],
		[
			20,
			35
		],
		[
			9,
			29
		],
		[
			9,
			19
		],
		[
			14,
			22
		],
		[
			11,
			14
		],
		[
			13,
			33
		],
		[
			10,
			28
		],
		[
			10,
			34
		],
		[
			28,
			34
		],
		[
			5,
			17
		],
		[
			5,
			22
		],
		[
			2,
			35
		],
		[
			22,
			23
		],
		[
			14,
			23
		],
		[
			5,
			23
		],
		[
			23,
			26
		],
		[
			25,
			30
		],
		[
			18,
			30
		],
		[
			3,
			4
		],
		[
			35,
			36
		],
		[
			24,
			35
		],
		[
			6,
			10
		],
		[
			6,
			31
		],
		[
			7,
			26
		],
		[
			9,
			28
		],
		[
			18,
			19
		],
		[
			1,
			14
		],
		[
			1,
			11
		],
		[
			19,
			30
		]
	],
	"score": 0.5277777777777778
}