{
	"content_type": "CG_SHOP_2025_Solution",
	"instance_uid": "simple-polygon-exterior_60_8670ab75",
	"steiner_points_x": [
		"193/274",
		45,
		"119359/3041",
		"69066/1385",
		"3036/37",
		"4596909/50125",
		75,
		34,
		"42637/629",
		43,
		"88669/3041",
		"633/25",
		"33953/1385",
		"149829/3041",
		"2527/41",
		42,
		12,
		"13119/169",
		91,
		57,
		"149/685",
		"4236/53",
		"159344/3041",
		78,
		"578151/6250",
		"65576/713",
		28,
		39,
		49,
		"28823/34250",
		0,
		"2251/370",
		22,
		"285876/3125",
		"4659/281",
		"158613/1961",
		"10429812/115625",
		77,
		"4507/377",
		49,
		"284304/3125",
		"605/13",
		"259/125",
		"6504/155",
		78,
		22,
		81,
		"67054/3041",
		44,
		70,
		"285033/3125",
		"2721/37",
		84,
		51,
		28,
		62,
		"14901/185",
		"24/685",
		27,
		47,
		59,
		19,
		11,
		"1743/97",
		34,
		30,
		69,
		20,
		51,
		39,
		21,
		43,
		34,
		41,
		"2147/33",
		30,
		"35127/401",
		23,
		25,
		"5455/377",
		39,
		29,
		18,
		"35024/401",
		18,
		17,
		28,
		"316/5",
		72,
		39,
		33,
		38,
		29,
		"9561/137",
		12,
		9,
		2,
		8,
		47,
		"15572/185",
		39,
		38,
		24,
		76,
		"372/145",
		44,
		"801/25",
		73,
		45,
		20,
		"94221/1517",
		"569373/6250",
		73,
		"130799/3041",
		"948/493",
		"12805/562",
		"15572/185",
		27,
		72,
		89,
		51,
		25,
		"283734/3125",
		55,
		"589639/6845",
		69,
		23,
		69,
		16,
		67,
		63,
		35,
		66,
		"6989/101",
		"10/9",
		"42401/629",
		77,
		25,
		62,
		"771/25",
		"669/25",
		70,
		72,
		"42637/629",
		54,
		"42855/629",
		68,
		63,
		63,
		64,
		31,
		64,
		76,
		53,
		61,
		52,
		"12028/205",
		47,
		55,
		60,
		86,
		79,
		85,
		90,
		"564633/6250"
	],
	"steiner_points_y": [
		"4915/274",
		54,
		"293263/3041",
		"1068/1385",
		"2935/37",
		"2004938/50125",
		44,
		14,
		"31964/629",
		88,
		"295495/3041",
		"1519/25",
		"4864/1385",
		"291047/3041",
		"152/41",
		"71/2",
		56,
		"6237/169",
		19,
		46,
		"24627/685",
		"516/53",
		"290355/3041",
		46,
		"119107/6250",
		"70741/2139",
		53,
		30,
		88,
		"440549/34250",
		54,
		"2293/370",
		62,
		"143807/3125",
		"8358/281",
		"7806/1961",
		"9207659/115625",
		41,
		"25811/377",
		92,
		"185203/3125",
		"672/13",
		"1612/125",
		"252/155",
		50,
		47,
		49,
		"297067/3041",
		13,
		40,
		"166006/3125",
		"102/37",
		40,
		55,
		39,
		42,
		"16997/185",
		"29252/685",
		91,
		40,
		40,
		55,
		43,
		"5110/97",
		85,
		75,
		92,
		59,
		66,
		93,
		89,
		96,
		40,
		70,
		"3115/33",
		43,
		"18033/401",
		86,
		45,
		"21308/377",
		84,
		58,
		85,
		"15973/401",
		29,
		15,
		49,
		"98/5",
		49,
		88,
		76,
		47,
		82,
		"12307/137",
		52,
		55,
		36,
		52,
		27,
		"16509/185",
		52,
		19,
		"21308/377",
		57,
		"11859/145",
		50,
		"1743/25",
		41,
		66,
		71,
		"1292/1517",
		"350261/6250",
		"468/5",
		"292431/3041",
		"40359/493",
		"23373/562",
		85,
		71,
		37,
		64,
		73,
		76,
		"200213/3125",
		56,
		"112592/1369",
		46,
		72,
		83,
		49,
		37,
		80,
		89,
		73,
		"9492/101",
		"451/6",
		"29014/629",
		29,
		64,
		51,
		"1703/25",
		"1567/25",
		55,
		84,
		66,
		38,
		"34689/629",
		70,
		55,
		66,
		69,
		61,
		36,
		80,
		35,
		75,
		70,
		"6876/205",
		70,
		32,
		21,
		79,
		72,
		75,
		76,
		"475081/6250"
	],
	"edges": [
		[
			38,
			39
		],
		[
			39,
			221
		],
		[
			38,
			221
		],
		[
			77,
			97
		],
		[
			97,
			112
		],
		[
			77,
			112
		],
		[
			21,
			22
		],
		[
			22,
			115
		],
		[
			21,
			115
		],
		[
			35,
			78
		],
		[
			35,
			85
		],
		[
			78,
			85
		],
		[
			36,
			110
		],
		[
			36,
			37
		],
		[
			37,
			110
		],
		[
			35,
			143
		],
		[
			85,
			143
		],
		[
			36,
			93
		],
		[
			93,
			110
		],
		[
			37,
			171
		],
		[
			110,
			171
		],
		[
			100,
			179
		],
		[
			179,
			182
		],
		[
			100,
			182
		],
		[
			64,
			221
		],
		[
			64,
			222
		],
		[
			221,
			222
		],
		[
			101,
			113
		],
		[
			79,
			113
		],
		[
			79,
			101
		],
		[
			60,
			80
		],
		[
			80,
			156
		],
		[
			60,
			156
		],
		[
			38,
			100
		],
		[
			38,
			179
		],
		[
			44,
			159
		],
		[
			44,
			45
		],
		[
			45,
			159
		],
		[
			57,
			121
		],
		[
			57,
			139
		],
		[
			121,
			139
		],
		[
			128,
			217
		],
		[
			215,
			217
		],
		[
			128,
			215
		],
		[
			39,
			40
		],
		[
			40,
			42
		],
		[
			39,
			42
		],
		[
			44,
			212
		],
		[
			44,
			64
		],
		[
			64,
			212
		],
		[
			64,
			220
		],
		[
			220,
			222
		],
		[
			44,
			176
		],
		[
			159,
			176
		],
		[
			41,
			212
		],
		[
			41,
			202
		],
		[
			202,
			212
		],
		[
			45,
			116
		],
		[
			116,
			159
		],
		[
			61,
			168
		],
		[
			113,
			168
		],
		[
			61,
			113
		],
		[
			45,
			46
		],
		[
			46,
			116
		],
		[
			49,
			153
		],
		[
			49,
			126
		],
		[
			126,
			153
		],
		[
			47,
			193
		],
		[
			172,
			193
		],
		[
			47,
			172
		],
		[
			50,
			51
		],
		[
			51,
			82
		],
		[
			50,
			82
		],
		[
			46,
			48
		],
		[
			47,
			48
		],
		[
			46,
			47
		],
		[
			46,
			172
		],
		[
			48,
			153
		],
		[
			48,
			126
		],
		[
			134,
			193
		],
		[
			126,
			193
		],
		[
			126,
			134
		],
		[
			153,
			187
		],
		[
			49,
			187
		],
		[
			49,
			50
		],
		[
			50,
			134
		],
		[
			49,
			134
		],
		[
			49,
			51
		],
		[
			54,
			133
		],
		[
			53,
			54
		],
		[
			53,
			133
		],
		[
			52,
			53
		],
		[
			53,
			88
		],
		[
			52,
			88
		],
		[
			51,
			88
		],
		[
			51,
			52
		],
		[
			121,
			127
		],
		[
			127,
			139
		],
		[
			49,
			52
		],
		[
			19,
			168
		],
		[
			19,
			61
		],
		[
			122,
			154
		],
		[
			122,
			157
		],
		[
			154,
			157
		],
		[
			86,
			141
		],
		[
			141,
			160
		],
		[
			86,
			160
		],
		[
			151,
			160
		],
		[
			146,
			151
		],
		[
			146,
			160
		],
		[
			94,
			175
		],
		[
			144,
			175
		],
		[
			94,
			144
		],
		[
			3,
			4
		],
		[
			3,
			5
		],
		[
			4,
			5
		],
		[
			8,
			105
		],
		[
			7,
			8
		],
		[
			7,
			105
		],
		[
			3,
			58
		],
		[
			2,
			3
		],
		[
			2,
			58
		],
		[
			179,
			221
		],
		[
			218,
			219
		],
		[
			158,
			219
		],
		[
			158,
			218
		],
		[
			17,
			75
		],
		[
			75,
			119
		],
		[
			17,
			119
		],
		[
			158,
			213
		],
		[
			213,
			218
		],
		[
			17,
			158
		],
		[
			75,
			158
		],
		[
			25,
			27
		],
		[
			26,
			27
		],
		[
			25,
			26
		],
		[
			25,
			219
		],
		[
			147,
			219
		],
		[
			25,
			147
		],
		[
			43,
			176
		],
		[
			43,
			184
		],
		[
			176,
			184
		],
		[
			222,
			223
		],
		[
			220,
			223
		],
		[
			25,
			28
		],
		[
			28,
			74
		],
		[
			25,
			74
		],
		[
			96,
			220
		],
		[
			184,
			220
		],
		[
			96,
			184
		],
		[
			95,
			111
		],
		[
			81,
			111
		],
		[
			81,
			95
		],
		[
			87,
			161
		],
		[
			15,
			161
		],
		[
			15,
			87
		],
		[
			42,
			221
		],
		[
			155,
			157
		],
		[
			154,
			155
		],
		[
			26,
			103
		],
		[
			103,
			108
		],
		[
			26,
			108
		],
		[
			179,
			222
		],
		[
			127,
			162
		],
		[
			121,
			162
		],
		[
			12,
			145
		],
		[
			13,
			145
		],
		[
			12,
			13
		],
		[
			96,
			223
		],
		[
			223,
			224
		],
		[
			96,
			224
		],
		[
			105,
			123
		],
		[
			105,
			188
		],
		[
			123,
			188
		],
		[
			8,
			175
		],
		[
			8,
			114
		],
		[
			114,
			175
		],
		[
			15,
			16
		],
		[
			16,
			87
		],
		[
			87,
			158
		],
		[
			158,
			161
		],
		[
			12,
			102
		],
		[
			11,
			12
		],
		[
			11,
			102
		],
		[
			114,
			138
		],
		[
			135,
			138
		],
		[
			114,
			135
		],
		[
			10,
			102
		],
		[
			10,
			12
		],
		[
			16,
			75
		],
		[
			16,
			132
		],
		[
			75,
			132
		],
		[
			14,
			15
		],
		[
			14,
			145
		],
		[
			15,
			145
		],
		[
			14,
			103
		],
		[
			14,
			67
		],
		[
			67,
			103
		],
		[
			15,
			114
		],
		[
			16,
			114
		],
		[
			23,
			213
		],
		[
			23,
			218
		],
		[
			9,
			12
		],
		[
			9,
			145
		],
		[
			14,
			72
		],
		[
			72,
			103
		],
		[
			101,
			165
		],
		[
			61,
			165
		],
		[
			61,
			101
		],
		[
			6,
			90
		],
		[
			5,
			90
		],
		[
			5,
			6
		],
		[
			57,
			154
		],
		[
			57,
			188
		],
		[
			154,
			188
		],
		[
			24,
			147
		],
		[
			24,
			31
		],
		[
			31,
			147
		],
		[
			141,
			162
		],
		[
			55,
			162
		],
		[
			55,
			141
		],
		[
			19,
			199
		],
		[
			19,
			210
		],
		[
			199,
			210
		],
		[
			177,
			199
		],
		[
			166,
			177
		],
		[
			166,
			199
		],
		[
			56,
			162
		],
		[
			56,
			121
		],
		[
			12,
			91
		],
		[
			13,
			91
		],
		[
			3,
			155
		],
		[
			5,
			155
		],
		[
			49,
			190
		],
		[
			187,
			190
		],
		[
			98,
			127
		],
		[
			92,
			98
		],
		[
			92,
			127
		],
		[
			15,
			67
		],
		[
			153,
			202
		],
		[
			48,
			202
		],
		[
			98,
			139
		],
		[
			32,
			189
		],
		[
			178,
			189
		],
		[
			32,
			178
		],
		[
			59,
			186
		],
		[
			59,
			181
		],
		[
			181,
			186
		],
		[
			43,
			159
		],
		[
			169,
			186
		],
		[
			59,
			169
		],
		[
			53,
			180
		],
		[
			52,
			180
		],
		[
			20,
			163
		],
		[
			20,
			39
		],
		[
			39,
			163
		],
		[
			177,
			181
		],
		[
			125,
			181
		],
		[
			125,
			177
		],
		[
			208,
			215
		],
		[
			128,
			208
		],
		[
			22,
			189
		],
		[
			21,
			189
		],
		[
			34,
			178
		],
		[
			33,
			34
		],
		[
			33,
			178
		],
		[
			42,
			64
		],
		[
			42,
			212
		],
		[
			124,
			140
		],
		[
			124,
			149
		],
		[
			140,
			149
		],
		[
			10,
			60
		],
		[
			10,
			156
		],
		[
			150,
			166
		],
		[
			54,
			150
		],
		[
			54,
			166
		],
		[
			44,
			202
		],
		[
			186,
			197
		],
		[
			177,
			186
		],
		[
			177,
			197
		],
		[
			41,
			192
		],
		[
			40,
			41
		],
		[
			40,
			192
		],
		[
			7,
			175
		],
		[
			7,
			94
		],
		[
			69,
			131
		],
		[
			99,
			131
		],
		[
			69,
			99
		],
		[
			114,
			144
		],
		[
			214,
			215
		],
		[
			209,
			214
		],
		[
			209,
			215
		],
		[
			179,
			223
		],
		[
			125,
			166
		],
		[
			125,
			150
		],
		[
			34,
			77
		],
		[
			33,
			77
		],
		[
			66,
			185
		],
		[
			66,
			167
		],
		[
			167,
			185
		],
		[
			54,
			140
		],
		[
			53,
			140
		],
		[
			24,
			32
		],
		[
			31,
			32
		],
		[
			60,
			102
		],
		[
			89,
			102
		],
		[
			60,
			89
		],
		[
			119,
			165
		],
		[
			18,
			165
		],
		[
			18,
			119
		],
		[
			200,
			210
		],
		[
			199,
			200
		],
		[
			168,
			217
		],
		[
			128,
			168
		],
		[
			203,
			207
		],
		[
			203,
			205
		],
		[
			205,
			207
		],
		[
			22,
			23
		],
		[
			23,
			120
		],
		[
			22,
			120
		],
		[
			28,
			81
		],
		[
			28,
			31
		],
		[
			31,
			81
		],
		[
			182,
			223
		],
		[
			182,
			224
		],
		[
			52,
			214
		],
		[
			52,
			190
		],
		[
			190,
			214
		],
		[
			97,
			167
		],
		[
			34,
			97
		],
		[
			34,
			167
		],
		[
			23,
			216
		],
		[
			23,
			211
		],
		[
			211,
			216
		],
		[
			207,
			208
		],
		[
			203,
			208
		],
		[
			58,
			169
		],
		[
			58,
			59
		],
		[
			98,
			169
		],
		[
			92,
			169
		],
		[
			64,
			184
		],
		[
			26,
			63
		],
		[
			27,
			63
		],
		[
			29,
			30
		],
		[
			30,
			78
		],
		[
			29,
			78
		],
		[
			152,
			181
		],
		[
			125,
			152
		],
		[
			20,
			205
		],
		[
			20,
			201
		],
		[
			201,
			205
		],
		[
			3,
			76
		],
		[
			3,
			98
		],
		[
			76,
			98
		],
		[
			109,
			185
		],
		[
			109,
			167
		],
		[
			58,
			98
		],
		[
			169,
			197
		],
		[
			2,
			4
		],
		[
			2,
			194
		],
		[
			164,
			194
		],
		[
			2,
			164
		],
		[
			0,
			2
		],
		[
			0,
			58
		],
		[
			66,
			148
		],
		[
			83,
			148
		],
		[
			66,
			83
		],
		[
			30,
			35
		],
		[
			68,
			185
		],
		[
			185,
			195
		],
		[
			68,
			195
		],
		[
			32,
			33
		],
		[
			33,
			196
		],
		[
			32,
			196
		],
		[
			122,
			188
		],
		[
			27,
			74
		],
		[
			21,
			195
		],
		[
			21,
			185
		],
		[
			67,
			161
		],
		[
			108,
			161
		],
		[
			67,
			108
		],
		[
			45,
			48
		],
		[
			45,
			202
		],
		[
			187,
			202
		],
		[
			108,
			158
		],
		[
			56,
			123
		],
		[
			56,
			105
		],
		[
			29,
			81
		],
		[
			29,
			95
		],
		[
			189,
			211
		],
		[
			22,
			211
		],
		[
			70,
			129
		],
		[
			62,
			70
		],
		[
			62,
			129
		],
		[
			4,
			90
		],
		[
			41,
			187
		],
		[
			109,
			189
		],
		[
			109,
			178
		],
		[
			33,
			35
		],
		[
			35,
			77
		],
		[
			30,
			196
		],
		[
			35,
			196
		],
		[
			114,
			132
		],
		[
			197,
			200
		],
		[
			197,
			199
		],
		[
			115,
			198
		],
		[
			79,
			115
		],
		[
			79,
			198
		],
		[
			78,
			84
		],
		[
			29,
			84
		],
		[
			31,
			196
		],
		[
			124,
			191
		],
		[
			149,
			191
		],
		[
			216,
			219
		],
		[
			216,
			218
		],
		[
			71,
			141
		],
		[
			71,
			200
		],
		[
			141,
			200
		],
		[
			30,
			31
		],
		[
			30,
			81
		],
		[
			43,
			96
		],
		[
			59,
			142
		],
		[
			137,
			142
		],
		[
			59,
			137
		],
		[
			0,
			59
		],
		[
			41,
			42
		],
		[
			73,
			131
		],
		[
			131,
			173
		],
		[
			73,
			173
		],
		[
			160,
			210
		],
		[
			19,
			160
		],
		[
			137,
			152
		],
		[
			118,
			137
		],
		[
			118,
			152
		],
		[
			62,
			173
		],
		[
			62,
			131
		],
		[
			129,
			191
		],
		[
			129,
			149
		],
		[
			68,
			205
		],
		[
			68,
			201
		],
		[
			55,
			92
		],
		[
			71,
			92
		],
		[
			55,
			71
		],
		[
			192,
			209
		],
		[
			192,
			206
		],
		[
			206,
			209
		],
		[
			69,
			140
		],
		[
			53,
			69
		],
		[
			118,
			124
		],
		[
			124,
			152
		],
		[
			150,
			152
		],
		[
			192,
			214
		],
		[
			47,
			126
		],
		[
			183,
			207
		],
		[
			198,
			207
		],
		[
			183,
			198
		],
		[
			129,
			131
		],
		[
			83,
			97
		],
		[
			83,
			112
		],
		[
			66,
			97
		],
		[
			63,
			103
		],
		[
			107,
			130
		],
		[
			1,
			130
		],
		[
			1,
			107
		],
		[
			70,
			191
		],
		[
			65,
			136
		],
		[
			93,
			136
		],
		[
			65,
			93
		],
		[
			69,
			88
		],
		[
			88,
			99
		],
		[
			73,
			99
		],
		[
			118,
			130
		],
		[
			107,
			118
		],
		[
			104,
			148
		],
		[
			83,
			104
		],
		[
			68,
			148
		],
		[
			148,
			201
		],
		[
			57,
			76
		],
		[
			76,
			139
		],
		[
			132,
			151
		],
		[
			75,
			151
		],
		[
			24,
			216
		],
		[
			32,
			216
		],
		[
			180,
			214
		],
		[
			69,
			149
		],
		[
			69,
			129
		],
		[
			74,
			111
		],
		[
			28,
			111
		],
		[
			75,
			87
		],
		[
			36,
			136
		],
		[
			55,
			127
		],
		[
			8,
			138
		],
		[
			141,
			210
		],
		[
			74,
			170
		],
		[
			111,
			170
		],
		[
			71,
			197
		],
		[
			92,
			197
		],
		[
			183,
			208
		],
		[
			128,
			183
		],
		[
			132,
			135
		],
		[
			105,
			138
		],
		[
			17,
			213
		],
		[
			130,
			137
		],
		[
			130,
			142
		],
		[
			167,
			178
		],
		[
			138,
			146
		],
		[
			135,
			146
		],
		[
			84,
			85
		],
		[
			35,
			112
		],
		[
			61,
			160
		],
		[
			195,
			198
		],
		[
			115,
			195
		],
		[
			106,
			136
		],
		[
			36,
			106
		],
		[
			21,
			109
		],
		[
			140,
			150
		],
		[
			124,
			150
		],
		[
			148,
			185
		],
		[
			0,
			142
		],
		[
			1,
			142
		],
		[
			53,
			217
		],
		[
			180,
			217
		],
		[
			117,
			122
		],
		[
			6,
			117
		],
		[
			6,
			122
		],
		[
			7,
			122
		],
		[
			7,
			188
		],
		[
			13,
			14
		],
		[
			121,
			123
		],
		[
			65,
			143
		],
		[
			136,
			143
		],
		[
			9,
			144
		],
		[
			9,
			94
		],
		[
			51,
			99
		],
		[
			28,
			147
		],
		[
			65,
			85
		],
		[
			13,
			72
		],
		[
			190,
			192
		],
		[
			0,
			1
		],
		[
			0,
			164
		],
		[
			1,
			164
		],
		[
			4,
			194
		],
		[
			11,
			89
		],
		[
			9,
			15
		],
		[
			122,
			156
		],
		[
			117,
			156
		],
		[
			80,
			117
		],
		[
			9,
			156
		],
		[
			9,
			10
		],
		[
			174,
			194
		],
		[
			164,
			174
		],
		[
			119,
			151
		],
		[
			151,
			165
		],
		[
			18,
			79
		],
		[
			79,
			120
		],
		[
			18,
			120
		],
		[
			133,
			217
		],
		[
			133,
			168
		],
		[
			56,
			146
		],
		[
			56,
			138
		],
		[
			79,
			183
		],
		[
			24,
			219
		],
		[
			68,
			207
		],
		[
			104,
			106
		],
		[
			83,
			106
		],
		[
			163,
			201
		],
		[
			68,
			198
		],
		[
			19,
			166
		],
		[
			135,
			151
		],
		[
			148,
			163
		],
		[
			20,
			206
		],
		[
			39,
			206
		],
		[
			36,
			38
		],
		[
			37,
			38
		],
		[
			41,
			190
		],
		[
			76,
			155
		],
		[
			76,
			154
		],
		[
			160,
			165
		],
		[
			137,
			181
		],
		[
			17,
			204
		],
		[
			204,
			213
		],
		[
			118,
			191
		],
		[
			20,
			203
		],
		[
			203,
			206
		],
		[
			37,
			100
		],
		[
			40,
			206
		],
		[
			23,
			204
		],
		[
			120,
			204
		],
		[
			113,
			183
		],
		[
			17,
			18
		],
		[
			203,
			209
		],
		[
			5,
			157
		],
		[
			6,
			157
		],
		[
			208,
			209
		],
		[
			94,
			156
		],
		[
			113,
			128
		],
		[
			32,
			211
		],
		[
			108,
			219
		],
		[
			56,
			86
		],
		[
			86,
			162
		],
		[
			94,
			122
		],
		[
			64,
			176
		],
		[
			25,
			108
		],
		[
			104,
			163
		],
		[
			38,
			163
		],
		[
			38,
			104
		],
		[
			180,
			215
		],
		[
			19,
			54
		],
		[
			1,
			174
		],
		[
			57,
			123
		],
		[
			19,
			133
		],
		[
			18,
			101
		],
		[
			106,
			112
		],
		[
			112,
			136
		],
		[
			15,
			144
		],
		[
			82,
			99
		],
		[
			73,
			82
		],
		[
			38,
			106
		],
		[
			11,
			91
		],
		[
			27,
			170
		],
		[
			112,
			143
		],
		[
			100,
			171
		],
		[
			115,
			120
		],
		[
			70,
			118
		],
		[
			70,
			107
		],
		[
			86,
			146
		],
		[
			18,
			204
		]
	],
	"score": 0.36450000000000005
}