{
	"content_type": "CG_SHOP_2025_Solution",
	"instance_uid": "simple-polygon-exterior-20_10_c6728228",
	"steiner_points_x": [
		2171,
		1313,
		"276020627/95653",
		"10345785657/7270594",
		"3514938238/4165333",
		"382955853/187697"
	],
	"steiner_points_y": [
		773,
		1178,
		"92859804/95653",
		"769563675/7270594",
		"4991077833/4165333",
		"322054146/187697"
	],
	"edges": [
		[
			6,
			7
		],
		[
			7,
			13
		],
		[
			6,
			13
		],
		[
			2,
			3
		],
		[
			3,
			4
		],
		[
			2,
			4
		],
		[
			7,
			11
		],
		[
			8,
			11
		],
		[
			7,
			8
		],
		[
			8,
			10
		],
		[
			8,
			9
		],
		[
			9,
			10
		],
		[
			0,
			9
		],
		[
			0,
			1
		],
		[
			1,
			9
		],
		[
			2,
			9
		],
		[
			2,
			10
		],
		[
			2,
			15
		],
		[
			3,
			15
		],
		[
			4,
			5
		],
		[
			4,
			12
		],
		[
			5,
			12
		],
		[
			6,
			14
		],
		[
			7,
			14
		],
		[
			0,
			11
		],
		[
			11,
			14
		],
		[
			0,
			14
		],
		[
			5,
			10
		],
		[
			4,
			10
		],
		[
			9,
			11
		],
		[
			3,
			12
		],
		[
			8,
			13
		],
		[
			10,
			13
		],
		[
			1,
			2
		],
		[
			1,
			15
		],
		[
			5,
			13
		]
	],
	"score": 0.5714285714285714
}