{
	"content_type": "CG_SHOP_2025_Solution",
	"instance_uid": "simple-polygon_250_6e9d9c26",
	"steiner_points_x": [
		"127475/13",
		9975,
		10175,
		"2672125/241",
		"134475/13",
		3762,
		3936,
		8926,
		9653,
		9395,
		4077,
		4225,
		4927,
		4130,
		4305,
		9732,
		9782,
		4125,
		8892,
		"9208531/1049",
		9587,
		3974,
		4025,
		3725,
		4022,
		9760,
		5262,
		5143,
		4285,
		"109976895/11689",
		4056,
		4099,
		3824,
		4283,
		"60391827/11689",
		3927,
		3928,
		3924,
		3796,
		4122,
		3809,
		9794,
		6975,
		7951,
		8677,
		4122,
		"8221139/1049",
		"175125/17",
		"215725/53",
		"220625/53",
		3685,
		3605,
		"60375/17",
		"2152225/481",
		"2080225/481",
		4315,
		"52725/13",
		4224,
		3975,
		4025,
		3825
	],
	"steiner_points_y": [
		"66350/13",
		3200,
		3200,
		"973650/241",
		"53350/13",
		6694,
		7006,
		7419,
		7995,
		8319,
		8133,
		8178,
		6786,
		6255,
		7388,
		7847,
		7691,
		6154,
		6221,
		"5759110/1049",
		5850,
		7850,
		6254,
		6450,
		6596,
		8028,
		7995,
		8300,
		7961,
		"100669575/11689",
		7833,
		8061,
		7417,
		8589,
		"102965180/11689",
		8074,
		8087,
		8087,
		8091,
		6151,
		8049,
		7844,
		8725,
		6366,
		7149,
		6150,
		"5913390/1049",
		"146950/17",
		"465950/53",
		"467350/53",
		8680,
		8640,
		"140350/17",
		"2204850/481",
		"2281650/481",
		4350,
		"57150/13",
		3901,
		4200,
		3200,
		3200
	],
	"edges": [
		[
			268,
			270
		],
		[
			91,
			268
		],
		[
			91,
			270
		],
		[
			92,
			294
		],
		[
			94,
			294
		],
		[
			92,
			94
		],
		[
			158,
			159
		],
		[
			158,
			234
		],
		[
			159,
			234
		],
		[
			242,
			289
		],
		[
			289,
			295
		],
		[
			242,
			295
		],
		[
			212,
			214
		],
		[
			212,
			307
		],
		[
			214,
			307
		],
		[
			281,
			286
		],
		[
			260,
			286
		],
		[
			260,
			281
		],
		[
			51,
			54
		],
		[
			51,
			55
		],
		[
			54,
			55
		],
		[
			44,
			49
		],
		[
			44,
			50
		],
		[
			49,
			50
		],
		[
			285,
			290
		],
		[
			287,
			290
		],
		[
			285,
			287
		],
		[
			242,
			272
		],
		[
			272,
			289
		],
		[
			269,
			270
		],
		[
			77,
			270
		],
		[
			77,
			269
		],
		[
			102,
			118
		],
		[
			102,
			119
		],
		[
			118,
			119
		],
		[
			271,
			290
		],
		[
			271,
			285
		],
		[
			92,
			268
		],
		[
			91,
			92
		],
		[
			243,
			267
		],
		[
			244,
			267
		],
		[
			243,
			244
		],
		[
			218,
			221
		],
		[
			218,
			226
		],
		[
			221,
			226
		],
		[
			215,
			307
		],
		[
			175,
			307
		],
		[
			175,
			215
		],
		[
			198,
			209
		],
		[
			198,
			211
		],
		[
			209,
			211
		],
		[
			5,
			6
		],
		[
			5,
			8
		],
		[
			6,
			8
		],
		[
			263,
			274
		],
		[
			262,
			274
		],
		[
			262,
			263
		],
		[
			171,
			303
		],
		[
			171,
			304
		],
		[
			303,
			304
		],
		[
			65,
			66
		],
		[
			65,
			67
		],
		[
			66,
			67
		],
		[
			259,
			279
		],
		[
			259,
			292
		],
		[
			279,
			292
		],
		[
			187,
			307
		],
		[
			176,
			187
		],
		[
			176,
			307
		],
		[
			226,
			227
		],
		[
			218,
			227
		],
		[
			168,
			228
		],
		[
			168,
			229
		],
		[
			228,
			229
		],
		[
			135,
			136
		],
		[
			135,
			288
		],
		[
			136,
			288
		],
		[
			169,
			227
		],
		[
			169,
			228
		],
		[
			227,
			228
		],
		[
			74,
			249
		],
		[
			75,
			249
		],
		[
			74,
			75
		],
		[
			271,
			281
		],
		[
			281,
			285
		],
		[
			229,
			230
		],
		[
			167,
			229
		],
		[
			167,
			230
		],
		[
			104,
			116
		],
		[
			104,
			117
		],
		[
			116,
			117
		],
		[
			67,
			68
		],
		[
			67,
			69
		],
		[
			68,
			69
		],
		[
			198,
			212
		],
		[
			187,
			198
		],
		[
			187,
			212
		],
		[
			58,
			60
		],
		[
			58,
			61
		],
		[
			60,
			61
		],
		[
			303,
			305
		],
		[
			171,
			305
		],
		[
			141,
			271
		],
		[
			140,
			141
		],
		[
			140,
			271
		],
		[
			78,
			270
		],
		[
			78,
			91
		],
		[
			2,
			69
		],
		[
			2,
			70
		],
		[
			69,
			70
		],
		[
			142,
			271
		],
		[
			271,
			280
		],
		[
			142,
			280
		],
		[
			119,
			259
		],
		[
			119,
			279
		],
		[
			1,
			72
		],
		[
			1,
			73
		],
		[
			72,
			73
		],
		[
			189,
			190
		],
		[
			189,
			195
		],
		[
			190,
			195
		],
		[
			103,
			117
		],
		[
			103,
			118
		],
		[
			117,
			118
		],
		[
			187,
			197
		],
		[
			188,
			197
		],
		[
			187,
			188
		],
		[
			120,
			283
		],
		[
			120,
			284
		],
		[
			283,
			284
		],
		[
			0,
			73
		],
		[
			0,
			74
		],
		[
			73,
			74
		],
		[
			177,
			187
		],
		[
			176,
			177
		],
		[
			120,
			130
		],
		[
			130,
			283
		],
		[
			139,
			290
		],
		[
			140,
			290
		],
		[
			139,
			140
		],
		[
			188,
			189
		],
		[
			188,
			196
		],
		[
			189,
			196
		],
		[
			142,
			264
		],
		[
			264,
			282
		],
		[
			142,
			282
		],
		[
			257,
			294
		],
		[
			292,
			294
		],
		[
			257,
			292
		],
		[
			2,
			71
		],
		[
			70,
			71
		],
		[
			175,
			176
		],
		[
			277,
			283
		],
		[
			277,
			284
		],
		[
			284,
			292
		],
		[
			277,
			292
		],
		[
			2,
			72
		],
		[
			71,
			72
		],
		[
			146,
			151
		],
		[
			148,
			151
		],
		[
			146,
			148
		],
		[
			131,
			277
		],
		[
			131,
			283
		],
		[
			136,
			137
		],
		[
			136,
			139
		],
		[
			137,
			139
		],
		[
			151,
			273
		],
		[
			152,
			273
		],
		[
			151,
			152
		],
		[
			35,
			38
		],
		[
			35,
			39
		],
		[
			38,
			39
		],
		[
			131,
			261
		],
		[
			132,
			261
		],
		[
			131,
			132
		],
		[
			183,
			184
		],
		[
			179,
			183
		],
		[
			179,
			184
		],
		[
			158,
			235
		],
		[
			234,
			235
		],
		[
			75,
			248
		],
		[
			248,
			249
		],
		[
			263,
			267
		],
		[
			244,
			263
		],
		[
			180,
			182
		],
		[
			181,
			182
		],
		[
			180,
			181
		],
		[
			293,
			296
		],
		[
			269,
			293
		],
		[
			269,
			296
		],
		[
			171,
			173
		],
		[
			171,
			174
		],
		[
			173,
			174
		],
		[
			79,
			91
		],
		[
			78,
			79
		],
		[
			243,
			289
		],
		[
			267,
			289
		],
		[
			238,
			239
		],
		[
			238,
			241
		],
		[
			239,
			241
		],
		[
			182,
			183
		],
		[
			180,
			183
		],
		[
			240,
			241
		],
		[
			239,
			240
		],
		[
			243,
			295
		],
		[
			179,
			180
		],
		[
			178,
			184
		],
		[
			178,
			179
		],
		[
			178,
			185
		],
		[
			184,
			185
		],
		[
			158,
			236
		],
		[
			235,
			236
		],
		[
			245,
			293
		],
		[
			245,
			296
		],
		[
			265,
			291
		],
		[
			266,
			291
		],
		[
			265,
			266
		],
		[
			99,
			291
		],
		[
			275,
			291
		],
		[
			99,
			275
		],
		[
			37,
			252
		],
		[
			38,
			252
		],
		[
			37,
			38
		],
		[
			156,
			236
		],
		[
			156,
			158
		],
		[
			36,
			37
		],
		[
			36,
			252
		],
		[
			201,
			310
		],
		[
			201,
			207
		],
		[
			207,
			310
		],
		[
			178,
			186
		],
		[
			185,
			186
		],
		[
			1,
			2
		],
		[
			195,
			196
		],
		[
			191,
			192
		],
		[
			191,
			193
		],
		[
			192,
			193
		],
		[
			178,
			308
		],
		[
			186,
			308
		],
		[
			288,
			290
		],
		[
			287,
			288
		],
		[
			190,
			194
		],
		[
			194,
			195
		],
		[
			177,
			186
		],
		[
			186,
			187
		],
		[
			77,
			246
		],
		[
			77,
			247
		],
		[
			246,
			247
		],
		[
			191,
			194
		],
		[
			193,
			194
		],
		[
			39,
			251
		],
		[
			35,
			251
		],
		[
			0,
			249
		],
		[
			197,
			198
		],
		[
			154,
			241
		],
		[
			154,
			242
		],
		[
			241,
			242
		],
		[
			31,
			40
		],
		[
			31,
			41
		],
		[
			40,
			41
		],
		[
			35,
			252
		],
		[
			76,
			247
		],
		[
			76,
			248
		],
		[
			247,
			248
		],
		[
			159,
			161
		],
		[
			161,
			234
		],
		[
			196,
			197
		],
		[
			0,
			1
		],
		[
			200,
			207
		],
		[
			200,
			309
		],
		[
			207,
			309
		],
		[
			246,
			269
		],
		[
			203,
			205
		],
		[
			203,
			206
		],
		[
			205,
			206
		],
		[
			203,
			204
		],
		[
			204,
			205
		],
		[
			202,
			206
		],
		[
			202,
			310
		],
		[
			206,
			310
		],
		[
			265,
			275
		],
		[
			52,
			254
		],
		[
			53,
			254
		],
		[
			52,
			53
		],
		[
			51,
			53
		],
		[
			53,
			54
		],
		[
			258,
			265
		],
		[
			258,
			275
		],
		[
			261,
			281
		],
		[
			260,
			261
		],
		[
			3,
			67
		],
		[
			2,
			3
		],
		[
			2,
			67
		],
		[
			129,
			299
		],
		[
			129,
			298
		],
		[
			298,
			299
		],
		[
			107,
			109
		],
		[
			107,
			111
		],
		[
			109,
			111
		],
		[
			111,
			297
		],
		[
			109,
			297
		],
		[
			107,
			112
		],
		[
			111,
			112
		],
		[
			144,
			255
		],
		[
			145,
			255
		],
		[
			144,
			145
		],
		[
			63,
			64
		],
		[
			4,
			63
		],
		[
			4,
			64
		],
		[
			146,
			273
		],
		[
			145,
			146
		],
		[
			145,
			273
		],
		[
			276,
			292
		],
		[
			292,
			293
		],
		[
			276,
			293
		],
		[
			3,
			64
		],
		[
			3,
			4
		],
		[
			106,
			112
		],
		[
			106,
			113
		],
		[
			112,
			113
		],
		[
			278,
			280
		],
		[
			280,
			281
		],
		[
			278,
			281
		],
		[
			113,
			114
		],
		[
			113,
			115
		],
		[
			114,
			115
		],
		[
			128,
			298
		],
		[
			121,
			128
		],
		[
			121,
			298
		],
		[
			6,
			7
		],
		[
			6,
			250
		],
		[
			7,
			250
		],
		[
			5,
			63
		],
		[
			4,
			5
		],
		[
			10,
			13
		],
		[
			10,
			14
		],
		[
			13,
			14
		],
		[
			113,
			116
		],
		[
			115,
			116
		],
		[
			261,
			278
		],
		[
			10,
			11
		],
		[
			10,
			12
		],
		[
			11,
			12
		],
		[
			124,
			300
		],
		[
			124,
			301
		],
		[
			300,
			301
		],
		[
			132,
			260
		],
		[
			25,
			26
		],
		[
			25,
			31
		],
		[
			26,
			31
		],
		[
			64,
			67
		],
		[
			130,
			299
		],
		[
			120,
			299
		],
		[
			121,
			122
		],
		[
			121,
			126
		],
		[
			122,
			126
		],
		[
			125,
			126
		],
		[
			122,
			125
		],
		[
			9,
			14
		],
		[
			9,
			15
		],
		[
			14,
			15
		],
		[
			125,
			300
		],
		[
			122,
			300
		],
		[
			261,
			277
		],
		[
			8,
			250
		],
		[
			124,
			125
		],
		[
			264,
			278
		],
		[
			264,
			280
		],
		[
			25,
			41
		],
		[
			123,
			124
		],
		[
			123,
			301
		],
		[
			8,
			9
		],
		[
			8,
			15
		],
		[
			255,
			273
		],
		[
			121,
			127
		],
		[
			126,
			127
		],
		[
			272,
			273
		],
		[
			153,
			272
		],
		[
			153,
			273
		],
		[
			18,
			19
		],
		[
			18,
			20
		],
		[
			19,
			20
		],
		[
			25,
			42
		],
		[
			41,
			42
		],
		[
			129,
			130
		],
		[
			8,
			63
		],
		[
			12,
			13
		],
		[
			128,
			129
		],
		[
			8,
			16
		],
		[
			15,
			16
		],
		[
			127,
			128
		],
		[
			137,
			138
		],
		[
			137,
			302
		],
		[
			138,
			302
		],
		[
			17,
			55
		],
		[
			23,
			55
		],
		[
			17,
			23
		],
		[
			153,
			242
		],
		[
			153,
			154
		],
		[
			139,
			302
		],
		[
			101,
			119
		],
		[
			101,
			259
		],
		[
			105,
			116
		],
		[
			104,
			105
		],
		[
			256,
			282
		],
		[
			144,
			256
		],
		[
			144,
			282
		],
		[
			103,
			104
		],
		[
			256,
			264
		],
		[
			273,
			274
		],
		[
			255,
			274
		],
		[
			263,
			272
		],
		[
			267,
			272
		],
		[
			256,
			274
		],
		[
			255,
			256
		],
		[
			105,
			106
		],
		[
			105,
			113
		],
		[
			272,
			274
		],
		[
			244,
			262
		],
		[
			80,
			89
		],
		[
			79,
			80
		],
		[
			79,
			89
		],
		[
			262,
			264
		],
		[
			256,
			262
		],
		[
			245,
			262
		],
		[
			262,
			293
		],
		[
			262,
			276
		],
		[
			81,
			88
		],
		[
			80,
			81
		],
		[
			80,
			88
		],
		[
			268,
			293
		],
		[
			268,
			269
		],
		[
			268,
			294
		],
		[
			264,
			276
		],
		[
			276,
			278
		],
		[
			293,
			294
		],
		[
			244,
			245
		],
		[
			106,
			107
		],
		[
			51,
			254
		],
		[
			199,
			309
		],
		[
			199,
			208
		],
		[
			208,
			309
		],
		[
			47,
			49
		],
		[
			46,
			47
		],
		[
			46,
			49
		],
		[
			77,
			78
		],
		[
			155,
			156
		],
		[
			155,
			236
		],
		[
			81,
			86
		],
		[
			81,
			87
		],
		[
			86,
			87
		],
		[
			154,
			238
		],
		[
			236,
			237
		],
		[
			155,
			237
		],
		[
			211,
			212
		],
		[
			96,
			257
		],
		[
			257,
			266
		],
		[
			96,
			266
		],
		[
			98,
			291
		],
		[
			98,
			99
		],
		[
			48,
			253
		],
		[
			47,
			48
		],
		[
			47,
			253
		],
		[
			57,
			58
		],
		[
			57,
			62
		],
		[
			58,
			62
		],
		[
			154,
			237
		],
		[
			154,
			155
		],
		[
			44,
			45
		],
		[
			45,
			49
		],
		[
			222,
			225
		],
		[
			223,
			225
		],
		[
			222,
			223
		],
		[
			9,
			10
		],
		[
			49,
			253
		],
		[
			75,
			76
		],
		[
			87,
			88
		],
		[
			199,
			209
		],
		[
			208,
			209
		],
		[
			209,
			210
		],
		[
			210,
			211
		],
		[
			152,
			153
		],
		[
			214,
			215
		],
		[
			201,
			202
		],
		[
			88,
			89
		],
		[
			212,
			213
		],
		[
			213,
			214
		],
		[
			199,
			200
		],
		[
			82,
			85
		],
		[
			82,
			86
		],
		[
			85,
			86
		],
		[
			171,
			216
		],
		[
			216,
			304
		],
		[
			76,
			77
		],
		[
			39,
			40
		],
		[
			40,
			251
		],
		[
			82,
			83
		],
		[
			82,
			84
		],
		[
			83,
			84
		],
		[
			200,
			201
		],
		[
			215,
			305
		],
		[
			215,
			303
		],
		[
			84,
			85
		],
		[
			202,
			203
		],
		[
			175,
			305
		],
		[
			24,
			55
		],
		[
			23,
			24
		],
		[
			17,
			18
		],
		[
			17,
			22
		],
		[
			18,
			22
		],
		[
			26,
			27
		],
		[
			27,
			31
		],
		[
			237,
			238
		],
		[
			79,
			90
		],
		[
			90,
			91
		],
		[
			64,
			65
		],
		[
			98,
			266
		],
		[
			96,
			98
		],
		[
			218,
			219
		],
		[
			218,
			220
		],
		[
			219,
			220
		],
		[
			171,
			217
		],
		[
			216,
			217
		],
		[
			276,
			277
		],
		[
			277,
			278
		],
		[
			101,
			275
		],
		[
			101,
			258
		],
		[
			222,
			226
		],
		[
			221,
			222
		],
		[
			107,
			108
		],
		[
			108,
			109
		],
		[
			190,
			191
		],
		[
			89,
			90
		],
		[
			44,
			51
		],
		[
			50,
			51
		],
		[
			94,
			257
		],
		[
			95,
			257
		],
		[
			94,
			95
		],
		[
			81,
			82
		],
		[
			174,
			305
		],
		[
			174,
			175
		],
		[
			257,
			259
		],
		[
			95,
			96
		],
		[
			96,
			97
		],
		[
			97,
			98
		],
		[
			220,
			221
		],
		[
			92,
			93
		],
		[
			93,
			94
		],
		[
			173,
			306
		],
		[
			171,
			306
		],
		[
			223,
			224
		],
		[
			224,
			225
		],
		[
			100,
			275
		],
		[
			99,
			100
		],
		[
			217,
			227
		],
		[
			217,
			218
		],
		[
			177,
			308
		],
		[
			100,
			101
		],
		[
			43,
			44
		],
		[
			43,
			51
		],
		[
			45,
			46
		],
		[
			225,
			226
		],
		[
			31,
			32
		],
		[
			32,
			40
		],
		[
			170,
			227
		],
		[
			170,
			217
		],
		[
			198,
			199
		],
		[
			110,
			297
		],
		[
			109,
			110
		],
		[
			230,
			231
		],
		[
			166,
			230
		],
		[
			166,
			231
		],
		[
			141,
			142
		],
		[
			285,
			286
		],
		[
			133,
			286
		],
		[
			134,
			286
		],
		[
			133,
			134
		],
		[
			142,
			143
		],
		[
			143,
			282
		],
		[
			130,
			131
		],
		[
			55,
			56
		],
		[
			17,
			56
		],
		[
			143,
			144
		],
		[
			148,
			149
		],
		[
			148,
			150
		],
		[
			149,
			150
		],
		[
			24,
			42
		],
		[
			24,
			43
		],
		[
			42,
			43
		],
		[
			162,
			234
		],
		[
			161,
			162
		],
		[
			16,
			17
		],
		[
			16,
			56
		],
		[
			16,
			63
		],
		[
			150,
			151
		],
		[
			135,
			287
		],
		[
			286,
			287
		],
		[
			146,
			147
		],
		[
			147,
			148
		],
		[
			16,
			57
		],
		[
			16,
			62
		],
		[
			24,
			25
		],
		[
			156,
			157
		],
		[
			157,
			158
		],
		[
			163,
			231
		],
		[
			164,
			231
		],
		[
			163,
			164
		],
		[
			56,
			57
		],
		[
			24,
			51
		],
		[
			162,
			233
		],
		[
			163,
			233
		],
		[
			162,
			163
		],
		[
			159,
			160
		],
		[
			160,
			161
		],
		[
			139,
			288
		],
		[
			170,
			171
		],
		[
			166,
			167
		],
		[
			167,
			168
		],
		[
			233,
			234
		],
		[
			134,
			287
		],
		[
			134,
			135
		],
		[
			165,
			231
		],
		[
			165,
			166
		],
		[
			164,
			165
		],
		[
			231,
			233
		],
		[
			169,
			170
		],
		[
			168,
			169
		],
		[
			232,
			233
		],
		[
			231,
			232
		],
		[
			172,
			306
		],
		[
			172,
			173
		],
		[
			102,
			103
		],
		[
			62,
			63
		],
		[
			18,
			21
		],
		[
			21,
			22
		],
		[
			257,
			265
		],
		[
			257,
			258
		],
		[
			34,
			40
		],
		[
			34,
			251
		],
		[
			258,
			259
		],
		[
			22,
			23
		],
		[
			20,
			21
		],
		[
			133,
			260
		],
		[
			132,
			133
		],
		[
			101,
			102
		],
		[
			27,
			29
		],
		[
			27,
			30
		],
		[
			29,
			30
		],
		[
			27,
			28
		],
		[
			28,
			29
		],
		[
			58,
			59
		],
		[
			59,
			60
		],
		[
			61,
			62
		],
		[
			30,
			31
		],
		[
			32,
			34
		],
		[
			33,
			34
		],
		[
			32,
			33
		]
	],
	"score": 0.5080645161290323
}