{
	"content_type": "CG_SHOP_2025_Solution",
	"instance_uid": "simple-polygon-exterior_10_8b098f5e",
	"steiner_points_x": [
		"79409538876675/5188004189",
		"449734633481275/31199217847",
		3261,
		"3868884/3505",
		"12775401/6610",
		"29449035/2074",
		"22111453020299078100/1526767681949149",
		"13780305300/1134937",
		"1188926837421919515/82490731987468",
		"2436075/661",
		"37595780024800/3094973199",
		3028,
		"10007064/3305"
	],
	"steiner_points_y": [
		"31326599601375/5188004189",
		"544207538548575/62398435694",
		6588,
		"21236457/3505",
		"50679047/6610",
		"5940407/2074",
		"177638747055137975275/25955050593135533",
		"261978788200/30643299",
		"103061036233404315/11784390283924",
		"5168025/661",
		"26290982891200/3094973199",
		7760,
		"25652308/3305"
	],
	"edges": [
		[
			2,
			16
		],
		[
			10,
			16
		],
		[
			2,
			10
		],
		[
			11,
			18
		],
		[
			11,
			17
		],
		[
			17,
			18
		],
		[
			0,
			11
		],
		[
			0,
			18
		],
		[
			11,
			20
		],
		[
			17,
			20
		],
		[
			7,
			14
		],
		[
			8,
			14
		],
		[
			7,
			8
		],
		[
			2,
			3
		],
		[
			2,
			15
		],
		[
			3,
			15
		],
		[
			8,
			21
		],
		[
			9,
			21
		],
		[
			8,
			9
		],
		[
			2,
			9
		],
		[
			9,
			20
		],
		[
			2,
			20
		],
		[
			6,
			14
		],
		[
			6,
			7
		],
		[
			5,
			7
		],
		[
			7,
			12
		],
		[
			5,
			12
		],
		[
			1,
			16
		],
		[
			1,
			10
		],
		[
			9,
			17
		],
		[
			4,
			12
		],
		[
			2,
			12
		],
		[
			2,
			4
		],
		[
			9,
			12
		],
		[
			3,
			4
		],
		[
			19,
			21
		],
		[
			21,
			22
		],
		[
			19,
			22
		],
		[
			7,
			13
		],
		[
			6,
			13
		],
		[
			11,
			16
		],
		[
			1,
			11
		],
		[
			0,
			1
		],
		[
			8,
			12
		],
		[
			14,
			21
		],
		[
			9,
			19
		],
		[
			17,
			19
		],
		[
			16,
			20
		],
		[
			5,
			13
		],
		[
			10,
			15
		],
		[
			4,
			5
		],
		[
			14,
			22
		]
	],
	"score": 0.5357142857142857
}