{
	"content_type": "CG_SHOP_2025_Solution",
	"instance_uid": "simple-polygon-exterior_10_40642b31",
	"steiner_points_x": [
		"2592944085/1388869",
		"29167/11",
		"86531925/43496",
		"34153955510802842438/83829922826048585",
		"761406839744/8589482585",
		"75855337/30098",
		"14308737504/7580681",
		"581175162859157/228163336738",
		485
	],
	"steiner_points_y": [
		"1162538291/1388869",
		"12764/11",
		"3314128/5437",
		"57750381288125339853/83829922826048585",
		"235325195715589/317810855645",
		"44241191/30098",
		"13767874824/7580681",
		"200054331009926/114081668369",
		1311
	],
	"edges": [
		[
			3,
			7
		],
		[
			0,
			3
		],
		[
			0,
			7
		],
		[
			1,
			2
		],
		[
			1,
			15
		],
		[
			2,
			15
		],
		[
			0,
			12
		],
		[
			0,
			10
		],
		[
			10,
			12
		],
		[
			8,
			13
		],
		[
			9,
			13
		],
		[
			8,
			9
		],
		[
			13,
			14
		],
		[
			8,
			14
		],
		[
			0,
			13
		],
		[
			0,
			9
		],
		[
			15,
			17
		],
		[
			2,
			17
		],
		[
			9,
			12
		],
		[
			7,
			13
		],
		[
			7,
			14
		],
		[
			6,
			7
		],
		[
			6,
			18
		],
		[
			7,
			18
		],
		[
			3,
			18
		],
		[
			10,
			11
		],
		[
			1,
			10
		],
		[
			1,
			11
		],
		[
			6,
			14
		],
		[
			4,
			18
		],
		[
			3,
			4
		],
		[
			3,
			16
		],
		[
			15,
			16
		],
		[
			3,
			15
		],
		[
			2,
			11
		],
		[
			5,
			18
		],
		[
			4,
			5
		],
		[
			1,
			3
		],
		[
			3,
			10
		],
		[
			4,
			16
		],
		[
			11,
			12
		],
		[
			5,
			6
		],
		[
			16,
			17
		]
	],
	"score": 0.55
}