{
	"content_type": "CG_SHOP_2025_Solution",
	"instance_uid": "simple-polygon-exterior-20_10_868921c7",
	"steiner_points_x": [
		134,
		1701,
		985,
		"131038029/118333",
		"493687365/282833",
		"58795589044245/33468477389",
		438,
		"1918784/205465"
	],
	"steiner_points_y": [
		1071,
		1071,
		1071,
		"54846191/118333",
		"263945247/282833",
		"30695081913051/33468477389",
		110,
		"88227297/205465"
	],
	"edges": [
		[
			1,
			11
		],
		[
			1,
			12
		],
		[
			11,
			12
		],
		[
			2,
			3
		],
		[
			2,
			11
		],
		[
			3,
			11
		],
		[
			4,
			13
		],
		[
			4,
			14
		],
		[
			13,
			14
		],
		[
			14,
			15
		],
		[
			3,
			14
		],
		[
			3,
			15
		],
		[
			7,
			16
		],
		[
			6,
			16
		],
		[
			6,
			7
		],
		[
			1,
			4
		],
		[
			4,
			9
		],
		[
			1,
			9
		],
		[
			1,
			10
		],
		[
			9,
			10
		],
		[
			8,
			10
		],
		[
			8,
			9
		],
		[
			0,
			8
		],
		[
			0,
			10
		],
		[
			2,
			4
		],
		[
			2,
			14
		],
		[
			5,
			16
		],
		[
			9,
			16
		],
		[
			5,
			9
		],
		[
			8,
			16
		],
		[
			10,
			12
		],
		[
			8,
			17
		],
		[
			0,
			17
		],
		[
			1,
			2
		],
		[
			7,
			17
		],
		[
			7,
			8
		],
		[
			4,
			5
		],
		[
			5,
			13
		],
		[
			5,
			6
		],
		[
			13,
			15
		]
	],
	"score": 0.5555555555555556
}