{
	"content_type": "CG_SHOP_2025_Solution",
	"instance_uid": "simple-polygon-exterior_10_a5f0f2fc",
	"steiner_points_x": [
		6439,
		6321,
		"270630/41",
		"31967150/4777",
		411,
		"80460/1097"
	],
	"steiner_points_y": [
		1499,
		1061,
		"40040/41",
		"11954100/4777",
		4685,
		"3081680/1097"
	],
	"edges": [
		[
			2,
			3
		],
		[
			3,
			13
		],
		[
			2,
			13
		],
		[
			0,
			12
		],
		[
			0,
			1
		],
		[
			1,
			12
		],
		[
			8,
			15
		],
		[
			7,
			15
		],
		[
			7,
			8
		],
		[
			2,
			10
		],
		[
			3,
			10
		],
		[
			1,
			10
		],
		[
			1,
			2
		],
		[
			6,
			7
		],
		[
			6,
			15
		],
		[
			9,
			11
		],
		[
			0,
			11
		],
		[
			0,
			9
		],
		[
			3,
			7
		],
		[
			7,
			14
		],
		[
			3,
			14
		],
		[
			8,
			11
		],
		[
			8,
			9
		],
		[
			5,
			14
		],
		[
			6,
			14
		],
		[
			5,
			6
		],
		[
			4,
			14
		],
		[
			4,
			5
		],
		[
			0,
			10
		],
		[
			7,
			11
		],
		[
			7,
			10
		],
		[
			10,
			11
		],
		[
			3,
			4
		],
		[
			4,
			13
		],
		[
			9,
			12
		]
	],
	"score": 0.5714285714285714
}