{
	"content_type": "CG_SHOP_2025_Solution",
	"instance_uid": "simple-polygon_60_17af118a",
	"steiner_points_x": [
		3389,
		3555,
		3672,
		3238,
		2834,
		2669,
		2571,
		1607,
		1002,
		952,
		328,
		"23181492/199589",
		"147694082/318833",
		"54097577/138745",
		"156655219/128705",
		"966185747/643525"
	],
	"steiner_points_y": [
		1582,
		1432,
		1682,
		1414,
		1242,
		438,
		796,
		1508,
		1161,
		948,
		385,
		"57857728/199589",
		"94468576/318833",
		"98605466/138745",
		"56904178/128705",
		"147481104/643525"
	],
	"edges": [
		[
			46,
			47
		],
		[
			46,
			65
		],
		[
			47,
			65
		],
		[
			41,
			42
		],
		[
			41,
			68
		],
		[
			42,
			68
		],
		[
			74,
			75
		],
		[
			39,
			74
		],
		[
			39,
			75
		],
		[
			14,
			15
		],
		[
			14,
			66
		],
		[
			15,
			66
		],
		[
			37,
			40
		],
		[
			40,
			74
		],
		[
			37,
			74
		],
		[
			54,
			64
		],
		[
			55,
			64
		],
		[
			54,
			55
		],
		[
			13,
			66
		],
		[
			13,
			14
		],
		[
			40,
			41
		],
		[
			37,
			41
		],
		[
			2,
			62
		],
		[
			1,
			2
		],
		[
			1,
			62
		],
		[
			21,
			29
		],
		[
			22,
			29
		],
		[
			21,
			22
		],
		[
			12,
			64
		],
		[
			13,
			64
		],
		[
			12,
			13
		],
		[
			20,
			67
		],
		[
			19,
			20
		],
		[
			19,
			67
		],
		[
			48,
			49
		],
		[
			48,
			50
		],
		[
			49,
			50
		],
		[
			52,
			65
		],
		[
			51,
			52
		],
		[
			51,
			65
		],
		[
			54,
			66
		],
		[
			13,
			54
		],
		[
			48,
			65
		],
		[
			50,
			65
		],
		[
			47,
			48
		],
		[
			46,
			66
		],
		[
			65,
			66
		],
		[
			18,
			67
		],
		[
			18,
			19
		],
		[
			22,
			23
		],
		[
			22,
			24
		],
		[
			23,
			24
		],
		[
			53,
			65
		],
		[
			53,
			66
		],
		[
			52,
			53
		],
		[
			18,
			45
		],
		[
			45,
			67
		],
		[
			61,
			63
		],
		[
			60,
			63
		],
		[
			60,
			61
		],
		[
			30,
			37
		],
		[
			31,
			37
		],
		[
			30,
			31
		],
		[
			43,
			68
		],
		[
			42,
			43
		],
		[
			50,
			51
		],
		[
			22,
			25
		],
		[
			24,
			25
		],
		[
			56,
			58
		],
		[
			56,
			59
		],
		[
			58,
			59
		],
		[
			41,
			69
		],
		[
			68,
			69
		],
		[
			25,
			26
		],
		[
			25,
			27
		],
		[
			26,
			27
		],
		[
			53,
			54
		],
		[
			27,
			29
		],
		[
			28,
			29
		],
		[
			27,
			28
		],
		[
			70,
			71
		],
		[
			35,
			70
		],
		[
			35,
			71
		],
		[
			21,
			67
		],
		[
			20,
			21
		],
		[
			0,
			61
		],
		[
			61,
			62
		],
		[
			0,
			62
		],
		[
			25,
			29
		],
		[
			10,
			55
		],
		[
			10,
			56
		],
		[
			55,
			56
		],
		[
			11,
			64
		],
		[
			11,
			12
		],
		[
			33,
			70
		],
		[
			33,
			71
		],
		[
			43,
			67
		],
		[
			21,
			43
		],
		[
			56,
			57
		],
		[
			57,
			58
		],
		[
			0,
			1
		],
		[
			37,
			73
		],
		[
			31,
			73
		],
		[
			9,
			63
		],
		[
			10,
			63
		],
		[
			9,
			10
		],
		[
			70,
			72
		],
		[
			35,
			72
		],
		[
			56,
			61
		],
		[
			59,
			61
		],
		[
			0,
			59
		],
		[
			29,
			68
		],
		[
			29,
			69
		],
		[
			60,
			62
		],
		[
			4,
			60
		],
		[
			4,
			62
		],
		[
			44,
			67
		],
		[
			44,
			45
		],
		[
			32,
			70
		],
		[
			32,
			72
		],
		[
			56,
			63
		],
		[
			30,
			69
		],
		[
			37,
			69
		],
		[
			38,
			75
		],
		[
			38,
			39
		],
		[
			36,
			73
		],
		[
			32,
			36
		],
		[
			32,
			73
		],
		[
			15,
			46
		],
		[
			36,
			72
		],
		[
			4,
			6
		],
		[
			4,
			7
		],
		[
			6,
			7
		],
		[
			36,
			37
		],
		[
			10,
			64
		],
		[
			9,
			60
		],
		[
			21,
			68
		],
		[
			7,
			60
		],
		[
			8,
			60
		],
		[
			7,
			8
		],
		[
			4,
			5
		],
		[
			5,
			6
		],
		[
			34,
			35
		],
		[
			34,
			71
		],
		[
			3,
			62
		],
		[
			3,
			4
		],
		[
			15,
			45
		],
		[
			15,
			18
		],
		[
			32,
			33
		],
		[
			43,
			44
		],
		[
			15,
			16
		],
		[
			16,
			18
		],
		[
			8,
			9
		],
		[
			45,
			46
		],
		[
			39,
			40
		],
		[
			2,
			3
		],
		[
			17,
			18
		],
		[
			16,
			17
		],
		[
			29,
			30
		],
		[
			10,
			11
		]
	],
	"score": 0.5294117647058824
}