{
	"content_type": "CG_SHOP_2025_Solution",
	"instance_uid": "point-set_100_0245ce31",
	"steiner_points_x": [
		0,
		0,
		7650,
		7650,
		7650,
		8050,
		0,
		7650,
		7650,
		0,
		0,
		7650,
		400,
		8050,
		8050,
		400,
		7650,
		0,
		7650,
		400,
		7650,
		0,
		"2600/17",
		7650,
		578,
		600,
		8190,
		8179,
		600
	],
	"steiner_points_y": [
		3100,
		4000,
		0,
		5800,
		700,
		6600,
		750,
		6600,
		3100,
		5800,
		2300,
		200,
		700,
		2300,
		1500,
		6600,
		4900,
		4900,
		2300,
		1500,
		1500,
		1500,
		"112400/17",
		4000,
		5709,
		5709,
		5763,
		727,
		5100
	],
	"edges": [
		[
			8,
			92
		],
		[
			8,
			11
		],
		[
			11,
			92
		],
		[
			78,
			121
		],
		[
			55,
			78
		],
		[
			55,
			121
		],
		[
			25,
			30
		],
		[
			25,
			77
		],
		[
			30,
			77
		],
		[
			26,
			29
		],
		[
			11,
			29
		],
		[
			11,
			26
		],
		[
			93,
			113
		],
		[
			86,
			113
		],
		[
			86,
			93
		],
		[
			58,
			85
		],
		[
			42,
			58
		],
		[
			42,
			85
		],
		[
			13,
			29
		],
		[
			0,
			29
		],
		[
			0,
			13
		],
		[
			38,
			62
		],
		[
			56,
			62
		],
		[
			38,
			56
		],
		[
			62,
			118
		],
		[
			1,
			118
		],
		[
			1,
			62
		],
		[
			9,
			79
		],
		[
			79,
			123
		],
		[
			9,
			123
		],
		[
			53,
			67
		],
		[
			59,
			67
		],
		[
			53,
			59
		],
		[
			38,
			118
		],
		[
			66,
			74
		],
		[
			49,
			74
		],
		[
			49,
			66
		],
		[
			51,
			61
		],
		[
			61,
			96
		],
		[
			51,
			96
		],
		[
			32,
			70
		],
		[
			70,
			117
		],
		[
			32,
			117
		],
		[
			91,
			108
		],
		[
			9,
			91
		],
		[
			9,
			108
		],
		[
			71,
			72
		],
		[
			72,
			81
		],
		[
			71,
			81
		],
		[
			36,
			54
		],
		[
			31,
			36
		],
		[
			31,
			54
		],
		[
			64,
			116
		],
		[
			60,
			116
		],
		[
			60,
			64
		],
		[
			39,
			99
		],
		[
			99,
			104
		],
		[
			39,
			104
		],
		[
			6,
			119
		],
		[
			7,
			119
		],
		[
			6,
			7
		],
		[
			10,
			27
		],
		[
			10,
			102
		],
		[
			27,
			102
		],
		[
			5,
			74
		],
		[
			74,
			103
		],
		[
			5,
			103
		],
		[
			63,
			72
		],
		[
			3,
			63
		],
		[
			3,
			72
		],
		[
			9,
			26
		],
		[
			9,
			29
		],
		[
			58,
			63
		],
		[
			63,
			71
		],
		[
			58,
			71
		],
		[
			66,
			103
		],
		[
			7,
			112
		],
		[
			7,
			89
		],
		[
			89,
			112
		],
		[
			64,
			68
		],
		[
			68,
			123
		],
		[
			64,
			123
		],
		[
			0,
			82
		],
		[
			13,
			82
		],
		[
			11,
			13
		],
		[
			42,
			79
		],
		[
			79,
			85
		],
		[
			36,
			74
		],
		[
			36,
			49
		],
		[
			16,
			35
		],
		[
			5,
			16
		],
		[
			5,
			35
		],
		[
			12,
			28
		],
		[
			28,
			114
		],
		[
			12,
			114
		],
		[
			35,
			88
		],
		[
			88,
			107
		],
		[
			35,
			107
		],
		[
			12,
			14
		],
		[
			12,
			17
		],
		[
			14,
			17
		],
		[
			83,
			89
		],
		[
			39,
			83
		],
		[
			39,
			89
		],
		[
			55,
			106
		],
		[
			6,
			55
		],
		[
			6,
			106
		],
		[
			16,
			105
		],
		[
			16,
			50
		],
		[
			50,
			105
		],
		[
			70,
			72
		],
		[
			57,
			70
		],
		[
			57,
			72
		],
		[
			19,
			125
		],
		[
			19,
			103
		],
		[
			103,
			125
		],
		[
			7,
			83
		],
		[
			52,
			88
		],
		[
			52,
			107
		],
		[
			5,
			105
		],
		[
			10,
			111
		],
		[
			102,
			111
		],
		[
			24,
			42
		],
		[
			42,
			71
		],
		[
			24,
			71
		],
		[
			22,
			67
		],
		[
			67,
			98
		],
		[
			22,
			98
		],
		[
			33,
			110
		],
		[
			33,
			61
		],
		[
			61,
			110
		],
		[
			73,
			106
		],
		[
			6,
			73
		],
		[
			24,
			64
		],
		[
			42,
			64
		],
		[
			18,
			124
		],
		[
			18,
			19
		],
		[
			19,
			124
		],
		[
			11,
			46
		],
		[
			13,
			46
		],
		[
			36,
			84
		],
		[
			31,
			84
		],
		[
			15,
			69
		],
		[
			8,
			69
		],
		[
			8,
			15
		],
		[
			19,
			35
		],
		[
			35,
			103
		],
		[
			0,
			60
		],
		[
			54,
			60
		],
		[
			0,
			54
		],
		[
			33,
			40
		],
		[
			40,
			47
		],
		[
			33,
			47
		],
		[
			15,
			48
		],
		[
			8,
			48
		],
		[
			38,
			69
		],
		[
			4,
			38
		],
		[
			4,
			69
		],
		[
			69,
			118
		],
		[
			94,
			97
		],
		[
			58,
			97
		],
		[
			58,
			94
		],
		[
			70,
			80
		],
		[
			32,
			80
		],
		[
			48,
			92
		],
		[
			36,
			126
		],
		[
			84,
			126
		],
		[
			28,
			39
		],
		[
			28,
			99
		],
		[
			38,
			43
		],
		[
			4,
			43
		],
		[
			23,
			75
		],
		[
			75,
			95
		],
		[
			23,
			95
		],
		[
			17,
			114
		],
		[
			39,
			120
		],
		[
			83,
			120
		],
		[
			33,
			43
		],
		[
			43,
			61
		],
		[
			28,
			120
		],
		[
			114,
			120
		],
		[
			23,
			109
		],
		[
			75,
			109
		],
		[
			15,
			118
		],
		[
			72,
			117
		],
		[
			74,
			126
		],
		[
			25,
			74
		],
		[
			25,
			126
		],
		[
			3,
			117
		],
		[
			12,
			99
		],
		[
			16,
			41
		],
		[
			41,
			50
		],
		[
			44,
			115
		],
		[
			2,
			115
		],
		[
			2,
			44
		],
		[
			42,
			123
		],
		[
			65,
			76
		],
		[
			27,
			76
		],
		[
			27,
			65
		],
		[
			47,
			91
		],
		[
			47,
			85
		],
		[
			85,
			91
		],
		[
			5,
			25
		],
		[
			56,
			96
		],
		[
			56,
			78
		],
		[
			78,
			96
		],
		[
			51,
			110
		],
		[
			6,
			78
		],
		[
			43,
			47
		],
		[
			10,
			76
		],
		[
			80,
			109
		],
		[
			32,
			109
		],
		[
			47,
			94
		],
		[
			85,
			94
		],
		[
			38,
			61
		],
		[
			63,
			101
		],
		[
			3,
			101
		],
		[
			20,
			48
		],
		[
			20,
			92
		],
		[
			79,
			91
		],
		[
			18,
			115
		],
		[
			18,
			23
		],
		[
			23,
			115
		],
		[
			24,
			81
		],
		[
			67,
			127
		],
		[
			98,
			127
		],
		[
			58,
			101
		],
		[
			97,
			101
		],
		[
			57,
			80
		],
		[
			94,
			100
		],
		[
			97,
			100
		],
		[
			49,
			116
		],
		[
			66,
			116
		],
		[
			2,
			95
		],
		[
			90,
			95
		],
		[
			2,
			90
		],
		[
			56,
			119
		],
		[
			78,
			119
		],
		[
			81,
			116
		],
		[
			24,
			116
		],
		[
			47,
			100
		],
		[
			40,
			100
		],
		[
			37,
			67
		],
		[
			22,
			37
		],
		[
			23,
			80
		],
		[
			18,
			80
		],
		[
			40,
			110
		],
		[
			56,
			61
		],
		[
			1,
			83
		],
		[
			62,
			83
		],
		[
			75,
			122
		],
		[
			95,
			122
		],
		[
			80,
			124
		],
		[
			83,
			119
		],
		[
			62,
			119
		],
		[
			87,
			111
		],
		[
			87,
			104
		],
		[
			104,
			111
		],
		[
			88,
			115
		],
		[
			44,
			88
		],
		[
			36,
			60
		],
		[
			49,
			60
		],
		[
			43,
			91
		],
		[
			96,
			121
		],
		[
			51,
			121
		],
		[
			57,
			124
		],
		[
			57,
			81
		],
		[
			57,
			128
		],
		[
			81,
			128
		],
		[
			10,
			87
		],
		[
			34,
			114
		],
		[
			34,
			93
		],
		[
			93,
			114
		],
		[
			69,
			108
		],
		[
			8,
			108
		],
		[
			124,
			125
		],
		[
			19,
			88
		],
		[
			124,
			128
		],
		[
			29,
			68
		],
		[
			0,
			68
		],
		[
			66,
			128
		],
		[
			66,
			81
		],
		[
			1,
			120
		],
		[
			73,
			112
		],
		[
			7,
			73
		],
		[
			18,
			88
		],
		[
			8,
			26
		],
		[
			4,
			91
		],
		[
			4,
			108
		],
		[
			29,
			123
		],
		[
			60,
			68
		],
		[
			89,
			104
		],
		[
			87,
			89
		],
		[
			34,
			120
		],
		[
			1,
			34
		],
		[
			34,
			118
		],
		[
			113,
			118
		],
		[
			34,
			113
		],
		[
			14,
			127
		],
		[
			12,
			127
		],
		[
			76,
			112
		],
		[
			10,
			112
		],
		[
			21,
			93
		],
		[
			21,
			86
		],
		[
			30,
			126
		],
		[
			16,
			107
		],
		[
			41,
			107
		],
		[
			30,
			84
		],
		[
			125,
			128
		],
		[
			66,
			125
		],
		[
			76,
			106
		],
		[
			73,
			76
		],
		[
			54,
			82
		],
		[
			95,
			115
		],
		[
			14,
			98
		],
		[
			90,
			122
		],
		[
			67,
			99
		],
		[
			99,
			127
		],
		[
			25,
			105
		],
		[
			77,
			105
		],
		[
			37,
			59
		],
		[
			41,
			52
		],
		[
			45,
			76
		],
		[
			45,
			65
		],
		[
			53,
			99
		],
		[
			87,
			112
		],
		[
			53,
			104
		],
		[
			50,
			77
		],
		[
			26,
			108
		],
		[
			59,
			111
		],
		[
			53,
			111
		],
		[
			44,
			52
		],
		[
			45,
			106
		],
		[
			59,
			102
		],
		[
			20,
			113
		],
		[
			48,
			113
		],
		[
			15,
			113
		],
		[
			20,
			86
		],
		[
			21,
			114
		],
		[
			17,
			21
		],
		[
			46,
			92
		]
	],
	"score": 0.5166666666666667
}