{
	"content_type": "CG_SHOP_2025_Solution",
	"instance_uid": "point-set_10_4bcb7c21",
	"steiner_points_x": [
		"397768025/46553",
		7032,
		"719190/3433",
		6052,
		"103909462/17165",
		"62488125/9113",
		"255633/1586"
	],
	"steiner_points_y": [
		"203432750/46553",
		3716,
		"21788570/3433",
		6155,
		"107411346/17165",
		"9228450/9113",
		"9064219/1586"
	],
	"edges": [
		[
			0,
			1
		],
		[
			0,
			10
		],
		[
			1,
			10
		],
		[
			12,
			13
		],
		[
			7,
			13
		],
		[
			7,
			12
		],
		[
			7,
			16
		],
		[
			6,
			7
		],
		[
			6,
			16
		],
		[
			0,
			9
		],
		[
			1,
			9
		],
		[
			2,
			6
		],
		[
			2,
			5
		],
		[
			5,
			6
		],
		[
			11,
			13
		],
		[
			4,
			13
		],
		[
			4,
			11
		],
		[
			2,
			13
		],
		[
			2,
			11
		],
		[
			9,
			11
		],
		[
			0,
			11
		],
		[
			3,
			15
		],
		[
			3,
			9
		],
		[
			9,
			15
		],
		[
			2,
			7
		],
		[
			13,
			14
		],
		[
			4,
			14
		],
		[
			3,
			11
		],
		[
			2,
			3
		],
		[
			12,
			14
		],
		[
			0,
			4
		],
		[
			3,
			5
		],
		[
			5,
			15
		],
		[
			4,
			10
		],
		[
			8,
			12
		],
		[
			7,
			8
		],
		[
			8,
			16
		]
	],
	"score": 0.5625
}