{
	"content_type": "CG_SHOP_2025_Solution",
	"instance_uid": "point-set_10_13860916",
	"steiner_points_x": [
		543,
		"233312003/132961",
		2125,
		"239465715/147737",
		"26993690/42149",
		"1107983709/370957",
		"15927/7",
		1791,
		2207,
		2568,
		"6198913341/2390345"
	],
	"steiner_points_y": [
		1664,
		"51338592/132961",
		676,
		"238502668/147737",
		"37774000/42149",
		"325705961/370957",
		"10275/7",
		1101,
		1329,
		1284,
		"3336784008/2390345"
	],
	"edges": [
		[
			18,
			19
		],
		[
			3,
			19
		],
		[
			3,
			18
		],
		[
			10,
			13
		],
		[
			2,
			13
		],
		[
			2,
			10
		],
		[
			4,
			12
		],
		[
			9,
			12
		],
		[
			4,
			9
		],
		[
			3,
			17
		],
		[
			17,
			18
		],
		[
			9,
			15
		],
		[
			4,
			15
		],
		[
			11,
			12
		],
		[
			4,
			11
		],
		[
			2,
			18
		],
		[
			2,
			17
		],
		[
			3,
			12
		],
		[
			12,
			17
		],
		[
			7,
			19
		],
		[
			19,
			20
		],
		[
			7,
			20
		],
		[
			0,
			2
		],
		[
			0,
			13
		],
		[
			2,
			8
		],
		[
			8,
			10
		],
		[
			16,
			18
		],
		[
			16,
			19
		],
		[
			7,
			9
		],
		[
			7,
			15
		],
		[
			5,
			10
		],
		[
			5,
			8
		],
		[
			8,
			17
		],
		[
			8,
			14
		],
		[
			6,
			8
		],
		[
			6,
			14
		],
		[
			9,
			19
		],
		[
			3,
			9
		],
		[
			0,
			18
		],
		[
			0,
			16
		],
		[
			6,
			17
		],
		[
			11,
			17
		],
		[
			6,
			11
		],
		[
			16,
			20
		],
		[
			1,
			10
		],
		[
			1,
			5
		],
		[
			5,
			14
		]
	],
	"score": 0.5416666666666666
}