{
	"content_type": "CG_SHOP_2025_Solution",
	"instance_uid": "point-set_20_0c4009d9",
	"steiner_points_x": [
		"30548925/8653",
		7427,
		"124630280/17197",
		"69046325/17197",
		8001,
		6228,
		3935,
		8564,
		8703,
		6218,
		7065,
		5575,
		"110465774/17197",
		7177,
		"166147324/17197",
		5575,
		4295,
		8891,
		8084,
		"31055851/8653",
		7396,
		"127915/32",
		8870,
		8043,
		4295,
		"134279/13",
		"82275/23",
		"15399/2",
		8223,
		9676,
		4295,
		"1167879/113",
		4001,
		"134499/13",
		"1170359/113",
		8976,
		8388,
		3739,
		9824,
		6440,
		"81375652/17197",
		9726,
		"5761411/565",
		8630,
		"141158943/17197",
		7147,
		"30995525/8653",
		"31143925/8653",
		3624,
		6188,
		8001,
		"31236921/8653",
		7114,
		5495,
		5495
	],
	"steiner_points_y": [
		"69629750/8653",
		7243,
		"59916020/17197",
		"62461850/17197",
		8300,
		5464,
		5204,
		6574,
		5353,
		4552,
		6060,
		7002,
		"60564776/17197",
		7385,
		"58014476/17197",
		8300,
		4281,
		6389,
		5128,
		"46057691/8653",
		4240,
		8300,
		5892,
		5558,
		5343,
		"62722/13",
		"135100/23",
		8300,
		3760,
		3692,
		4552,
		"698022/113",
		8054,
		"66682/13",
		"665162/113",
		4597,
		6276,
		5869,
		8300,
		3881,
		"61897148/17197",
		5207,
		"4523398/565",
		6136,
		"59158982/17197",
		5256,
		"48862850/8653",
		"41962250/8653",
		4350,
		6096,
		8218,
		"37637936/8653",
		7256,
		8158,
		8300
	],
	"edges": [
		[
			68,
			71
		],
		[
			6,
			68
		],
		[
			6,
			71
		],
		[
			6,
			8
		],
		[
			8,
			23
		],
		[
			6,
			23
		],
		[
			30,
			72
		],
		[
			21,
			72
		],
		[
			21,
			30
		],
		[
			14,
			49
		],
		[
			13,
			14
		],
		[
			13,
			49
		],
		[
			33,
			73
		],
		[
			35,
			73
		],
		[
			33,
			35
		],
		[
			10,
			67
		],
		[
			10,
			68
		],
		[
			67,
			68
		],
		[
			72,
			73
		],
		[
			31,
			72
		],
		[
			31,
			73
		],
		[
			13,
			17
		],
		[
			13,
			45
		],
		[
			17,
			45
		],
		[
			14,
			28
		],
		[
			28,
			61
		],
		[
			14,
			61
		],
		[
			44,
			69
		],
		[
			25,
			69
		],
		[
			25,
			44
		],
		[
			0,
			39
		],
		[
			0,
			26
		],
		[
			26,
			39
		],
		[
			41,
			73
		],
		[
			52,
			73
		],
		[
			41,
			52
		],
		[
			21,
			56
		],
		[
			21,
			27
		],
		[
			27,
			56
		],
		[
			67,
			71
		],
		[
			33,
			72
		],
		[
			21,
			33
		],
		[
			3,
			13
		],
		[
			3,
			45
		],
		[
			12,
			57
		],
		[
			7,
			57
		],
		[
			7,
			12
		],
		[
			10,
			11
		],
		[
			11,
			68
		],
		[
			19,
			54
		],
		[
			19,
			51
		],
		[
			51,
			54
		],
		[
			1,
			18
		],
		[
			1,
			58
		],
		[
			18,
			58
		],
		[
			33,
			47
		],
		[
			21,
			47
		],
		[
			19,
			62
		],
		[
			51,
			62
		],
		[
			15,
			20
		],
		[
			15,
			46
		],
		[
			20,
			46
		],
		[
			18,
			62
		],
		[
			1,
			62
		],
		[
			15,
			57
		],
		[
			46,
			57
		],
		[
			58,
			70
		],
		[
			24,
			70
		],
		[
			24,
			58
		],
		[
			1,
			27
		],
		[
			1,
			37
		],
		[
			27,
			37
		],
		[
			47,
			70
		],
		[
			21,
			70
		],
		[
			27,
			70
		],
		[
			1,
			70
		],
		[
			29,
			44
		],
		[
			29,
			50
		],
		[
			44,
			50
		],
		[
			5,
			15
		],
		[
			5,
			20
		],
		[
			1,
			19
		],
		[
			19,
			37
		],
		[
			41,
			74
		],
		[
			73,
			74
		],
		[
			11,
			36
		],
		[
			8,
			36
		],
		[
			8,
			11
		],
		[
			29,
			65
		],
		[
			40,
			65
		],
		[
			29,
			40
		],
		[
			29,
			36
		],
		[
			36,
			50
		],
		[
			38,
			40
		],
		[
			38,
			48
		],
		[
			40,
			48
		],
		[
			26,
			44
		],
		[
			0,
			44
		],
		[
			28,
			55
		],
		[
			14,
			55
		],
		[
			30,
			69
		],
		[
			25,
			30
		],
		[
			13,
			61
		],
		[
			30,
			65
		],
		[
			30,
			43
		],
		[
			43,
			65
		],
		[
			48,
			55
		],
		[
			49,
			55
		],
		[
			48,
			49
		],
		[
			29,
			59
		],
		[
			40,
			59
		],
		[
			28,
			38
		],
		[
			38,
			55
		],
		[
			4,
			19
		],
		[
			4,
			54
		],
		[
			6,
			11
		],
		[
			42,
			61
		],
		[
			4,
			42
		],
		[
			4,
			61
		],
		[
			4,
			37
		],
		[
			7,
			31
		],
		[
			16,
			31
		],
		[
			7,
			16
		],
		[
			36,
			60
		],
		[
			29,
			60
		],
		[
			22,
			40
		],
		[
			22,
			48
		],
		[
			11,
			50
		],
		[
			28,
			42
		],
		[
			42,
			63
		],
		[
			42,
			43
		],
		[
			43,
			63
		],
		[
			59,
			60
		],
		[
			32,
			59
		],
		[
			32,
			60
		],
		[
			34,
			49
		],
		[
			9,
			49
		],
		[
			9,
			34
		],
		[
			8,
			60
		],
		[
			23,
			60
		],
		[
			12,
			66
		],
		[
			12,
			39
		],
		[
			39,
			66
		],
		[
			52,
			57
		],
		[
			7,
			52
		],
		[
			48,
			64
		],
		[
			22,
			64
		],
		[
			49,
			64
		],
		[
			34,
			64
		],
		[
			37,
			42
		],
		[
			12,
			46
		],
		[
			46,
			66
		],
		[
			0,
			12
		],
		[
			25,
			29
		],
		[
			10,
			50
		],
		[
			38,
			43
		],
		[
			28,
			43
		],
		[
			2,
			4
		],
		[
			2,
			54
		],
		[
			17,
			49
		],
		[
			9,
			17
		],
		[
			0,
			16
		],
		[
			0,
			7
		],
		[
			25,
			65
		],
		[
			5,
			41
		],
		[
			15,
			41
		],
		[
			15,
			52
		],
		[
			24,
			47
		],
		[
			26,
			50
		],
		[
			35,
			47
		],
		[
			10,
			39
		],
		[
			39,
			67
		],
		[
			27,
			63
		],
		[
			37,
			63
		],
		[
			56,
			63
		],
		[
			22,
			59
		],
		[
			22,
			32
		],
		[
			10,
			26
		],
		[
			69,
			72
		],
		[
			31,
			69
		],
		[
			16,
			44
		],
		[
			35,
			74
		],
		[
			16,
			69
		],
		[
			38,
			65
		],
		[
			43,
			56
		],
		[
			2,
			3
		],
		[
			2,
			53
		],
		[
			3,
			53
		],
		[
			3,
			4
		],
		[
			3,
			61
		],
		[
			45,
			53
		],
		[
			30,
			56
		],
		[
			31,
			52
		]
	],
	"score": 0.5089285714285714
}