{
	"content_type": "CG_SHOP_2025_Solution",
	"instance_uid": "simple-polygon_40_12969fc3",
	"steiner_points_x": [
		"29107921070/2437097",
		11871,
		12337,
		6874,
		7800,
		10429,
		"492723512/52597",
		12534,
		8825,
		11164,
		8190,
		6374,
		"1728491406/176261",
		"25235/2",
		10120,
		"46826801/3562",
		6478,
		10988,
		"12425/2",
		12692,
		11453,
		11406,
		10845,
		12017,
		12353,
		12804,
		11978,
		11787,
		11812,
		13276,
		"6277438765/467029",
		12661,
		12706,
		"183574974765/13543841",
		"9639525/1693",
		10832,
		11422,
		9287,
		12771,
		12190,
		13441,
		10689,
		13555,
		13585
	],
	"steiner_points_y": [
		"7771079754/2437097",
		10693,
		4575,
		9066,
		6176,
		5994,
		"155486543/52597",
		10757,
		"5725/2",
		9444,
		5146,
		9065,
		"1899352100/176261",
		"5637/2",
		10888,
		"17553301/3562",
		9525,
		4512,
		"20225/2",
		4614,
		7003,
		10956,
		7619,
		9444,
		7128,
		4895,
		8275,
		4815,
		5965,
		10392,
		"3615231189/467029",
		4882,
		5918,
		"126433546324/13543841",
		"4528200/1693",
		10960,
		7951,
		3425,
		3223,
		4967,
		10143,
		9156,
		9907,
		9907
	],
	"edges": [
		[
			50,
			77
		],
		[
			50,
			57
		],
		[
			57,
			77
		],
		[
			45,
			62
		],
		[
			31,
			45
		],
		[
			31,
			62
		],
		[
			63,
			66
		],
		[
			63,
			73
		],
		[
			66,
			73
		],
		[
			44,
			45
		],
		[
			31,
			44
		],
		[
			66,
			76
		],
		[
			49,
			76
		],
		[
			49,
			66
		],
		[
			82,
			83
		],
		[
			10,
			82
		],
		[
			10,
			83
		],
		[
			55,
			72
		],
		[
			8,
			72
		],
		[
			8,
			55
		],
		[
			60,
			62
		],
		[
			45,
			60
		],
		[
			30,
			43
		],
		[
			22,
			43
		],
		[
			22,
			30
		],
		[
			21,
			81
		],
		[
			22,
			81
		],
		[
			21,
			22
		],
		[
			14,
			41
		],
		[
			15,
			41
		],
		[
			14,
			15
		],
		[
			9,
			82
		],
		[
			9,
			63
		],
		[
			63,
			82
		],
		[
			80,
			82
		],
		[
			10,
			80
		],
		[
			25,
			51
		],
		[
			28,
			51
		],
		[
			25,
			28
		],
		[
			11,
			69
		],
		[
			12,
			69
		],
		[
			11,
			12
		],
		[
			49,
			61
		],
		[
			49,
			75
		],
		[
			61,
			75
		],
		[
			38,
			44
		],
		[
			44,
			50
		],
		[
			38,
			50
		],
		[
			9,
			73
		],
		[
			67,
			79
		],
		[
			42,
			79
		],
		[
			42,
			67
		],
		[
			63,
			80
		],
		[
			11,
			80
		],
		[
			69,
			80
		],
		[
			34,
			44
		],
		[
			34,
			38
		],
		[
			29,
			51
		],
		[
			43,
			51
		],
		[
			29,
			43
		],
		[
			64,
			66
		],
		[
			66,
			70
		],
		[
			64,
			70
		],
		[
			49,
			81
		],
		[
			21,
			49
		],
		[
			42,
			59
		],
		[
			42,
			71
		],
		[
			59,
			71
		],
		[
			9,
			83
		],
		[
			13,
			47
		],
		[
			14,
			47
		],
		[
			13,
			14
		],
		[
			63,
			69
		],
		[
			10,
			11
		],
		[
			39,
			50
		],
		[
			39,
			77
		],
		[
			40,
			78
		],
		[
			40,
			42
		],
		[
			42,
			78
		],
		[
			7,
			59
		],
		[
			59,
			65
		],
		[
			7,
			65
		],
		[
			60,
			68
		],
		[
			45,
			68
		],
		[
			13,
			69
		],
		[
			47,
			69
		],
		[
			67,
			68
		],
		[
			68,
			79
		],
		[
			18,
			54
		],
		[
			19,
			54
		],
		[
			18,
			19
		],
		[
			2,
			67
		],
		[
			2,
			42
		],
		[
			64,
			72
		],
		[
			8,
			64
		],
		[
			72,
			79
		],
		[
			71,
			72
		],
		[
			71,
			79
		],
		[
			17,
			75
		],
		[
			18,
			75
		],
		[
			17,
			18
		],
		[
			59,
			78
		],
		[
			56,
			58
		],
		[
			25,
			56
		],
		[
			25,
			58
		],
		[
			65,
			71
		],
		[
			68,
			72
		],
		[
			64,
			68
		],
		[
			49,
			63
		],
		[
			41,
			47
		],
		[
			52,
			54
		],
		[
			19,
			52
		],
		[
			2,
			57
		],
		[
			57,
			67
		],
		[
			60,
			76
		],
		[
			64,
			76
		],
		[
			60,
			64
		],
		[
			45,
			50
		],
		[
			21,
			75
		],
		[
			21,
			54
		],
		[
			54,
			75
		],
		[
			45,
			57
		],
		[
			19,
			20
		],
		[
			20,
			52
		],
		[
			65,
			72
		],
		[
			55,
			65
		],
		[
			45,
			67
		],
		[
			1,
			39
		],
		[
			39,
			48
		],
		[
			1,
			48
		],
		[
			41,
			49
		],
		[
			41,
			63
		],
		[
			24,
			25
		],
		[
			24,
			58
		],
		[
			2,
			40
		],
		[
			21,
			52
		],
		[
			47,
			63
		],
		[
			0,
			74
		],
		[
			1,
			74
		],
		[
			0,
			1
		],
		[
			76,
			81
		],
		[
			7,
			55
		],
		[
			23,
			56
		],
		[
			23,
			58
		],
		[
			23,
			43
		],
		[
			43,
			56
		],
		[
			25,
			27
		],
		[
			27,
			28
		],
		[
			16,
			41
		],
		[
			41,
			61
		],
		[
			16,
			61
		],
		[
			12,
			13
		],
		[
			51,
			56
		],
		[
			5,
			78
		],
		[
			6,
			78
		],
		[
			5,
			6
		],
		[
			26,
			27
		],
		[
			25,
			26
		],
		[
			53,
			78
		],
		[
			40,
			53
		],
		[
			31,
			81
		],
		[
			22,
			31
		],
		[
			28,
			29
		],
		[
			8,
			70
		],
		[
			2,
			77
		],
		[
			3,
			53
		],
		[
			4,
			53
		],
		[
			3,
			4
		],
		[
			29,
			30
		],
		[
			33,
			34
		],
		[
			33,
			44
		],
		[
			48,
			77
		],
		[
			36,
			38
		],
		[
			37,
			38
		],
		[
			36,
			37
		],
		[
			34,
			36
		],
		[
			32,
			44
		],
		[
			32,
			33
		],
		[
			7,
			78
		],
		[
			6,
			7
		],
		[
			62,
			81
		],
		[
			62,
			76
		],
		[
			4,
			78
		],
		[
			15,
			16
		],
		[
			17,
			61
		],
		[
			16,
			17
		],
		[
			46,
			77
		],
		[
			2,
			46
		],
		[
			34,
			35
		],
		[
			35,
			36
		],
		[
			4,
			5
		],
		[
			22,
			23
		],
		[
			38,
			39
		],
		[
			46,
			48
		],
		[
			70,
			73
		],
		[
			31,
			32
		],
		[
			39,
			74
		],
		[
			30,
			31
		]
	],
	"score": 0.5111111111111111
}