{
	"content_type": "CG_SHOP_2025_Solution",
	"instance_uid": "simple-polygon-exterior-20_10_15783346",
	"steiner_points_x": [
		2026,
		1929,
		"1789840405/808273",
		"1371816667/715978",
		1644,
		"1742701033/808273",
		"908094359/3149530",
		"1840662001/808273",
		"552311109/1574765",
		1395,
		1459,
		"701362085594339/335868501701",
		"19952573/10573",
		"95212571/56845",
		1823,
		1679,
		2059,
		"1663105573/808273",
		"18734479/11369",
		1392,
		"3118607580/2562629",
		"84557890435537/45946278685",
		"1621969/673",
		"1710604879/715978",
		"21428583/10573",
		"21863323528799/9077527073"
	],
	"steiner_points_y": [
		1773,
		2140,
		"1443244954/808273",
		"1886713047/715978",
		2476,
		"1281811311/808273",
		"6996423483/3149530",
		"1617288753/808273",
		"3743053938/1574765",
		1677,
		1915,
		"1922780539416003/671737003402",
		"20020331/10573",
		"31433338/56845",
		1376,
		1929,
		1939,
		"1009228446/808273",
		"15723746/11369",
		1374,
		"1083015207/2562629",
		"23187442288258/45946278685",
		"1652645/673",
		"1857375515/715978",
		"21738671/10573",
		"47560458654699/18155054146"
	],
	"edges": [
		[
			11,
			14
		],
		[
			11,
			25
		],
		[
			14,
			25
		],
		[
			6,
			7
		],
		[
			7,
			25
		],
		[
			6,
			25
		],
		[
			5,
			32
		],
		[
			4,
			5
		],
		[
			4,
			32
		],
		[
			22,
			25
		],
		[
			6,
			22
		],
		[
			2,
			13
		],
		[
			2,
			21
		],
		[
			13,
			21
		],
		[
			5,
			17
		],
		[
			17,
			32
		],
		[
			17,
			26
		],
		[
			26,
			34
		],
		[
			17,
			34
		],
		[
			1,
			3
		],
		[
			3,
			18
		],
		[
			1,
			18
		],
		[
			0,
			19
		],
		[
			19,
			29
		],
		[
			0,
			29
		],
		[
			11,
			22
		],
		[
			9,
			29
		],
		[
			23,
			29
		],
		[
			9,
			23
		],
		[
			5,
			33
		],
		[
			4,
			33
		],
		[
			11,
			34
		],
		[
			22,
			34
		],
		[
			10,
			12
		],
		[
			10,
			26
		],
		[
			12,
			26
		],
		[
			16,
			18
		],
		[
			18,
			20
		],
		[
			16,
			20
		],
		[
			5,
			34
		],
		[
			11,
			13
		],
		[
			5,
			13
		],
		[
			5,
			11
		],
		[
			14,
			18
		],
		[
			14,
			20
		],
		[
			28,
			29
		],
		[
			19,
			28
		],
		[
			1,
			2
		],
		[
			2,
			3
		],
		[
			22,
			26
		],
		[
			24,
			28
		],
		[
			6,
			28
		],
		[
			6,
			24
		],
		[
			7,
			28
		],
		[
			10,
			22
		],
		[
			13,
			14
		],
		[
			0,
			16
		],
		[
			16,
			19
		],
		[
			12,
			17
		],
		[
			20,
			25
		],
		[
			0,
			9
		],
		[
			3,
			14
		],
		[
			23,
			28
		],
		[
			33,
			35
		],
		[
			21,
			33
		],
		[
			21,
			35
		],
		[
			3,
			13
		],
		[
			7,
			19
		],
		[
			23,
			24
		],
		[
			9,
			30
		],
		[
			0,
			30
		],
		[
			23,
			31
		],
		[
			23,
			27
		],
		[
			27,
			31
		],
		[
			24,
			27
		],
		[
			4,
			35
		],
		[
			6,
			10
		],
		[
			10,
			24
		],
		[
			10,
			15
		],
		[
			15,
			24
		],
		[
			8,
			9
		],
		[
			8,
			23
		],
		[
			19,
			20
		],
		[
			13,
			33
		],
		[
			15,
			27
		],
		[
			8,
			30
		],
		[
			7,
			20
		],
		[
			8,
			31
		],
		[
			12,
			15
		]
	],
	"score": 0.5185185185185185
}