{
	"content_type": "CG_SHOP_2025_Solution",
	"instance_uid": "simple-polygon-exterior-20_20_1e719235",
	"steiner_points_x": [
		"18319644/361441",
		1364,
		749,
		307,
		"135801603/6144497",
		288,
		"7637/3",
		"1486900808/3668437",
		350,
		351,
		86,
		1304,
		320,
		206,
		231,
		1681,
		"116046000/145909",
		879,
		"1295799801/1397345",
		"210876785778606901937/95564757057600774",
		150,
		"283382505/6144497",
		"3368153004/1280605",
		201,
		1346,
		"906476527/1259954",
		2046,
		237,
		524,
		154,
		"41801697/6144497",
		1032,
		860,
		271,
		1977,
		917,
		"807086393/502450",
		1043,
		"119410767/6144497",
		"637235108414667/22540700141189",
		"121323447/12288994",
		557,
		508,
		"18892/43",
		"376945681315603/352118084426",
		466,
		"43961778/145909",
		542,
		"63839349/12288994",
		"315/8",
		"57481326/145909",
		"1440021496/3668437",
		476,
		"1572568556/3668437",
		"1580059695/3668437",
		359,
		418,
		"158332251/246154",
		"7369/3",
		"335826792/6144497",
		"765058127/1259954",
		"124217343/246154",
		2201,
		381,
		"55478304/145909",
		366
	],
	"steiner_points_y": [
		"1078849705/361441",
		2149,
		3258,
		301,
		"8569153410/6144497",
		554,
		"7670/3",
		"5087313131/3668437",
		764,
		2852,
		1245,
		1511,
		2571,
		3203,
		596,
		1722,
		"7189985/145909",
		2803,
		"4242871353/1397345",
		"303087410170922738249/95564757057600774",
		2729,
		"16779805180/6144497",
		"2279387447/1280605",
		540,
		933,
		"4559001119/1259954",
		1114,
		703,
		1390,
		2983,
		"3339476100/6144497",
		1192,
		1799,
		377,
		1575,
		1290,
		"690657051/502450",
		1966,
		"7657250550/6144497",
		"39171740205731230/22540700141189",
		"8777504355/12288994",
		3485,
		452,
		"20189/43",
		"6184789555970287/1760590422130",
		1734,
		"17678430/145909",
		705,
		"5579381125/12288994",
		"18845/8",
		"15711300/145909",
		"6351073739/3668437",
		759,
		"2777903699/3668437",
		"2575959473/3668437",
		680,
		443,
		"668377359/246154",
		"2992/3",
		"19697538925/6144497",
		"4601492415/1259954",
		"760073499/246154",
		2109,
		115,
		"16002745/145909",
		728
	],
	"edges": [
		[
			29,
			77
		],
		[
			29,
			81
		],
		[
			77,
			81
		],
		[
			12,
			38
		],
		[
			38,
			39
		],
		[
			12,
			39
		],
		[
			16,
			49
		],
		[
			33,
			49
		],
		[
			16,
			33
		],
		[
			37,
			77
		],
		[
			13,
			77
		],
		[
			13,
			37
		],
		[
			63,
			67
		],
		[
			62,
			67
		],
		[
			62,
			63
		],
		[
			13,
			38
		],
		[
			13,
			22
		],
		[
			22,
			38
		],
		[
			28,
			30
		],
		[
			28,
			47
		],
		[
			30,
			47
		],
		[
			43,
			60
		],
		[
			43,
			50
		],
		[
			50,
			60
		],
		[
			32,
			40
		],
		[
			32,
			69
		],
		[
			40,
			69
		],
		[
			32,
			77
		],
		[
			29,
			32
		],
		[
			27,
			73
		],
		[
			27,
			72
		],
		[
			72,
			73
		],
		[
			22,
			64
		],
		[
			22,
			45
		],
		[
			45,
			64
		],
		[
			18,
			59
		],
		[
			18,
			71
		],
		[
			59,
			71
		],
		[
			30,
			58
		],
		[
			30,
			60
		],
		[
			58,
			60
		],
		[
			27,
			30
		],
		[
			24,
			30
		],
		[
			24,
			27
		],
		[
			9,
			56
		],
		[
			54,
			56
		],
		[
			9,
			54
		],
		[
			16,
			81
		],
		[
			13,
			16
		],
		[
			13,
			81
		],
		[
			16,
			61
		],
		[
			33,
			61
		],
		[
			17,
			21
		],
		[
			17,
			37
		],
		[
			21,
			37
		],
		[
			0,
			1
		],
		[
			1,
			66
		],
		[
			0,
			66
		],
		[
			1,
			23
		],
		[
			2,
			23
		],
		[
			1,
			2
		],
		[
			12,
			21
		],
		[
			12,
			37
		],
		[
			51,
			67
		],
		[
			55,
			67
		],
		[
			51,
			55
		],
		[
			3,
			51
		],
		[
			44,
			51
		],
		[
			3,
			44
		],
		[
			19,
			76
		],
		[
			19,
			23
		],
		[
			23,
			76
		],
		[
			2,
			83
		],
		[
			1,
			83
		],
		[
			45,
			61
		],
		[
			61,
			80
		],
		[
			45,
			80
		],
		[
			2,
			19
		],
		[
			19,
			62
		],
		[
			2,
			62
		],
		[
			65,
			71
		],
		[
			18,
			65
		],
		[
			31,
			52
		],
		[
			7,
			31
		],
		[
			7,
			52
		],
		[
			18,
			52
		],
		[
			52,
			65
		],
		[
			27,
			65
		],
		[
			27,
			71
		],
		[
			21,
			35
		],
		[
			21,
			82
		],
		[
			35,
			82
		],
		[
			14,
			61
		],
		[
			14,
			33
		],
		[
			50,
			68
		],
		[
			43,
			68
		],
		[
			48,
			52
		],
		[
			48,
			65
		],
		[
			63,
			74
		],
		[
			67,
			74
		],
		[
			19,
			63
		],
		[
			63,
			76
		],
		[
			47,
			60
		],
		[
			8,
			44
		],
		[
			7,
			44
		],
		[
			7,
			8
		],
		[
			21,
			57
		],
		[
			17,
			57
		],
		[
			27,
			28
		],
		[
			21,
			31
		],
		[
			31,
			35
		],
		[
			75,
			85
		],
		[
			74,
			85
		],
		[
			74,
			75
		],
		[
			42,
			54
		],
		[
			54,
			82
		],
		[
			42,
			82
		],
		[
			27,
			48
		],
		[
			3,
			62
		],
		[
			3,
			67
		],
		[
			18,
			32
		],
		[
			18,
			69
		],
		[
			48,
			72
		],
		[
			28,
			73
		],
		[
			2,
			3
		],
		[
			25,
			75
		],
		[
			63,
			75
		],
		[
			25,
			63
		],
		[
			38,
			64
		],
		[
			7,
			51
		],
		[
			7,
			55
		],
		[
			53,
			68
		],
		[
			0,
			53
		],
		[
			0,
			68
		],
		[
			29,
			49
		],
		[
			49,
			81
		],
		[
			52,
			55
		],
		[
			18,
			57
		],
		[
			17,
			18
		],
		[
			35,
			54
		],
		[
			33,
			79
		],
		[
			49,
			79
		],
		[
			37,
			38
		],
		[
			14,
			80
		],
		[
			10,
			54
		],
		[
			10,
			42
		],
		[
			29,
			40
		],
		[
			40,
			49
		],
		[
			52,
			57
		],
		[
			31,
			57
		],
		[
			72,
			74
		],
		[
			67,
			72
		],
		[
			40,
			41
		],
		[
			41,
			69
		],
		[
			41,
			49
		],
		[
			25,
			76
		],
		[
			35,
			56
		],
		[
			12,
			82
		],
		[
			59,
			69
		],
		[
			46,
			78
		],
		[
			9,
			46
		],
		[
			9,
			78
		],
		[
			48,
			55
		],
		[
			3,
			4
		],
		[
			4,
			36
		],
		[
			3,
			36
		],
		[
			34,
			75
		],
		[
			25,
			34
		],
		[
			6,
			44
		],
		[
			44,
			46
		],
		[
			6,
			46
		],
		[
			73,
			74
		],
		[
			24,
			71
		],
		[
			24,
			59
		],
		[
			25,
			43
		],
		[
			34,
			43
		],
		[
			53,
			76
		],
		[
			23,
			53
		],
		[
			46,
			56
		],
		[
			4,
			6
		],
		[
			5,
			6
		],
		[
			4,
			5
		],
		[
			44,
			56
		],
		[
			66,
			83
		],
		[
			83,
			84
		],
		[
			66,
			84
		],
		[
			39,
			64
		],
		[
			14,
			15
		],
		[
			15,
			33
		],
		[
			0,
			23
		],
		[
			26,
			82
		],
		[
			26,
			42
		],
		[
			9,
			10
		],
		[
			2,
			36
		],
		[
			55,
			72
		],
		[
			5,
			46
		],
		[
			5,
			78
		],
		[
			73,
			85
		],
		[
			8,
			56
		],
		[
			8,
			35
		],
		[
			47,
			75
		],
		[
			47,
			85
		],
		[
			3,
			6
		],
		[
			8,
			31
		],
		[
			43,
			53
		],
		[
			17,
			77
		],
		[
			17,
			32
		],
		[
			34,
			47
		],
		[
			34,
			60
		],
		[
			28,
			85
		],
		[
			13,
			61
		],
		[
			25,
			53
		],
		[
			36,
			70
		],
		[
			2,
			70
		],
		[
			70,
			83
		],
		[
			70,
			84
		],
		[
			11,
			12
		],
		[
			11,
			39
		],
		[
			12,
			26
		],
		[
			10,
			78
		],
		[
			22,
			61
		],
		[
			20,
			49
		],
		[
			20,
			79
		],
		[
			15,
			79
		],
		[
			24,
			58
		],
		[
			20,
			41
		],
		[
			11,
			26
		]
	],
	"score": 0.5074626865671642
}