{
	"content_type": "CG_SHOP_2025_Solution",
	"instance_uid": "simple-polygon-exterior-20_100_512f0fc4",
	"steiner_points_x": [
		"1097/29",
		52,
		53,
		29,
		49,
		44,
		39,
		10,
		"221/5",
		49,
		35,
		33,
		25,
		6,
		14,
		"326/7",
		"656/65",
		41,
		41,
		16,
		"636/41",
		20,
		20,
		7,
		10,
		"203/17",
		58,
		61,
		47,
		"3783/85",
		57,
		"40539/626",
		36,
		36,
		"317/5",
		"495/13",
		59,
		29,
		"7529/193",
		"273/226",
		"77/113",
		"19843/313",
		"1247/71",
		43,
		47,
		50,
		6,
		"185/113",
		9,
		40,
		39,
		48,
		49,
		"19881/313",
		"19969/313",
		"68296/5525",
		"14953199/282755",
		48,
		58,
		"3543/65",
		"99/2",
		"4369/97",
		60,
		55,
		"2831/65",
		52,
		55,
		32,
		"23717/485",
		51,
		51,
		59,
		59,
		"28137/485",
		"40163/626",
		"20307/313",
		"25717/485",
		"13649833/235225",
		"1481/23",
		"93/2",
		13,
		"39537/626",
		"13617/485",
		"1047/82",
		"5933/101",
		"30381/493",
		25,
		8,
		14,
		17,
		11,
		18,
		31,
		26
	],
	"steiner_points_y": [
		"1858/29",
		46,
		49,
		69,
		45,
		49,
		67,
		60,
		"322/5",
		59,
		57,
		74,
		74,
		57,
		52,
		74,
		"3597/65",
		70,
		74,
		5,
		"25/41",
		5,
		14,
		19,
		15,
		"302/17",
		38,
		42,
		29,
		"2786/85",
		42,
		"5027/626",
		33,
		38,
		42,
		"359/13",
		35,
		5,
		"158/193",
		"6075/226",
		"3930/113",
		"13176/313",
		"569/71",
		39,
		35,
		36,
		22,
		"2310/113",
		24,
		9,
		39,
		12,
		16,
		"12226/313",
		"10026/313",
		"71387/5525",
		"680366/282755",
		5,
		32,
		"1946/65",
		"41/2",
		"106/97",
		45,
		39,
		"392/65",
		14,
		13,
		42,
		"6766/5335",
		33,
		28,
		29,
		23,
		2,
		"14427/626",
		"1576/313",
		"706/485",
		"395914/235225",
		"396/23",
		"47/2",
		23,
		"30077/626",
		"156/485",
		"75/82",
		"5209/101",
		"30608/493",
		61,
		46,
		39,
		40,
		31,
		28,
		26,
		28
	],
	"edges": [
		[
			92,
			93
		],
		[
			92,
			187
		],
		[
			93,
			187
		],
		[
			88,
			89
		],
		[
			89,
			90
		],
		[
			88,
			90
		],
		[
			0,
			100
		],
		[
			0,
			110
		],
		[
			100,
			110
		],
		[
			87,
			88
		],
		[
			88,
			167
		],
		[
			87,
			167
		],
		[
			85,
			86
		],
		[
			85,
			192
		],
		[
			86,
			192
		],
		[
			133,
			167
		],
		[
			87,
			133
		],
		[
			29,
			90
		],
		[
			29,
			89
		],
		[
			49,
			89
		],
		[
			89,
			193
		],
		[
			49,
			193
		],
		[
			60,
			62
		],
		[
			60,
			63
		],
		[
			62,
			63
		],
		[
			91,
			92
		],
		[
			91,
			187
		],
		[
			60,
			84
		],
		[
			60,
			135
		],
		[
			84,
			135
		],
		[
			92,
			95
		],
		[
			91,
			95
		],
		[
			94,
			107
		],
		[
			94,
			116
		],
		[
			107,
			116
		],
		[
			25,
			93
		],
		[
			26,
			93
		],
		[
			25,
			26
		],
		[
			99,
			186
		],
		[
			98,
			99
		],
		[
			98,
			186
		],
		[
			20,
			99
		],
		[
			20,
			186
		],
		[
			2,
			3
		],
		[
			2,
			150
		],
		[
			3,
			150
		],
		[
			3,
			167
		],
		[
			3,
			133
		],
		[
			96,
			97
		],
		[
			96,
			99
		],
		[
			97,
			99
		],
		[
			2,
			105
		],
		[
			7,
			105
		],
		[
			2,
			7
		],
		[
			99,
			110
		],
		[
			20,
			110
		],
		[
			8,
			104
		],
		[
			8,
			101
		],
		[
			101,
			104
		],
		[
			96,
			98
		],
		[
			15,
			108
		],
		[
			17,
			108
		],
		[
			15,
			17
		],
		[
			94,
			114
		],
		[
			114,
			116
		],
		[
			104,
			105
		],
		[
			8,
			105
		],
		[
			18,
			100
		],
		[
			0,
			18
		],
		[
			108,
			117
		],
		[
			17,
			117
		],
		[
			11,
			102
		],
		[
			8,
			102
		],
		[
			8,
			11
		],
		[
			77,
			102
		],
		[
			9,
			102
		],
		[
			9,
			77
		],
		[
			78,
			104
		],
		[
			78,
			101
		],
		[
			3,
			97
		],
		[
			1,
			97
		],
		[
			1,
			3
		],
		[
			19,
			103
		],
		[
			103,
			111
		],
		[
			19,
			111
		],
		[
			8,
			12
		],
		[
			11,
			12
		],
		[
			111,
			117
		],
		[
			111,
			118
		],
		[
			117,
			118
		],
		[
			127,
			162
		],
		[
			141,
			162
		],
		[
			127,
			141
		],
		[
			98,
			114
		],
		[
			94,
			98
		],
		[
			100,
			106
		],
		[
			18,
			106
		],
		[
			106,
			108
		],
		[
			106,
			117
		],
		[
			13,
			15
		],
		[
			14,
			15
		],
		[
			13,
			14
		],
		[
			111,
			112
		],
		[
			103,
			112
		],
		[
			21,
			103
		],
		[
			21,
			112
		],
		[
			20,
			21
		],
		[
			21,
			186
		],
		[
			47,
			191
		],
		[
			30,
			47
		],
		[
			30,
			191
		],
		[
			31,
			148
		],
		[
			30,
			31
		],
		[
			30,
			148
		],
		[
			46,
			47
		],
		[
			46,
			180
		],
		[
			47,
			180
		],
		[
			50,
			58
		],
		[
			51,
			58
		],
		[
			50,
			51
		],
		[
			18,
			109
		],
		[
			18,
			108
		],
		[
			108,
			109
		],
		[
			45,
			46
		],
		[
			46,
			53
		],
		[
			45,
			53
		],
		[
			106,
			111
		],
		[
			30,
			180
		],
		[
			148,
			180
		],
		[
			47,
			48
		],
		[
			48,
			52
		],
		[
			47,
			52
		],
		[
			19,
			20
		],
		[
			20,
			103
		],
		[
			15,
			109
		],
		[
			54,
			55
		],
		[
			55,
			122
		],
		[
			54,
			122
		],
		[
			19,
			110
		],
		[
			50,
			193
		],
		[
			58,
			193
		],
		[
			113,
			116
		],
		[
			107,
			113
		],
		[
			46,
			52
		],
		[
			28,
			190
		],
		[
			28,
			29
		],
		[
			29,
			190
		],
		[
			57,
			58
		],
		[
			56,
			57
		],
		[
			56,
			58
		],
		[
			19,
			100
		],
		[
			19,
			106
		],
		[
			22,
			186
		],
		[
			21,
			22
		],
		[
			27,
			91
		],
		[
			91,
			188
		],
		[
			27,
			188
		],
		[
			48,
			50
		],
		[
			48,
			51
		],
		[
			53,
			54
		],
		[
			53,
			55
		],
		[
			58,
			61
		],
		[
			57,
			61
		],
		[
			55,
			56
		],
		[
			56,
			122
		],
		[
			39,
			122
		],
		[
			39,
			142
		],
		[
			122,
			142
		],
		[
			51,
			56
		],
		[
			27,
			32
		],
		[
			27,
			28
		],
		[
			28,
			32
		],
		[
			26,
			27
		],
		[
			26,
			32
		],
		[
			52,
			53
		],
		[
			48,
			49
		],
		[
			49,
			50
		],
		[
			52,
			55
		],
		[
			28,
			188
		],
		[
			51,
			55
		],
		[
			38,
			39
		],
		[
			38,
			137
		],
		[
			39,
			137
		],
		[
			44,
			45
		],
		[
			45,
			125
		],
		[
			44,
			125
		],
		[
			42,
			53
		],
		[
			42,
			54
		],
		[
			44,
			180
		],
		[
			45,
			180
		],
		[
			37,
			137
		],
		[
			37,
			121
		],
		[
			121,
			137
		],
		[
			123,
			125
		],
		[
			124,
			125
		],
		[
			123,
			124
		],
		[
			51,
			52
		],
		[
			33,
			148
		],
		[
			146,
			148
		],
		[
			33,
			146
		],
		[
			65,
			66
		],
		[
			66,
			149
		],
		[
			65,
			149
		],
		[
			31,
			32
		],
		[
			31,
			33
		],
		[
			32,
			33
		],
		[
			28,
			90
		],
		[
			90,
			188
		],
		[
			33,
			139
		],
		[
			33,
			147
		],
		[
			139,
			147
		],
		[
			48,
			191
		],
		[
			43,
			124
		],
		[
			43,
			155
		],
		[
			124,
			155
		],
		[
			58,
			192
		],
		[
			192,
			193
		],
		[
			40,
			183
		],
		[
			40,
			119
		],
		[
			119,
			183
		],
		[
			37,
			138
		],
		[
			137,
			138
		],
		[
			38,
			67
		],
		[
			67,
			137
		],
		[
			37,
			182
		],
		[
			138,
			182
		],
		[
			62,
			64
		],
		[
			64,
			65
		],
		[
			62,
			65
		],
		[
			36,
			37
		],
		[
			36,
			182
		],
		[
			63,
			160
		],
		[
			152,
			160
		],
		[
			63,
			152
		],
		[
			38,
			61
		],
		[
			61,
			149
		],
		[
			38,
			149
		],
		[
			38,
			57
		],
		[
			57,
			122
		],
		[
			119,
			120
		],
		[
			120,
			183
		],
		[
			58,
			59
		],
		[
			59,
			61
		],
		[
			88,
			189
		],
		[
			95,
			189
		],
		[
			88,
			95
		],
		[
			39,
			57
		],
		[
			69,
			156
		],
		[
			156,
			157
		],
		[
			69,
			157
		],
		[
			66,
			67
		],
		[
			66,
			164
		],
		[
			67,
			164
		],
		[
			35,
			40
		],
		[
			35,
			183
		],
		[
			67,
			149
		],
		[
			39,
			121
		],
		[
			121,
			142
		],
		[
			65,
			68
		],
		[
			66,
			68
		],
		[
			68,
			151
		],
		[
			69,
			151
		],
		[
			68,
			69
		],
		[
			35,
			41
		],
		[
			40,
			41
		],
		[
			63,
			64
		],
		[
			40,
			142
		],
		[
			119,
			142
		],
		[
			64,
			152
		],
		[
			59,
			85
		],
		[
			59,
			192
		],
		[
			68,
			164
		],
		[
			68,
			157
		],
		[
			157,
			164
		],
		[
			43,
			45
		],
		[
			42,
			45
		],
		[
			42,
			43
		],
		[
			42,
			155
		],
		[
			42,
			142
		],
		[
			142,
			155
		],
		[
			81,
			169
		],
		[
			145,
			169
		],
		[
			81,
			145
		],
		[
			59,
			135
		],
		[
			59,
			60
		],
		[
			173,
			177
		],
		[
			71,
			173
		],
		[
			71,
			177
		],
		[
			15,
			16
		],
		[
			14,
			16
		],
		[
			4,
			84
		],
		[
			4,
			129
		],
		[
			84,
			129
		],
		[
			82,
			171
		],
		[
			171,
			172
		],
		[
			82,
			172
		],
		[
			85,
			135
		],
		[
			85,
			132
		],
		[
			132,
			135
		],
		[
			133,
			150
		],
		[
			4,
			150
		],
		[
			4,
			133
		],
		[
			2,
			143
		],
		[
			143,
			150
		],
		[
			65,
			151
		],
		[
			173,
			175
		],
		[
			71,
			175
		],
		[
			92,
			116
		],
		[
			92,
			114
		],
		[
			5,
			169
		],
		[
			169,
			170
		],
		[
			5,
			170
		],
		[
			22,
			98
		],
		[
			22,
			94
		],
		[
			1,
			2
		],
		[
			171,
			174
		],
		[
			75,
			171
		],
		[
			75,
			174
		],
		[
			159,
			169
		],
		[
			81,
			159
		],
		[
			86,
			132
		],
		[
			158,
			171
		],
		[
			75,
			158
		],
		[
			128,
			170
		],
		[
			5,
			128
		],
		[
			86,
			89
		],
		[
			86,
			193
		],
		[
			159,
			171
		],
		[
			158,
			159
		],
		[
			60,
			179
		],
		[
			84,
			179
		],
		[
			26,
			187
		],
		[
			11,
			184
		],
		[
			9,
			184
		],
		[
			9,
			11
		],
		[
			97,
			167
		],
		[
			88,
			97
		],
		[
			83,
			172
		],
		[
			82,
			83
		],
		[
			77,
			101
		],
		[
			77,
			78
		],
		[
			172,
			174
		],
		[
			88,
			96
		],
		[
			101,
			102
		],
		[
			132,
			133
		],
		[
			87,
			132
		],
		[
			80,
			126
		],
		[
			126,
			136
		],
		[
			80,
			136
		],
		[
			82,
			160
		],
		[
			83,
			160
		],
		[
			32,
			190
		],
		[
			27,
			187
		],
		[
			1,
			105
		],
		[
			9,
			162
		],
		[
			77,
			162
		],
		[
			89,
			191
		],
		[
			29,
			191
		],
		[
			9,
			181
		],
		[
			9,
			10
		],
		[
			10,
			181
		],
		[
			22,
			107
		],
		[
			1,
			99
		],
		[
			7,
			143
		],
		[
			31,
			190
		],
		[
			30,
			190
		],
		[
			10,
			184
		],
		[
			12,
			13
		],
		[
			11,
			13
		],
		[
			10,
			14
		],
		[
			14,
			185
		],
		[
			10,
			185
		],
		[
			188,
			189
		],
		[
			90,
			189
		],
		[
			64,
			151
		],
		[
			151,
			152
		],
		[
			16,
			17
		],
		[
			17,
			115
		],
		[
			16,
			115
		],
		[
			12,
			105
		],
		[
			62,
			149
		],
		[
			91,
			189
		],
		[
			29,
			30
		],
		[
			0,
			105
		],
		[
			0,
			12
		],
		[
			49,
			191
		],
		[
			24,
			113
		],
		[
			24,
			107
		],
		[
			13,
			184
		],
		[
			21,
			23
		],
		[
			23,
			112
		],
		[
			16,
			185
		],
		[
			22,
			23
		],
		[
			14,
			184
		],
		[
			23,
			24
		],
		[
			23,
			107
		],
		[
			60,
			61
		],
		[
			61,
			62
		],
		[
			0,
			1
		],
		[
			1,
			110
		],
		[
			25,
			113
		],
		[
			24,
			25
		],
		[
			12,
			18
		],
		[
			12,
			109
		],
		[
			93,
			113
		],
		[
			6,
			79
		],
		[
			6,
			104
		],
		[
			79,
			104
		],
		[
			42,
			122
		],
		[
			75,
			136
		],
		[
			76,
			136
		],
		[
			75,
			76
		],
		[
			95,
			114
		],
		[
			95,
			98
		],
		[
			93,
			116
		],
		[
			95,
			96
		],
		[
			115,
			117
		],
		[
			115,
			118
		],
		[
			120,
			121
		],
		[
			36,
			121
		],
		[
			36,
			120
		],
		[
			119,
			121
		],
		[
			34,
			124
		],
		[
			41,
			124
		],
		[
			34,
			41
		],
		[
			34,
			123
		],
		[
			41,
			155
		],
		[
			40,
			155
		],
		[
			76,
			126
		],
		[
			126,
			127
		],
		[
			76,
			127
		],
		[
			43,
			125
		],
		[
			128,
			129
		],
		[
			84,
			128
		],
		[
			127,
			134
		],
		[
			76,
			134
		],
		[
			134,
			141
		],
		[
			127,
			130
		],
		[
			130,
			162
		],
		[
			4,
			132
		],
		[
			5,
			129
		],
		[
			86,
			87
		],
		[
			126,
			130
		],
		[
			129,
			144
		],
		[
			129,
			143
		],
		[
			143,
			144
		],
		[
			87,
			89
		],
		[
			5,
			144
		],
		[
			128,
			179
		],
		[
			67,
			138
		],
		[
			4,
			143
		],
		[
			73,
			166
		],
		[
			72,
			73
		],
		[
			72,
			166
		],
		[
			67,
			161
		],
		[
			138,
			161
		],
		[
			173,
			176
		],
		[
			176,
			177
		],
		[
			161,
			164
		],
		[
			156,
			168
		],
		[
			157,
			168
		],
		[
			72,
			156
		],
		[
			72,
			173
		],
		[
			156,
			173
		],
		[
			151,
			165
		],
		[
			69,
			165
		],
		[
			70,
			176
		],
		[
			70,
			173
		],
		[
			72,
			175
		],
		[
			136,
			158
		],
		[
			73,
			131
		],
		[
			73,
			178
		],
		[
			131,
			178
		],
		[
			73,
			74
		],
		[
			74,
			178
		],
		[
			72,
			131
		],
		[
			131,
			175
		],
		[
			74,
			174
		],
		[
			174,
			178
		],
		[
			78,
			163
		],
		[
			78,
			130
		],
		[
			130,
			163
		],
		[
			74,
			172
		],
		[
			76,
			153
		],
		[
			75,
			153
		],
		[
			134,
			153
		],
		[
			75,
			154
		],
		[
			154,
			174
		],
		[
			77,
			130
		],
		[
			79,
			163
		],
		[
			78,
			79
		],
		[
			6,
			7
		],
		[
			7,
			104
		],
		[
			80,
			163
		],
		[
			126,
			163
		],
		[
			80,
			81
		],
		[
			81,
			136
		],
		[
			170,
			179
		],
		[
			160,
			170
		],
		[
			82,
			170
		],
		[
			6,
			143
		],
		[
			6,
			144
		],
		[
			81,
			158
		],
		[
			159,
			170
		],
		[
			82,
			159
		],
		[
			74,
			166
		],
		[
			160,
			179
		],
		[
			63,
			179
		],
		[
			83,
			152
		],
		[
			83,
			165
		],
		[
			152,
			165
		],
		[
			4,
			135
		],
		[
			74,
			83
		],
		[
			79,
			145
		],
		[
			6,
			145
		],
		[
			32,
			140
		],
		[
			26,
			140
		],
		[
			44,
			148
		],
		[
			34,
			147
		],
		[
			123,
			147
		],
		[
			33,
			140
		],
		[
			13,
			109
		],
		[
			34,
			35
		],
		[
			146,
			147
		],
		[
			70,
			156
		],
		[
			139,
			140
		],
		[
			79,
			80
		],
		[
			80,
			145
		],
		[
			144,
			169
		],
		[
			123,
			146
		],
		[
			44,
			146
		],
		[
			44,
			123
		],
		[
			144,
			145
		],
		[
			69,
			72
		],
		[
			69,
			166
		],
		[
			70,
			168
		],
		[
			162,
			181
		],
		[
			168,
			176
		],
		[
			153,
			154
		],
		[
			165,
			166
		],
		[
			83,
			166
		],
		[
			141,
			181
		],
		[
			157,
			161
		],
		[
			161,
			168
		]
	],
	"score": 0.17433922005000005
}