{
	"content_type": "CG_SHOP_2025_Solution",
	"instance_uid": "simple-polygon-exterior-20_20_0f96fb2c",
	"steiner_points_x": [
		29,
		28,
		23,
		32,
		17,
		49,
		48,
		35,
		41,
		26,
		21,
		"529/29",
		24,
		19,
		"137/9",
		11,
		"636/65",
		"3071/325",
		38,
		"96/11",
		"2823/229",
		"116141/2053",
		56,
		"94931/2053",
		"194/3",
		"31457/485"
	],
	"steiner_points_y": [
		28,
		19,
		30,
		38,
		26,
		53,
		35,
		40,
		60,
		47,
		45,
		"664/29",
		40,
		30,
		"274/9",
		30,
		"1552/65",
		"9722/325",
		35,
		"472/11",
		"3883/229",
		"34056/2053",
		18,
		"25471/2053",
		"82/3",
		"11196/485"
	],
	"edges": [
		[
			33,
			34
		],
		[
			0,
			34
		],
		[
			0,
			33
		],
		[
			3,
			4
		],
		[
			4,
			6
		],
		[
			3,
			6
		],
		[
			5,
			20
		],
		[
			20,
			21
		],
		[
			5,
			21
		],
		[
			12,
			13
		],
		[
			12,
			44
		],
		[
			13,
			44
		],
		[
			17,
			28
		],
		[
			28,
			29
		],
		[
			17,
			29
		],
		[
			18,
			19
		],
		[
			19,
			39
		],
		[
			18,
			39
		],
		[
			1,
			36
		],
		[
			1,
			2
		],
		[
			2,
			36
		],
		[
			0,
			19
		],
		[
			19,
			30
		],
		[
			0,
			30
		],
		[
			7,
			21
		],
		[
			8,
			21
		],
		[
			7,
			8
		],
		[
			13,
			45
		],
		[
			44,
			45
		],
		[
			1,
			4
		],
		[
			1,
			3
		],
		[
			20,
			23
		],
		[
			23,
			38
		],
		[
			20,
			38
		],
		[
			13,
			14
		],
		[
			14,
			45
		],
		[
			2,
			3
		],
		[
			9,
			38
		],
		[
			11,
			38
		],
		[
			9,
			11
		],
		[
			1,
			24
		],
		[
			4,
			24
		],
		[
			12,
			15
		],
		[
			15,
			44
		],
		[
			5,
			31
		],
		[
			24,
			31
		],
		[
			5,
			24
		],
		[
			35,
			36
		],
		[
			1,
			35
		],
		[
			9,
			21
		],
		[
			8,
			9
		],
		[
			1,
			34
		],
		[
			24,
			34
		],
		[
			29,
			30
		],
		[
			17,
			30
		],
		[
			10,
			25
		],
		[
			25,
			26
		],
		[
			10,
			26
		],
		[
			20,
			22
		],
		[
			22,
			23
		],
		[
			0,
			22
		],
		[
			22,
			33
		],
		[
			4,
			31
		],
		[
			6,
			31
		],
		[
			19,
			34
		],
		[
			34,
			35
		],
		[
			19,
			35
		],
		[
			23,
			29
		],
		[
			23,
			32
		],
		[
			29,
			32
		],
		[
			11,
			12
		],
		[
			12,
			42
		],
		[
			11,
			42
		],
		[
			13,
			42
		],
		[
			25,
			28
		],
		[
			25,
			27
		],
		[
			27,
			28
		],
		[
			9,
			42
		],
		[
			8,
			42
		],
		[
			11,
			26
		],
		[
			12,
			26
		],
		[
			27,
			38
		],
		[
			23,
			27
		],
		[
			5,
			6
		],
		[
			6,
			21
		],
		[
			3,
			7
		],
		[
			6,
			7
		],
		[
			15,
			25
		],
		[
			16,
			25
		],
		[
			15,
			16
		],
		[
			18,
			30
		],
		[
			41,
			42
		],
		[
			14,
			42
		],
		[
			14,
			41
		],
		[
			15,
			26
		],
		[
			10,
			27
		],
		[
			35,
			37
		],
		[
			19,
			37
		],
		[
			27,
			29
		],
		[
			3,
			40
		],
		[
			7,
			40
		],
		[
			10,
			38
		],
		[
			30,
			32
		],
		[
			5,
			22
		],
		[
			16,
			28
		],
		[
			9,
			20
		],
		[
			2,
			40
		],
		[
			8,
			43
		],
		[
			8,
			41
		],
		[
			41,
			43
		],
		[
			17,
			18
		],
		[
			7,
			43
		],
		[
			10,
			11
		],
		[
			36,
			37
		],
		[
			22,
			32
		],
		[
			37,
			39
		],
		[
			0,
			32
		],
		[
			24,
			33
		],
		[
			5,
			33
		]
	],
	"score": 0.45
}