{
	"content_type": "CG_SHOP_2025_Solution",
	"instance_uid": "simple-polygon-exterior_150_89d077ac",
	"steiner_points_x": [
		"163/2",
		"1633/17",
		"2526/97",
		"33216/277",
		"9786/53",
		"9407/89",
		"265/89",
		"879/37",
		56,
		36,
		75,
		124,
		118,
		133,
		"49761/362",
		93,
		"41527/445",
		"8333/89",
		117,
		91,
		89,
		"3592/33",
		94,
		67,
		63,
		42,
		53,
		73,
		70,
		36,
		15,
		34,
		26,
		"7299/997",
		40,
		90,
		32,
		19,
		77,
		"45816/593",
		58,
		100,
		146,
		141,
		132,
		173,
		175,
		143,
		"12566/73",
		"528/5",
		"12168/125",
		133,
		144,
		"85272/481",
		"14157/73",
		149,
		180,
		"131652/745",
		111,
		55,
		57,
		38,
		1,
		1,
		12,
		"3888/14657",
		14,
		23,
		11,
		27,
		"49964/14657",
		"42255276/14613029",
		"16/5",
		"23956/14657",
		"31508/14657",
		53,
		21,
		29,
		41,
		39,
		75,
		76,
		72,
		80,
		71,
		99,
		42,
		"17818/421",
		46,
		91,
		"715/8",
		82,
		"632213/9434",
		"681683/9434",
		"994605/9434",
		"632278/4717",
		191,
		168,
		"42397/218",
		155,
		168,
		"105728/545",
		163,
		112,
		104,
		123,
		102,
		106,
		129,
		119,
		142,
		110,
		114,
		99,
		92,
		"4877/25",
		194,
		"2541/13",
		"1878462/9605",
		"1881001/9605",
		194,
		"587/3",
		"1879148/9605",
		"136747481/701165",
		"586/3",
		163,
		169,
		145,
		159,
		150,
		181,
		"210882/1165",
		"5134/37",
		136,
		128,
		"949/7",
		116,
		125,
		"378237/3026",
		"175506/1513",
		133,
		"387147/3026",
		"64476/1181",
		68,
		94,
		"87086/1181",
		86,
		70,
		"121188/1181",
		"268/3",
		"1612/15",
		"80048/1181",
		25,
		"39734/2525",
		16,
		"385/13",
		"1366/55"
	],
	"steiner_points_y": [
		"303/2",
		"2155/17",
		"8836/97",
		"31356/277",
		"6506/53",
		"16760/89",
		"12083/89",
		"4975/37",
		176,
		165,
		159,
		170,
		178,
		148,
		"53661/362",
		168,
		"76251/445",
		"14364/89",
		140,
		145,
		123,
		"3791/33",
		118,
		128,
		122,
		111,
		"3340/27",
		69,
		56,
		54,
		41,
		75,
		24,
		"43544/997",
		55,
		85,
		69,
		4,
		33,
		"13121/593",
		15,
		20,
		14,
		20,
		44,
		50,
		26,
		53,
		"3818/73",
		"376/5",
		"9424/125",
		114,
		91,
		"45033/481",
		"5975/73",
		176,
		137,
		"100739/745",
		190,
		142,
		136,
		135,
		123,
		"403/4",
		114,
		"1802455/14657",
		99,
		103,
		82,
		116,
		"408656/14657",
		"636084700/14613029",
		"171/5",
		"1195398/14657",
		"966950/14657",
		94,
		79,
		89,
		82,
		86,
		138,
		144,
		143,
		139,
		148,
		157,
		10,
		"266/421",
		32,
		9,
		"23/8",
		18,
		"16249/9434",
		"18799/9434",
		"34929/9434",
		"24422/4717",
		62,
		66,
		"13493/218",
		73,
		75,
		"25004/545",
		61,
		82,
		81,
		73,
		85,
		87,
		96,
		101,
		72,
		111,
		113,
		54,
		54,
		"2171/25",
		135,
		"1615/13",
		"1296521/9605",
		"1545343/9605",
		142,
		"433/3",
		"1363749/9605",
		"57382023/701165",
		"335/3",
		123,
		118,
		152,
		143,
		139,
		113,
		"217041/1165",
		"7196/37",
		193,
		191,
		"1361/7",
		194,
		194,
		"587759/3026",
		"293632/1513",
		183,
		"587921/3026",
		"219144/1181",
		186,
		175,
		"222469/1181",
		176,
		172,
		"227484/1181",
		"572/3",
		"580/3",
		"221434/1181",
		163,
		"386937/2525",
		153,
		"4377/26",
		"8973/55"
	],
	"edges": [
		[
			43,
			48
		],
		[
			48,
			252
		],
		[
			43,
			252
		],
		[
			70,
			203
		],
		[
			73,
			203
		],
		[
			70,
			73
		],
		[
			50,
			194
		],
		[
			50,
			197
		],
		[
			194,
			197
		],
		[
			58,
			59
		],
		[
			58,
			185
		],
		[
			59,
			185
		],
		[
			47,
			49
		],
		[
			48,
			49
		],
		[
			47,
			48
		],
		[
			147,
			174
		],
		[
			148,
			174
		],
		[
			147,
			148
		],
		[
			74,
			75
		],
		[
			69,
			74
		],
		[
			69,
			75
		],
		[
			38,
			195
		],
		[
			195,
			196
		],
		[
			38,
			196
		],
		[
			57,
			255
		],
		[
			57,
			253
		],
		[
			253,
			255
		],
		[
			54,
			177
		],
		[
			54,
			178
		],
		[
			177,
			178
		],
		[
			49,
			50
		],
		[
			49,
			197
		],
		[
			193,
			194
		],
		[
			33,
			193
		],
		[
			33,
			194
		],
		[
			59,
			149
		],
		[
			149,
			185
		],
		[
			200,
			264
		],
		[
			200,
			263
		],
		[
			263,
			264
		],
		[
			34,
			193
		],
		[
			33,
			34
		],
		[
			55,
			185
		],
		[
			55,
			177
		],
		[
			177,
			185
		],
		[
			33,
			52
		],
		[
			52,
			194
		],
		[
			45,
			46
		],
		[
			45,
			193
		],
		[
			46,
			193
		],
		[
			258,
			259
		],
		[
			253,
			258
		],
		[
			253,
			259
		],
		[
			140,
			219
		],
		[
			116,
			219
		],
		[
			116,
			140
		],
		[
			30,
			52
		],
		[
			52,
			191
		],
		[
			30,
			191
		],
		[
			64,
			202
		],
		[
			65,
			202
		],
		[
			64,
			65
		],
		[
			180,
			183
		],
		[
			6,
			183
		],
		[
			6,
			180
		],
		[
			50,
			51
		],
		[
			51,
			194
		],
		[
			56,
			57
		],
		[
			57,
			263
		],
		[
			56,
			263
		],
		[
			253,
			254
		],
		[
			199,
			253
		],
		[
			199,
			254
		],
		[
			56,
			58
		],
		[
			58,
			199
		],
		[
			56,
			199
		],
		[
			70,
			250
		],
		[
			70,
			71
		],
		[
			71,
			250
		],
		[
			149,
			177
		],
		[
			63,
			258
		],
		[
			63,
			259
		],
		[
			66,
			255
		],
		[
			65,
			255
		],
		[
			65,
			66
		],
		[
			67,
			249
		],
		[
			67,
			68
		],
		[
			68,
			249
		],
		[
			63,
			64
		],
		[
			64,
			258
		],
		[
			70,
			204
		],
		[
			71,
			204
		],
		[
			62,
			153
		],
		[
			62,
			80
		],
		[
			80,
			153
		],
		[
			255,
			258
		],
		[
			65,
			258
		],
		[
			153,
			262
		],
		[
			62,
			262
		],
		[
			7,
			183
		],
		[
			8,
			183
		],
		[
			7,
			8
		],
		[
			69,
			70
		],
		[
			69,
			250
		],
		[
			153,
			259
		],
		[
			63,
			153
		],
		[
			10,
			11
		],
		[
			11,
			220
		],
		[
			10,
			220
		],
		[
			53,
			263
		],
		[
			53,
			264
		],
		[
			249,
			252
		],
		[
			247,
			249
		],
		[
			247,
			252
		],
		[
			8,
			223
		],
		[
			8,
			224
		],
		[
			223,
			224
		],
		[
			64,
			77
		],
		[
			77,
			202
		],
		[
			67,
			202
		],
		[
			68,
			202
		],
		[
			8,
			221
		],
		[
			221,
			224
		],
		[
			8,
			218
		],
		[
			218,
			223
		],
		[
			68,
			250
		],
		[
			249,
			250
		],
		[
			212,
			215
		],
		[
			212,
			213
		],
		[
			213,
			215
		],
		[
			136,
			233
		],
		[
			135,
			233
		],
		[
			135,
			136
		],
		[
			52,
			263
		],
		[
			52,
			53
		],
		[
			74,
			280
		],
		[
			203,
			280
		],
		[
			74,
			203
		],
		[
			83,
			163
		],
		[
			124,
			163
		],
		[
			83,
			124
		],
		[
			90,
			91
		],
		[
			91,
			270
		],
		[
			90,
			270
		],
		[
			259,
			261
		],
		[
			261,
			262
		],
		[
			259,
			262
		],
		[
			131,
			135
		],
		[
			131,
			132
		],
		[
			132,
			135
		],
		[
			103,
			294
		],
		[
			103,
			155
		],
		[
			155,
			294
		],
		[
			72,
			204
		],
		[
			204,
			273
		],
		[
			72,
			273
		],
		[
			87,
			154
		],
		[
			87,
			89
		],
		[
			89,
			154
		],
		[
			85,
			206
		],
		[
			206,
			207
		],
		[
			85,
			207
		],
		[
			171,
			261
		],
		[
			171,
			262
		],
		[
			94,
			205
		],
		[
			95,
			205
		],
		[
			94,
			95
		],
		[
			84,
			97
		],
		[
			83,
			84
		],
		[
			83,
			97
		],
		[
			61,
			171
		],
		[
			61,
			172
		],
		[
			171,
			172
		],
		[
			204,
			265
		],
		[
			265,
			273
		],
		[
			87,
			206
		],
		[
			90,
			206
		],
		[
			87,
			90
		],
		[
			51,
			52
		],
		[
			54,
			264
		],
		[
			54,
			55
		],
		[
			55,
			264
		],
		[
			157,
			219
		],
		[
			116,
			157
		],
		[
			52,
			57
		],
		[
			270,
			272
		],
		[
			270,
			271
		],
		[
			271,
			272
		],
		[
			91,
			271
		],
		[
			100,
			208
		],
		[
			101,
			208
		],
		[
			100,
			101
		],
		[
			81,
			163
		],
		[
			82,
			163
		],
		[
			81,
			82
		],
		[
			129,
			231
		],
		[
			129,
			130
		],
		[
			130,
			231
		],
		[
			266,
			268
		],
		[
			266,
			272
		],
		[
			268,
			272
		],
		[
			101,
			289
		],
		[
			286,
			289
		],
		[
			101,
			286
		],
		[
			77,
			78
		],
		[
			77,
			79
		],
		[
			78,
			79
		],
		[
			120,
			209
		],
		[
			119,
			209
		],
		[
			119,
			120
		],
		[
			85,
			91
		],
		[
			91,
			206
		],
		[
			276,
			280
		],
		[
			154,
			276
		],
		[
			154,
			280
		],
		[
			78,
			275
		],
		[
			275,
			276
		],
		[
			78,
			276
		],
		[
			7,
			218
		],
		[
			230,
			231
		],
		[
			231,
			233
		],
		[
			230,
			233
		],
		[
			176,
			211
		],
		[
			210,
			211
		],
		[
			176,
			210
		],
		[
			207,
			278
		],
		[
			85,
			278
		],
		[
			24,
			26
		],
		[
			26,
			236
		],
		[
			24,
			236
		],
		[
			75,
			276
		],
		[
			75,
			78
		],
		[
			282,
			283
		],
		[
			283,
			285
		],
		[
			282,
			285
		],
		[
			217,
			219
		],
		[
			141,
			219
		],
		[
			141,
			217
		],
		[
			284,
			291
		],
		[
			284,
			287
		],
		[
			287,
			291
		],
		[
			85,
			277
		],
		[
			84,
			277
		],
		[
			84,
			85
		],
		[
			4,
			5
		],
		[
			5,
			227
		],
		[
			4,
			227
		],
		[
			1,
			228
		],
		[
			1,
			3
		],
		[
			3,
			228
		],
		[
			278,
			279
		],
		[
			277,
			279
		],
		[
			277,
			278
		],
		[
			88,
			89
		],
		[
			89,
			274
		],
		[
			88,
			274
		],
		[
			2,
			181
		],
		[
			2,
			186
		],
		[
			181,
			186
		],
		[
			5,
			226
		],
		[
			5,
			6
		],
		[
			6,
			226
		],
		[
			108,
			119
		],
		[
			119,
			158
		],
		[
			108,
			158
		],
		[
			143,
			218
		],
		[
			7,
			143
		],
		[
			99,
			290
		],
		[
			98,
			290
		],
		[
			98,
			99
		],
		[
			216,
			218
		],
		[
			143,
			216
		],
		[
			97,
			290
		],
		[
			96,
			290
		],
		[
			96,
			97
		],
		[
			214,
			217
		],
		[
			214,
			219
		],
		[
			286,
			288
		],
		[
			288,
			289
		],
		[
			145,
			175
		],
		[
			146,
			175
		],
		[
			145,
			146
		],
		[
			100,
			286
		],
		[
			115,
			212
		],
		[
			114,
			212
		],
		[
			114,
			115
		],
		[
			293,
			295
		],
		[
			293,
			301
		],
		[
			295,
			301
		],
		[
			284,
			285
		],
		[
			285,
			291
		],
		[
			4,
			181
		],
		[
			3,
			4
		],
		[
			3,
			181
		],
		[
			287,
			288
		],
		[
			288,
			291
		],
		[
			286,
			287
		],
		[
			228,
			229
		],
		[
			0,
			229
		],
		[
			0,
			228
		],
		[
			6,
			179
		],
		[
			179,
			180
		],
		[
			146,
			225
		],
		[
			145,
			225
		],
		[
			152,
			226
		],
		[
			143,
			226
		],
		[
			143,
			152
		],
		[
			292,
			293
		],
		[
			292,
			301
		],
		[
			124,
			235
		],
		[
			124,
			126
		],
		[
			126,
			235
		],
		[
			295,
			299
		],
		[
			296,
			299
		],
		[
			295,
			296
		],
		[
			126,
			132
		],
		[
			126,
			133
		],
		[
			132,
			133
		],
		[
			283,
			290
		],
		[
			96,
			283
		],
		[
			0,
			1
		],
		[
			130,
			233
		],
		[
			130,
			131
		],
		[
			131,
			233
		],
		[
			100,
			162
		],
		[
			99,
			100
		],
		[
			99,
			162
		],
		[
			4,
			228
		],
		[
			4,
			229
		],
		[
			145,
			229
		],
		[
			227,
			229
		],
		[
			145,
			227
		],
		[
			107,
			160
		],
		[
			108,
			160
		],
		[
			107,
			108
		],
		[
			123,
			162
		],
		[
			161,
			162
		],
		[
			123,
			161
		],
		[
			123,
			165
		],
		[
			123,
			167
		],
		[
			165,
			167
		],
		[
			148,
			172
		],
		[
			148,
			170
		],
		[
			170,
			172
		],
		[
			98,
			162
		],
		[
			142,
			143
		],
		[
			142,
			152
		],
		[
			106,
			166
		],
		[
			165,
			166
		],
		[
			106,
			165
		],
		[
			164,
			279
		],
		[
			164,
			277
		],
		[
			83,
			164
		],
		[
			83,
			277
		],
		[
			105,
			123
		],
		[
			105,
			165
		],
		[
			125,
			168
		],
		[
			126,
			168
		],
		[
			125,
			126
		],
		[
			122,
			165
		],
		[
			122,
			167
		],
		[
			163,
			164
		],
		[
			82,
			164
		],
		[
			1,
			2
		],
		[
			1,
			184
		],
		[
			2,
			184
		],
		[
			107,
			122
		],
		[
			122,
			160
		],
		[
			82,
			279
		],
		[
			105,
			155
		],
		[
			104,
			155
		],
		[
			104,
			105
		],
		[
			120,
			160
		],
		[
			119,
			160
		],
		[
			125,
			163
		],
		[
			124,
			125
		],
		[
			62,
			171
		],
		[
			275,
			278
		],
		[
			275,
			279
		],
		[
			61,
			261
		],
		[
			230,
			232
		],
		[
			231,
			232
		],
		[
			62,
			168
		],
		[
			80,
			168
		],
		[
			134,
			171
		],
		[
			134,
			172
		],
		[
			139,
			173
		],
		[
			173,
			174
		],
		[
			139,
			174
		],
		[
			53,
			54
		],
		[
			147,
			176
		],
		[
			174,
			176
		],
		[
			140,
			141
		],
		[
			133,
			171
		],
		[
			62,
			133
		],
		[
			137,
			148
		],
		[
			137,
			170
		],
		[
			151,
			170
		],
		[
			151,
			172
		],
		[
			58,
			200
		],
		[
			56,
			200
		],
		[
			139,
			176
		],
		[
			225,
			229
		],
		[
			0,
			225
		],
		[
			60,
			261
		],
		[
			60,
			61
		],
		[
			0,
			177
		],
		[
			1,
			177
		],
		[
			9,
			182
		],
		[
			10,
			182
		],
		[
			9,
			10
		],
		[
			18,
			178
		],
		[
			18,
			54
		],
		[
			13,
			236
		],
		[
			236,
			237
		],
		[
			13,
			237
		],
		[
			15,
			179
		],
		[
			179,
			184
		],
		[
			15,
			184
		],
		[
			15,
			16
		],
		[
			16,
			238
		],
		[
			15,
			238
		],
		[
			9,
			180
		],
		[
			180,
			182
		],
		[
			69,
			203
		],
		[
			166,
			296
		],
		[
			294,
			296
		],
		[
			166,
			294
		],
		[
			76,
			77
		],
		[
			76,
			202
		],
		[
			209,
			211
		],
		[
			117,
			211
		],
		[
			117,
			209
		],
		[
			68,
			69
		],
		[
			118,
			209
		],
		[
			117,
			118
		],
		[
			232,
			234
		],
		[
			231,
			234
		],
		[
			106,
			293
		],
		[
			106,
			297
		],
		[
			293,
			297
		],
		[
			209,
			210
		],
		[
			68,
			76
		],
		[
			69,
			76
		],
		[
			73,
			265
		],
		[
			73,
			274
		],
		[
			265,
			274
		],
		[
			71,
			72
		],
		[
			126,
			127
		],
		[
			126,
			169
		],
		[
			127,
			169
		],
		[
			130,
			150
		],
		[
			150,
			169
		],
		[
			130,
			169
		],
		[
			71,
			246
		],
		[
			72,
			246
		],
		[
			129,
			234
		],
		[
			114,
			215
		],
		[
			73,
			204
		],
		[
			128,
			167
		],
		[
			127,
			167
		],
		[
			127,
			128
		],
		[
			121,
			128
		],
		[
			121,
			122
		],
		[
			122,
			128
		],
		[
			88,
			203
		],
		[
			73,
			88
		],
		[
			118,
			119
		],
		[
			88,
			280
		],
		[
			98,
			161
		],
		[
			123,
			124
		],
		[
			124,
			161
		],
		[
			88,
			154
		],
		[
			63,
			201
		],
		[
			64,
			201
		],
		[
			132,
			169
		],
		[
			131,
			169
		],
		[
			75,
			76
		],
		[
			85,
			92
		],
		[
			91,
			92
		],
		[
			79,
			81
		],
		[
			79,
			82
		],
		[
			74,
			276
		],
		[
			167,
			235
		],
		[
			123,
			235
		],
		[
			86,
			206
		],
		[
			86,
			207
		],
		[
			63,
			80
		],
		[
			80,
			201
		],
		[
			127,
			150
		],
		[
			127,
			235
		],
		[
			207,
			275
		],
		[
			86,
			275
		],
		[
			89,
			90
		],
		[
			81,
			125
		],
		[
			83,
			161
		],
		[
			75,
			77
		],
		[
			134,
			151
		],
		[
			120,
			121
		],
		[
			121,
			160
		],
		[
			97,
			205
		],
		[
			84,
			205
		],
		[
			84,
			94
		],
		[
			85,
			94
		],
		[
			86,
			87
		],
		[
			138,
			230
		],
		[
			138,
			232
		],
		[
			79,
			275
		],
		[
			79,
			279
		],
		[
			266,
			267
		],
		[
			267,
			268
		],
		[
			132,
			151
		],
		[
			135,
			151
		],
		[
			92,
			94
		],
		[
			120,
			210
		],
		[
			157,
			214
		],
		[
			115,
			214
		],
		[
			115,
			157
		],
		[
			91,
			269
		],
		[
			269,
			271
		],
		[
			80,
			81
		],
		[
			79,
			80
		],
		[
			137,
			173
		],
		[
			138,
			173
		],
		[
			137,
			138
		],
		[
			136,
			230
		],
		[
			92,
			269
		],
		[
			133,
			134
		],
		[
			89,
			266
		],
		[
			89,
			267
		],
		[
			79,
			201
		],
		[
			148,
			173
		],
		[
			86,
			276
		],
		[
			138,
			139
		],
		[
			90,
			266
		],
		[
			136,
			137
		],
		[
			136,
			170
		],
		[
			81,
			168
		],
		[
			266,
			270
		],
		[
			267,
			274
		],
		[
			139,
			210
		],
		[
			138,
			210
		],
		[
			25,
			26
		],
		[
			25,
			27
		],
		[
			26,
			27
		],
		[
			302,
			305
		],
		[
			302,
			306
		],
		[
			305,
			306
		],
		[
			31,
			191
		],
		[
			32,
			191
		],
		[
			31,
			32
		],
		[
			103,
			298
		],
		[
			298,
			300
		],
		[
			103,
			300
		],
		[
			112,
			113
		],
		[
			113,
			304
		],
		[
			112,
			304
		],
		[
			304,
			306
		],
		[
			302,
			304
		],
		[
			112,
			302
		],
		[
			28,
			243
		],
		[
			28,
			240
		],
		[
			240,
			243
		],
		[
			57,
			199
		],
		[
			27,
			242
		],
		[
			27,
			243
		],
		[
			242,
			243
		],
		[
			30,
			31
		],
		[
			303,
			304
		],
		[
			303,
			306
		],
		[
			113,
			303
		],
		[
			24,
			190
		],
		[
			23,
			24
		],
		[
			23,
			190
		],
		[
			16,
			22
		],
		[
			22,
			238
		],
		[
			28,
			239
		],
		[
			239,
			240
		],
		[
			31,
			241
		],
		[
			31,
			239
		],
		[
			239,
			241
		],
		[
			113,
			115
		],
		[
			115,
			156
		],
		[
			113,
			156
		],
		[
			32,
			33
		],
		[
			32,
			34
		],
		[
			32,
			239
		],
		[
			30,
			241
		],
		[
			44,
			48
		],
		[
			43,
			44
		],
		[
			32,
			244
		],
		[
			34,
			244
		],
		[
			29,
			30
		],
		[
			29,
			53
		],
		[
			30,
			53
		],
		[
			34,
			245
		],
		[
			244,
			245
		],
		[
			18,
			53
		],
		[
			34,
			35
		],
		[
			34,
			192
		],
		[
			35,
			192
		],
		[
			35,
			245
		],
		[
			38,
			43
		],
		[
			43,
			195
		],
		[
			38,
			39
		],
		[
			39,
			196
		],
		[
			35,
			36
		],
		[
			36,
			39
		],
		[
			35,
			39
		],
		[
			36,
			38
		],
		[
			37,
			45
		],
		[
			37,
			193
		],
		[
			36,
			37
		],
		[
			37,
			38
		],
		[
			41,
			246
		],
		[
			246,
			251
		],
		[
			41,
			251
		],
		[
			38,
			44
		],
		[
			40,
			196
		],
		[
			39,
			40
		],
		[
			41,
			42
		],
		[
			42,
			246
		],
		[
			45,
			47
		],
		[
			45,
			48
		],
		[
			40,
			41
		],
		[
			40,
			251
		],
		[
			46,
			194
		],
		[
			44,
			45
		],
		[
			42,
			195
		],
		[
			41,
			195
		],
		[
			43,
			198
		],
		[
			198,
			252
		],
		[
			37,
			44
		],
		[
			46,
			47
		],
		[
			254,
			257
		],
		[
			253,
			257
		],
		[
			60,
			259
		],
		[
			120,
			138
		],
		[
			120,
			232
		],
		[
			120,
			234
		],
		[
			121,
			234
		],
		[
			121,
			129
		],
		[
			239,
			244
		],
		[
			23,
			236
		],
		[
			121,
			150
		],
		[
			129,
			150
		],
		[
			16,
			184
		],
		[
			247,
			250
		],
		[
			26,
			237
		],
		[
			14,
			23
		],
		[
			14,
			236
		],
		[
			246,
			247
		],
		[
			71,
			247
		],
		[
			50,
			260
		],
		[
			49,
			260
		],
		[
			67,
			260
		],
		[
			66,
			260
		],
		[
			66,
			67
		],
		[
			240,
			244
		],
		[
			246,
			248
		],
		[
			248,
			251
		],
		[
			198,
			247
		],
		[
			28,
			241
		],
		[
			72,
			248
		],
		[
			42,
			247
		],
		[
			254,
			256
		],
		[
			58,
			254
		],
		[
			58,
			256
		],
		[
			49,
			249
		],
		[
			49,
			67
		],
		[
			59,
			256
		],
		[
			59,
			60
		],
		[
			60,
			256
		],
		[
			148,
			149
		],
		[
			147,
			149
		],
		[
			48,
			249
		],
		[
			255,
			260
		],
		[
			50,
			255
		],
		[
			256,
			257
		],
		[
			61,
			148
		],
		[
			59,
			61
		],
		[
			17,
			18
		],
		[
			18,
			19
		],
		[
			17,
			19
		],
		[
			25,
			28
		],
		[
			27,
			28
		],
		[
			7,
			226
		],
		[
			9,
			183
		],
		[
			144,
			227
		],
		[
			144,
			145
		],
		[
			51,
			57
		],
		[
			51,
			255
		],
		[
			178,
			184
		],
		[
			17,
			178
		],
		[
			17,
			184
		],
		[
			29,
			189
		],
		[
			29,
			241
		],
		[
			189,
			241
		],
		[
			135,
			170
		],
		[
			16,
			17
		],
		[
			19,
			20
		],
		[
			20,
			22
		],
		[
			19,
			22
		],
		[
			15,
			182
		],
		[
			14,
			15
		],
		[
			14,
			182
		],
		[
			257,
			259
		],
		[
			60,
			257
		],
		[
			1,
			178
		],
		[
			11,
			182
		],
		[
			10,
			222
		],
		[
			9,
			222
		],
		[
			182,
			187
		],
		[
			14,
			187
		],
		[
			59,
			148
		],
		[
			226,
			227
		],
		[
			140,
			175
		],
		[
			140,
			176
		],
		[
			175,
			176
		],
		[
			2,
			179
		],
		[
			29,
			188
		],
		[
			53,
			188
		],
		[
			183,
			221
		],
		[
			22,
			190
		],
		[
			22,
			23
		],
		[
			213,
			218
		],
		[
			213,
			216
		],
		[
			212,
			214
		],
		[
			141,
			142
		],
		[
			142,
			217
		],
		[
			5,
			181
		],
		[
			5,
			186
		],
		[
			158,
			297
		],
		[
			158,
			293
		],
		[
			66,
			202
		],
		[
			179,
			186
		],
		[
			6,
			186
		],
		[
			144,
			175
		],
		[
			141,
			144
		],
		[
			141,
			175
		],
		[
			110,
			305
		],
		[
			110,
			302
		],
		[
			132,
			134
		],
		[
			6,
			7
		],
		[
			15,
			180
		],
		[
			195,
			198
		],
		[
			2,
			3
		],
		[
			55,
			58
		],
		[
			55,
			200
		],
		[
			12,
			187
		],
		[
			13,
			187
		],
		[
			12,
			13
		],
		[
			146,
			147
		],
		[
			146,
			176
		],
		[
			147,
			225
		],
		[
			149,
			225
		],
		[
			13,
			14
		],
		[
			102,
			208
		],
		[
			101,
			102
		],
		[
			17,
			22
		],
		[
			183,
			222
		],
		[
			221,
			222
		],
		[
			36,
			192
		],
		[
			37,
			192
		],
		[
			216,
			217
		],
		[
			214,
			216
		],
		[
			21,
			188
		],
		[
			21,
			29
		],
		[
			144,
			152
		],
		[
			142,
			144
		],
		[
			0,
			149
		],
		[
			142,
			216
		],
		[
			28,
			189
		],
		[
			11,
			187
		],
		[
			128,
			150
		],
		[
			33,
			191
		],
		[
			41,
			196
		],
		[
			192,
			193
		],
		[
			152,
			227
		],
		[
			46,
			197
		],
		[
			11,
			12
		],
		[
			77,
			201
		],
		[
			47,
			197
		],
		[
			116,
			211
		],
		[
			116,
			117
		],
		[
			107,
			165
		],
		[
			42,
			198
		],
		[
			97,
			161
		],
		[
			213,
			223
		],
		[
			86,
			154
		],
		[
			113,
			157
		],
		[
			220,
			222
		],
		[
			158,
			159
		],
		[
			109,
			159
		],
		[
			109,
			158
		],
		[
			213,
			214
		],
		[
			155,
			208
		],
		[
			104,
			208
		],
		[
			158,
			292
		],
		[
			140,
			211
		],
		[
			110,
			159
		],
		[
			111,
			159
		],
		[
			110,
			111
		],
		[
			19,
			188
		],
		[
			20,
			188
		],
		[
			92,
			93
		],
		[
			93,
			94
		],
		[
			104,
			162
		],
		[
			100,
			104
		],
		[
			284,
			290
		],
		[
			283,
			284
		],
		[
			137,
			230
		],
		[
			94,
			281
		],
		[
			95,
			281
		],
		[
			14,
			238
		],
		[
			112,
			157
		],
		[
			112,
			116
		],
		[
			133,
			168
		],
		[
			96,
			282
		],
		[
			93,
			269
		],
		[
			20,
			21
		],
		[
			21,
			189
		],
		[
			96,
			205
		],
		[
			93,
			281
		],
		[
			95,
			96
		],
		[
			21,
			22
		],
		[
			95,
			282
		],
		[
			23,
			238
		],
		[
			97,
			98
		],
		[
			18,
			188
		],
		[
			28,
			190
		],
		[
			25,
			190
		],
		[
			100,
			287
		],
		[
			99,
			287
		],
		[
			105,
			162
		],
		[
			99,
			284
		],
		[
			109,
			110
		],
		[
			109,
			305
		],
		[
			105,
			294
		],
		[
			105,
			166
		],
		[
			106,
			296
		],
		[
			106,
			295
		],
		[
			21,
			190
		],
		[
			102,
			300
		],
		[
			101,
			300
		],
		[
			102,
			103
		],
		[
			111,
			302
		],
		[
			103,
			299
		],
		[
			298,
			299
		],
		[
			102,
			155
		],
		[
			24,
			25
		],
		[
			294,
			299
		],
		[
			107,
			297
		],
		[
			106,
			107
		],
		[
			21,
			28
		],
		[
			108,
			297
		],
		[
			111,
			112
		],
		[
			112,
			117
		],
		[
			26,
			242
		],
		[
			111,
			118
		],
		[
			118,
			159
		],
		[
			118,
			158
		],
		[
			109,
			292
		],
		[
			111,
			117
		],
		[
			114,
			156
		]
	],
	"score": 0.11438396227480505
}