{
	"content_type": "CG_SHOP_2025_Solution",
	"instance_uid": "point-set_60_ac318d72",
	"steiner_points_x": [
		20,
		41,
		37,
		65,
		27,
		"127909/3041",
		"40878/1385",
		"1349/221",
		87,
		"29506/353",
		39,
		85,
		"329/4",
		"3350/37",
		"298744/3125",
		20,
		"606047/6250",
		"3263/50",
		87,
		20,
		"13770/277",
		"7669/1105",
		"122101/1250",
		78,
		"8041/1370",
		27,
		5,
		51,
		"1496/19",
		56,
		"174549/3041",
		34,
		"4101/370",
		"103654/3041",
		"7713/1370",
		54,
		33,
		"1867504/20827",
		66,
		72,
		82,
		49,
		68,
		"6012/73",
		71,
		60,
		"600623/6250",
		55,
		41,
		"300658/3125",
		83
	],
	"steiner_points_y": [
		24,
		83,
		19,
		94,
		23,
		"296788/3041",
		"6249/1385",
		"16820/221",
		15,
		"32254/353",
		67,
		87,
		92,
		"213/37",
		"219533/3125",
		62,
		"213679/6250",
		"4791/50",
		82,
		45,
		"645/277",
		"91723/1105",
		"19257/1250",
		86,
		"17583/1370",
		51,
		55,
		7,
		"72/19",
		82,
		"293396/3041",
		52,
		"2663/370",
		"298552/3041",
		"29719/1370",
		87,
		49,
		"1843386/20827",
		48,
		35,
		54,
		46,
		28,
		"2218/73",
		73,
		23,
		"356511/6250",
		73,
		63,
		"169131/3125",
		39
	],
	"edges": [
		[
			34,
			49
		],
		[
			49,
			62
		],
		[
			34,
			62
		],
		[
			26,
			58
		],
		[
			58,
			103
		],
		[
			26,
			103
		],
		[
			8,
			44
		],
		[
			44,
			94
		],
		[
			8,
			94
		],
		[
			26,
			27
		],
		[
			27,
			58
		],
		[
			47,
			61
		],
		[
			61,
			65
		],
		[
			47,
			65
		],
		[
			71,
			97
		],
		[
			69,
			71
		],
		[
			69,
			97
		],
		[
			45,
			91
		],
		[
			91,
			96
		],
		[
			45,
			96
		],
		[
			63,
			77
		],
		[
			59,
			63
		],
		[
			59,
			77
		],
		[
			60,
			79
		],
		[
			8,
			60
		],
		[
			8,
			79
		],
		[
			6,
			95
		],
		[
			15,
			95
		],
		[
			6,
			15
		],
		[
			2,
			70
		],
		[
			2,
			16
		],
		[
			16,
			70
		],
		[
			14,
			100
		],
		[
			14,
			42
		],
		[
			42,
			100
		],
		[
			9,
			101
		],
		[
			101,
			108
		],
		[
			9,
			108
		],
		[
			91,
			101
		],
		[
			96,
			101
		],
		[
			4,
			108
		],
		[
			4,
			9
		],
		[
			68,
			82
		],
		[
			51,
			68
		],
		[
			51,
			82
		],
		[
			12,
			71
		],
		[
			12,
			37
		],
		[
			37,
			71
		],
		[
			34,
			64
		],
		[
			34,
			40
		],
		[
			40,
			64
		],
		[
			53,
			64
		],
		[
			40,
			53
		],
		[
			18,
			88
		],
		[
			18,
			73
		],
		[
			73,
			88
		],
		[
			16,
			75
		],
		[
			16,
			31
		],
		[
			31,
			75
		],
		[
			18,
			68
		],
		[
			18,
			82
		],
		[
			22,
			100
		],
		[
			5,
			100
		],
		[
			5,
			22
		],
		[
			39,
			46
		],
		[
			46,
			101
		],
		[
			39,
			101
		],
		[
			35,
			86
		],
		[
			8,
			35
		],
		[
			8,
			86
		],
		[
			10,
			83
		],
		[
			83,
			104
		],
		[
			10,
			104
		],
		[
			2,
			31
		],
		[
			70,
			108
		],
		[
			4,
			70
		],
		[
			34,
			52
		],
		[
			49,
			52
		],
		[
			89,
			95
		],
		[
			6,
			89
		],
		[
			20,
			47
		],
		[
			20,
			61
		],
		[
			22,
			28
		],
		[
			22,
			99
		],
		[
			28,
			99
		],
		[
			12,
			78
		],
		[
			71,
			78
		],
		[
			2,
			108
		],
		[
			91,
			108
		],
		[
			2,
			91
		],
		[
			48,
			100
		],
		[
			98,
			100
		],
		[
			48,
			98
		],
		[
			37,
			69
		],
		[
			41,
			94
		],
		[
			41,
			84
		],
		[
			84,
			94
		],
		[
			19,
			64
		],
		[
			19,
			52
		],
		[
			52,
			64
		],
		[
			40,
			62
		],
		[
			3,
			63
		],
		[
			3,
			77
		],
		[
			31,
			45
		],
		[
			45,
			85
		],
		[
			31,
			85
		],
		[
			57,
			58
		],
		[
			57,
			103
		],
		[
			22,
			98
		],
		[
			55,
			57
		],
		[
			55,
			103
		],
		[
			16,
			32
		],
		[
			32,
			93
		],
		[
			16,
			93
		],
		[
			55,
			82
		],
		[
			55,
			76
		],
		[
			76,
			82
		],
		[
			29,
			72
		],
		[
			3,
			29
		],
		[
			3,
			72
		],
		[
			30,
			98
		],
		[
			28,
			98
		],
		[
			28,
			30
		],
		[
			26,
			68
		],
		[
			26,
			51
		],
		[
			7,
			27
		],
		[
			7,
			105
		],
		[
			27,
			105
		],
		[
			5,
			99
		],
		[
			41,
			56
		],
		[
			56,
			84
		],
		[
			57,
			99
		],
		[
			58,
			99
		],
		[
			49,
			96
		],
		[
			49,
			101
		],
		[
			33,
			107
		],
		[
			20,
			33
		],
		[
			20,
			107
		],
		[
			43,
			99
		],
		[
			28,
			43
		],
		[
			0,
			74
		],
		[
			0,
			78
		],
		[
			74,
			78
		],
		[
			27,
			102
		],
		[
			58,
			102
		],
		[
			33,
			61
		],
		[
			47,
			89
		],
		[
			20,
			89
		],
		[
			39,
			105
		],
		[
			46,
			105
		],
		[
			26,
			88
		],
		[
			68,
			88
		],
		[
			13,
			32
		],
		[
			13,
			21
		],
		[
			21,
			32
		],
		[
			100,
			110
		],
		[
			5,
			110
		],
		[
			65,
			95
		],
		[
			47,
			95
		],
		[
			41,
			92
		],
		[
			56,
			92
		],
		[
			42,
			55
		],
		[
			42,
			76
		],
		[
			29,
			63
		],
		[
			89,
			107
		],
		[
			18,
			50
		],
		[
			50,
			82
		],
		[
			4,
			33
		],
		[
			33,
			70
		],
		[
			37,
			72
		],
		[
			69,
			72
		],
		[
			12,
			83
		],
		[
			37,
			83
		],
		[
			41,
			44
		],
		[
			89,
			104
		],
		[
			6,
			104
		],
		[
			9,
			30
		],
		[
			9,
			98
		],
		[
			62,
			87
		],
		[
			40,
			87
		],
		[
			4,
			107
		],
		[
			13,
			16
		],
		[
			15,
			65
		],
		[
			65,
			90
		],
		[
			15,
			90
		],
		[
			19,
			79
		],
		[
			19,
			60
		],
		[
			21,
			81
		],
		[
			32,
			81
		],
		[
			38,
			87
		],
		[
			7,
			38
		],
		[
			7,
			87
		],
		[
			23,
			78
		],
		[
			23,
			74
		],
		[
			29,
			37
		],
		[
			5,
			57
		],
		[
			31,
			91
		],
		[
			35,
			79
		],
		[
			10,
			29
		],
		[
			10,
			63
		],
		[
			0,
			12
		],
		[
			50,
			73
		],
		[
			24,
			32
		],
		[
			24,
			81
		],
		[
			51,
			103
		],
		[
			51,
			55
		],
		[
			24,
			93
		],
		[
			30,
			101
		],
		[
			30,
			39
		],
		[
			44,
			60
		],
		[
			53,
			60
		],
		[
			44,
			53
		],
		[
			60,
			64
		],
		[
			13,
			75
		],
		[
			11,
			21
		],
		[
			11,
			13
		],
		[
			29,
			83
		],
		[
			57,
			110
		],
		[
			55,
			110
		],
		[
			52,
			96
		],
		[
			6,
			10
		],
		[
			40,
			66
		],
		[
			40,
			80
		],
		[
			66,
			80
		],
		[
			17,
			35
		],
		[
			17,
			79
		],
		[
			15,
			59
		],
		[
			59,
			90
		],
		[
			35,
			75
		],
		[
			17,
			75
		],
		[
			11,
			35
		],
		[
			11,
			75
		],
		[
			16,
			33
		],
		[
			16,
			61
		],
		[
			42,
			109
		],
		[
			76,
			109
		],
		[
			1,
			100
		],
		[
			1,
			14
		],
		[
			0,
			83
		],
		[
			38,
			62
		],
		[
			54,
			109
		],
		[
			54,
			106
		],
		[
			106,
			109
		],
		[
			104,
			107
		],
		[
			80,
			87
		],
		[
			36,
			87
		],
		[
			36,
			80
		],
		[
			1,
			74
		],
		[
			0,
			1
		],
		[
			46,
			49
		],
		[
			46,
			62
		],
		[
			30,
			43
		],
		[
			25,
			41
		],
		[
			41,
			53
		],
		[
			25,
			53
		],
		[
			25,
			92
		],
		[
			43,
			102
		],
		[
			99,
			102
		],
		[
			61,
			93
		],
		[
			38,
			105
		],
		[
			54,
			74
		],
		[
			74,
			106
		],
		[
			1,
			48
		],
		[
			39,
			43
		],
		[
			9,
			107
		],
		[
			9,
			104
		],
		[
			19,
			85
		],
		[
			79,
			85
		],
		[
			9,
			48
		],
		[
			45,
			52
		],
		[
			42,
			54
		],
		[
			14,
			54
		],
		[
			25,
			40
		],
		[
			78,
			97
		],
		[
			23,
			97
		],
		[
			7,
			26
		],
		[
			52,
			85
		],
		[
			17,
			31
		],
		[
			1,
			104
		],
		[
			0,
			104
		],
		[
			48,
			104
		],
		[
			17,
			85
		],
		[
			102,
			105
		],
		[
			43,
			105
		],
		[
			38,
			46
		],
		[
			7,
			88
		],
		[
			14,
			74
		],
		[
			10,
			15
		],
		[
			15,
			63
		],
		[
			42,
			110
		],
		[
			7,
			36
		],
		[
			36,
			88
		],
		[
			25,
			66
		],
		[
			11,
			67
		],
		[
			21,
			67
		],
		[
			67,
			81
		],
		[
			11,
			86
		],
		[
			65,
			93
		]
	],
	"score": 0.5096153846153846,
	"obtuse num": 0,
	"steiner num": 111
}