{
	"content_type": "CG_SHOP_2025_Solution",
	"instance_uid": "simple-polygon-exterior-20_60_6088b7a9",
	"steiner_points_x": [
		"311669551/378175",
		674,
		"52016454/669433",
		440,
		3740,
		"13047/26",
		"535742449/143477",
		"3535171706/1373245",
		"37243994/72073",
		3047,
		2978,
		"20803825669174/6746752685",
		"4088921222/1373245",
		"69823126/18857",
		3673,
		3735,
		"176559300/244949",
		579,
		232,
		"404729677/110098",
		3173,
		"2329768059/2449490",
		2249,
		"529824936/550685",
		2680,
		"278462612/259885",
		327,
		"1373846333/549298",
		988,
		2615,
		853,
		"1514386962/550685",
		2739,
		882,
		961,
		"1208564333/398593",
		"1710637058/550685",
		"1744531618/550685",
		3166,
		"1117777512/289145",
		"290763253/119365",
		397,
		452,
		"35746530/669433",
		3563,
		"724200722/216389",
		"1133020883/289145",
		3896,
		3126,
		3439,
		741,
		"917251332/550685",
		"731162926/550685",
		"1276510666/550685",
		2162,
		2250
	],
	"steiner_points_y": [
		"96953593/378175",
		976,
		"680769220/669433",
		1174,
		1498,
		"32187/26",
		"59285199/143477",
		"127702443/1373245",
		"134846665/72073",
		255,
		111,
		"567275195247/6746752685",
		"118010991/1373245",
		"28474892/18857",
		1541,
		1590,
		"44884601/244949",
		1553,
		301,
		"202859123/110098",
		502,
		"408005663/2449490",
		613,
		"1072678482/550685",
		753,
		"197402881/259885",
		1445,
		"51784929/549298",
		1141,
		792,
		355,
		"1058082549/550685",
		1680,
		"1201/7",
		303,
		"679620152/398593",
		"1055173181/550685",
		"1054670701/550685",
		1785,
		"448872536/289145",
		"79801904/119365",
		768,
		576,
		"536992609/669433",
		918,
		"218245779/216389",
		"258862144/289145",
		1176,
		1081,
		421,
		276,
		"1066934964/550685",
		"1069693687/550685",
		"1061609017/550685",
		1318,
		1105
	],
	"edges": [
		[
			44,
			78
		],
		[
			43,
			78
		],
		[
			19,
			84
		],
		[
			84,
			108
		],
		[
			19,
			108
		],
		[
			55,
			61
		],
		[
			61,
			65
		],
		[
			55,
			88
		],
		[
			2,
			55
		],
		[
			2,
			88
		],
		[
			51,
			103
		],
		[
			51,
			101
		],
		[
			101,
			103
		],
		[
			35,
			89
		],
		[
			89,
			100
		],
		[
			59,
			86
		],
		[
			58,
			86
		],
		[
			64,
			107
		],
		[
			64,
			99
		],
		[
			0,
			58
		],
		[
			59,
			77
		],
		[
			0,
			77
		],
		[
			18,
			108
		],
		[
			105,
			108
		],
		[
			53,
			86
		],
		[
			57,
			86
		],
		[
			28,
			29
		],
		[
			28,
			109
		],
		[
			29,
			109
		],
		[
			38,
			40
		],
		[
			6,
			92
		],
		[
			6,
			91
		],
		[
			91,
			92
		],
		[
			0,
			68
		],
		[
			27,
			109
		],
		[
			26,
			109
		],
		[
			56,
			86
		],
		[
			54,
			56
		],
		[
			54,
			86
		],
		[
			64,
			73
		],
		[
			17,
			64
		],
		[
			16,
			74
		],
		[
			13,
			74
		],
		[
			13,
			16
		],
		[
			70,
			71
		],
		[
			31,
			70
		],
		[
			31,
			71
		],
		[
			12,
			74
		],
		[
			18,
			74
		],
		[
			12,
			18
		],
		[
			24,
			25
		],
		[
			24,
			106
		],
		[
			56,
			65
		],
		[
			28,
			80
		],
		[
			27,
			80
		],
		[
			28,
			30
		],
		[
			63,
			65
		],
		[
			54,
			63
		],
		[
			39,
			85
		],
		[
			40,
			85
		],
		[
			50,
			101
		],
		[
			56,
			77
		],
		[
			55,
			77
		],
		[
			60,
			93
		],
		[
			42,
			93
		],
		[
			19,
			80
		],
		[
			80,
			84
		],
		[
			7,
			92
		],
		[
			6,
			7
		],
		[
			23,
			107
		],
		[
			22,
			107
		],
		[
			43,
			76
		],
		[
			22,
			64
		],
		[
			36,
			70
		],
		[
			32,
			36
		],
		[
			32,
			70
		],
		[
			52,
			63
		],
		[
			52,
			54
		],
		[
			32,
			84
		],
		[
			69,
			84
		],
		[
			32,
			69
		],
		[
			24,
			107
		],
		[
			56,
			59
		],
		[
			66,
			109
		],
		[
			30,
			71
		],
		[
			33,
			89
		],
		[
			34,
			89
		],
		[
			51,
			63
		],
		[
			61,
			63
		],
		[
			51,
			61
		],
		[
			36,
			82
		],
		[
			82,
			100
		],
		[
			0,
			2
		],
		[
			75,
			99
		],
		[
			15,
			75
		],
		[
			26,
			66
		],
		[
			28,
			69
		],
		[
			69,
			80
		],
		[
			91,
			95
		],
		[
			92,
			95
		],
		[
			45,
			78
		],
		[
			30,
			69
		],
		[
			16,
			75
		],
		[
			74,
			75
		],
		[
			11,
			18
		],
		[
			34,
			84
		],
		[
			33,
			84
		],
		[
			93,
			94
		],
		[
			81,
			94
		],
		[
			2,
			77
		],
		[
			2,
			4
		],
		[
			4,
			88
		],
		[
			41,
			49
		],
		[
			40,
			49
		],
		[
			20,
			27
		],
		[
			20,
			26
		],
		[
			17,
			99
		],
		[
			42,
			90
		],
		[
			41,
			90
		],
		[
			23,
			24
		],
		[
			52,
			103
		],
		[
			50,
			85
		],
		[
			49,
			85
		],
		[
			100,
			115
		],
		[
			35,
			115
		],
		[
			17,
			75
		],
		[
			17,
			74
		],
		[
			7,
			35
		],
		[
			35,
			114
		],
		[
			7,
			114
		],
		[
			50,
			61
		],
		[
			61,
			88
		],
		[
			50,
			88
		],
		[
			37,
			38
		],
		[
			37,
			87
		],
		[
			52,
			62
		],
		[
			22,
			73
		],
		[
			9,
			96
		],
		[
			9,
			97
		],
		[
			10,
			12
		],
		[
			19,
			27
		],
		[
			3,
			5
		],
		[
			4,
			5
		],
		[
			33,
			100
		],
		[
			33,
			36
		],
		[
			38,
			94
		],
		[
			41,
			94
		],
		[
			38,
			41
		],
		[
			8,
			34
		],
		[
			7,
			34
		],
		[
			37,
			67
		],
		[
			82,
			115
		],
		[
			5,
			114
		],
		[
			6,
			114
		],
		[
			13,
			79
		],
		[
			16,
			79
		],
		[
			11,
			108
		],
		[
			7,
			89
		],
		[
			21,
			23
		],
		[
			18,
			21
		],
		[
			18,
			22
		],
		[
			3,
			111
		],
		[
			5,
			111
		],
		[
			8,
			108
		],
		[
			8,
			11
		],
		[
			15,
			16
		],
		[
			9,
			98
		],
		[
			97,
			98
		],
		[
			85,
			88
		],
		[
			39,
			88
		],
		[
			13,
			14
		],
		[
			49,
			101
		],
		[
			10,
			98
		],
		[
			12,
			98
		],
		[
			21,
			104
		],
		[
			23,
			104
		],
		[
			48,
			102
		],
		[
			49,
			102
		],
		[
			26,
			104
		],
		[
			24,
			104
		],
		[
			24,
			26
		],
		[
			39,
			82
		],
		[
			39,
			115
		],
		[
			2,
			83
		],
		[
			31,
			69
		],
		[
			5,
			39
		],
		[
			39,
			114
		],
		[
			8,
			10
		],
		[
			47,
			103
		],
		[
			3,
			83
		],
		[
			36,
			67
		],
		[
			67,
			70
		],
		[
			73,
			74
		],
		[
			20,
			104
		],
		[
			20,
			21
		],
		[
			13,
			98
		],
		[
			38,
			82
		],
		[
			8,
			92
		],
		[
			3,
			112
		],
		[
			114,
			115
		],
		[
			10,
			95
		],
		[
			20,
			105
		],
		[
			78,
			110
		],
		[
			43,
			110
		],
		[
			37,
			82
		],
		[
			21,
			105
		],
		[
			6,
			113
		],
		[
			48,
			60
		],
		[
			48,
			90
		],
		[
			60,
			90
		],
		[
			49,
			90
		],
		[
			32,
			33
		],
		[
			101,
			102
		],
		[
			47,
			102
		],
		[
			47,
			101
		],
		[
			46,
			78
		],
		[
			60,
			110
		],
		[
			34,
			108
		],
		[
			6,
			111
		],
		[
			70,
			72
		],
		[
			14,
			98
		],
		[
			42,
			94
		],
		[
			9,
			91
		],
		[
			43,
			93
		],
		[
			48,
			110
		],
		[
			4,
			39
		],
		[
			102,
			110
		],
		[
			47,
			78
		],
		[
			78,
			102
		]
	],
	"score": 0.5087719298245614,
	"obtuse num": 0,
	"steiner num": 116
}