{
	"content_type": "CG_SHOP_2025_Solution",
	"instance_uid": "simple-polygon-exterior-20_40_b9ab4f03",
	"steiner_points_x": [
		"1069071371/281674",
		"82390060955462/22875449725",
		"2505569677/772253",
		"583939531/162425",
		"41271852/60509",
		"615193641/692953",
		"3325673655/939506",
		"847525772/215585",
		"297622787/1383317",
		783,
		1716,
		2892,
		"1769838505/510317",
		"2554307908/1399553",
		1634,
		"7286/3",
		1034,
		"3480687999/1399553",
		"8620/3",
		"16387/5",
		"2231524805/772253",
		"314559081/692953",
		"963639010/1399553",
		3322,
		"3326273540/1123287",
		2624,
		2633,
		3403,
		325,
		"1643932624/1399553",
		"344265030/1383317",
		"641595652/1399553",
		"3341/14",
		362,
		378,
		458,
		690,
		"843842249/692953"
	],
	"steiner_points_y": [
		"97923549/281674",
		"543923481624/4575089945",
		"1536175916/772253",
		"20211017/162425",
		"20465555/60509",
		"1067035597/692953",
		"99395645/939506",
		"150762596/215585",
		"1167131606/1383317",
		1069,
		806,
		1918,
		"1010137750/510317",
		"35609092/1399553",
		884,
		"11729/6",
		676,
		"29344476/1399553",
		"548/3",
		"9953/5",
		"1524627328/772253",
		"924314137/692953",
		"46365940/1399553",
		1841,
		"57548242/1123287",
		1004,
		575,
		1358,
		860,
		"41765476/1399553",
		"395892264/1383317",
		"48543748/1399553",
		"3187/7",
		244,
		294,
		431,
		250,
		"1175582875/692953"
	],
	"edges": [
		[
			35,
			50
		],
		[
			37,
			50
		],
		[
			35,
			37
		],
		[
			30,
			44
		],
		[
			44,
			76
		],
		[
			30,
			76
		],
		[
			45,
			61
		],
		[
			24,
			45
		],
		[
			24,
			61
		],
		[
			51,
			55
		],
		[
			55,
			60
		],
		[
			51,
			60
		],
		[
			23,
			56
		],
		[
			44,
			56
		],
		[
			23,
			44
		],
		[
			33,
			69
		],
		[
			33,
			53
		],
		[
			53,
			69
		],
		[
			40,
			43
		],
		[
			4,
			43
		],
		[
			4,
			40
		],
		[
			12,
			14
		],
		[
			14,
			51
		],
		[
			12,
			51
		],
		[
			10,
			42
		],
		[
			42,
			59
		],
		[
			10,
			59
		],
		[
			22,
			23
		],
		[
			22,
			56
		],
		[
			38,
			39
		],
		[
			38,
			66
		],
		[
			39,
			66
		],
		[
			11,
			51
		],
		[
			11,
			12
		],
		[
			65,
			66
		],
		[
			13,
			65
		],
		[
			13,
			66
		],
		[
			71,
			73
		],
		[
			29,
			73
		],
		[
			29,
			71
		],
		[
			20,
			21
		],
		[
			18,
			21
		],
		[
			18,
			20
		],
		[
			2,
			3
		],
		[
			2,
			43
		],
		[
			3,
			43
		],
		[
			42,
			51
		],
		[
			42,
			60
		],
		[
			33,
			34
		],
		[
			32,
			33
		],
		[
			32,
			34
		],
		[
			41,
			43
		],
		[
			3,
			41
		],
		[
			14,
			17
		],
		[
			14,
			65
		],
		[
			17,
			65
		],
		[
			25,
			68
		],
		[
			48,
			68
		],
		[
			25,
			48
		],
		[
			70,
			74
		],
		[
			73,
			74
		],
		[
			70,
			73
		],
		[
			2,
			4
		],
		[
			12,
			65
		],
		[
			12,
			13
		],
		[
			1,
			66
		],
		[
			1,
			58
		],
		[
			58,
			66
		],
		[
			30,
			75
		],
		[
			44,
			75
		],
		[
			16,
			18
		],
		[
			18,
			77
		],
		[
			16,
			77
		],
		[
			14,
			16
		],
		[
			15,
			16
		],
		[
			14,
			15
		],
		[
			31,
			56
		],
		[
			32,
			56
		],
		[
			31,
			32
		],
		[
			29,
			30
		],
		[
			29,
			76
		],
		[
			31,
			33
		],
		[
			34,
			35
		],
		[
			33,
			35
		],
		[
			26,
			68
		],
		[
			26,
			48
		],
		[
			4,
			67
		],
		[
			6,
			67
		],
		[
			4,
			6
		],
		[
			2,
			46
		],
		[
			3,
			46
		],
		[
			34,
			50
		],
		[
			9,
			63
		],
		[
			10,
			63
		],
		[
			9,
			10
		],
		[
			45,
			49
		],
		[
			21,
			45
		],
		[
			21,
			49
		],
		[
			35,
			53
		],
		[
			34,
			54
		],
		[
			50,
			54
		],
		[
			58,
			64
		],
		[
			1,
			64
		],
		[
			26,
			27
		],
		[
			26,
			75
		],
		[
			27,
			75
		],
		[
			17,
			50
		],
		[
			17,
			36
		],
		[
			36,
			50
		],
		[
			40,
			41
		],
		[
			26,
			72
		],
		[
			48,
			72
		],
		[
			31,
			44
		],
		[
			19,
			54
		],
		[
			18,
			19
		],
		[
			18,
			54
		],
		[
			20,
			22
		],
		[
			21,
			22
		],
		[
			27,
			74
		],
		[
			27,
			70
		],
		[
			71,
			76
		],
		[
			62,
			76
		],
		[
			62,
			71
		],
		[
			0,
			58
		],
		[
			0,
			64
		],
		[
			23,
			24
		],
		[
			23,
			68
		],
		[
			24,
			68
		],
		[
			39,
			58
		],
		[
			23,
			49
		],
		[
			22,
			49
		],
		[
			14,
			55
		],
		[
			4,
			13
		],
		[
			13,
			67
		],
		[
			27,
			72
		],
		[
			69,
			76
		],
		[
			31,
			76
		],
		[
			31,
			69
		],
		[
			27,
			30
		],
		[
			23,
			75
		],
		[
			7,
			63
		],
		[
			7,
			9
		],
		[
			15,
			77
		],
		[
			36,
			37
		],
		[
			38,
			53
		],
		[
			38,
			57
		],
		[
			53,
			57
		],
		[
			0,
			39
		],
		[
			29,
			74
		],
		[
			19,
			34
		],
		[
			21,
			77
		],
		[
			45,
			77
		],
		[
			39,
			57
		],
		[
			0,
			57
		],
		[
			9,
			59
		],
		[
			24,
			49
		],
		[
			15,
			55
		],
		[
			17,
			54
		],
		[
			28,
			73
		],
		[
			28,
			71
		],
		[
			30,
			74
		],
		[
			36,
			66
		],
		[
			37,
			66
		],
		[
			16,
			17
		],
		[
			17,
			18
		],
		[
			10,
			51
		],
		[
			62,
			69
		],
		[
			4,
			5
		],
		[
			5,
			40
		],
		[
			23,
			26
		],
		[
			36,
			65
		],
		[
			1,
			2
		],
		[
			2,
			64
		],
		[
			8,
			59
		],
		[
			8,
			9
		],
		[
			11,
			67
		],
		[
			12,
			67
		],
		[
			35,
			38
		],
		[
			1,
			13
		],
		[
			9,
			52
		],
		[
			7,
			52
		],
		[
			7,
			67
		],
		[
			6,
			7
		],
		[
			25,
			61
		],
		[
			24,
			25
		],
		[
			6,
			47
		],
		[
			7,
			47
		],
		[
			11,
			63
		],
		[
			63,
			67
		],
		[
			1,
			4
		],
		[
			19,
			56
		],
		[
			19,
			32
		],
		[
			5,
			6
		],
		[
			10,
			11
		],
		[
			70,
			72
		],
		[
			19,
			20
		],
		[
			20,
			56
		],
		[
			46,
			64
		],
		[
			28,
			70
		],
		[
			5,
			47
		],
		[
			8,
			52
		],
		[
			37,
			38
		]
	],
	"score": 0.5128205128205128,
	"obtuse num": 0,
	"steiner num": 78
}