{
	"content_type": "CG_SHOP_2025_Solution",
	"instance_uid": "simple-polygon-exterior-20_40_5faf6985",
	"steiner_points_x": [
		41,
		"19492/313",
		"24049/1193",
		42,
		"12390/289",
		"11401/289",
		11,
		21,
		23,
		"947/29",
		"28177/1193",
		"24747/485",
		28,
		"733/17",
		"111/2",
		21,
		"817/137",
		"859/29",
		22,
		"19628/313",
		"563/41",
		"38685/626",
		"12647/485",
		"13053/233",
		17,
		"673/17",
		15,
		"17213/578",
		"1475/24",
		"767009/20281",
		46,
		"6477/130"
	],
	"steiner_points_y": [
		1,
		"6301/313",
		"63865/1193",
		44,
		"2062/289",
		"1761/289",
		24,
		22,
		8,
		"1040/29",
		"65542/1193",
		"706/485",
		28,
		"1063/17",
		"93/2",
		15,
		"5569/137",
		"14/29",
		33,
		"2901/313",
		"24/41",
		"20077/626",
		"156/485",
		"14001/233",
		42,
		"958/17",
		12,
		"1821/578",
		"973/24",
		"1231214/20281",
		21,
		"2091/130"
	],
	"edges": [
		[
			14,
			71
		],
		[
			14,
			21
		],
		[
			21,
			71
		],
		[
			33,
			50
		],
		[
			50,
			65
		],
		[
			33,
			65
		],
		[
			17,
			71
		],
		[
			20,
			71
		],
		[
			17,
			20
		],
		[
			3,
			66
		],
		[
			60,
			66
		],
		[
			3,
			60
		],
		[
			9,
			47
		],
		[
			9,
			10
		],
		[
			10,
			47
		],
		[
			38,
			64
		],
		[
			35,
			64
		],
		[
			35,
			38
		],
		[
			12,
			48
		],
		[
			12,
			13
		],
		[
			13,
			48
		],
		[
			24,
			34
		],
		[
			25,
			34
		],
		[
			24,
			25
		],
		[
			11,
			55
		],
		[
			11,
			48
		],
		[
			48,
			55
		],
		[
			25,
			43
		],
		[
			26,
			43
		],
		[
			25,
			26
		],
		[
			8,
			47
		],
		[
			8,
			9
		],
		[
			32,
			65
		],
		[
			65,
			69
		],
		[
			32,
			69
		],
		[
			30,
			53
		],
		[
			31,
			53
		],
		[
			30,
			31
		],
		[
			20,
			70
		],
		[
			70,
			71
		],
		[
			38,
			58
		],
		[
			39,
			58
		],
		[
			38,
			39
		],
		[
			37,
			64
		],
		[
			56,
			64
		],
		[
			37,
			56
		],
		[
			29,
			53
		],
		[
			29,
			30
		],
		[
			29,
			43
		],
		[
			28,
			29
		],
		[
			28,
			43
		],
		[
			29,
			33
		],
		[
			33,
			43
		],
		[
			11,
			12
		],
		[
			6,
			7
		],
		[
			7,
			55
		],
		[
			6,
			55
		],
		[
			9,
			52
		],
		[
			10,
			52
		],
		[
			6,
			46
		],
		[
			7,
			46
		],
		[
			29,
			65
		],
		[
			2,
			6
		],
		[
			3,
			6
		],
		[
			2,
			3
		],
		[
			28,
			54
		],
		[
			27,
			28
		],
		[
			27,
			54
		],
		[
			28,
			30
		],
		[
			3,
			4
		],
		[
			4,
			60
		],
		[
			1,
			3
		],
		[
			1,
			4
		],
		[
			35,
			58
		],
		[
			23,
			52
		],
		[
			10,
			23
		],
		[
			30,
			63
		],
		[
			31,
			63
		],
		[
			33,
			36
		],
		[
			33,
			35
		],
		[
			35,
			36
		],
		[
			1,
			2
		],
		[
			26,
			61
		],
		[
			26,
			68
		],
		[
			61,
			68
		],
		[
			9,
			58
		],
		[
			8,
			58
		],
		[
			47,
			55
		],
		[
			11,
			47
		],
		[
			22,
			23
		],
		[
			23,
			70
		],
		[
			22,
			70
		],
		[
			25,
			70
		],
		[
			19,
			25
		],
		[
			19,
			70
		],
		[
			36,
			37
		],
		[
			37,
			42
		],
		[
			36,
			42
		],
		[
			54,
			68
		],
		[
			27,
			68
		],
		[
			21,
			45
		],
		[
			21,
			44
		],
		[
			44,
			45
		],
		[
			34,
			49
		],
		[
			25,
			49
		],
		[
			38,
			56
		],
		[
			19,
			26
		],
		[
			23,
			24
		],
		[
			24,
			70
		],
		[
			10,
			22
		],
		[
			11,
			22
		],
		[
			10,
			11
		],
		[
			2,
			46
		],
		[
			52,
			58
		],
		[
			34,
			58
		],
		[
			34,
			52
		],
		[
			8,
			46
		],
		[
			7,
			8
		],
		[
			12,
			22
		],
		[
			36,
			50
		],
		[
			40,
			44
		],
		[
			40,
			45
		],
		[
			6,
			66
		],
		[
			5,
			66
		],
		[
			5,
			60
		],
		[
			55,
			66
		],
		[
			48,
			66
		],
		[
			0,
			1
		],
		[
			0,
			2
		],
		[
			27,
			30
		],
		[
			27,
			63
		],
		[
			14,
			17
		],
		[
			5,
			48
		],
		[
			5,
			13
		],
		[
			24,
			52
		],
		[
			26,
			28
		],
		[
			26,
			54
		],
		[
			50,
			69
		],
		[
			19,
			20
		],
		[
			18,
			19
		],
		[
			18,
			20
		],
		[
			29,
			32
		],
		[
			32,
			53
		],
		[
			22,
			45
		],
		[
			21,
			22
		],
		[
			25,
			33
		],
		[
			36,
			64
		],
		[
			21,
			70
		],
		[
			13,
			57
		],
		[
			13,
			67
		],
		[
			57,
			67
		],
		[
			18,
			59
		],
		[
			18,
			41
		],
		[
			41,
			59
		],
		[
			13,
			62
		],
		[
			5,
			62
		],
		[
			40,
			67
		],
		[
			40,
			57
		],
		[
			0,
			56
		],
		[
			39,
			56
		],
		[
			0,
			39
		],
		[
			17,
			18
		],
		[
			14,
			15
		],
		[
			15,
			17
		],
		[
			8,
			39
		],
		[
			16,
			17
		],
		[
			17,
			59
		],
		[
			16,
			59
		],
		[
			35,
			49
		],
		[
			34,
			35
		],
		[
			19,
			61
		],
		[
			18,
			61
		],
		[
			12,
			45
		],
		[
			39,
			46
		],
		[
			33,
			49
		],
		[
			15,
			40
		],
		[
			15,
			51
		],
		[
			40,
			51
		],
		[
			41,
			61
		],
		[
			14,
			44
		],
		[
			42,
			50
		],
		[
			12,
			67
		],
		[
			45,
			67
		],
		[
			15,
			44
		],
		[
			15,
			16
		],
		[
			16,
			51
		],
		[
			0,
			46
		],
		[
			7,
			47
		],
		[
			57,
			62
		]
	],
	"score": 0.5151515151515151,
	"obtuse num": 0,
	"steiner num": 72
}