{
	"content_type": "CG_SHOP_2025_Solution",
	"instance_uid": "simple-polygon-exterior-20_20_4ddfa00e",
	"steiner_points_x": [
		"78198398/48857",
		"5557637436/1881577",
		"10087353744179/6229728771",
		"8641412726792028/2922392014897",
		"1465233654/1553161",
		1289,
		2447,
		"72355821/48857",
		"3925992339/1553161",
		"1591272143/467177",
		"1750958664/1553161",
		1596,
		972,
		2588,
		"70031633/59482",
		"39028804/15185",
		2497,
		"1505873028/467177",
		"196149254/71285",
		2515,
		2861
	],
	"steiner_points_y": [
		"94183745/48857",
		"372885264/1881577",
		"175360517968/2669883759",
		"367789666023864/2922392014897",
		"54798184/1553161",
		1710,
		999,
		"94077997/48857",
		"165482912/1553161",
		"557931225/467177",
		"67650072/1553161",
		1364,
		377,
		1012,
		"112130605/59482",
		"17591308/15185",
		1268,
		"737578038/467177",
		"95819038/71285",
		1537,
		1679
	],
	"edges": [
		[
			17,
			29
		],
		[
			17,
			18
		],
		[
			18,
			29
		],
		[
			6,
			25
		],
		[
			12,
			25
		],
		[
			6,
			12
		],
		[
			10,
			12
		],
		[
			11,
			12
		],
		[
			10,
			11
		],
		[
			7,
			9
		],
		[
			8,
			9
		],
		[
			7,
			8
		],
		[
			3,
			14
		],
		[
			14,
			20
		],
		[
			3,
			20
		],
		[
			19,
			35
		],
		[
			33,
			35
		],
		[
			19,
			33
		],
		[
			13,
			31
		],
		[
			13,
			14
		],
		[
			14,
			31
		],
		[
			11,
			26
		],
		[
			15,
			26
		],
		[
			11,
			15
		],
		[
			7,
			32
		],
		[
			9,
			32
		],
		[
			5,
			27
		],
		[
			4,
			5
		],
		[
			4,
			27
		],
		[
			10,
			32
		],
		[
			12,
			32
		],
		[
			1,
			18
		],
		[
			1,
			29
		],
		[
			26,
			33
		],
		[
			15,
			33
		],
		[
			18,
			35
		],
		[
			0,
			35
		],
		[
			0,
			18
		],
		[
			6,
			34
		],
		[
			5,
			34
		],
		[
			5,
			6
		],
		[
			0,
			38
		],
		[
			18,
			38
		],
		[
			17,
			33
		],
		[
			15,
			17
		],
		[
			15,
			28
		],
		[
			15,
			21
		],
		[
			21,
			28
		],
		[
			21,
			23
		],
		[
			16,
			21
		],
		[
			16,
			23
		],
		[
			38,
			39
		],
		[
			39,
			40
		],
		[
			38,
			40
		],
		[
			3,
			40
		],
		[
			3,
			39
		],
		[
			5,
			25
		],
		[
			25,
			27
		],
		[
			35,
			36
		],
		[
			0,
			36
		],
		[
			11,
			22
		],
		[
			15,
			22
		],
		[
			1,
			37
		],
		[
			1,
			2
		],
		[
			2,
			37
		],
		[
			16,
			17
		],
		[
			16,
			29
		],
		[
			9,
			10
		],
		[
			1,
			38
		],
		[
			29,
			37
		],
		[
			0,
			39
		],
		[
			36,
			39
		],
		[
			18,
			33
		],
		[
			12,
			13
		],
		[
			12,
			31
		],
		[
			14,
			39
		],
		[
			31,
			39
		],
		[
			13,
			25
		],
		[
			10,
			30
		],
		[
			11,
			30
		],
		[
			9,
			30
		],
		[
			31,
			36
		],
		[
			11,
			31
		],
		[
			19,
			31
		],
		[
			19,
			26
		],
		[
			26,
			31
		],
		[
			2,
			40
		],
		[
			2,
			3
		],
		[
			13,
			27
		],
		[
			14,
			27
		],
		[
			6,
			7
		],
		[
			6,
			32
		],
		[
			20,
			27
		],
		[
			17,
			21
		],
		[
			9,
			24
		],
		[
			24,
			30
		],
		[
			19,
			36
		],
		[
			4,
			34
		],
		[
			1,
			40
		],
		[
			22,
			30
		],
		[
			23,
			28
		],
		[
			22,
			28
		],
		[
			8,
			24
		]
	],
	"score": 0.5227272727272727,
	"obtuse num": 0,
	"steiner num": 41
}