{
	"content_type": "CG_SHOP_2025_Solution",
	"instance_uid": "simple-polygon-exterior-20_40_65de7236",
	"steiner_points_x": [
		"146/3",
		106,
		"835255/5954",
		"335199/2977",
		"1302946871/7576465",
		"436513/2545",
		139,
		65,
		"181643/1010",
		33,
		111,
		"240258/2977",
		99,
		"669778/3505",
		"71277/4129",
		"15762/3061",
		13,
		"53103/626",
		27,
		31,
		54,
		70,
		"272676/5305",
		"257319/1825",
		"6870/241",
		"590191/3649",
		"677662511/3540050",
		145,
		"161297/853",
		189,
		27,
		109,
		"7140/3061",
		"52295406/3100793",
		"24/7",
		15,
		"24048/3061",
		41,
		21,
		"30750/3061",
		"164172/5305"
	],
	"steiner_points_y": [
		"5/3",
		181,
		"45345/5954",
		"17320/2977",
		"14658288/1515293",
		"42454/2545",
		49,
		137,
		"21761/1010",
		71,
		78,
		"11155/2977",
		60,
		"240586/3505",
		"61800/4129",
		"328145/3061",
		62,
		"100331/626",
		65,
		88,
		169,
		71,
		"933783/5305",
		"122583/1825",
		"20389/241",
		"615989/3649",
		"242699477/3540050",
		116,
		"101704/853",
		79,
		82,
		160,
		"249110/3061",
		"297661885/3100793",
		"640/7",
		80,
		"404100/3061",
		142,
		119,
		"465535/3061",
		"917206/5305"
	],
	"edges": [
		[
			19,
			79
		],
		[
			18,
			79
		],
		[
			32,
			36
		],
		[
			30,
			32
		],
		[
			30,
			36
		],
		[
			24,
			77
		],
		[
			23,
			77
		],
		[
			64,
			73
		],
		[
			59,
			73
		],
		[
			59,
			64
		],
		[
			21,
			23
		],
		[
			70,
			75
		],
		[
			12,
			70
		],
		[
			12,
			75
		],
		[
			12,
			58
		],
		[
			11,
			58
		],
		[
			74,
			75
		],
		[
			15,
			74
		],
		[
			15,
			75
		],
		[
			48,
			53
		],
		[
			1,
			48
		],
		[
			29,
			67
		],
		[
			30,
			67
		],
		[
			20,
			22
		],
		[
			4,
			46
		],
		[
			3,
			46
		],
		[
			16,
			78
		],
		[
			17,
			78
		],
		[
			32,
			50
		],
		[
			33,
			50
		],
		[
			16,
			31
		],
		[
			16,
			47
		],
		[
			31,
			47
		],
		[
			17,
			77
		],
		[
			16,
			77
		],
		[
			1,
			2
		],
		[
			4,
			44
		],
		[
			4,
			45
		],
		[
			44,
			45
		],
		[
			8,
			58
		],
		[
			7,
			58
		],
		[
			17,
			19
		],
		[
			19,
			77
		],
		[
			15,
			55
		],
		[
			55,
			73
		],
		[
			36,
			50
		],
		[
			53,
			69
		],
		[
			0,
			69
		],
		[
			25,
			57
		],
		[
			6,
			51
		],
		[
			5,
			51
		],
		[
			18,
			76
		],
		[
			18,
			55
		],
		[
			68,
			69
		],
		[
			26,
			30
		],
		[
			26,
			71
		],
		[
			30,
			71
		],
		[
			16,
			59
		],
		[
			7,
			61
		],
		[
			7,
			49
		],
		[
			49,
			61
		],
		[
			32,
			61
		],
		[
			33,
			61
		],
		[
			14,
			70
		],
		[
			64,
			70
		],
		[
			11,
			56
		],
		[
			10,
			56
		],
		[
			27,
			60
		],
		[
			60,
			62
		],
		[
			13,
			49
		],
		[
			49,
			58
		],
		[
			13,
			58
		],
		[
			8,
			54
		],
		[
			34,
			52
		],
		[
			5,
			34
		],
		[
			5,
			52
		],
		[
			29,
			38
		],
		[
			29,
			65
		],
		[
			38,
			65
		],
		[
			14,
			59
		],
		[
			31,
			59
		],
		[
			14,
			31
		],
		[
			1,
			45
		],
		[
			22,
			62
		],
		[
			22,
			80
		],
		[
			13,
			70
		],
		[
			26,
			47
		],
		[
			25,
			47
		],
		[
			21,
			77
		],
		[
			4,
			42
		],
		[
			31,
			61
		],
		[
			14,
			49
		],
		[
			8,
			40
		],
		[
			7,
			40
		],
		[
			34,
			46
		],
		[
			5,
			46
		],
		[
			36,
			67
		],
		[
			37,
			67
		],
		[
			38,
			68
		],
		[
			52,
			61
		],
		[
			7,
			52
		],
		[
			38,
			67
		],
		[
			3,
			35
		],
		[
			3,
			63
		],
		[
			18,
			78
		],
		[
			17,
			18
		],
		[
			35,
			53
		],
		[
			35,
			69
		],
		[
			11,
			72
		],
		[
			35,
			37
		],
		[
			55,
			78
		],
		[
			24,
			60
		],
		[
			25,
			60
		],
		[
			56,
			58
		],
		[
			8,
			56
		],
		[
			36,
			63
		],
		[
			14,
			61
		],
		[
			50,
			63
		],
		[
			33,
			52
		],
		[
			24,
			47
		],
		[
			47,
			77
		],
		[
			29,
			71
		],
		[
			57,
			71
		],
		[
			5,
			43
		],
		[
			23,
			62
		],
		[
			19,
			21
		],
		[
			72,
			75
		],
		[
			11,
			75
		],
		[
			53,
			66
		],
		[
			73,
			78
		],
		[
			28,
			71
		],
		[
			41,
			71
		],
		[
			46,
			63
		],
		[
			6,
			40
		],
		[
			15,
			70
		],
		[
			41,
			57
		],
		[
			4,
			43
		],
		[
			30,
			47
		],
		[
			34,
			50
		],
		[
			54,
			56
		],
		[
			1,
			3
		],
		[
			1,
			35
		],
		[
			37,
			68
		],
		[
			25,
			27
		],
		[
			23,
			60
		],
		[
			6,
			52
		],
		[
			37,
			69
		]
	],
	"score": 0.5119047619047619,
	"obtuse num": 0,
	"steiner num": 81
}