{
	"content_type": "CG_SHOP_2025_Solution",
	"instance_uid": "simple-polygon-exterior_20_c820ed5d",
	"steiner_points_x": [
		"166099711873533576904239484119035/644078348630559976866235692378",
		"2931/2",
		407,
		"11135764478/5079421",
		2521,
		"159020576132050776202921955/644486953358989576257583",
		"13031967937/12734081",
		"67732588/166561",
		"116969539227569/303429670213",
		"15436051083/12734081",
		1045,
		"25061135248/12734081",
		"23294244785/12734081",
		"29929281367/12734081",
		"1735011527/1821733",
		"6181271504/5079421",
		1193,
		"38063012849/12734081",
		"44156152532/12734081",
		"1075401024/534097",
		"1917043506/641513",
		"7604353114/1994009",
		3709,
		"5349253132/1365481",
		"10671194274278634/2722781403329"
	],
	"steiner_points_y": [
		"323881815618671286777697035955145/644078348630559976866235692378",
		"3943/3",
		601,
		"7901498726/5079421",
		1054,
		"143537295661279713987784160/276208694296709818396107",
		"3126104719/12734081",
		"100190222/166561",
		"190706223731816/303429670213",
		"3301733159/12734081",
		457,
		"4004886259/12734081",
		"3875807439/12734081",
		"4360524919/12734081",
		"1955019713/1821733",
		"6256949866/5079421",
		474,
		"4954728399/12734081",
		"5399858019/12734081",
		"392891475/534097",
		"341614475/641513",
		"3230256251/1994009",
		1651,
		"947071219/1365481",
		"1889008564068091/2722781403329"
	],
	"edges": [
		[
			13,
			14
		],
		[
			13,
			21
		],
		[
			14,
			21
		],
		[
			14,
			36
		],
		[
			13,
			36
		],
		[
			11,
			12
		],
		[
			12,
			13
		],
		[
			11,
			13
		],
		[
			1,
			40
		],
		[
			16,
			40
		],
		[
			1,
			16
		],
		[
			14,
			23
		],
		[
			23,
			39
		],
		[
			14,
			39
		],
		[
			21,
			23
		],
		[
			13,
			35
		],
		[
			21,
			35
		],
		[
			23,
			24
		],
		[
			24,
			39
		],
		[
			4,
			39
		],
		[
			3,
			39
		],
		[
			3,
			4
		],
		[
			5,
			36
		],
		[
			4,
			36
		],
		[
			4,
			5
		],
		[
			3,
			32
		],
		[
			4,
			32
		],
		[
			3,
			31
		],
		[
			31,
			32
		],
		[
			7,
			20
		],
		[
			20,
			22
		],
		[
			7,
			22
		],
		[
			2,
			33
		],
		[
			2,
			37
		],
		[
			33,
			37
		],
		[
			5,
			30
		],
		[
			5,
			6
		],
		[
			6,
			30
		],
		[
			19,
			41
		],
		[
			18,
			19
		],
		[
			18,
			41
		],
		[
			15,
			40
		],
		[
			15,
			16
		],
		[
			1,
			42
		],
		[
			19,
			42
		],
		[
			1,
			19
		],
		[
			15,
			39
		],
		[
			3,
			15
		],
		[
			16,
			42
		],
		[
			16,
			17
		],
		[
			17,
			42
		],
		[
			25,
			28
		],
		[
			27,
			28
		],
		[
			25,
			27
		],
		[
			2,
			3
		],
		[
			2,
			15
		],
		[
			5,
			29
		],
		[
			5,
			32
		],
		[
			29,
			32
		],
		[
			19,
			43
		],
		[
			1,
			43
		],
		[
			20,
			27
		],
		[
			20,
			25
		],
		[
			0,
			43
		],
		[
			43,
			44
		],
		[
			0,
			44
		],
		[
			11,
			36
		],
		[
			2,
			40
		],
		[
			37,
			40
		],
		[
			38,
			40
		],
		[
			37,
			38
		],
		[
			12,
			35
		],
		[
			11,
			27
		],
		[
			11,
			22
		],
		[
			22,
			27
		],
		[
			4,
			14
		],
		[
			0,
			1
		],
		[
			0,
			38
		],
		[
			1,
			38
		],
		[
			7,
			8
		],
		[
			8,
			9
		],
		[
			7,
			9
		],
		[
			6,
			22
		],
		[
			6,
			7
		],
		[
			18,
			42
		],
		[
			6,
			29
		],
		[
			9,
			20
		],
		[
			6,
			8
		],
		[
			6,
			26
		],
		[
			8,
			26
		],
		[
			15,
			24
		],
		[
			2,
			31
		],
		[
			22,
			30
		],
		[
			41,
			43
		],
		[
			41,
			44
		],
		[
			26,
			29
		],
		[
			30,
			36
		],
		[
			17,
			23
		],
		[
			17,
			24
		],
		[
			27,
			34
		],
		[
			11,
			34
		],
		[
			11,
			30
		],
		[
			10,
			20
		],
		[
			10,
			25
		],
		[
			31,
			33
		],
		[
			28,
			34
		],
		[
			9,
			10
		],
		[
			16,
			24
		],
		[
			17,
			18
		],
		[
			12,
			34
		]
	],
	"score": 0.5192307692307693,
	"obtuse num": 0,
	"steiner num": 45
}