{
	"content_type": "CG_SHOP_2025_Solution",
	"instance_uid": "point-set_60_74409a1d",
	"steiner_points_x": [
		"2518189/47497",
		1942,
		3377,
		2809,
		2927,
		2995,
		"26753093/14657",
		"18145637/14657",
		1140,
		1237,
		3331,
		2483,
		"1058179002/1710805",
		"3325557779/3421610",
		3103,
		"48167189/14657",
		"5366340/1907",
		2471,
		1641,
		3235,
		196,
		2615,
		2414,
		2235,
		1855,
		999,
		3584,
		3271,
		3373,
		1960,
		"2166890637/557386",
		"23487613/9829",
		"2132788455/557386",
		2899,
		2808,
		"241820710/71053",
		3010,
		2716,
		2132,
		"3428858470/923689",
		3480,
		920,
		3681,
		1094,
		455,
		2332,
		1078,
		617,
		1954,
		1388,
		"7396/5",
		887,
		3240,
		827,
		"22140452/14657",
		"4045387/47497",
		2652,
		"44839810/14657",
		742,
		3178,
		3575,
		"5547/8",
		3280,
		2531,
		3533,
		2385,
		157,
		3088,
		2449,
		969,
		"18505491/14657",
		"1603031228/1710805",
		"29479/10",
		3115,
		3017,
		"34141839/9290",
		"33463995/14657",
		"118164563/356410",
		2289,
		518,
		"33551841/14657",
		2654,
		627,
		"20114425/35641",
		"38901614/14657",
		440,
		"70440088/178205"
	],
	"steiner_points_y": [
		"36523320/47497",
		1302,
		1828,
		1794,
		683,
		1816,
		"28762835/14657",
		"29047379/14657",
		1490,
		1951,
		1547,
		748,
		"30331794/1710805",
		"95324263/3421610",
		648,
		"28054931/14657",
		"3679957/1907",
		1343,
		1289,
		1651,
		366,
		1149,
		947,
		834,
		1835,
		1192,
		1286,
		1786,
		407,
		854,
		"423452479/557386",
		"1017065/9829",
		"614789149/557386",
		534,
		1617,
		"25035251/71053",
		1689,
		1050,
		445,
		"484009900/923689",
		1683,
		975,
		580,
		579,
		543,
		1312,
		920,
		71,
		1644,
		1166,
		"212/5",
		155,
		1463,
		347,
		"28915319/14657",
		"47898312/47497",
		1618,
		"28164927/14657",
		724,
		906,
		1335,
		"159/8",
		"1135/4",
		1063,
		1327,
		153,
		755,
		777,
		333,
		130,
		"29035483/14657",
		"45949516/1710805",
		"778/5",
		474,
		1607,
		"15039397/9290",
		"28540987/14657",
		"606831561/356410",
		1943,
		1581,
		"28538083/14657",
		1931,
		1673,
		"68559519/35641",
		"28361231/14657",
		1716,
		"314196516/178205"
	],
	"edges": [
		[
			71,
			128
		],
		[
			1,
			71
		],
		[
			1,
			128
		],
		[
			93,
			128
		],
		[
			55,
			93
		],
		[
			55,
			128
		],
		[
			35,
			69
		],
		[
			50,
			69
		],
		[
			35,
			50
		],
		[
			27,
			41
		],
		[
			27,
			135
		],
		[
			41,
			135
		],
		[
			110,
			129
		],
		[
			23,
			129
		],
		[
			23,
			110
		],
		[
			60,
			126
		],
		[
			17,
			60
		],
		[
			17,
			126
		],
		[
			20,
			103
		],
		[
			14,
			103
		],
		[
			14,
			20
		],
		[
			39,
			55
		],
		[
			39,
			57
		],
		[
			55,
			57
		],
		[
			82,
			123
		],
		[
			46,
			82
		],
		[
			46,
			123
		],
		[
			112,
			124
		],
		[
			33,
			124
		],
		[
			33,
			112
		],
		[
			13,
			19
		],
		[
			4,
			19
		],
		[
			4,
			13
		],
		[
			55,
			132
		],
		[
			57,
			132
		],
		[
			2,
			18
		],
		[
			18,
			79
		],
		[
			2,
			79
		],
		[
			68,
			142
		],
		[
			68,
			85
		],
		[
			85,
			142
		],
		[
			78,
			89
		],
		[
			61,
			78
		],
		[
			61,
			89
		],
		[
			81,
			123
		],
		[
			81,
			97
		],
		[
			97,
			123
		],
		[
			17,
			115
		],
		[
			60,
			115
		],
		[
			98,
			128
		],
		[
			125,
			128
		],
		[
			98,
			125
		],
		[
			12,
			71
		],
		[
			1,
			12
		],
		[
			27,
			100
		],
		[
			58,
			100
		],
		[
			27,
			58
		],
		[
			91,
			125
		],
		[
			125,
			132
		],
		[
			91,
			132
		],
		[
			128,
			132
		],
		[
			65,
			117
		],
		[
			65,
			76
		],
		[
			76,
			117
		],
		[
			22,
			102
		],
		[
			13,
			102
		],
		[
			13,
			22
		],
		[
			26,
			74
		],
		[
			32,
			74
		],
		[
			26,
			32
		],
		[
			11,
			44
		],
		[
			23,
			44
		],
		[
			11,
			23
		],
		[
			9,
			126
		],
		[
			80,
			126
		],
		[
			9,
			80
		],
		[
			19,
			102
		],
		[
			69,
			130
		],
		[
			67,
			69
		],
		[
			67,
			130
		],
		[
			26,
			133
		],
		[
			74,
			133
		],
		[
			12,
			123
		],
		[
			12,
			82
		],
		[
			2,
			134
		],
		[
			18,
			134
		],
		[
			44,
			110
		],
		[
			10,
			44
		],
		[
			10,
			110
		],
		[
			47,
			87
		],
		[
			62,
			87
		],
		[
			47,
			62
		],
		[
			97,
			119
		],
		[
			28,
			97
		],
		[
			28,
			119
		],
		[
			17,
			45
		],
		[
			45,
			115
		],
		[
			29,
			143
		],
		[
			30,
			143
		],
		[
			29,
			30
		],
		[
			12,
			97
		],
		[
			101,
			106
		],
		[
			43,
			106
		],
		[
			43,
			101
		],
		[
			70,
			124
		],
		[
			70,
			100
		],
		[
			100,
			124
		],
		[
			84,
			108
		],
		[
			56,
			84
		],
		[
			56,
			108
		],
		[
			42,
			69
		],
		[
			42,
			67
		],
		[
			97,
			127
		],
		[
			64,
			127
		],
		[
			64,
			97
		],
		[
			43,
			103
		],
		[
			11,
			43
		],
		[
			11,
			103
		],
		[
			28,
			40
		],
		[
			16,
			28
		],
		[
			16,
			40
		],
		[
			0,
			78
		],
		[
			0,
			61
		],
		[
			17,
			34
		],
		[
			34,
			126
		],
		[
			6,
			107
		],
		[
			6,
			121
		],
		[
			107,
			121
		],
		[
			62,
			100
		],
		[
			58,
			62
		],
		[
			9,
			60
		],
		[
			32,
			33
		],
		[
			19,
			33
		],
		[
			19,
			32
		],
		[
			73,
			129
		],
		[
			73,
			110
		],
		[
			30,
			142
		],
		[
			30,
			68
		],
		[
			38,
			79
		],
		[
			38,
			87
		],
		[
			79,
			87
		],
		[
			129,
			131
		],
		[
			73,
			131
		],
		[
			99,
			102
		],
		[
			22,
			99
		],
		[
			88,
			122
		],
		[
			88,
			95
		],
		[
			95,
			122
		],
		[
			21,
			145
		],
		[
			21,
			137
		],
		[
			137,
			145
		],
		[
			77,
			105
		],
		[
			31,
			77
		],
		[
			31,
			105
		],
		[
			21,
			29
		],
		[
			29,
			145
		],
		[
			37,
			80
		],
		[
			9,
			37
		],
		[
			39,
			133
		],
		[
			24,
			133
		],
		[
			24,
			39
		],
		[
			66,
			84
		],
		[
			50,
			84
		],
		[
			50,
			66
		],
		[
			16,
			94
		],
		[
			94,
			134
		],
		[
			16,
			134
		],
		[
			23,
			103
		],
		[
			14,
			23
		],
		[
			96,
			134
		],
		[
			18,
			96
		],
		[
			56,
			141
		],
		[
			116,
			141
		],
		[
			56,
			116
		],
		[
			49,
			113
		],
		[
			25,
			49
		],
		[
			25,
			113
		],
		[
			111,
			121
		],
		[
			111,
			131
		],
		[
			121,
			131
		],
		[
			36,
			89
		],
		[
			36,
			83
		],
		[
			83,
			89
		],
		[
			20,
			118
		],
		[
			52,
			118
		],
		[
			20,
			52
		],
		[
			138,
			141
		],
		[
			138,
			140
		],
		[
			140,
			141
		],
		[
			1,
			93
		],
		[
			86,
			124
		],
		[
			120,
			124
		],
		[
			86,
			120
		],
		[
			79,
			112
		],
		[
			2,
			112
		],
		[
			104,
			126
		],
		[
			80,
			104
		],
		[
			68,
			109
		],
		[
			85,
			109
		],
		[
			48,
			56
		],
		[
			48,
			116
		],
		[
			24,
			122
		],
		[
			24,
			88
		],
		[
			52,
			101
		],
		[
			15,
			52
		],
		[
			15,
			101
		],
		[
			85,
			139
		],
		[
			59,
			85
		],
		[
			59,
			139
		],
		[
			30,
			42
		],
		[
			3,
			30
		],
		[
			3,
			42
		],
		[
			106,
			109
		],
		[
			85,
			106
		],
		[
			33,
			86
		],
		[
			16,
			116
		],
		[
			16,
			53
		],
		[
			53,
			116
		],
		[
			24,
			26
		],
		[
			26,
			88
		],
		[
			35,
			68
		],
		[
			35,
			109
		],
		[
			43,
			52
		],
		[
			136,
			138
		],
		[
			136,
			140
		],
		[
			49,
			111
		],
		[
			5,
			49
		],
		[
			5,
			111
		],
		[
			36,
			46
		],
		[
			36,
			61
		],
		[
			46,
			61
		],
		[
			0,
			108
		],
		[
			61,
			108
		],
		[
			20,
			113
		],
		[
			104,
			113
		],
		[
			20,
			104
		],
		[
			111,
			129
		],
		[
			5,
			129
		],
		[
			141,
			144
		],
		[
			140,
			144
		],
		[
			29,
			139
		],
		[
			21,
			139
		],
		[
			54,
			81
		],
		[
			54,
			97
		],
		[
			143,
			145
		],
		[
			145,
			146
		],
		[
			143,
			146
		],
		[
			7,
			84
		],
		[
			7,
			66
		],
		[
			28,
			54
		],
		[
			139,
			142
		],
		[
			29,
			142
		],
		[
			58,
			135
		],
		[
			82,
			83
		],
		[
			71,
			82
		],
		[
			71,
			83
		],
		[
			76,
			141
		],
		[
			76,
			144
		],
		[
			48,
			108
		],
		[
			19,
			88
		],
		[
			88,
			102
		],
		[
			7,
			56
		],
		[
			16,
			54
		],
		[
			6,
			104
		],
		[
			6,
			80
		],
		[
			37,
			107
		],
		[
			72,
			107
		],
		[
			37,
			72
		],
		[
			28,
			33
		],
		[
			28,
			112
		],
		[
			41,
			86
		],
		[
			41,
			120
		],
		[
			88,
			99
		],
		[
			95,
			99
		],
		[
			27,
			120
		],
		[
			137,
			146
		],
		[
			45,
			59
		],
		[
			21,
			45
		],
		[
			21,
			59
		],
		[
			25,
			111
		],
		[
			6,
			111
		],
		[
			6,
			25
		],
		[
			94,
			96
		],
		[
			3,
			143
		],
		[
			51,
			87
		],
		[
			51,
			62
		],
		[
			31,
			53
		],
		[
			53,
			77
		],
		[
			119,
			127
		],
		[
			32,
			119
		],
		[
			32,
			127
		],
		[
			85,
			101
		],
		[
			59,
			101
		],
		[
			31,
			81
		],
		[
			53,
			81
		],
		[
			15,
			118
		],
		[
			34,
			118
		],
		[
			15,
			34
		],
		[
			70,
			112
		],
		[
			8,
			51
		],
		[
			8,
			62
		],
		[
			11,
			98
		],
		[
			44,
			98
		],
		[
			48,
			77
		],
		[
			48,
			105
		],
		[
			4,
			92
		],
		[
			13,
			92
		],
		[
			42,
			68
		],
		[
			68,
			69
		],
		[
			4,
			86
		],
		[
			4,
			41
		],
		[
			11,
			89
		],
		[
			89,
			98
		],
		[
			100,
			120
		],
		[
			4,
			33
		],
		[
			19,
			26
		],
		[
			63,
			94
		],
		[
			63,
			96
		],
		[
			12,
			64
		],
		[
			36,
			82
		],
		[
			63,
			65
		],
		[
			65,
			96
		],
		[
			0,
			35
		],
		[
			0,
			50
		],
		[
			61,
			105
		],
		[
			46,
			105
		],
		[
			51,
			117
		],
		[
			75,
			117
		],
		[
			51,
			75
		],
		[
			38,
			51
		],
		[
			33,
			119
		],
		[
			8,
			75
		],
		[
			7,
			138
		],
		[
			56,
			138
		],
		[
			74,
			93
		],
		[
			93,
			133
		],
		[
			40,
			134
		],
		[
			38,
			117
		],
		[
			40,
			112
		],
		[
			2,
			40
		],
		[
			41,
			92
		],
		[
			83,
			98
		],
		[
			25,
			104
		],
		[
			39,
			93
		],
		[
			52,
			103
		],
		[
			47,
			100
		],
		[
			11,
			78
		],
		[
			10,
			125
		],
		[
			10,
			91
		],
		[
			77,
			116
		],
		[
			14,
			113
		],
		[
			14,
			49
		],
		[
			5,
			14
		],
		[
			31,
			46
		],
		[
			1,
			64
		],
		[
			64,
			93
		],
		[
			44,
			125
		],
		[
			5,
			23
		],
		[
			64,
			74
		],
		[
			35,
			78
		],
		[
			78,
			109
		],
		[
			63,
			76
		],
		[
			63,
			141
		],
		[
			71,
			98
		],
		[
			31,
			123
		],
		[
			63,
			116
		],
		[
			94,
			116
		],
		[
			47,
			79
		],
		[
			47,
			70
		],
		[
			70,
			79
		],
		[
			45,
			137
		],
		[
			104,
			118
		],
		[
			38,
			96
		],
		[
			18,
			38
		],
		[
			50,
			114
		],
		[
			50,
			130
		],
		[
			114,
			130
		],
		[
			7,
			136
		],
		[
			66,
			114
		],
		[
			34,
			104
		],
		[
			38,
			65
		],
		[
			11,
			106
		],
		[
			13,
			90
		],
		[
			90,
			92
		],
		[
			24,
			57
		],
		[
			57,
			122
		],
		[
			22,
			90
		],
		[
			80,
			107
		],
		[
			53,
			54
		],
		[
			74,
			127
		],
		[
			72,
			121
		],
		[
			11,
			109
		],
		[
			17,
			59
		],
		[
			15,
			59
		],
		[
			0,
			84
		],
		[
			105,
			108
		],
		[
			8,
			58
		],
		[
			66,
			136
		],
		[
			34,
			59
		]
	],
	"score": 0.5056818181818182
}