{
	"content_type": "CG_SHOP_2025_Solution",
	"instance_uid": "simple-polygon-exterior-20_40_84415804",
	"steiner_points_x": [
		"5902006867/938471",
		"83881/27",
		"768828575/2033509",
		"2291171481/4046785",
		3609,
		"11765064611/1699765",
		"83855494257/11315938",
		"968702/4453",
		"121786/17",
		"22963/16",
		5090,
		"38095/9",
		"382009442726/2357707645",
		"76129/10",
		"15232/3",
		1602,
		"100409/13",
		"85613553/11261",
		"22004/3",
		6415,
		6713,
		3661,
		7215,
		3938,
		5144,
		4287,
		"8214958721/1538725",
		4275,
		"1478605463/529465",
		5719,
		7570,
		"294766/39",
		2087,
		"7536521811/1003714",
		4599,
		7241,
		5169,
		5915,
		"1885171897/529465",
		6867,
		2801,
		"53287/8",
		"43167091427/5657969",
		1491,
		2795,
		"3274359679/529465",
		7344,
		5944,
		"77206638359399591450592/10284042901584800333",
		"5098258353/749114",
		"76184838952257/10850916290",
		6938,
		6994,
		6884
	],
	"steiner_points_y": [
		"716168634/938471",
		"33280/9",
		"1879722694/2033509",
		"3100153342/4046785",
		75,
		"1853356303/1699765",
		"25361881001/11315938",
		"11390406/4453",
		"85620/17",
		"12585/4",
		3058,
		"12208/3",
		"6427492777428/2357707645",
		"35969/10",
		4348,
		2633,
		"56408/13",
		"48926676/11261",
		"26309/6",
		4014,
		4710,
		3543,
		4875,
		3057,
		720,
		1883,
		"472101822/1538725",
		1203,
		"1902976944/529465",
		2017,
		4577,
		"41991/13",
		1192,
		"42222854073/13048282",
		727,
		4489,
		1437,
		1906,
		"2037126216/529465",
		4121,
		2598,
		"9741/2",
		"20977315714/5657969",
		2726,
		3587,
		"2495497872/529465",
		3542,
		3333,
		"33301280627153270111662/10284042901584800333",
		"2924371411/749114",
		"39190117520611/10850916290",
		3090,
		2962,
		2332
	],
	"edges": [
		[
			23,
			24
		],
		[
			24,
			69
		],
		[
			23,
			69
		],
		[
			33,
			82
		],
		[
			33,
			56
		],
		[
			56,
			82
		],
		[
			14,
			63
		],
		[
			13,
			14
		],
		[
			13,
			63
		],
		[
			19,
			20
		],
		[
			20,
			50
		],
		[
			19,
			50
		],
		[
			12,
			55
		],
		[
			55,
			83
		],
		[
			12,
			83
		],
		[
			7,
			11
		],
		[
			6,
			11
		],
		[
			6,
			7
		],
		[
			60,
			85
		],
		[
			59,
			60
		],
		[
			59,
			85
		],
		[
			21,
			54
		],
		[
			21,
			51
		],
		[
			51,
			54
		],
		[
			19,
			23
		],
		[
			23,
			50
		],
		[
			77,
			93
		],
		[
			38,
			93
		],
		[
			38,
			77
		],
		[
			56,
			57
		],
		[
			32,
			57
		],
		[
			32,
			56
		],
		[
			49,
			52
		],
		[
			47,
			49
		],
		[
			47,
			52
		],
		[
			61,
			63
		],
		[
			13,
			61
		],
		[
			26,
			90
		],
		[
			26,
			86
		],
		[
			86,
			90
		],
		[
			54,
			59
		],
		[
			54,
			85
		],
		[
			23,
			87
		],
		[
			25,
			87
		],
		[
			23,
			25
		],
		[
			24,
			91
		],
		[
			91,
			92
		],
		[
			24,
			92
		],
		[
			11,
			55
		],
		[
			11,
			83
		],
		[
			24,
			25
		],
		[
			25,
			91
		],
		[
			33,
			57
		],
		[
			24,
			93
		],
		[
			24,
			77
		],
		[
			57,
			58
		],
		[
			32,
			58
		],
		[
			22,
			87
		],
		[
			22,
			54
		],
		[
			54,
			87
		],
		[
			62,
			75
		],
		[
			60,
			75
		],
		[
			60,
			62
		],
		[
			27,
			32
		],
		[
			27,
			70
		],
		[
			32,
			70
		],
		[
			30,
			70
		],
		[
			28,
			70
		],
		[
			28,
			30
		],
		[
			89,
			90
		],
		[
			25,
			90
		],
		[
			25,
			89
		],
		[
			17,
			65
		],
		[
			16,
			65
		],
		[
			16,
			17
		],
		[
			35,
			53
		],
		[
			34,
			35
		],
		[
			34,
			53
		],
		[
			64,
			66
		],
		[
			0,
			64
		],
		[
			0,
			66
		],
		[
			61,
			78
		],
		[
			41,
			61
		],
		[
			41,
			78
		],
		[
			27,
			58
		],
		[
			27,
			62
		],
		[
			28,
			62
		],
		[
			27,
			28
		],
		[
			86,
			88
		],
		[
			88,
			91
		],
		[
			86,
			91
		],
		[
			62,
			81
		],
		[
			60,
			81
		],
		[
			51,
			61
		],
		[
			51,
			78
		],
		[
			58,
			79
		],
		[
			26,
			58
		],
		[
			26,
			79
		],
		[
			80,
			84
		],
		[
			12,
			80
		],
		[
			12,
			84
		],
		[
			13,
			41
		],
		[
			58,
			75
		],
		[
			27,
			75
		],
		[
			13,
			84
		],
		[
			41,
			84
		],
		[
			71,
			73
		],
		[
			35,
			73
		],
		[
			35,
			71
		],
		[
			38,
			40
		],
		[
			38,
			45
		],
		[
			40,
			45
		],
		[
			13,
			80
		],
		[
			68,
			84
		],
		[
			41,
			68
		],
		[
			26,
			33
		],
		[
			26,
			57
		],
		[
			22,
			50
		],
		[
			21,
			50
		],
		[
			21,
			22
		],
		[
			15,
			65
		],
		[
			15,
			16
		],
		[
			39,
			64
		],
		[
			0,
			39
		],
		[
			88,
			92
		],
		[
			20,
			63
		],
		[
			21,
			63
		],
		[
			20,
			21
		],
		[
			36,
			37
		],
		[
			36,
			46
		],
		[
			37,
			46
		],
		[
			92,
			93
		],
		[
			31,
			70
		],
		[
			30,
			31
		],
		[
			67,
			74
		],
		[
			17,
			67
		],
		[
			17,
			74
		],
		[
			28,
			48
		],
		[
			48,
			62
		],
		[
			64,
			76
		],
		[
			18,
			76
		],
		[
			18,
			64
		],
		[
			31,
			32
		],
		[
			31,
			56
		],
		[
			2,
			3
		],
		[
			3,
			44
		],
		[
			2,
			44
		],
		[
			4,
			67
		],
		[
			3,
			67
		],
		[
			3,
			4
		],
		[
			48,
			81
		],
		[
			59,
			87
		],
		[
			10,
			47
		],
		[
			10,
			52
		],
		[
			18,
			77
		],
		[
			18,
			69
		],
		[
			69,
			77
		],
		[
			4,
			6
		],
		[
			5,
			6
		],
		[
			4,
			5
		],
		[
			39,
			40
		],
		[
			38,
			39
		],
		[
			16,
			76
		],
		[
			17,
			76
		],
		[
			14,
			80
		],
		[
			16,
			19
		],
		[
			19,
			76
		],
		[
			9,
			47
		],
		[
			9,
			10
		],
		[
			33,
			34
		],
		[
			33,
			53
		],
		[
			59,
			79
		],
		[
			79,
			89
		],
		[
			59,
			89
		],
		[
			44,
			74
		],
		[
			1,
			74
		],
		[
			1,
			44
		],
		[
			2,
			72
		],
		[
			3,
			72
		],
		[
			53,
			71
		],
		[
			7,
			8
		],
		[
			8,
			42
		],
		[
			7,
			42
		],
		[
			36,
			71
		],
		[
			46,
			71
		],
		[
			73,
			88
		],
		[
			35,
			88
		],
		[
			53,
			82
		],
		[
			7,
			43
		],
		[
			8,
			43
		],
		[
			7,
			9
		],
		[
			9,
			11
		],
		[
			37,
			38
		],
		[
			36,
			38
		],
		[
			1,
			64
		],
		[
			1,
			66
		],
		[
			36,
			93
		],
		[
			21,
			61
		],
		[
			64,
			74
		],
		[
			5,
			15
		],
		[
			5,
			65
		],
		[
			49,
			84
		],
		[
			12,
			49
		],
		[
			18,
			19
		],
		[
			18,
			39
		],
		[
			49,
			68
		],
		[
			17,
			64
		],
		[
			55,
			80
		],
		[
			6,
			80
		],
		[
			6,
			55
		],
		[
			47,
			83
		],
		[
			11,
			47
		],
		[
			49,
			83
		],
		[
			5,
			80
		],
		[
			35,
			86
		],
		[
			34,
			86
		],
		[
			25,
			59
		],
		[
			4,
			72
		],
		[
			19,
			69
		],
		[
			44,
			67
		],
		[
			37,
			45
		],
		[
			65,
			67
		],
		[
			6,
			72
		],
		[
			7,
			72
		],
		[
			26,
			34
		],
		[
			90,
			91
		],
		[
			75,
			79
		],
		[
			2,
			7
		],
		[
			2,
			43
		],
		[
			0,
			40
		],
		[
			36,
			73
		],
		[
			22,
			23
		],
		[
			73,
			92
		],
		[
			15,
			63
		],
		[
			14,
			15
		],
		[
			26,
			89
		],
		[
			36,
			92
		],
		[
			4,
			65
		],
		[
			5,
			14
		],
		[
			60,
			79
		],
		[
			9,
			42
		],
		[
			39,
			77
		],
		[
			16,
			20
		],
		[
			28,
			29
		],
		[
			29,
			48
		],
		[
			15,
			20
		],
		[
			29,
			30
		],
		[
			81,
			85
		]
	],
	"score": 0.509090909090909
}