{
	"content_type": "CG_SHOP_2025_Solution",
	"instance_uid": "simple-polygon-exterior_40_785575e7",
	"steiner_points_x": [
		"308992902/793285",
		"488076907/281125",
		"2516239971/915865",
		1462,
		1817,
		1855,
		"142025261/129533",
		"184030226/86593",
		"513300/197",
		"152031036/86461",
		"8363970/9953",
		2937,
		1460,
		1680,
		1425,
		"3685626063/4519957",
		"8637401745/4519957",
		518,
		3056,
		"5289/2",
		1752,
		"1723407319/546905",
		2859,
		3460,
		"9544078341/4519957",
		2201,
		1510,
		"283511962/147025",
		"4397164/1943",
		1877,
		"7098855918/4519957",
		2233,
		2097,
		2273,
		1494,
		2944,
		"495534/197",
		2589,
		"52924278/15025",
		3522,
		"617278/197",
		"25107440/7193",
		1618,
		2646,
		"7766/5",
		"231399795/89641",
		"6438838896/4519957",
		"780202509696/470434301",
		"269453538/89641",
		3152,
		2357,
		2234,
		2538,
		2833,
		2975,
		506,
		280,
		3008,
		"10151476/3925",
		"23676489/6850",
		3092,
		"1281922319/448205",
		2901,
		2121,
		2655,
		"25091270/7193",
		2634,
		1658,
		3154,
		3455,
		"36978652/21625",
		2897,
		1413,
		"184843906/126221",
		2431,
		2256,
		3417,
		2585,
		3462,
		"5543221194/4519957"
	],
	"steiner_points_y": [
		"949229826/793285",
		"254807926/281125",
		"2076312/915865",
		784,
		1090,
		1025,
		"107784732/129533",
		"142121384/86593",
		"354831/197",
		"125434947/86461",
		"12896848/9953",
		477,
		543,
		838,
		1024,
		"432347172/4519957",
		"91489440/4519957",
		576,
		607,
		"2079/2",
		444,
		"654563593/546905",
		822,
		373,
		"29077944/4519957",
		754,
		735,
		"35960516/147025",
		"3547213/1943",
		1002,
		"197395942/4519957",
		611,
		1253,
		689,
		793,
		1189,
		"356100/197",
		1488,
		"9901079/15025",
		659,
		"347404/197",
		"2785621/7193",
		955,
		1485,
		"3384/5",
		"55987994/89641",
		"242828514/4519957",
		"849335714616/470434301",
		"68294228/89641",
		776,
		1217,
		691,
		1255,
		904,
		859,
		1121,
		815,
		630,
		"5342032/3925",
		"10300723/6850",
		683,
		"320339042/448205",
		1118,
		830,
		391,
		"2657339/7193",
		1510,
		901,
		653,
		971,
		"20344336/21625",
		593,
		542,
		"31153232/126221",
		1144,
		730,
		1497,
		1513,
		1089,
		"304478766/4519957"
	],
	"edges": [
		[
			12,
			58
		],
		[
			58,
			108
		],
		[
			12,
			108
		],
		[
			106,
			117
		],
		[
			77,
			106
		],
		[
			77,
			117
		],
		[
			47,
			68
		],
		[
			25,
			68
		],
		[
			25,
			47
		],
		[
			21,
			94
		],
		[
			21,
			88
		],
		[
			88,
			94
		],
		[
			14,
			79
		],
		[
			78,
			79
		],
		[
			14,
			78
		],
		[
			25,
			29
		],
		[
			29,
			47
		],
		[
			53,
			107
		],
		[
			53,
			74
		],
		[
			74,
			107
		],
		[
			25,
			92
		],
		[
			90,
			92
		],
		[
			25,
			90
		],
		[
			41,
			107
		],
		[
			107,
			110
		],
		[
			41,
			110
		],
		[
			7,
			22
		],
		[
			22,
			104
		],
		[
			7,
			104
		],
		[
			15,
			79
		],
		[
			15,
			78
		],
		[
			77,
			98
		],
		[
			77,
			83
		],
		[
			83,
			98
		],
		[
			5,
			52
		],
		[
			52,
			60
		],
		[
			5,
			60
		],
		[
			29,
			30
		],
		[
			30,
			49
		],
		[
			29,
			49
		],
		[
			60,
			67
		],
		[
			5,
			67
		],
		[
			31,
			110
		],
		[
			82,
			110
		],
		[
			31,
			82
		],
		[
			24,
			102
		],
		[
			24,
			75
		],
		[
			75,
			102
		],
		[
			13,
			108
		],
		[
			12,
			13
		],
		[
			25,
			117
		],
		[
			25,
			77
		],
		[
			65,
			91
		],
		[
			65,
			115
		],
		[
			91,
			115
		],
		[
			58,
			100
		],
		[
			58,
			97
		],
		[
			97,
			100
		],
		[
			2,
			57
		],
		[
			3,
			57
		],
		[
			2,
			3
		],
		[
			24,
			83
		],
		[
			24,
			98
		],
		[
			79,
			109
		],
		[
			15,
			109
		],
		[
			19,
			83
		],
		[
			19,
			24
		],
		[
			22,
			85
		],
		[
			85,
			104
		],
		[
			31,
			44
		],
		[
			30,
			31
		],
		[
			30,
			44
		],
		[
			60,
			84
		],
		[
			32,
			84
		],
		[
			32,
			60
		],
		[
			83,
			106
		],
		[
			19,
			48
		],
		[
			19,
			106
		],
		[
			48,
			106
		],
		[
			25,
			98
		],
		[
			28,
			30
		],
		[
			28,
			49
		],
		[
			38,
			54
		],
		[
			38,
			39
		],
		[
			39,
			54
		],
		[
			43,
			54
		],
		[
			38,
			43
		],
		[
			82,
			107
		],
		[
			26,
			49
		],
		[
			26,
			29
		],
		[
			54,
			82
		],
		[
			31,
			54
		],
		[
			14,
			108
		],
		[
			79,
			108
		],
		[
			12,
			51
		],
		[
			51,
			58
		],
		[
			36,
			46
		],
		[
			35,
			46
		],
		[
			35,
			36
		],
		[
			70,
			113
		],
		[
			5,
			113
		],
		[
			5,
			70
		],
		[
			6,
			8
		],
		[
			8,
			64
		],
		[
			6,
			64
		],
		[
			62,
			93
		],
		[
			23,
			62
		],
		[
			23,
			93
		],
		[
			88,
			97
		],
		[
			97,
			101
		],
		[
			88,
			101
		],
		[
			41,
			45
		],
		[
			45,
			69
		],
		[
			41,
			69
		],
		[
			59,
			93
		],
		[
			59,
			102
		],
		[
			93,
			102
		],
		[
			109,
			118
		],
		[
			15,
			118
		],
		[
			9,
			104
		],
		[
			7,
			9
		],
		[
			23,
			101
		],
		[
			62,
			101
		],
		[
			52,
			112
		],
		[
			33,
			112
		],
		[
			33,
			52
		],
		[
			48,
			76
		],
		[
			48,
			117
		],
		[
			76,
			117
		],
		[
			66,
			84
		],
		[
			33,
			84
		],
		[
			33,
			66
		],
		[
			6,
			71
		],
		[
			7,
			71
		],
		[
			6,
			7
		],
		[
			19,
			75
		],
		[
			51,
			97
		],
		[
			44,
			110
		],
		[
			3,
			55
		],
		[
			2,
			55
		],
		[
			88,
			100
		],
		[
			21,
			100
		],
		[
			71,
			91
		],
		[
			73,
			91
		],
		[
			71,
			73
		],
		[
			25,
			72
		],
		[
			29,
			72
		],
		[
			20,
			89
		],
		[
			21,
			89
		],
		[
			20,
			21
		],
		[
			30,
			72
		],
		[
			44,
			72
		],
		[
			20,
			61
		],
		[
			61,
			118
		],
		[
			20,
			118
		],
		[
			23,
			73
		],
		[
			73,
			115
		],
		[
			23,
			115
		],
		[
			112,
			113
		],
		[
			52,
			113
		],
		[
			6,
			32
		],
		[
			32,
			71
		],
		[
			5,
			56
		],
		[
			56,
			70
		],
		[
			62,
			94
		],
		[
			93,
			94
		],
		[
			33,
			43
		],
		[
			43,
			66
		],
		[
			13,
			14
		],
		[
			32,
			91
		],
		[
			32,
			65
		],
		[
			56,
			67
		],
		[
			53,
			84
		],
		[
			32,
			53
		],
		[
			23,
			59
		],
		[
			34,
			112
		],
		[
			33,
			34
		],
		[
			79,
			89
		],
		[
			89,
			109
		],
		[
			52,
			84
		],
		[
			51,
			111
		],
		[
			97,
			111
		],
		[
			37,
			50
		],
		[
			37,
			95
		],
		[
			50,
			95
		],
		[
			24,
			92
		],
		[
			92,
			98
		],
		[
			100,
			108
		],
		[
			89,
			100
		],
		[
			89,
			108
		],
		[
			65,
			114
		],
		[
			114,
			115
		],
		[
			48,
			80
		],
		[
			19,
			80
		],
		[
			3,
			36
		],
		[
			4,
			36
		],
		[
			3,
			4
		],
		[
			41,
			53
		],
		[
			16,
			118
		],
		[
			17,
			118
		],
		[
			16,
			17
		],
		[
			74,
			82
		],
		[
			54,
			74
		],
		[
			36,
			37
		],
		[
			36,
			57
		],
		[
			37,
			57
		],
		[
			28,
			54
		],
		[
			28,
			31
		],
		[
			90,
			103
		],
		[
			72,
			103
		],
		[
			72,
			90
		],
		[
			34,
			43
		],
		[
			34,
			38
		],
		[
			34,
			35
		],
		[
			35,
			112
		],
		[
			61,
			116
		],
		[
			116,
			118
		],
		[
			17,
			116
		],
		[
			32,
			41
		],
		[
			62,
			88
		],
		[
			18,
			116
		],
		[
			17,
			18
		],
		[
			53,
			66
		],
		[
			63,
			105
		],
		[
			63,
			81
		],
		[
			81,
			105
		],
		[
			64,
			67
		],
		[
			6,
			67
		],
		[
			94,
			102
		],
		[
			15,
			16
		],
		[
			1,
			96
		],
		[
			2,
			96
		],
		[
			1,
			2
		],
		[
			28,
			50
		],
		[
			27,
			50
		],
		[
			27,
			28
		],
		[
			57,
			96
		],
		[
			4,
			35
		],
		[
			13,
			63
		],
		[
			12,
			63
		],
		[
			104,
			111
		],
		[
			85,
			111
		],
		[
			32,
			67
		],
		[
			68,
			76
		],
		[
			25,
			76
		],
		[
			59,
			92
		],
		[
			59,
			114
		],
		[
			92,
			114
		],
		[
			20,
			94
		],
		[
			20,
			102
		],
		[
			45,
			72
		],
		[
			69,
			72
		],
		[
			10,
			12
		],
		[
			11,
			12
		],
		[
			10,
			11
		],
		[
			35,
			38
		],
		[
			37,
			39
		],
		[
			39,
			46
		],
		[
			37,
			46
		],
		[
			39,
			50
		],
		[
			28,
			39
		],
		[
			103,
			114
		],
		[
			65,
			103
		],
		[
			20,
			75
		],
		[
			32,
			69
		],
		[
			69,
			103
		],
		[
			32,
			103
		],
		[
			45,
			110
		],
		[
			44,
			45
		],
		[
			9,
			51
		],
		[
			10,
			51
		],
		[
			9,
			10
		],
		[
			43,
			74
		],
		[
			37,
			96
		],
		[
			61,
			75
		],
		[
			101,
			111
		],
		[
			85,
			101
		],
		[
			22,
			71
		],
		[
			22,
			73
		],
		[
			23,
			114
		],
		[
			66,
			74
		],
		[
			90,
			114
		],
		[
			24,
			59
		],
		[
			14,
			81
		],
		[
			13,
			81
		],
		[
			19,
			116
		],
		[
			18,
			19
		],
		[
			23,
			85
		],
		[
			20,
			109
		],
		[
			11,
			63
		],
		[
			11,
			105
		],
		[
			7,
			8
		],
		[
			8,
			9
		],
		[
			9,
			42
		],
		[
			8,
			42
		],
		[
			56,
			64
		],
		[
			38,
			46
		],
		[
			10,
			42
		],
		[
			22,
			23
		],
		[
			26,
			47
		],
		[
			17,
			99
		],
		[
			18,
			99
		],
		[
			16,
			99
		],
		[
			19,
			61
		],
		[
			0,
			95
		],
		[
			0,
			50
		],
		[
			4,
			113
		],
		[
			86,
			113
		],
		[
			4,
			86
		],
		[
			26,
			87
		],
		[
			49,
			87
		],
		[
			0,
			27
		],
		[
			4,
			55
		],
		[
			4,
			119
		],
		[
			55,
			119
		],
		[
			86,
			119
		],
		[
			40,
			96
		],
		[
			40,
			95
		],
		[
			95,
			96
		],
		[
			18,
			80
		],
		[
			51,
			104
		],
		[
			0,
			40
		],
		[
			1,
			40
		],
		[
			70,
			86
		],
		[
			4,
			112
		],
		[
			26,
			68
		],
		[
			28,
			87
		],
		[
			27,
			87
		]
	],
	"score": 0.5061728395061729
}