{
	"content_type": "CG_SHOP_2025_Solution",
	"instance_uid": "simple-polygon_150_f24b0f8e",
	"steiner_points_x": [
		"390215/89",
		4224,
		"54302/13",
		8456,
		"100773243/11785",
		4779,
		4801,
		9612,
		3772,
		3675,
		8066,
		3844,
		4149,
		9695,
		9675,
		4899,
		4899,
		5667,
		4232,
		9615,
		6809,
		9296,
		4395,
		4025,
		8285,
		6277,
		6740,
		"60038639/8837",
		8447,
		"73027935/8837",
		3683,
		4976,
		9413,
		4936,
		"67957551/11785",
		9875,
		9675,
		"133175/13",
		10075,
		10175,
		"546575/53",
		4125,
		3825,
		"759425/221",
		3925,
		3925
	],
	"steiner_points_y": [
		"301630/89",
		3899,
		"50565/13",
		7482,
		"99164694/11785",
		5465,
		4938,
		6662,
		7934,
		7934,
		4441,
		7850,
		8256,
		7513,
		6150,
		4349,
		4564,
		8394,
		8193,
		5110,
		5290,
		5589,
		7227,
		6598,
		5850,
		6698,
		4245,
		"34293294/8837",
		6673,
		"34155110/8837",
		6417,
		4362,
		6149,
		6907,
		"102507033/11785",
		4282,
		3750,
		"53350/13",
		5050,
		5550,
		"467350/53",
		"26450/3",
		8450,
		"1432450/221",
		5150,
		4050
	],
	"edges": [
		[
			160,
			174
		],
		[
			160,
			170
		],
		[
			170,
			174
		],
		[
			166,
			181
		],
		[
			166,
			170
		],
		[
			170,
			181
		],
		[
			132,
			133
		],
		[
			9,
			132
		],
		[
			9,
			133
		],
		[
			13,
			176
		],
		[
			176,
			177
		],
		[
			13,
			177
		],
		[
			129,
			165
		],
		[
			129,
			166
		],
		[
			165,
			166
		],
		[
			93,
			162
		],
		[
			158,
			162
		],
		[
			93,
			158
		],
		[
			130,
			165
		],
		[
			13,
			165
		],
		[
			13,
			130
		],
		[
			91,
			167
		],
		[
			167,
			168
		],
		[
			91,
			168
		],
		[
			135,
			195
		],
		[
			135,
			138
		],
		[
			138,
			195
		],
		[
			4,
			5
		],
		[
			4,
			6
		],
		[
			5,
			6
		],
		[
			43,
			44
		],
		[
			43,
			45
		],
		[
			44,
			45
		],
		[
			41,
			46
		],
		[
			42,
			46
		],
		[
			41,
			42
		],
		[
			15,
			16
		],
		[
			15,
			17
		],
		[
			16,
			17
		],
		[
			3,
			6
		],
		[
			3,
			4
		],
		[
			37,
			38
		],
		[
			37,
			185
		],
		[
			38,
			185
		],
		[
			106,
			107
		],
		[
			106,
			109
		],
		[
			107,
			109
		],
		[
			72,
			163
		],
		[
			82,
			163
		],
		[
			72,
			82
		],
		[
			49,
			54
		],
		[
			53,
			54
		],
		[
			49,
			53
		],
		[
			8,
			133
		],
		[
			8,
			134
		],
		[
			133,
			134
		],
		[
			132,
			151
		],
		[
			12,
			151
		],
		[
			12,
			132
		],
		[
			9,
			10
		],
		[
			9,
			11
		],
		[
			10,
			11
		],
		[
			17,
			186
		],
		[
			27,
			186
		],
		[
			17,
			27
		],
		[
			83,
			163
		],
		[
			82,
			83
		],
		[
			43,
			46
		],
		[
			45,
			46
		],
		[
			170,
			176
		],
		[
			176,
			181
		],
		[
			160,
			177
		],
		[
			160,
			179
		],
		[
			177,
			179
		],
		[
			2,
			7
		],
		[
			2,
			134
		],
		[
			7,
			134
		],
		[
			104,
			105
		],
		[
			104,
			111
		],
		[
			105,
			111
		],
		[
			1,
			140
		],
		[
			0,
			1
		],
		[
			0,
			140
		],
		[
			153,
			154
		],
		[
			153,
			184
		],
		[
			154,
			184
		],
		[
			115,
			116
		],
		[
			115,
			125
		],
		[
			116,
			125
		],
		[
			57,
			68
		],
		[
			67,
			68
		],
		[
			57,
			67
		],
		[
			57,
			171
		],
		[
			171,
			182
		],
		[
			57,
			182
		],
		[
			13,
			151
		],
		[
			12,
			13
		],
		[
			71,
			157
		],
		[
			72,
			157
		],
		[
			71,
			72
		],
		[
			36,
			37
		],
		[
			29,
			36
		],
		[
			29,
			37
		],
		[
			21,
			26
		],
		[
			21,
			27
		],
		[
			26,
			27
		],
		[
			50,
			188
		],
		[
			52,
			188
		],
		[
			50,
			52
		],
		[
			28,
			185
		],
		[
			28,
			37
		],
		[
			11,
			132
		],
		[
			132,
			150
		],
		[
			11,
			150
		],
		[
			28,
			186
		],
		[
			27,
			28
		],
		[
			130,
			151
		],
		[
			167,
			184
		],
		[
			84,
			167
		],
		[
			84,
			184
		],
		[
			51,
			52
		],
		[
			50,
			51
		],
		[
			28,
			29
		],
		[
			151,
			152
		],
		[
			132,
			152
		],
		[
			40,
			160
		],
		[
			41,
			160
		],
		[
			40,
			41
		],
		[
			40,
			179
		],
		[
			14,
			40
		],
		[
			14,
			179
		],
		[
			153,
			167
		],
		[
			170,
			175
		],
		[
			174,
			175
		],
		[
			62,
			63
		],
		[
			62,
			65
		],
		[
			63,
			65
		],
		[
			112,
			155
		],
		[
			103,
			112
		],
		[
			103,
			155
		],
		[
			55,
			171
		],
		[
			56,
			171
		],
		[
			55,
			56
		],
		[
			13,
			181
		],
		[
			113,
			155
		],
		[
			112,
			113
		],
		[
			49,
			52
		],
		[
			52,
			53
		],
		[
			95,
			172
		],
		[
			96,
			172
		],
		[
			95,
			96
		],
		[
			70,
			164
		],
		[
			164,
			182
		],
		[
			70,
			182
		],
		[
			165,
			181
		],
		[
			19,
			21
		],
		[
			20,
			21
		],
		[
			19,
			20
		],
		[
			60,
			189
		],
		[
			61,
			189
		],
		[
			60,
			61
		],
		[
			155,
			170
		],
		[
			156,
			170
		],
		[
			155,
			156
		],
		[
			46,
			169
		],
		[
			47,
			169
		],
		[
			46,
			47
		],
		[
			83,
			154
		],
		[
			83,
			153
		],
		[
			114,
			156
		],
		[
			125,
			156
		],
		[
			114,
			125
		],
		[
			12,
			150
		],
		[
			167,
			183
		],
		[
			167,
			175
		],
		[
			175,
			183
		],
		[
			18,
			19
		],
		[
			18,
			21
		],
		[
			57,
			164
		],
		[
			68,
			164
		],
		[
			153,
			163
		],
		[
			126,
			129
		],
		[
			126,
			166
		],
		[
			73,
			82
		],
		[
			72,
			73
		],
		[
			161,
			168
		],
		[
			168,
			172
		],
		[
			161,
			172
		],
		[
			64,
			65
		],
		[
			63,
			64
		],
		[
			14,
			28
		],
		[
			14,
			185
		],
		[
			49,
			188
		],
		[
			23,
			25
		],
		[
			24,
			25
		],
		[
			23,
			24
		],
		[
			48,
			54
		],
		[
			48,
			55
		],
		[
			54,
			55
		],
		[
			41,
			169
		],
		[
			14,
			186
		],
		[
			56,
			57
		],
		[
			42,
			43
		],
		[
			126,
			156
		],
		[
			156,
			166
		],
		[
			73,
			80
		],
		[
			80,
			82
		],
		[
			58,
			67
		],
		[
			59,
			67
		],
		[
			58,
			59
		],
		[
			48,
			49
		],
		[
			47,
			48
		],
		[
			47,
			55
		],
		[
			134,
			135
		],
		[
			2,
			135
		],
		[
			114,
			155
		],
		[
			22,
			23
		],
		[
			22,
			25
		],
		[
			57,
			58
		],
		[
			47,
			171
		],
		[
			158,
			159
		],
		[
			94,
			158
		],
		[
			94,
			159
		],
		[
			157,
			178
		],
		[
			153,
			178
		],
		[
			153,
			157
		],
		[
			157,
			163
		],
		[
			93,
			159
		],
		[
			167,
			172
		],
		[
			172,
			183
		],
		[
			22,
			26
		],
		[
			25,
			26
		],
		[
			59,
			61
		],
		[
			59,
			62
		],
		[
			61,
			62
		],
		[
			59,
			66
		],
		[
			62,
			66
		],
		[
			76,
			190
		],
		[
			77,
			190
		],
		[
			76,
			77
		],
		[
			59,
			189
		],
		[
			30,
			32
		],
		[
			30,
			33
		],
		[
			32,
			33
		],
		[
			66,
			67
		],
		[
			160,
			176
		],
		[
			95,
			161
		],
		[
			65,
			66
		],
		[
			36,
			187
		],
		[
			29,
			187
		],
		[
			90,
			191
		],
		[
			89,
			90
		],
		[
			89,
			191
		],
		[
			153,
			175
		],
		[
			169,
			171
		],
		[
			90,
			167
		],
		[
			90,
			91
		],
		[
			30,
			36
		],
		[
			30,
			187
		],
		[
			129,
			130
		],
		[
			175,
			178
		],
		[
			174,
			178
		],
		[
			30,
			34
		],
		[
			33,
			34
		],
		[
			114,
			115
		],
		[
			84,
			90
		],
		[
			94,
			161
		],
		[
			94,
			95
		],
		[
			173,
			183
		],
		[
			102,
			183
		],
		[
			102,
			173
		],
		[
			104,
			112
		],
		[
			103,
			104
		],
		[
			69,
			164
		],
		[
			68,
			69
		],
		[
			30,
			31
		],
		[
			31,
			32
		],
		[
			105,
			106
		],
		[
			105,
			110
		],
		[
			106,
			110
		],
		[
			34,
			36
		],
		[
			35,
			36
		],
		[
			34,
			35
		],
		[
			69,
			70
		],
		[
			73,
			74
		],
		[
			74,
			80
		],
		[
			39,
			185
		],
		[
			38,
			39
		],
		[
			75,
			76
		],
		[
			75,
			190
		],
		[
			70,
			71
		],
		[
			70,
			157
		],
		[
			160,
			169
		],
		[
			103,
			183
		],
		[
			102,
			103
		],
		[
			100,
			173
		],
		[
			101,
			173
		],
		[
			100,
			101
		],
		[
			172,
			173
		],
		[
			135,
			139
		],
		[
			135,
			140
		],
		[
			139,
			140
		],
		[
			116,
			194
		],
		[
			117,
			194
		],
		[
			116,
			117
		],
		[
			120,
			122
		],
		[
			121,
			122
		],
		[
			120,
			121
		],
		[
			96,
			173
		],
		[
			138,
			139
		],
		[
			103,
			170
		],
		[
			137,
			195
		],
		[
			137,
			138
		],
		[
			101,
			102
		],
		[
			75,
			78
		],
		[
			78,
			190
		],
		[
			174,
			182
		],
		[
			178,
			182
		],
		[
			91,
			162
		],
		[
			162,
			168
		],
		[
			107,
			108
		],
		[
			108,
			109
		],
		[
			171,
			174
		],
		[
			74,
			78
		],
		[
			74,
			79
		],
		[
			78,
			79
		],
		[
			136,
			195
		],
		[
			136,
			137
		],
		[
			110,
			111
		],
		[
			111,
			112
		],
		[
			98,
			180
		],
		[
			99,
			180
		],
		[
			98,
			99
		],
		[
			109,
			110
		],
		[
			141,
			145
		],
		[
			141,
			146
		],
		[
			145,
			146
		],
		[
			100,
			180
		],
		[
			99,
			100
		],
		[
			74,
			75
		],
		[
			79,
			80
		],
		[
			84,
			191
		],
		[
			142,
			144
		],
		[
			142,
			145
		],
		[
			144,
			145
		],
		[
			85,
			89
		],
		[
			85,
			191
		],
		[
			113,
			114
		],
		[
			85,
			192
		],
		[
			86,
			192
		],
		[
			85,
			86
		],
		[
			142,
			143
		],
		[
			143,
			144
		],
		[
			80,
			81
		],
		[
			81,
			82
		],
		[
			146,
			148
		],
		[
			147,
			148
		],
		[
			146,
			147
		],
		[
			103,
			175
		],
		[
			160,
			171
		],
		[
			70,
			178
		],
		[
			89,
			192
		],
		[
			118,
			194
		],
		[
			120,
			194
		],
		[
			118,
			120
		],
		[
			119,
			120
		],
		[
			118,
			119
		],
		[
			15,
			186
		],
		[
			158,
			161
		],
		[
			91,
			92
		],
		[
			92,
			162
		],
		[
			122,
			194
		],
		[
			2,
			6
		],
		[
			6,
			7
		],
		[
			86,
			87
		],
		[
			86,
			88
		],
		[
			87,
			88
		],
		[
			117,
			118
		],
		[
			123,
			194
		],
		[
			122,
			123
		],
		[
			7,
			8
		],
		[
			141,
			148
		],
		[
			96,
			180
		],
		[
			96,
			98
		],
		[
			131,
			151
		],
		[
			131,
			152
		],
		[
			88,
			192
		],
		[
			161,
			162
		],
		[
			141,
			142
		],
		[
			1,
			135
		],
		[
			1,
			2
		],
		[
			148,
			149
		],
		[
			0,
			148
		],
		[
			0,
			149
		],
		[
			116,
			123
		],
		[
			92,
			93
		],
		[
			8,
			9
		],
		[
			2,
			3
		],
		[
			140,
			148
		],
		[
			116,
			124
		],
		[
			123,
			124
		],
		[
			18,
			27
		],
		[
			40,
			185
		],
		[
			98,
			193
		],
		[
			97,
			98
		],
		[
			97,
			193
		],
		[
			124,
			125
		],
		[
			140,
			141
		],
		[
			96,
			193
		],
		[
			125,
			126
		],
		[
			17,
			18
		],
		[
			173,
			180
		],
		[
			126,
			127
		],
		[
			126,
			128
		],
		[
			127,
			128
		],
		[
			128,
			129
		],
		[
			130,
			131
		],
		[
			39,
			40
		],
		[
			21,
			22
		]
	],
	"score": 0.5106382978723404
}