{
	"content_type": "CG_SHOP_2025_Solution",
	"instance_uid": "simple-polygon_20_0dda68ed",
	"steiner_points_x": [
		"1275652803/890690",
		"2499/2",
		"714335380/1630513",
		443,
		"368174933/168757",
		3494,
		"2595333024/775405",
		"106267520/83129"
	],
	"steiner_points_y": [
		"244060799/890690",
		"2271/2",
		"1149821430/1630513",
		463,
		"255337562/168757",
		"991/2",
		"1041396662/775405",
		"154927551/83129"
	],
	"edges": [
		[
			10,
			25
		],
		[
			11,
			25
		],
		[
			10,
			11
		],
		[
			18,
			27
		],
		[
			19,
			27
		],
		[
			18,
			19
		],
		[
			13,
			15
		],
		[
			15,
			26
		],
		[
			13,
			26
		],
		[
			5,
			21
		],
		[
			6,
			21
		],
		[
			5,
			6
		],
		[
			8,
			10
		],
		[
			8,
			25
		],
		[
			0,
			4
		],
		[
			0,
			20
		],
		[
			4,
			20
		],
		[
			0,
			5
		],
		[
			0,
			21
		],
		[
			1,
			22
		],
		[
			2,
			22
		],
		[
			1,
			2
		],
		[
			22,
			23
		],
		[
			2,
			23
		],
		[
			5,
			20
		],
		[
			17,
			27
		],
		[
			17,
			19
		],
		[
			13,
			16
		],
		[
			15,
			16
		],
		[
			3,
			23
		],
		[
			4,
			23
		],
		[
			3,
			4
		],
		[
			0,
			22
		],
		[
			0,
			23
		],
		[
			14,
			15
		],
		[
			14,
			26
		],
		[
			7,
			13
		],
		[
			7,
			16
		],
		[
			2,
			3
		],
		[
			6,
			7
		],
		[
			6,
			24
		],
		[
			7,
			24
		],
		[
			8,
			9
		],
		[
			9,
			10
		],
		[
			7,
			8
		],
		[
			8,
			13
		],
		[
			12,
			25
		],
		[
			11,
			12
		],
		[
			17,
			21
		],
		[
			19,
			21
		],
		[
			6,
			17
		],
		[
			16,
			24
		],
		[
			13,
			25
		],
		[
			17,
			24
		]
	],
	"score": 0.5555555555555556
}