{
	"content_type": "CG_SHOP_2025_Solution",
	"instance_uid": "simple-polygon-exterior-20_20_eb63a5b6",
	"steiner_points_x": [
		"81796679/28834",
		"12324500/15661",
		2960,
		145,
		"4847713390/1749289",
		"9191315913/5685973",
		2457,
		1762,
		"4176444550/1749289",
		"199187162/345073",
		1517,
		"68970532661982/36841775629",
		3127,
		3363,
		"14999593749/11371946",
		1469,
		3437,
		"90189761/2584697",
		"109/5",
		2417,
		2759,
		"10624/3",
		3149,
		"50780122348085189/19844966897626",
		3175,
		"2625/2",
		"615325311500/2634697013",
		"1325101885/414089",
		"5184887590/1749289",
		"3544869509/935365",
		"287923166325976841463447/112837945965795200098",
		"38743352/168233",
		3733,
		"1549371476/414089"
	],
	"steiner_points_y": [
		"12190141/28834",
		"591576/15661",
		494,
		506,
		"259270567/1749289",
		"9821632092/5685973",
		641,
		894,
		"217061996/1749289",
		"179707448/345073",
		938,
		"13104016612420/36841775629",
		1043,
		747,
		"19366461009/11371946",
		450,
		1131,
		"1327196116/2584697",
		"1604/5",
		1214,
		343,
		549,
		1286,
		"34053810088939013/19844966897626",
		863,
		63,
		"29535614952/2634697013",
		"112795408/414089",
		"280471672/1749289",
		"938724212/935365",
		"203543851496740059207567/112837945965795200098",
		"13280582/168233",
		722,
		"294558457/414089"
	],
	"edges": [
		[
			16,
			38
		],
		[
			17,
			38
		],
		[
			16,
			17
		],
		[
			16,
			51
		],
		[
			46,
			51
		],
		[
			16,
			46
		],
		[
			26,
			28
		],
		[
			28,
			31
		],
		[
			26,
			31
		],
		[
			36,
			42
		],
		[
			6,
			36
		],
		[
			6,
			42
		],
		[
			11,
			22
		],
		[
			20,
			22
		],
		[
			11,
			20
		],
		[
			20,
			26
		],
		[
			11,
			26
		],
		[
			0,
			30
		],
		[
			0,
			1
		],
		[
			1,
			30
		],
		[
			24,
			40
		],
		[
			24,
			28
		],
		[
			28,
			40
		],
		[
			17,
			51
		],
		[
			15,
			17
		],
		[
			15,
			51
		],
		[
			10,
			20
		],
		[
			10,
			22
		],
		[
			1,
			27
		],
		[
			27,
			30
		],
		[
			21,
			51
		],
		[
			15,
			21
		],
		[
			6,
			44
		],
		[
			6,
			7
		],
		[
			7,
			44
		],
		[
			8,
			22
		],
		[
			7,
			22
		],
		[
			7,
			8
		],
		[
			14,
			45
		],
		[
			13,
			14
		],
		[
			13,
			45
		],
		[
			1,
			43
		],
		[
			1,
			25
		],
		[
			25,
			43
		],
		[
			27,
			31
		],
		[
			31,
			35
		],
		[
			27,
			35
		],
		[
			1,
			39
		],
		[
			39,
			43
		],
		[
			15,
			45
		],
		[
			21,
			45
		],
		[
			15,
			29
		],
		[
			17,
			29
		],
		[
			52,
			53
		],
		[
			4,
			52
		],
		[
			4,
			53
		],
		[
			1,
			12
		],
		[
			12,
			27
		],
		[
			7,
			33
		],
		[
			8,
			33
		],
		[
			3,
			5
		],
		[
			5,
			36
		],
		[
			3,
			36
		],
		[
			12,
			31
		],
		[
			25,
			34
		],
		[
			1,
			34
		],
		[
			23,
			38
		],
		[
			17,
			23
		],
		[
			8,
			41
		],
		[
			33,
			41
		],
		[
			23,
			29
		],
		[
			19,
			23
		],
		[
			19,
			29
		],
		[
			12,
			26
		],
		[
			0,
			34
		],
		[
			0,
			19
		],
		[
			19,
			34
		],
		[
			12,
			39
		],
		[
			14,
			18
		],
		[
			14,
			15
		],
		[
			15,
			18
		],
		[
			10,
			24
		],
		[
			10,
			48
		],
		[
			24,
			48
		],
		[
			2,
			36
		],
		[
			2,
			3
		],
		[
			42,
			43
		],
		[
			39,
			42
		],
		[
			18,
			30
		],
		[
			0,
			18
		],
		[
			32,
			44
		],
		[
			11,
			44
		],
		[
			11,
			32
		],
		[
			26,
			40
		],
		[
			20,
			40
		],
		[
			41,
			52
		],
		[
			41,
			53
		],
		[
			2,
			43
		],
		[
			2,
			42
		],
		[
			5,
			49
		],
		[
			3,
			49
		],
		[
			14,
			35
		],
		[
			18,
			35
		],
		[
			9,
			10
		],
		[
			9,
			48
		],
		[
			33,
			52
		],
		[
			5,
			33
		],
		[
			5,
			52
		],
		[
			6,
			33
		],
		[
			4,
			5
		],
		[
			4,
			49
		],
		[
			32,
			42
		],
		[
			32,
			39
		],
		[
			6,
			32
		],
		[
			18,
			29
		],
		[
			13,
			35
		],
		[
			8,
			10
		],
		[
			37,
			38
		],
		[
			23,
			37
		],
		[
			8,
			47
		],
		[
			41,
			47
		],
		[
			10,
			40
		],
		[
			22,
			44
		],
		[
			18,
			19
		],
		[
			11,
			12
		],
		[
			30,
			35
		],
		[
			5,
			6
		],
		[
			13,
			31
		],
		[
			19,
			37
		],
		[
			43,
			50
		],
		[
			25,
			50
		],
		[
			11,
			39
		],
		[
			8,
			9
		],
		[
			2,
			50
		],
		[
			13,
			28
		],
		[
			21,
			46
		],
		[
			9,
			47
		]
	],
	"score": 0.5142857142857142
}