{
	"content_type": "CG_SHOP_2025_Solution",
	"instance_uid": "point-set_20_fa3fd7e0",
	"steiner_points_x": [
		"45214089/1772522",
		439,
		"618551669/1735633",
		1029,
		"1198326956/439633",
		"3012/7",
		"422864309/1735633",
		2208,
		"2206620931/5005025",
		1560,
		"79824631/52973",
		"4433325953/1791413",
		"10958863807/5005025",
		"8647866131/5005025",
		"4195553423/1791413",
		1740
	],
	"steiner_points_y": [
		"417937993/1772522",
		71,
		"5443077809/1735633",
		1381,
		"648688802/439633",
		"365/28",
		"4995739469/1735633",
		1757,
		"66975383/5005025",
		2526,
		"173598571/52973",
		"1155321057/1791413",
		"352714976/5005025",
		"277266483/5005025",
		"500796237/1791413",
		514
	],
	"edges": [
		[
			2,
			10
		],
		[
			2,
			27
		],
		[
			10,
			27
		],
		[
			3,
			12
		],
		[
			12,
			20
		],
		[
			3,
			20
		],
		[
			10,
			17
		],
		[
			10,
			19
		],
		[
			17,
			19
		],
		[
			2,
			15
		],
		[
			10,
			15
		],
		[
			10,
			23
		],
		[
			15,
			23
		],
		[
			3,
			21
		],
		[
			3,
			33
		],
		[
			21,
			33
		],
		[
			3,
			4
		],
		[
			7,
			18
		],
		[
			7,
			35
		],
		[
			18,
			35
		],
		[
			4,
			23
		],
		[
			3,
			23
		],
		[
			19,
			27
		],
		[
			18,
			34
		],
		[
			18,
			31
		],
		[
			17,
			18
		],
		[
			17,
			35
		],
		[
			9,
			29
		],
		[
			9,
			14
		],
		[
			14,
			29
		],
		[
			5,
			33
		],
		[
			5,
			32
		],
		[
			24,
			27
		],
		[
			8,
			27
		],
		[
			27,
			29
		],
		[
			0,
			29
		],
		[
			0,
			27
		],
		[
			14,
			30
		],
		[
			6,
			14
		],
		[
			18,
			19
		],
		[
			16,
			18
		],
		[
			33,
			35
		],
		[
			5,
			35
		],
		[
			16,
			19
		],
		[
			19,
			24
		],
		[
			12,
			25
		],
		[
			12,
			21
		],
		[
			21,
			25
		],
		[
			21,
			28
		],
		[
			9,
			11
		],
		[
			9,
			15
		],
		[
			11,
			15
		],
		[
			4,
			15
		],
		[
			1,
			7
		],
		[
			7,
			34
		],
		[
			5,
			7
		],
		[
			12,
			13
		],
		[
			14,
			26
		],
		[
			9,
			26
		],
		[
			2,
			29
		],
		[
			2,
			9
		],
		[
			17,
			23
		],
		[
			3,
			17
		],
		[
			14,
			22
		],
		[
			3,
			35
		],
		[
			29,
			30
		],
		[
			1,
			5
		]
	],
	"score": 0.5294117647058824,
	"obtuse num": 0,
	"steiner num": 36
}