{
	"content_type": "CG_SHOP_2025_Solution",
	"instance_uid": "point-set_40_1b92b629",
	"steiner_points_x": [
		"-4503/53",
		"-34237/1165",
		"-28107/793",
		85,
		"6067/65",
		-58,
		"-333/233",
		"5861/65",
		"399/5",
		"6321/65",
		"5614/65",
		-27,
		"-5031/53",
		16,
		-69,
		79,
		"-357615/4537",
		-28,
		27,
		59,
		-22,
		3,
		"7106/181",
		"5231/65",
		"-433596/4537",
		60,
		21,
		29,
		-22,
		63,
		-46,
		"-13287/233",
		"39555/793",
		"-7425/793"
	],
	"steiner_points_y": [
		"4088/53",
		"103371/1165",
		"-44010/793",
		69,
		"2321/65",
		47,
		"21249/233",
		"673/65",
		"437/5",
		"4353/65",
		"-1303/65",
		58,
		"2240/53",
		45,
		67,
		-67,
		"-4235/4537",
		6,
		-18,
		72,
		44,
		63,
		"17026/181",
		"-4367/65",
		"145960/4537",
		-19,
		77,
		41,
		76,
		54,
		72,
		"20106/233",
		"-64058/793",
		"-50138/793"
	],
	"edges": [
		[
			13,
			38
		],
		[
			38,
			67
		],
		[
			13,
			67
		],
		[
			31,
			54
		],
		[
			28,
			31
		],
		[
			28,
			54
		],
		[
			41,
			70
		],
		[
			70,
			71
		],
		[
			20,
			22
		],
		[
			20,
			69
		],
		[
			22,
			69
		],
		[
			5,
			23
		],
		[
			23,
			39
		],
		[
			5,
			39
		],
		[
			19,
			69
		],
		[
			9,
			69
		],
		[
			9,
			19
		],
		[
			13,
			61
		],
		[
			13,
			53
		],
		[
			53,
			61
		],
		[
			34,
			55
		],
		[
			34,
			50
		],
		[
			50,
			55
		],
		[
			53,
			67
		],
		[
			11,
			22
		],
		[
			11,
			20
		],
		[
			32,
			52
		],
		[
			28,
			52
		],
		[
			28,
			32
		],
		[
			37,
			51
		],
		[
			15,
			37
		],
		[
			15,
			51
		],
		[
			11,
			38
		],
		[
			7,
			38
		],
		[
			7,
			11
		],
		[
			18,
			73
		],
		[
			2,
			18
		],
		[
			2,
			73
		],
		[
			10,
			15
		],
		[
			10,
			51
		],
		[
			26,
			43
		],
		[
			0,
			43
		],
		[
			0,
			26
		],
		[
			3,
			72
		],
		[
			3,
			14
		],
		[
			28,
			45
		],
		[
			32,
			45
		],
		[
			22,
			67
		],
		[
			22,
			38
		],
		[
			0,
			48
		],
		[
			23,
			66
		],
		[
			61,
			66
		],
		[
			23,
			61
		],
		[
			12,
			67
		],
		[
			12,
			22
		],
		[
			40,
			54
		],
		[
			52,
			54
		],
		[
			30,
			59
		],
		[
			0,
			30
		],
		[
			0,
			59
		],
		[
			3,
			55
		],
		[
			14,
			55
		],
		[
			4,
			58
		],
		[
			4,
			12
		],
		[
			12,
			58
		],
		[
			10,
			70
		],
		[
			10,
			41
		],
		[
			31,
			70
		],
		[
			31,
			71
		],
		[
			12,
			65
		],
		[
			58,
			65
		],
		[
			34,
			58
		],
		[
			34,
			65
		],
		[
			3,
			73
		],
		[
			7,
			62
		],
		[
			7,
			30
		],
		[
			4,
			17
		],
		[
			2,
			17
		],
		[
			2,
			4
		],
		[
			17,
			73
		],
		[
			50,
			65
		],
		[
			29,
			60
		],
		[
			29,
			57
		],
		[
			57,
			60
		],
		[
			36,
			44
		],
		[
			36,
			49
		],
		[
			3,
			34
		],
		[
			8,
			66
		],
		[
			7,
			8
		],
		[
			7,
			66
		],
		[
			17,
			34
		],
		[
			3,
			17
		],
		[
			10,
			68
		],
		[
			41,
			68
		],
		[
			1,
			55
		],
		[
			55,
			63
		],
		[
			25,
			65
		],
		[
			12,
			25
		],
		[
			6,
			60
		],
		[
			6,
			37
		],
		[
			37,
			60
		],
		[
			33,
			71
		],
		[
			21,
			33
		],
		[
			33,
			54
		],
		[
			31,
			33
		],
		[
			25,
			69
		],
		[
			19,
			25
		],
		[
			17,
			58
		],
		[
			24,
			37
		],
		[
			15,
			24
		],
		[
			24,
			28
		],
		[
			24,
			31
		],
		[
			23,
			68
		],
		[
			46,
			68
		],
		[
			23,
			46
		],
		[
			4,
			57
		],
		[
			2,
			57
		],
		[
			5,
			68
		],
		[
			39,
			51
		],
		[
			5,
			51
		],
		[
			33,
			40
		],
		[
			4,
			67
		],
		[
			6,
			45
		],
		[
			6,
			32
		],
		[
			36,
			47
		],
		[
			7,
			59
		],
		[
			11,
			59
		],
		[
			13,
			66
		],
		[
			39,
			61
		],
		[
			38,
			66
		],
		[
			32,
			64
		],
		[
			32,
			56
		],
		[
			29,
			39
		],
		[
			39,
			60
		],
		[
			5,
			10
		],
		[
			16,
			32
		],
		[
			6,
			56
		],
		[
			35,
			47
		],
		[
			35,
			36
		],
		[
			8,
			23
		],
		[
			25,
			35
		],
		[
			35,
			65
		],
		[
			6,
			27
		],
		[
			29,
			61
		],
		[
			18,
			57
		],
		[
			36,
			43
		],
		[
			43,
			49
		],
		[
			19,
			35
		],
		[
			19,
			36
		],
		[
			9,
			20
		],
		[
			6,
			57
		],
		[
			27,
			57
		],
		[
			18,
			42
		],
		[
			18,
			27
		],
		[
			9,
			59
		],
		[
			0,
			9
		],
		[
			29,
			53
		],
		[
			22,
			25
		],
		[
			15,
			70
		],
		[
			35,
			50
		],
		[
			20,
			59
		],
		[
			51,
			60
		],
		[
			4,
			29
		],
		[
			24,
			45
		],
		[
			19,
			43
		],
		[
			9,
			43
		],
		[
			24,
			70
		],
		[
			4,
			53
		],
		[
			37,
			45
		]
	],
	"score": 0.5142857142857142,
	"obtuse num": 0,
	"steiner num": 74
}