{
	"content_type": "CG_SHOP_2025_Solution",
	"instance_uid": "point-set_20_34a047f7",
	"steiner_points_x": [
		5858,
		"9647890/1597",
		"1690725/409",
		"852525/97",
		"181275/31",
		"13086405/1597",
		"7314132/1597",
		"57568341/7985",
		"12301425/1597",
		"6825255/1597",
		8428,
		7608,
		5856,
		6495,
		"20835/4",
		6515,
		7307,
		"943675/221",
		4452,
		4420
	],
	"steiner_points_y": [
		3092,
		"5545180/1597",
		"1286700/409",
		"254025/97",
		"107100/31",
		"5854260/1597",
		"5335404/1597",
		"28564452/7985",
		"5783700/1597",
		"5291460/1597",
		2758,
		1976,
		3356,
		2108,
		"4013/2",
		"5302/3",
		3015,
		"512825/221",
		2295,
		2539
	],
	"edges": [
		[
			0,
			1
		],
		[
			0,
			36
		],
		[
			1,
			36
		],
		[
			24,
			32
		],
		[
			26,
			32
		],
		[
			24,
			26
		],
		[
			8,
			12
		],
		[
			5,
			8
		],
		[
			5,
			12
		],
		[
			11,
			24
		],
		[
			11,
			32
		],
		[
			7,
			22
		],
		[
			13,
			22
		],
		[
			7,
			13
		],
		[
			1,
			20
		],
		[
			1,
			6
		],
		[
			6,
			20
		],
		[
			15,
			28
		],
		[
			15,
			27
		],
		[
			27,
			28
		],
		[
			16,
			33
		],
		[
			3,
			16
		],
		[
			3,
			33
		],
		[
			6,
			34
		],
		[
			6,
			33
		],
		[
			33,
			34
		],
		[
			16,
			31
		],
		[
			3,
			31
		],
		[
			0,
			32
		],
		[
			0,
			11
		],
		[
			7,
			39
		],
		[
			22,
			39
		],
		[
			18,
			36
		],
		[
			15,
			36
		],
		[
			15,
			18
		],
		[
			11,
			27
		],
		[
			11,
			21
		],
		[
			21,
			27
		],
		[
			19,
			31
		],
		[
			14,
			31
		],
		[
			14,
			19
		],
		[
			1,
			33
		],
		[
			2,
			39
		],
		[
			38,
			39
		],
		[
			2,
			38
		],
		[
			34,
			38
		],
		[
			6,
			38
		],
		[
			11,
			36
		],
		[
			27,
			36
		],
		[
			5,
			25
		],
		[
			5,
			15
		],
		[
			15,
			25
		],
		[
			14,
			18
		],
		[
			18,
			30
		],
		[
			14,
			30
		],
		[
			21,
			24
		],
		[
			4,
			39
		],
		[
			2,
			4
		],
		[
			7,
			20
		],
		[
			6,
			7
		],
		[
			13,
			29
		],
		[
			9,
			13
		],
		[
			9,
			29
		],
		[
			3,
			35
		],
		[
			3,
			17
		],
		[
			17,
			35
		],
		[
			0,
			20
		],
		[
			20,
			32
		],
		[
			8,
			30
		],
		[
			5,
			30
		],
		[
			4,
			22
		],
		[
			2,
			37
		],
		[
			4,
			37
		],
		[
			33,
			36
		],
		[
			6,
			39
		],
		[
			14,
			23
		],
		[
			19,
			23
		],
		[
			16,
			36
		],
		[
			2,
			10
		],
		[
			10,
			37
		],
		[
			26,
			29
		],
		[
			13,
			26
		],
		[
			7,
			26
		],
		[
			9,
			22
		],
		[
			17,
			31
		],
		[
			17,
			19
		],
		[
			5,
			18
		],
		[
			25,
			28
		],
		[
			16,
			18
		],
		[
			23,
			30
		],
		[
			33,
			35
		],
		[
			14,
			16
		],
		[
			34,
			35
		],
		[
			20,
			26
		],
		[
			10,
			38
		],
		[
			10,
			34
		],
		[
			12,
			25
		],
		[
			8,
			23
		]
	],
	"score": 0.5238095238095238,
	"obtuse num": 0,
	"steiner num": 40
}