{
	"content_type": "CG_SHOP_2025_Solution",
	"instance_uid": "point-set_10_d009159f",
	"steiner_points_x": [
		"14789/13",
		"279270005885564604906/119056424857201837",
		2380,
		2059,
		1321,
		"2334973042075559/815963544793",
		"10865945930/4518961",
		"12092115110/4518961"
	],
	"steiner_points_y": [
		"20960/13",
		"84664698018186856545/119056424857201837",
		2761,
		2969,
		1860,
		"1144593680491780/815963544793",
		"15983904706/4518961",
		"15659312962/4518961"
	],
	"edges": [
		[
			2,
			8
		],
		[
			1,
			8
		],
		[
			1,
			2
		],
		[
			0,
			4
		],
		[
			4,
			13
		],
		[
			0,
			13
		],
		[
			6,
			12
		],
		[
			1,
			6
		],
		[
			1,
			12
		],
		[
			4,
			5
		],
		[
			0,
			5
		],
		[
			0,
			14
		],
		[
			5,
			14
		],
		[
			0,
			7
		],
		[
			7,
			14
		],
		[
			10,
			14
		],
		[
			5,
			10
		],
		[
			7,
			12
		],
		[
			12,
			15
		],
		[
			7,
			15
		],
		[
			1,
			17
		],
		[
			2,
			17
		],
		[
			1,
			16
		],
		[
			6,
			16
		],
		[
			8,
			12
		],
		[
			7,
			13
		],
		[
			12,
			13
		],
		[
			3,
			10
		],
		[
			3,
			11
		],
		[
			10,
			11
		],
		[
			6,
			13
		],
		[
			8,
			15
		],
		[
			3,
			14
		],
		[
			3,
			7
		],
		[
			3,
			15
		],
		[
			11,
			15
		],
		[
			9,
			15
		],
		[
			9,
			11
		],
		[
			4,
			16
		],
		[
			4,
			6
		],
		[
			16,
			17
		]
	],
	"score": 0.5555555555555556,
	"obtuse num": 0,
	"steiner num": 18
}