{
	"content_type": "CG_SHOP_2025_Solution",
	"instance_uid": "point-set_20_0c4009d9",
	"steiner_points_x": [
		"29229183/2825",
		"87033411/17197",
		"1167879/113",
		"31236925/8653",
		9270,
		"69046325/17197",
		7426,
		"140127842/17197",
		5116,
		9825,
		"31143925/8653",
		"31055851/8653",
		9676,
		5074,
		"134499/13",
		"30995525/8653",
		9834,
		9404,
		"28792119/2825",
		4046,
		"134279/13",
		"166147324/17197",
		"82275/23",
		3682,
		"30548925/8653",
		9271,
		5968,
		4046
	],
	"steiner_points_y": [
		"17023794/2825",
		"61638014/17197",
		"698022/113",
		"37637750/8653",
		6384,
		"62461850/17197",
		8300,
		"59206208/17197",
		4756,
		8300,
		"41962250/8653",
		"46057691/8653",
		3692,
		6605,
		"66682/13",
		"48862850/8653",
		5131,
		5319,
		"22814892/2825",
		8032,
		"62722/13",
		"58014476/17197",
		"135100/23",
		4861,
		"69629750/8653",
		4848,
		5781,
		8300
	],
	"edges": [
		[
			12,
			42
		],
		[
			12,
			35
		],
		[
			31,
			43
		],
		[
			10,
			43
		],
		[
			10,
			31
		],
		[
			13,
			40
		],
		[
			3,
			13
		],
		[
			3,
			40
		],
		[
			15,
			44
		],
		[
			15,
			42
		],
		[
			11,
			23
		],
		[
			6,
			11
		],
		[
			1,
			19
		],
		[
			1,
			38
		],
		[
			19,
			38
		],
		[
			6,
			8
		],
		[
			8,
			25
		],
		[
			16,
			46
		],
		[
			28,
			46
		],
		[
			16,
			28
		],
		[
			27,
			32
		],
		[
			32,
			41
		],
		[
			28,
			43
		],
		[
			11,
			28
		],
		[
			11,
			43
		],
		[
			26,
			33
		],
		[
			33,
			39
		],
		[
			26,
			39
		],
		[
			1,
			24
		],
		[
			19,
			24
		],
		[
			0,
			12
		],
		[
			0,
			31
		],
		[
			12,
			31
		],
		[
			7,
			12
		],
		[
			7,
			42
		],
		[
			1,
			18
		],
		[
			1,
			29
		],
		[
			4,
			19
		],
		[
			19,
			20
		],
		[
			4,
			20
		],
		[
			7,
			33
		],
		[
			16,
			33
		],
		[
			7,
			16
		],
		[
			2,
			4
		],
		[
			0,
			7
		],
		[
			13,
			17
		],
		[
			4,
			24
		],
		[
			9,
			32
		],
		[
			17,
			32
		],
		[
			10,
			11
		],
		[
			13,
			14
		],
		[
			14,
			36
		],
		[
			13,
			36
		],
		[
			1,
			26
		],
		[
			27,
			28
		],
		[
			27,
			46
		],
		[
			0,
			28
		],
		[
			0,
			43
		],
		[
			7,
			39
		],
		[
			36,
			37
		],
		[
			4,
			37
		],
		[
			4,
			36
		],
		[
			14,
			45
		],
		[
			37,
			45
		],
		[
			14,
			37
		],
		[
			45,
			46
		],
		[
			37,
			46
		],
		[
			3,
			34
		],
		[
			8,
			21
		],
		[
			8,
			28
		],
		[
			21,
			28
		],
		[
			13,
			32
		],
		[
			15,
			47
		],
		[
			5,
			15
		],
		[
			32,
			45
		],
		[
			14,
			32
		],
		[
			26,
			46
		],
		[
			33,
			46
		],
		[
			10,
			23
		],
		[
			19,
			22
		],
		[
			15,
			39
		],
		[
			39,
			42
		],
		[
			24,
			37
		],
		[
			39,
			47
		],
		[
			27,
			45
		],
		[
			10,
			30
		],
		[
			24,
			46
		],
		[
			3,
			36
		],
		[
			2,
			3
		],
		[
			24,
			26
		],
		[
			3,
			4
		],
		[
			0,
			16
		],
		[
			8,
			11
		]
	],
	"score": 0.5172413793103449,
	"obtuse num": 0,
	"steiner num": 48
}