{
	"content_type": "CG_SHOP_2025_Solution",
	"instance_uid": "simple-polygon-exterior-20_40_84415804",
	"steiner_points_x": [
		6903,
		"11765064611/1699765",
		"42764260502/5657969",
		5220,
		"1478605463/529465",
		"768828575/2033509",
		"83855494257/11315938",
		5896,
		"2567951761/529465",
		5366,
		"2291171481/4046785",
		3911,
		"1885171897/529465",
		4205,
		2440,
		4162,
		4955,
		"432696116/529465",
		"801200197/529465",
		2086,
		3609,
		"76129/10",
		"382009442726/2357707645",
		"968702/4453",
		6840,
		"87569739267/11315938",
		7513,
		6524,
		"3422509388/529465",
		"43167091427/5657969",
		"97782176/14485",
		6133,
		"3826810724/529465"
	],
	"steiner_points_y": [
		3067,
		"1853356303/1699765",
		"18280699039/5657969",
		1415,
		"1902976944/529465",
		"1879722694/2033509",
		"25361881001/11315938",
		2088,
		"2262413928/529465",
		999,
		"3100153342/4046785",
		3067,
		"2037126216/529465",
		1763,
		2339,
		2167,
		2777,
		"1557872268/529465",
		"1679462616/529465",
		1193,
		75,
		"35969/10",
		"6427492777428/2357707645",
		"11390406/4453",
		3291,
		"50225649911/11315938",
		4666,
		4624,
		"2544380844/529465",
		"20977315714/5657969",
		"49427023/14485",
		3571,
		"2677782732/529465"
	],
	"edges": [
		[
			5,
			6
		],
		[
			4,
			5
		],
		[
			4,
			6
		],
		[
			40,
			64
		],
		[
			35,
			64
		],
		[
			35,
			40
		],
		[
			13,
			52
		],
		[
			13,
			44
		],
		[
			44,
			52
		],
		[
			17,
			43
		],
		[
			43,
			49
		],
		[
			17,
			49
		],
		[
			5,
			55
		],
		[
			4,
			55
		],
		[
			13,
			51
		],
		[
			51,
			52
		],
		[
			15,
			20
		],
		[
			16,
			20
		],
		[
			15,
			16
		],
		[
			19,
			23
		],
		[
			19,
			56
		],
		[
			23,
			56
		],
		[
			23,
			47
		],
		[
			19,
			47
		],
		[
			16,
			55
		],
		[
			15,
			55
		],
		[
			18,
			47
		],
		[
			39,
			47
		],
		[
			18,
			39
		],
		[
			22,
			48
		],
		[
			21,
			22
		],
		[
			21,
			48
		],
		[
			18,
			43
		],
		[
			18,
			49
		],
		[
			4,
			53
		],
		[
			53,
			55
		],
		[
			23,
			24
		],
		[
			24,
			47
		],
		[
			11,
			63
		],
		[
			9,
			11
		],
		[
			9,
			63
		],
		[
			62,
			63
		],
		[
			10,
			63
		],
		[
			10,
			62
		],
		[
			14,
			51
		],
		[
			13,
			14
		],
		[
			22,
			56
		],
		[
			21,
			56
		],
		[
			25,
			71
		],
		[
			23,
			25
		],
		[
			23,
			71
		],
		[
			28,
			66
		],
		[
			27,
			66
		],
		[
			27,
			28
		],
		[
			27,
			67
		],
		[
			28,
			67
		],
		[
			67,
			70
		],
		[
			70,
			71
		],
		[
			67,
			71
		],
		[
			14,
			54
		],
		[
			13,
			54
		],
		[
			24,
			25
		],
		[
			25,
			40
		],
		[
			24,
			40
		],
		[
			21,
			52
		],
		[
			21,
			51
		],
		[
			2,
			3
		],
		[
			3,
			60
		],
		[
			2,
			60
		],
		[
			48,
			71
		],
		[
			48,
			67
		],
		[
			24,
			38
		],
		[
			38,
			47
		],
		[
			17,
			53
		],
		[
			16,
			53
		],
		[
			16,
			17
		],
		[
			26,
			67
		],
		[
			26,
			70
		],
		[
			34,
			64
		],
		[
			34,
			35
		],
		[
			38,
			41
		],
		[
			37,
			38
		],
		[
			37,
			41
		],
		[
			14,
			15
		],
		[
			15,
			51
		],
		[
			26,
			64
		],
		[
			64,
			70
		],
		[
			48,
			52
		],
		[
			67,
			68
		],
		[
			48,
			68
		],
		[
			12,
			44
		],
		[
			12,
			58
		],
		[
			44,
			58
		],
		[
			20,
			51
		],
		[
			12,
			54
		],
		[
			44,
			54
		],
		[
			25,
			64
		],
		[
			25,
			70
		],
		[
			1,
			17
		],
		[
			1,
			49
		],
		[
			57,
			62
		],
		[
			57,
			63
		],
		[
			22,
			23
		],
		[
			5,
			14
		],
		[
			14,
			55
		],
		[
			7,
			11
		],
		[
			6,
			11
		],
		[
			6,
			7
		],
		[
			19,
			20
		],
		[
			16,
			19
		],
		[
			26,
			34
		],
		[
			4,
			59
		],
		[
			3,
			4
		],
		[
			3,
			59
		],
		[
			7,
			50
		],
		[
			2,
			7
		],
		[
			2,
			50
		],
		[
			36,
			40
		],
		[
			35,
			36
		],
		[
			6,
			54
		],
		[
			5,
			54
		],
		[
			26,
			33
		],
		[
			26,
			32
		],
		[
			32,
			33
		],
		[
			29,
			66
		],
		[
			28,
			29
		],
		[
			3,
			53
		],
		[
			19,
			43
		],
		[
			18,
			19
		],
		[
			6,
			59
		],
		[
			7,
			59
		],
		[
			22,
			71
		],
		[
			11,
			12
		],
		[
			6,
			12
		],
		[
			12,
			57
		],
		[
			57,
			58
		],
		[
			17,
			60
		],
		[
			1,
			60
		],
		[
			30,
			66
		],
		[
			29,
			30
		],
		[
			11,
			57
		],
		[
			28,
			72
		],
		[
			29,
			72
		],
		[
			32,
			65
		],
		[
			33,
			65
		],
		[
			26,
			27
		],
		[
			27,
			32
		],
		[
			20,
			56
		],
		[
			20,
			21
		],
		[
			33,
			34
		],
		[
			2,
			59
		],
		[
			9,
			10
		],
		[
			8,
			50
		],
		[
			7,
			8
		],
		[
			16,
			43
		],
		[
			31,
			66
		],
		[
			30,
			31
		],
		[
			8,
			45
		],
		[
			7,
			45
		],
		[
			36,
			46
		],
		[
			36,
			42
		],
		[
			42,
			46
		],
		[
			28,
			68
		],
		[
			68,
			72
		],
		[
			35,
			42
		],
		[
			35,
			61
		],
		[
			42,
			61
		],
		[
			3,
			17
		],
		[
			0,
			49
		],
		[
			0,
			1
		],
		[
			34,
			61
		],
		[
			33,
			61
		],
		[
			0,
			39
		],
		[
			39,
			41
		],
		[
			0,
			41
		],
		[
			33,
			69
		],
		[
			65,
			69
		],
		[
			39,
			49
		],
		[
			24,
			36
		],
		[
			36,
			38
		],
		[
			9,
			45
		],
		[
			7,
			9
		],
		[
			61,
			69
		],
		[
			36,
			37
		],
		[
			38,
			39
		],
		[
			37,
			46
		],
		[
			32,
			66
		],
		[
			31,
			32
		],
		[
			31,
			65
		]
	],
	"score": 0.5147058823529411,
	"obtuse num": 0,
	"steiner num": 73
}