{
	"content_type": "CG_SHOP_2025_Solution",
	"instance_uid": "simple-polygon-exterior_60_1a49dffa",
	"steiner_points_x": [
		3138,
		2749,
		"604519/262",
		"52157794/87327",
		"15611702152/6752153",
		"1731539554/1710805",
		3289,
		"1327350/2273",
		"20988814025/6752153",
		"430882002689599/142847270450",
		"21836095663/6752153",
		"1128106241/289145",
		886,
		629,
		"2463578121/3421610",
		"63512072/27529",
		1665,
		"40579014/669433",
		1175,
		"639572483/212050",
		"3478767797/1347298",
		"16515315317/6752153",
		138,
		1035,
		"1117777512/289145",
		182,
		3817,
		"9180847141/6752153",
		"27792762/669433",
		"5203193287427/1432535770",
		410,
		"11145871/3298",
		558,
		178,
		2105,
		3538,
		1733,
		"11719030285/6752153",
		"5817603/20813",
		"55994989/123149",
		"801261659/377756",
		"15651940070/6752153",
		772,
		2318,
		"2785969/799",
		"19394/5",
		"7515135901937/21945767545",
		3571,
		"1558005309/434365",
		1898,
		"3045180094/1710805",
		"1433825405/673649",
		"1772133230294013/1318916031065",
		2530,
		"4361745/1642",
		2435,
		2256,
		2486,
		2458,
		2445
	],
	"steiner_points_y": [
		1781,
		971,
		"255755/131",
		"1946429/87327",
		"13181324701/6752153",
		"58475803/1710805",
		1323,
		"228350/2273",
		"12999119909/6752153",
		"21499016680801/142847270450",
		"12970409557/6752153",
		"320123728/289145",
		723,
		422,
		"88301767/3421610",
		"53585621/27529",
		1032,
		"579697060/669433",
		1760,
		"32553981/212050",
		"155734679/1347298",
		"13150705541/6752153",
		424,
		565,
		"448872536/289145",
		889,
		1410,
		"13399235845/6752153",
		"466705507/669433",
		"679535532209/1432535770",
		818,
		"1114773/3298",
		253,
		599,
		1887,
		1251,
		1895,
		"13313228869/6752153",
		"13391994/20813",
		"193735734/123149",
		"184971833/94439",
		"13179961229/6752153",
		666,
		1950,
		"1163657/799",
		"6952/5",
		"37119991153494/21945767545",
		1442,
		"242493903/434365",
		426,
		"96130183/1710805",
		"53306458/673649",
		"584307676081413/1318916031065",
		373,
		"2322671/1642",
		1662,
		1431,
		1700,
		958,
		1510
	],
	"edges": [
		[
			5,
			6
		],
		[
			5,
			8
		],
		[
			6,
			8
		],
		[
			33,
			78
		],
		[
			34,
			78
		],
		[
			33,
			34
		],
		[
			39,
			85
		],
		[
			77,
			85
		],
		[
			39,
			77
		],
		[
			48,
			74
		],
		[
			48,
			65
		],
		[
			65,
			74
		],
		[
			57,
			76
		],
		[
			58,
			76
		],
		[
			57,
			58
		],
		[
			48,
			49
		],
		[
			49,
			65
		],
		[
			21,
			66
		],
		[
			19,
			66
		],
		[
			19,
			21
		],
		[
			25,
			114
		],
		[
			114,
			119
		],
		[
			25,
			119
		],
		[
			65,
			112
		],
		[
			59,
			112
		],
		[
			59,
			65
		],
		[
			47,
			74
		],
		[
			47,
			48
		],
		[
			44,
			93
		],
		[
			43,
			44
		],
		[
			43,
			93
		],
		[
			30,
			100
		],
		[
			30,
			94
		],
		[
			94,
			100
		],
		[
			37,
			40
		],
		[
			40,
			99
		],
		[
			37,
			99
		],
		[
			27,
			116
		],
		[
			31,
			116
		],
		[
			27,
			31
		],
		[
			31,
			32
		],
		[
			32,
			116
		],
		[
			115,
			117
		],
		[
			25,
			117
		],
		[
			25,
			115
		],
		[
			68,
			70
		],
		[
			24,
			70
		],
		[
			24,
			68
		],
		[
			81,
			103
		],
		[
			101,
			103
		],
		[
			81,
			101
		],
		[
			34,
			87
		],
		[
			34,
			35
		],
		[
			35,
			87
		],
		[
			39,
			40
		],
		[
			38,
			39
		],
		[
			38,
			40
		],
		[
			52,
			72
		],
		[
			72,
			83
		],
		[
			52,
			83
		],
		[
			29,
			103
		],
		[
			29,
			64
		],
		[
			64,
			103
		],
		[
			76,
			112
		],
		[
			58,
			112
		],
		[
			30,
			75
		],
		[
			75,
			100
		],
		[
			27,
			115
		],
		[
			27,
			28
		],
		[
			28,
			115
		],
		[
			23,
			114
		],
		[
			22,
			114
		],
		[
			22,
			23
		],
		[
			2,
			116
		],
		[
			23,
			116
		],
		[
			2,
			23
		],
		[
			48,
			73
		],
		[
			48,
			92
		],
		[
			73,
			92
		],
		[
			40,
			85
		],
		[
			24,
			117
		],
		[
			24,
			25
		],
		[
			41,
			85
		],
		[
			41,
			43
		],
		[
			43,
			85
		],
		[
			26,
			119
		],
		[
			25,
			26
		],
		[
			36,
			37
		],
		[
			36,
			99
		],
		[
			28,
			29
		],
		[
			28,
			103
		],
		[
			22,
			60
		],
		[
			60,
			66
		],
		[
			22,
			66
		],
		[
			22,
			61
		],
		[
			23,
			61
		],
		[
			24,
			60
		],
		[
			60,
			70
		],
		[
			34,
			96
		],
		[
			87,
			96
		],
		[
			35,
			37
		],
		[
			35,
			36
		],
		[
			66,
			104
		],
		[
			19,
			104
		],
		[
			42,
			73
		],
		[
			42,
			98
		],
		[
			73,
			98
		],
		[
			28,
			81
		],
		[
			20,
			95
		],
		[
			11,
			95
		],
		[
			11,
			20
		],
		[
			53,
			102
		],
		[
			52,
			53
		],
		[
			52,
			102
		],
		[
			77,
			88
		],
		[
			44,
			77
		],
		[
			44,
			88
		],
		[
			18,
			104
		],
		[
			18,
			107
		],
		[
			104,
			107
		],
		[
			27,
			30
		],
		[
			28,
			30
		],
		[
			33,
			76
		],
		[
			32,
			33
		],
		[
			32,
			76
		],
		[
			59,
			110
		],
		[
			65,
			110
		],
		[
			24,
			114
		],
		[
			18,
			60
		],
		[
			18,
			70
		],
		[
			81,
			117
		],
		[
			24,
			81
		],
		[
			29,
			62
		],
		[
			62,
			64
		],
		[
			28,
			117
		],
		[
			42,
			92
		],
		[
			84,
			86
		],
		[
			15,
			86
		],
		[
			15,
			84
		],
		[
			44,
			45
		],
		[
			45,
			88
		],
		[
			33,
			96
		],
		[
			32,
			96
		],
		[
			53,
			72
		],
		[
			12,
			71
		],
		[
			12,
			13
		],
		[
			13,
			71
		],
		[
			53,
			57
		],
		[
			53,
			54
		],
		[
			54,
			57
		],
		[
			6,
			113
		],
		[
			6,
			111
		],
		[
			111,
			113
		],
		[
			1,
			3
		],
		[
			3,
			113
		],
		[
			1,
			113
		],
		[
			31,
			96
		],
		[
			51,
			102
		],
		[
			51,
			52
		],
		[
			60,
			114
		],
		[
			17,
			18
		],
		[
			17,
			70
		],
		[
			54,
			55
		],
		[
			55,
			57
		],
		[
			15,
			16
		],
		[
			15,
			18
		],
		[
			16,
			18
		],
		[
			42,
			43
		],
		[
			43,
			98
		],
		[
			58,
			72
		],
		[
			57,
			72
		],
		[
			35,
			78
		],
		[
			2,
			3
		],
		[
			1,
			2
		],
		[
			0,
			59
		],
		[
			0,
			110
		],
		[
			67,
			92
		],
		[
			47,
			92
		],
		[
			47,
			67
		],
		[
			1,
			111
		],
		[
			91,
			108
		],
		[
			89,
			108
		],
		[
			89,
			91
		],
		[
			54,
			90
		],
		[
			54,
			102
		],
		[
			90,
			102
		],
		[
			95,
			104
		],
		[
			19,
			95
		],
		[
			64,
			101
		],
		[
			73,
			102
		],
		[
			73,
			90
		],
		[
			21,
			22
		],
		[
			21,
			61
		],
		[
			14,
			86
		],
		[
			14,
			15
		],
		[
			94,
			96
		],
		[
			96,
			97
		],
		[
			94,
			97
		],
		[
			42,
			93
		],
		[
			58,
			83
		],
		[
			83,
			112
		],
		[
			5,
			113
		],
		[
			41,
			55
		],
		[
			55,
			90
		],
		[
			41,
			90
		],
		[
			46,
			92
		],
		[
			46,
			67
		],
		[
			68,
			81
		],
		[
			50,
			65
		],
		[
			49,
			50
		],
		[
			16,
			84
		],
		[
			26,
			27
		],
		[
			26,
			116
		],
		[
			82,
			92
		],
		[
			42,
			82
		],
		[
			4,
			5
		],
		[
			4,
			61
		],
		[
			5,
			61
		],
		[
			12,
			95
		],
		[
			13,
			95
		],
		[
			45,
			93
		],
		[
			82,
			93
		],
		[
			45,
			82
		],
		[
			61,
			118
		],
		[
			23,
			118
		],
		[
			10,
			108
		],
		[
			11,
			108
		],
		[
			10,
			11
		],
		[
			97,
			100
		],
		[
			62,
			100
		],
		[
			62,
			75
		],
		[
			76,
			109
		],
		[
			109,
			112
		],
		[
			4,
			118
		],
		[
			3,
			4
		],
		[
			3,
			118
		],
		[
			6,
			80
		],
		[
			80,
			111
		],
		[
			7,
			79
		],
		[
			8,
			79
		],
		[
			7,
			8
		],
		[
			20,
			21
		],
		[
			9,
			20
		],
		[
			9,
			21
		],
		[
			37,
			55
		],
		[
			37,
			56
		],
		[
			55,
			56
		],
		[
			2,
			118
		],
		[
			0,
			109
		],
		[
			1,
			109
		],
		[
			0,
			1
		],
		[
			44,
			85
		],
		[
			15,
			107
		],
		[
			2,
			76
		],
		[
			2,
			109
		],
		[
			87,
			97
		],
		[
			29,
			75
		],
		[
			69,
			79
		],
		[
			7,
			69
		],
		[
			13,
			14
		],
		[
			13,
			86
		],
		[
			60,
			104
		],
		[
			19,
			20
		],
		[
			51,
			73
		],
		[
			49,
			51
		],
		[
			49,
			73
		],
		[
			56,
			57
		],
		[
			99,
			106
		],
		[
			36,
			106
		],
		[
			2,
			32
		],
		[
			11,
			12
		],
		[
			59,
			109
		],
		[
			28,
			75
		],
		[
			38,
			99
		],
		[
			38,
			106
		],
		[
			40,
			55
		],
		[
			6,
			79
		],
		[
			8,
			9
		],
		[
			9,
			91
		],
		[
			8,
			91
		],
		[
			51,
			83
		],
		[
			4,
			113
		],
		[
			50,
			83
		],
		[
			50,
			51
		],
		[
			47,
			63
		],
		[
			63,
			74
		],
		[
			9,
			108
		],
		[
			9,
			61
		],
		[
			30,
			31
		],
		[
			46,
			82
		],
		[
			45,
			46
		],
		[
			79,
			80
		],
		[
			69,
			80
		],
		[
			95,
			107
		],
		[
			90,
			98
		],
		[
			41,
			98
		],
		[
			14,
			107
		],
		[
			10,
			89
		],
		[
			56,
			76
		],
		[
			33,
			56
		],
		[
			26,
			115
		],
		[
			116,
			119
		],
		[
			63,
			67
		],
		[
			31,
			94
		],
		[
			50,
			112
		],
		[
			16,
			17
		],
		[
			7,
			91
		],
		[
			37,
			78
		],
		[
			56,
			78
		],
		[
			86,
			105
		],
		[
			84,
			105
		],
		[
			5,
			9
		],
		[
			40,
			41
		],
		[
			0,
			111
		],
		[
			23,
			119
		],
		[
			10,
			12
		],
		[
			10,
			71
		],
		[
			14,
			95
		],
		[
			20,
			108
		],
		[
			13,
			105
		],
		[
			46,
			63
		],
		[
			71,
			105
		]
	],
	"score": 0.5081967213114754,
	"obtuse num": 0,
	"steiner num": 120
}