{
	"content_type": "CG_SHOP_2025_Solution",
	"instance_uid": "simple-polygon_100_4b4ba391",
	"steiner_points_x": [
		"1122/145",
		50,
		17,
		42,
		51,
		48,
		57,
		20,
		"5129/113",
		13,
		"1760/53",
		15,
		27,
		37,
		50,
		29,
		36,
		"1051/65",
		"1026/65",
		19,
		"5838/149",
		"99/5",
		52,
		"659/13",
		55,
		"1237/25"
	],
	"steiner_points_y": [
		"9636/145",
		15,
		53,
		13,
		18,
		29,
		16,
		43,
		"5103/113",
		34,
		"3486/53",
		43,
		63,
		60,
		65,
		21,
		21,
		"1102/65",
		"1542/65",
		31,
		"1643/149",
		"163/5",
		39,
		"579/13",
		42,
		"966/25"
	],
	"edges": [
		[
			33,
			43
		],
		[
			34,
			43
		],
		[
			34,
			40
		],
		[
			34,
			117
		],
		[
			70,
			124
		],
		[
			83,
			124
		],
		[
			70,
			83
		],
		[
			104,
			105
		],
		[
			90,
			104
		],
		[
			90,
			105
		],
		[
			72,
			81
		],
		[
			72,
			82
		],
		[
			1,
			111
		],
		[
			107,
			111
		],
		[
			84,
			87
		],
		[
			87,
			123
		],
		[
			85,
			87
		],
		[
			101,
			104
		],
		[
			91,
			101
		],
		[
			91,
			104
		],
		[
			36,
			40
		],
		[
			37,
			40
		],
		[
			70,
			82
		],
		[
			71,
			82
		],
		[
			44,
			118
		],
		[
			33,
			44
		],
		[
			46,
			96
		],
		[
			47,
			96
		],
		[
			21,
			25
		],
		[
			25,
			100
		],
		[
			88,
			105
		],
		[
			89,
			105
		],
		[
			11,
			14
		],
		[
			12,
			14
		],
		[
			38,
			40
		],
		[
			66,
			104
		],
		[
			66,
			105
		],
		[
			0,
			29
		],
		[
			0,
			109
		],
		[
			29,
			109
		],
		[
			49,
			96
		],
		[
			48,
			96
		],
		[
			92,
			116
		],
		[
			93,
			116
		],
		[
			51,
			53
		],
		[
			21,
			26
		],
		[
			21,
			102
		],
		[
			26,
			102
		],
		[
			10,
			20
		],
		[
			14,
			20
		],
		[
			10,
			14
		],
		[
			27,
			102
		],
		[
			2,
			102
		],
		[
			2,
			27
		],
		[
			34,
			41
		],
		[
			41,
			43
		],
		[
			61,
			63
		],
		[
			34,
			36
		],
		[
			85,
			108
		],
		[
			95,
			115
		],
		[
			96,
			115
		],
		[
			122,
			124
		],
		[
			84,
			122
		],
		[
			84,
			124
		],
		[
			5,
			7
		],
		[
			5,
			8
		],
		[
			104,
			106
		],
		[
			66,
			106
		],
		[
			72,
			80
		],
		[
			14,
			16
		],
		[
			16,
			110
		],
		[
			58,
			91
		],
		[
			58,
			101
		],
		[
			51,
			54
		],
		[
			23,
			25
		],
		[
			23,
			100
		],
		[
			60,
			101
		],
		[
			101,
			106
		],
		[
			60,
			106
		],
		[
			87,
			122
		],
		[
			3,
			9
		],
		[
			3,
			10
		],
		[
			69,
			124
		],
		[
			69,
			122
		],
		[
			56,
			103
		],
		[
			57,
			103
		],
		[
			78,
			114
		],
		[
			79,
			114
		],
		[
			27,
			107
		],
		[
			3,
			8
		],
		[
			4,
			8
		],
		[
			55,
			115
		],
		[
			115,
			116
		],
		[
			55,
			116
		],
		[
			76,
			78
		],
		[
			76,
			114
		],
		[
			94,
			116
		],
		[
			95,
			116
		],
		[
			68,
			122
		],
		[
			17,
			112
		],
		[
			19,
			112
		],
		[
			17,
			19
		],
		[
			12,
			113
		],
		[
			73,
			75
		],
		[
			88,
			122
		],
		[
			68,
			88
		],
		[
			32,
			99
		],
		[
			99,
			119
		],
		[
			32,
			119
		],
		[
			64,
			106
		],
		[
			65,
			106
		],
		[
			122,
			125
		],
		[
			46,
			119
		],
		[
			98,
			119
		],
		[
			46,
			98
		],
		[
			31,
			109
		],
		[
			32,
			109
		],
		[
			99,
			109
		],
		[
			32,
			44
		],
		[
			80,
			114
		],
		[
			29,
			31
		],
		[
			2,
			10
		],
		[
			20,
			102
		],
		[
			2,
			20
		],
		[
			49,
			115
		],
		[
			28,
			111
		],
		[
			0,
			111
		],
		[
			0,
			28
		],
		[
			45,
			119
		],
		[
			32,
			45
		],
		[
			20,
			112
		],
		[
			67,
			105
		],
		[
			103,
			120
		],
		[
			46,
			97
		],
		[
			55,
			103
		],
		[
			55,
			92
		],
		[
			92,
			103
		],
		[
			27,
			111
		],
		[
			67,
			88
		],
		[
			50,
			54
		],
		[
			16,
			112
		],
		[
			58,
			103
		],
		[
			58,
			92
		],
		[
			63,
			106
		],
		[
			50,
			55
		],
		[
			60,
			63
		],
		[
			59,
			101
		],
		[
			73,
			76
		],
		[
			14,
			112
		],
		[
			50,
			115
		],
		[
			73,
			114
		],
		[
			119,
			121
		],
		[
			73,
			80
		]
	],
	"score": 0.5185185185185185,
	"obtuse num": 0,
	"steiner num": 126
}