{
	"content_type": "CG_SHOP_2025_Solution",
	"instance_uid": "simple-polygon-exterior-20_40_b9ab4f03",
	"steiner_points_x": [
		3322,
		"2505569677/772253",
		"1769838505/510317",
		"16387/5",
		"1643932624/1399553",
		"583939531/162425",
		"641595652/1399553",
		367,
		"3325673655/939506",
		1634,
		1034,
		"328937976/1383317",
		"843842249/692953",
		"82390060955462/22875449725",
		325,
		"314559081/692953",
		"340453608/1383317",
		"1069071371/281674",
		"615193641/692953",
		2892,
		3403,
		"847525772/215585",
		"2231524805/772253",
		"7286/3",
		783,
		"297622787/1383317",
		2633,
		2624,
		"8620/3",
		"3480687999/1399553",
		"3326273540/1123287",
		1716,
		"2554307908/1399553",
		467,
		475
	],
	"steiner_points_y": [
		1841,
		"1536175916/772253",
		"1010137750/510317",
		"9953/5",
		"41765476/1399553",
		"20211017/162425",
		"48543748/1399553",
		313,
		"99395645/939506",
		884,
		676,
		"649328340/1383317",
		"1175582875/692953",
		"543923481624/4575089945",
		860,
		"924314137/692953",
		"458914932/1383317",
		"97923549/281674",
		"1067035597/692953",
		1918,
		1358,
		"150762596/215585",
		"1524627328/772253",
		"11729/6",
		1069,
		"1167131606/1383317",
		575,
		1004,
		"548/3",
		"29344476/1399553",
		"57548242/1123287",
		806,
		"35609092/1399553",
		333,
		266
	],
	"edges": [
		[
			19,
			20
		],
		[
			19,
			50
		],
		[
			20,
			50
		],
		[
			20,
			22
		],
		[
			22,
			50
		],
		[
			6,
			61
		],
		[
			6,
			7
		],
		[
			7,
			61
		],
		[
			25,
			54
		],
		[
			54,
			65
		],
		[
			25,
			65
		],
		[
			26,
			73
		],
		[
			27,
			73
		],
		[
			26,
			27
		],
		[
			18,
			20
		],
		[
			18,
			19
		],
		[
			1,
			70
		],
		[
			1,
			2
		],
		[
			2,
			70
		],
		[
			3,
			45
		],
		[
			45,
			53
		],
		[
			3,
			53
		],
		[
			2,
			3
		],
		[
			2,
			45
		],
		[
			1,
			4
		],
		[
			2,
			4
		],
		[
			2,
			48
		],
		[
			3,
			48
		],
		[
			7,
			9
		],
		[
			9,
			42
		],
		[
			7,
			42
		],
		[
			8,
			9
		],
		[
			8,
			42
		],
		[
			5,
			6
		],
		[
			5,
			61
		],
		[
			4,
			57
		],
		[
			4,
			5
		],
		[
			5,
			57
		],
		[
			24,
			64
		],
		[
			23,
			64
		],
		[
			23,
			24
		],
		[
			4,
			6
		],
		[
			38,
			69
		],
		[
			38,
			39
		],
		[
			39,
			69
		],
		[
			11,
			59
		],
		[
			10,
			59
		],
		[
			10,
			11
		],
		[
			35,
			71
		],
		[
			37,
			71
		],
		[
			35,
			37
		],
		[
			45,
			57
		],
		[
			53,
			57
		],
		[
			30,
			47
		],
		[
			29,
			30
		],
		[
			29,
			47
		],
		[
			10,
			43
		],
		[
			9,
			43
		],
		[
			9,
			10
		],
		[
			17,
			67
		],
		[
			36,
			67
		],
		[
			17,
			36
		],
		[
			59,
			63
		],
		[
			62,
			63
		],
		[
			59,
			62
		],
		[
			8,
			43
		],
		[
			20,
			21
		],
		[
			18,
			21
		],
		[
			26,
			54
		],
		[
			26,
			65
		],
		[
			47,
			73
		],
		[
			27,
			47
		],
		[
			41,
			59
		],
		[
			41,
			62
		],
		[
			33,
			44
		],
		[
			33,
			72
		],
		[
			44,
			72
		],
		[
			24,
			25
		],
		[
			25,
			55
		],
		[
			24,
			55
		],
		[
			24,
			54
		],
		[
			4,
			13
		],
		[
			1,
			13
		],
		[
			31,
			32
		],
		[
			32,
			33
		],
		[
			31,
			33
		],
		[
			14,
			17
		],
		[
			16,
			17
		],
		[
			14,
			16
		],
		[
			14,
			59
		],
		[
			14,
			63
		],
		[
			29,
			46
		],
		[
			29,
			74
		],
		[
			46,
			74
		],
		[
			28,
			29
		],
		[
			28,
			46
		],
		[
			36,
			71
		],
		[
			36,
			37
		],
		[
			6,
			60
		],
		[
			7,
			60
		],
		[
			7,
			40
		],
		[
			9,
			40
		],
		[
			50,
			73
		],
		[
			31,
			50
		],
		[
			31,
			73
		],
		[
			12,
			67
		],
		[
			14,
			67
		],
		[
			12,
			14
		],
		[
			31,
			44
		],
		[
			19,
			34
		],
		[
			32,
			34
		],
		[
			19,
			32
		],
		[
			49,
			71
		],
		[
			17,
			49
		],
		[
			17,
			71
		],
		[
			13,
			67
		],
		[
			13,
			66
		],
		[
			66,
			67
		],
		[
			23,
			54
		],
		[
			23,
			26
		],
		[
			31,
			74
		],
		[
			44,
			74
		],
		[
			38,
			72
		],
		[
			69,
			72
		],
		[
			26,
			51
		],
		[
			51,
			65
		],
		[
			28,
			47
		],
		[
			12,
			60
		],
		[
			11,
			12
		],
		[
			11,
			60
		],
		[
			30,
			74
		],
		[
			15,
			16
		],
		[
			14,
			15
		],
		[
			17,
			18
		],
		[
			18,
			49
		],
		[
			30,
			73
		],
		[
			27,
			51
		],
		[
			27,
			56
		],
		[
			51,
			56
		],
		[
			30,
			31
		],
		[
			12,
			59
		],
		[
			33,
			35
		],
		[
			35,
			72
		],
		[
			23,
			50
		],
		[
			26,
			50
		],
		[
			47,
			56
		],
		[
			28,
			56
		],
		[
			21,
			22
		],
		[
			40,
			60
		],
		[
			18,
			52
		],
		[
			21,
			52
		],
		[
			34,
			71
		],
		[
			34,
			35
		],
		[
			0,
			39
		],
		[
			0,
			69
		],
		[
			68,
			70
		],
		[
			1,
			68
		],
		[
			1,
			66
		],
		[
			16,
			18
		],
		[
			12,
			13
		],
		[
			13,
			60
		],
		[
			37,
			38
		],
		[
			37,
			66
		],
		[
			38,
			66
		],
		[
			44,
			46
		],
		[
			11,
			40
		],
		[
			10,
			40
		],
		[
			35,
			38
		],
		[
			55,
			58
		],
		[
			24,
			58
		],
		[
			32,
			50
		],
		[
			4,
			60
		],
		[
			4,
			45
		],
		[
			36,
			66
		],
		[
			16,
			52
		],
		[
			15,
			52
		],
		[
			66,
			68
		],
		[
			19,
			49
		],
		[
			39,
			66
		],
		[
			39,
			68
		],
		[
			0,
			68
		],
		[
			33,
			34
		],
		[
			34,
			49
		],
		[
			0,
			70
		],
		[
			10,
			41
		],
		[
			22,
			23
		],
		[
			22,
			64
		],
		[
			58,
			64
		],
		[
			21,
			58
		],
		[
			21,
			64
		],
		[
			52,
			58
		],
		[
			48,
			70
		],
		[
			41,
			43
		],
		[
			15,
			63
		]
	],
	"score": 0.5138888888888888,
	"obtuse num": 0,
	"steiner num": 75
}