{
	"content_type": "CG_SHOP_2025_Solution",
	"instance_uid": "simple-polygon-exterior_60_ba2c82c0",
	"steiner_points_x": [
		"18379/613",
		"15468/8077",
		36,
		"4152/137",
		37,
		"37765/629",
		"53/82",
		"1530/113",
		34,
		10,
		"999/53",
		15,
		"1750/221",
		52,
		32,
		43,
		"270323/5882",
		55,
		48,
		21,
		"501/13",
		8,
		"2129/43",
		"38015/629",
		"38465/629",
		"5054/89",
		"9929/193",
		"2783/61",
		"1545/34",
		31,
		"119/82",
		"38945/629",
		"37311/629",
		8,
		43,
		"453/197",
		"100/17",
		9,
		"2050/701",
		"23283/1226",
		16,
		7,
		"264450/168941",
		"86739600/40714781",
		25,
		30,
		26,
		31
	],
	"steiner_points_y": [
		"228/613",
		"454215/8077",
		33,
		"5938/137",
		70,
		"14465/629",
		"3675/82",
		"3853/113",
		30,
		55,
		"3738/53",
		34,
		"9244/221",
		0,
		48,
		54,
		"201817/2941",
		47,
		"81/2",
		41,
		"87/13",
		48,
		"1043/43",
		"17590/629",
		"23215/629",
		"3227/89",
		"3263/193",
		"2004/61",
		"2219/34",
		37,
		"4269/82",
		"29215/629",
		"8790/629",
		39,
		38,
		"11070/197",
		"161/17",
		23,
		"16679/701",
		"841/1226",
		22,
		28,
		"5213559/168941",
		"1262602959/40714781",
		23,
		1,
		35,
		34
	],
	"edges": [
		[
			58,
			105
		],
		[
			80,
			105
		],
		[
			58,
			80
		],
		[
			35,
			106
		],
		[
			33,
			106
		],
		[
			33,
			35
		],
		[
			33,
			107
		],
		[
			32,
			107
		],
		[
			32,
			33
		],
		[
			30,
			31
		],
		[
			30,
			62
		],
		[
			31,
			62
		],
		[
			89,
			107
		],
		[
			106,
			107
		],
		[
			89,
			106
		],
		[
			47,
			100
		],
		[
			36,
			100
		],
		[
			36,
			47
		],
		[
			46,
			100
		],
		[
			46,
			47
		],
		[
			49,
			104
		],
		[
			51,
			104
		],
		[
			49,
			51
		],
		[
			35,
			36
		],
		[
			33,
			36
		],
		[
			53,
			54
		],
		[
			53,
			82
		],
		[
			54,
			82
		],
		[
			4,
			53
		],
		[
			4,
			82
		],
		[
			38,
			67
		],
		[
			38,
			71
		],
		[
			67,
			71
		],
		[
			64,
			88
		],
		[
			64,
			76
		],
		[
			76,
			88
		],
		[
			6,
			94
		],
		[
			5,
			94
		],
		[
			5,
			6
		],
		[
			37,
			97
		],
		[
			97,
			101
		],
		[
			37,
			101
		],
		[
			90,
			95
		],
		[
			25,
			95
		],
		[
			25,
			90
		],
		[
			33,
			104
		],
		[
			36,
			104
		],
		[
			67,
			101
		],
		[
			37,
			67
		],
		[
			42,
			97
		],
		[
			41,
			42
		],
		[
			41,
			97
		],
		[
			41,
			102
		],
		[
			41,
			98
		],
		[
			98,
			102
		],
		[
			12,
			94
		],
		[
			6,
			12
		],
		[
			27,
			28
		],
		[
			22,
			27
		],
		[
			22,
			28
		],
		[
			61,
			95
		],
		[
			61,
			90
		],
		[
			21,
			28
		],
		[
			21,
			22
		],
		[
			67,
			93
		],
		[
			38,
			93
		],
		[
			11,
			12
		],
		[
			12,
			13
		],
		[
			11,
			13
		],
		[
			18,
			75
		],
		[
			17,
			18
		],
		[
			17,
			75
		],
		[
			7,
			12
		],
		[
			12,
			78
		],
		[
			7,
			78
		],
		[
			42,
			98
		],
		[
			55,
			56
		],
		[
			3,
			55
		],
		[
			3,
			56
		],
		[
			34,
			35
		],
		[
			35,
			79
		],
		[
			34,
			79
		],
		[
			14,
			15
		],
		[
			14,
			16
		],
		[
			15,
			16
		],
		[
			23,
			95
		],
		[
			23,
			69
		],
		[
			69,
			95
		],
		[
			54,
			55
		],
		[
			55,
			82
		],
		[
			74,
			75
		],
		[
			18,
			74
		],
		[
			17,
			19
		],
		[
			19,
			64
		],
		[
			17,
			64
		],
		[
			46,
			97
		],
		[
			42,
			46
		],
		[
			9,
			84
		],
		[
			9,
			91
		],
		[
			84,
			91
		],
		[
			18,
			19
		],
		[
			102,
			103
		],
		[
			41,
			103
		],
		[
			49,
			50
		],
		[
			50,
			57
		],
		[
			49,
			57
		],
		[
			19,
			20
		],
		[
			20,
			64
		],
		[
			8,
			87
		],
		[
			5,
			87
		],
		[
			5,
			8
		],
		[
			21,
			70
		],
		[
			20,
			70
		],
		[
			20,
			21
		],
		[
			55,
			86
		],
		[
			3,
			86
		],
		[
			31,
			68
		],
		[
			32,
			68
		],
		[
			31,
			32
		],
		[
			18,
			21
		],
		[
			19,
			21
		],
		[
			0,
			2
		],
		[
			1,
			2
		],
		[
			0,
			1
		],
		[
			22,
			69
		],
		[
			27,
			69
		],
		[
			17,
			88
		],
		[
			14,
			88
		],
		[
			14,
			17
		],
		[
			13,
			77
		],
		[
			11,
			77
		],
		[
			25,
			26
		],
		[
			26,
			95
		],
		[
			86,
			92
		],
		[
			65,
			86
		],
		[
			65,
			92
		],
		[
			93,
			101
		],
		[
			101,
			103
		],
		[
			93,
			103
		],
		[
			26,
			27
		],
		[
			26,
			69
		],
		[
			16,
			88
		],
		[
			16,
			76
		],
		[
			6,
			30
		],
		[
			6,
			62
		],
		[
			40,
			103
		],
		[
			40,
			102
		],
		[
			25,
			66
		],
		[
			25,
			81
		],
		[
			66,
			81
		],
		[
			4,
			87
		],
		[
			4,
			8
		],
		[
			41,
			101
		],
		[
			22,
			70
		],
		[
			48,
			49
		],
		[
			48,
			104
		],
		[
			9,
			10
		],
		[
			10,
			91
		],
		[
			23,
			24
		],
		[
			24,
			70
		],
		[
			23,
			70
		],
		[
			40,
			93
		],
		[
			4,
			83
		],
		[
			82,
			83
		],
		[
			5,
			62
		],
		[
			5,
			52
		],
		[
			52,
			62
		],
		[
			66,
			72
		],
		[
			40,
			72
		],
		[
			40,
			66
		],
		[
			13,
			15
		],
		[
			13,
			14
		],
		[
			14,
			75
		],
		[
			53,
			87
		],
		[
			2,
			3
		],
		[
			3,
			92
		],
		[
			2,
			92
		],
		[
			28,
			39
		],
		[
			27,
			39
		],
		[
			50,
			54
		],
		[
			50,
			51
		],
		[
			51,
			54
		],
		[
			21,
			74
		],
		[
			28,
			74
		],
		[
			7,
			94
		],
		[
			5,
			7
		],
		[
			56,
			59
		],
		[
			3,
			59
		],
		[
			72,
			93
		],
		[
			28,
			63
		],
		[
			63,
			74
		],
		[
			42,
			43
		],
		[
			43,
			96
		],
		[
			42,
			96
		],
		[
			37,
			71
		],
		[
			34,
			63
		],
		[
			28,
			34
		],
		[
			11,
			78
		],
		[
			12,
			75
		],
		[
			13,
			75
		],
		[
			4,
			85
		],
		[
			83,
			85
		],
		[
			9,
			85
		],
		[
			9,
			83
		],
		[
			38,
			72
		],
		[
			32,
			104
		],
		[
			57,
			80
		],
		[
			56,
			57
		],
		[
			56,
			80
		],
		[
			26,
			81
		],
		[
			0,
			59
		],
		[
			0,
			3
		],
		[
			52,
			87
		],
		[
			52,
			53
		],
		[
			10,
			77
		],
		[
			77,
			91
		],
		[
			62,
			68
		],
		[
			39,
			79
		],
		[
			38,
			79
		],
		[
			38,
			39
		],
		[
			83,
			84
		],
		[
			29,
			30
		],
		[
			6,
			29
		],
		[
			51,
			68
		],
		[
			52,
			68
		],
		[
			51,
			52
		],
		[
			32,
			51
		],
		[
			29,
			74
		],
		[
			29,
			63
		],
		[
			51,
			53
		],
		[
			72,
			81
		],
		[
			48,
			57
		],
		[
			24,
			95
		],
		[
			24,
			61
		],
		[
			82,
			86
		],
		[
			66,
			90
		],
		[
			47,
			104
		],
		[
			47,
			48
		],
		[
			65,
			82
		],
		[
			65,
			83
		],
		[
			8,
			85
		],
		[
			71,
			79
		],
		[
			34,
			89
		],
		[
			34,
			106
		],
		[
			31,
			107
		],
		[
			29,
			89
		],
		[
			30,
			89
		],
		[
			15,
			77
		],
		[
			0,
			73
		],
		[
			1,
			73
		],
		[
			35,
			71
		],
		[
			60,
			105
		],
		[
			58,
			60
		],
		[
			36,
			37
		],
		[
			37,
			100
		],
		[
			57,
			105
		],
		[
			48,
			105
		],
		[
			59,
			80
		],
		[
			58,
			59
		],
		[
			7,
			8
		],
		[
			39,
			72
		],
		[
			39,
			81
		],
		[
			27,
			81
		],
		[
			97,
			100
		],
		[
			10,
			78
		],
		[
			10,
			11
		],
		[
			30,
			107
		],
		[
			0,
			58
		],
		[
			63,
			89
		],
		[
			99,
			105
		],
		[
			60,
			99
		],
		[
			12,
			74
		],
		[
			28,
			79
		],
		[
			43,
			44
		],
		[
			44,
			96
		],
		[
			8,
			78
		],
		[
			78,
			85
		],
		[
			15,
			91
		],
		[
			36,
			71
		],
		[
			44,
			45
		],
		[
			45,
			99
		],
		[
			44,
			99
		],
		[
			10,
			85
		],
		[
			43,
			46
		],
		[
			43,
			45
		],
		[
			45,
			46
		],
		[
			45,
			47
		],
		[
			12,
			29
		],
		[
			50,
			56
		],
		[
			22,
			23
		],
		[
			45,
			48
		],
		[
			45,
			105
		],
		[
			58,
			73
		],
		[
			50,
			55
		]
	],
	"score": 0.5102040816326531,
	"obtuse num": 0,
	"steiner num": 108
}