{
	"content_type": "CG_SHOP_2025_Solution",
	"instance_uid": "simple-polygon-exterior_20_7520a1da",
	"steiner_points_x": [
		"37620586/82949",
		3197,
		3108,
		2926,
		"215703287/429013",
		"5813767495/2456581",
		"1387368629/377045",
		"79260378469007/42673816841",
		"96563344/580297",
		1672,
		"2699341607/1451441",
		"2650007547/782801",
		"252803649/84461",
		"38768823/29401",
		"1292186807/1205441"
	],
	"steiner_points_y": [
		"516871459/497694",
		1019,
		525,
		581,
		"432555938/429013",
		"4146149321/2456581",
		"446861818/377045",
		"7435484251615/42673816841",
		"370359728/580297",
		1388,
		"311949175/1451441",
		"258163723/782801",
		"14025964/84461",
		"6062200/29401",
		"266184115/1205441"
	],
	"edges": [
		[
			8,
			34
		],
		[
			8,
			33
		],
		[
			0,
			21
		],
		[
			0,
			4
		],
		[
			4,
			21
		],
		[
			30,
			33
		],
		[
			21,
			22
		],
		[
			4,
			22
		],
		[
			15,
			29
		],
		[
			16,
			29
		],
		[
			9,
			34
		],
		[
			4,
			31
		],
		[
			6,
			23
		],
		[
			7,
			23
		],
		[
			20,
			24
		],
		[
			12,
			20
		],
		[
			19,
			21
		],
		[
			6,
			32
		],
		[
			21,
			23
		],
		[
			22,
			23
		],
		[
			0,
			26
		],
		[
			9,
			15
		],
		[
			8,
			15
		],
		[
			16,
			23
		],
		[
			16,
			21
		],
		[
			27,
			30
		],
		[
			6,
			22
		],
		[
			5,
			22
		],
		[
			9,
			24
		],
		[
			9,
			12
		],
		[
			14,
			29
		],
		[
			9,
			14
		],
		[
			15,
			30
		],
		[
			7,
			15
		],
		[
			10,
			12
		],
		[
			15,
			23
		],
		[
			18,
			25
		],
		[
			12,
			28
		],
		[
			18,
			21
		],
		[
			1,
			3
		],
		[
			13,
			29
		],
		[
			1,
			4
		],
		[
			1,
			26
		],
		[
			14,
			24
		],
		[
			17,
			29
		],
		[
			16,
			18
		]
	],
	"score": 0.53125,
	"obtuse num": 0,
	"steiner num": 35
}