{
	"content_type": "CG_SHOP_2025_Solution",
	"instance_uid": "simple-polygon-exterior-20_20_c27f41dd",
	"steiner_points_x": [
		"360689572/158201",
		"1022831/337",
		2665,
		2892,
		"2968689611/1058201",
		2941,
		"125753036/71077",
		"4642585356/1601249",
		"357749990305478/120456078031",
		2439,
		2132,
		"22264464/7829",
		53,
		"372102173/2845441",
		590,
		"1310718698/2845441",
		"107241/505",
		53
	],
	"steiner_points_y": [
		"308109488/158201",
		"143963/337",
		1174,
		1584,
		"1960534031/1058201",
		1704,
		"18494923/71077",
		"2070967206/1601249",
		"213251390051074/120456078031",
		1566,
		1379,
		"12672442/7829",
		1029,
		"2353678521/2845441",
		1038,
		"1993726533/2845441",
		"854957/505",
		1420
	],
	"edges": [
		[
			19,
			34
		],
		[
			0,
			34
		],
		[
			0,
			19
		],
		[
			9,
			10
		],
		[
			10,
			24
		],
		[
			9,
			24
		],
		[
			32,
			37
		],
		[
			14,
			37
		],
		[
			14,
			32
		],
		[
			6,
			27
		],
		[
			6,
			7
		],
		[
			7,
			27
		],
		[
			18,
			19
		],
		[
			18,
			34
		],
		[
			13,
			14
		],
		[
			13,
			37
		],
		[
			15,
			34
		],
		[
			34,
			35
		],
		[
			15,
			35
		],
		[
			2,
			22
		],
		[
			3,
			22
		],
		[
			2,
			3
		],
		[
			12,
			34
		],
		[
			0,
			12
		],
		[
			2,
			19
		],
		[
			1,
			19
		],
		[
			1,
			2
		],
		[
			9,
			29
		],
		[
			10,
			29
		],
		[
			11,
			29
		],
		[
			10,
			11
		],
		[
			14,
			15
		],
		[
			14,
			34
		],
		[
			16,
			33
		],
		[
			16,
			35
		],
		[
			33,
			35
		],
		[
			17,
			32
		],
		[
			16,
			32
		],
		[
			16,
			17
		],
		[
			25,
			31
		],
		[
			8,
			31
		],
		[
			8,
			25
		],
		[
			12,
			30
		],
		[
			11,
			12
		],
		[
			11,
			30
		],
		[
			0,
			1
		],
		[
			3,
			27
		],
		[
			4,
			27
		],
		[
			3,
			4
		],
		[
			12,
			20
		],
		[
			11,
			20
		],
		[
			15,
			16
		],
		[
			12,
			14
		],
		[
			9,
			31
		],
		[
			8,
			9
		],
		[
			10,
			20
		],
		[
			8,
			24
		],
		[
			1,
			22
		],
		[
			8,
			28
		],
		[
			24,
			28
		],
		[
			17,
			33
		],
		[
			19,
			26
		],
		[
			18,
			26
		],
		[
			15,
			32
		],
		[
			7,
			23
		],
		[
			23,
			27
		],
		[
			6,
			22
		],
		[
			22,
			27
		],
		[
			7,
			31
		],
		[
			23,
			31
		],
		[
			5,
			25
		],
		[
			25,
			28
		],
		[
			5,
			28
		],
		[
			18,
			35
		],
		[
			6,
			30
		],
		[
			1,
			6
		],
		[
			1,
			30
		],
		[
			0,
			30
		],
		[
			5,
			27
		],
		[
			5,
			23
		],
		[
			29,
			30
		],
		[
			23,
			25
		],
		[
			7,
			9
		],
		[
			2,
			26
		],
		[
			14,
			36
		],
		[
			13,
			36
		],
		[
			3,
			21
		],
		[
			2,
			21
		],
		[
			4,
			21
		],
		[
			6,
			29
		],
		[
			7,
			29
		],
		[
			4,
			5
		],
		[
			12,
			36
		]
	],
	"score": 0.5263157894736842,
	"obtuse num": 0,
	"steiner num": 38
}