{
	"content_type": "CG_SHOP_2025_Solution",
	"instance_uid": "simple-polygon_150_743d6b9c",
	"steiner_points_x": [
		"12025/4",
		"93775/6994",
		"885595619/300977",
		629,
		1768,
		1981,
		2724,
		1466,
		1103,
		"193471/95642",
		1501,
		"111946887/45533",
		2384,
		2693,
		"56217233/24901",
		772,
		2220,
		2873,
		"3980797/13210",
		"126036010/100537",
		"184449233/90793",
		456,
		1479,
		294,
		865,
		1999,
		"737604995/847549",
		"12006/5",
		336,
		606,
		"99342943/49793",
		150,
		"860789/290",
		772,
		"866803/290",
		"425/2",
		1487,
		1207,
		"13158727/17485",
		2843,
		"900473815/847549",
		1494,
		2795,
		1823,
		142,
		316,
		1354,
		2299,
		2109,
		639,
		2680,
		"9891/5",
		2265,
		2044,
		311,
		1244,
		"967087/3145",
		627,
		787,
		1164
	],
	"steiner_points_y": [
		"7123/4",
		"10250699/6994",
		"1184587041/300977",
		314,
		543,
		3004,
		"41456/197",
		286,
		1718,
		"269677555/95642",
		2664,
		"14612114/45533",
		1109,
		1765,
		"8973094/24901",
		3989,
		2952,
		2680,
		"35012311/13210",
		"20325312/100537",
		"273076848/90793",
		1344,
		2951,
		1414,
		1145,
		3485,
		"525918107/847549",
		"1724/5",
		2644,
		1534,
		"168141371/49793",
		3111,
		"703817/290",
		4017,
		"601579/290",
		"2387/2",
		3754,
		3689,
		"4993861/17485",
		1773,
		"896994905/847549",
		2952,
		2063,
		197,
		4017,
		2856,
		3421,
		2735,
		596,
		3435,
		2410,
		"8442/5",
		2087,
		1145,
		1510,
		2063,
		"4739734/3145",
		2950,
		2928,
		2722
	],
	"edges": [
		[
			42,
			194
		],
		[
			125,
			169
		],
		[
			125,
			128
		],
		[
			10,
			166
		],
		[
			9,
			166
		],
		[
			59,
			207
		],
		[
			60,
			207
		],
		[
			162,
			203
		],
		[
			114,
			203
		],
		[
			114,
			162
		],
		[
			80,
			171
		],
		[
			84,
			171
		],
		[
			80,
			84
		],
		[
			171,
			173
		],
		[
			84,
			173
		],
		[
			44,
			199
		],
		[
			45,
			199
		],
		[
			30,
			33
		],
		[
			30,
			34
		],
		[
			208,
			209
		],
		[
			67,
			209
		],
		[
			67,
			208
		],
		[
			107,
			205
		],
		[
			70,
			205
		],
		[
			70,
			107
		],
		[
			102,
			158
		],
		[
			103,
			158
		],
		[
			91,
			99
		],
		[
			92,
			99
		],
		[
			91,
			176
		],
		[
			106,
			205
		],
		[
			78,
			179
		],
		[
			79,
			179
		],
		[
			143,
			163
		],
		[
			114,
			143
		],
		[
			114,
			163
		],
		[
			37,
			186
		],
		[
			38,
			186
		],
		[
			46,
			64
		],
		[
			46,
			65
		],
		[
			137,
			198
		],
		[
			138,
			198
		],
		[
			27,
			186
		],
		[
			175,
			186
		],
		[
			27,
			175
		],
		[
			103,
			105
		],
		[
			103,
			106
		],
		[
			15,
			155
		],
		[
			16,
			155
		],
		[
			86,
			151
		],
		[
			24,
			196
		],
		[
			25,
			196
		],
		[
			39,
			165
		],
		[
			40,
			165
		],
		[
			141,
			162
		],
		[
			142,
			162
		],
		[
			186,
			187
		],
		[
			38,
			187
		],
		[
			48,
			58
		],
		[
			48,
			59
		],
		[
			120,
			122
		],
		[
			49,
			52
		],
		[
			49,
			51
		],
		[
			94,
			153
		],
		[
			95,
			153
		],
		[
			107,
			160
		],
		[
			70,
			160
		],
		[
			134,
			156
		],
		[
			167,
			182
		],
		[
			148,
			167
		],
		[
			4,
			167
		],
		[
			4,
			182
		],
		[
			171,
			179
		],
		[
			79,
			171
		],
		[
			101,
			174
		],
		[
			76,
			174
		],
		[
			76,
			101
		],
		[
			57,
			168
		],
		[
			57,
			178
		],
		[
			11,
			166
		],
		[
			8,
			166
		],
		[
			21,
			209
		],
		[
			21,
			208
		],
		[
			131,
			177
		],
		[
			131,
			136
		],
		[
			174,
			179
		],
		[
			171,
			174
		],
		[
			108,
			160
		],
		[
			13,
			160
		],
		[
			13,
			108
		],
		[
			12,
			197
		],
		[
			13,
			197
		],
		[
			72,
			74
		],
		[
			92,
			153
		],
		[
			92,
			97
		],
		[
			97,
			153
		],
		[
			115,
			201
		],
		[
			59,
			63
		],
		[
			63,
			207
		],
		[
			77,
			179
		],
		[
			132,
			161
		],
		[
			133,
			161
		],
		[
			113,
			163
		],
		[
			112,
			163
		],
		[
			4,
			200
		],
		[
			5,
			200
		],
		[
			75,
			158
		],
		[
			76,
			158
		],
		[
			118,
			154
		],
		[
			118,
			198
		],
		[
			154,
			198
		],
		[
			86,
			88
		],
		[
			173,
			185
		],
		[
			171,
			185
		],
		[
			109,
			197
		],
		[
			13,
			109
		],
		[
			112,
			192
		],
		[
			111,
			192
		],
		[
			56,
			178
		],
		[
			119,
			122
		],
		[
			204,
			206
		],
		[
			84,
			204
		],
		[
			12,
			166
		],
		[
			36,
			186
		],
		[
			80,
			82
		],
		[
			80,
			204
		],
		[
			82,
			204
		],
		[
			150,
			189
		],
		[
			184,
			189
		],
		[
			133,
			156
		],
		[
			71,
			74
		],
		[
			71,
			75
		],
		[
			93,
			153
		],
		[
			181,
			195
		],
		[
			53,
			195
		],
		[
			53,
			181
		],
		[
			52,
			181
		],
		[
			20,
			209
		],
		[
			110,
			202
		],
		[
			111,
			202
		],
		[
			29,
			175
		],
		[
			35,
			175
		],
		[
			29,
			35
		],
		[
			90,
			176
		],
		[
			18,
			191
		],
		[
			172,
			191
		],
		[
			18,
			172
		],
		[
			132,
			177
		],
		[
			90,
			171
		],
		[
			89,
			171
		],
		[
			155,
			170
		],
		[
			14,
			155
		],
		[
			77,
			174
		],
		[
			47,
			63
		],
		[
			48,
			63
		],
		[
			33,
			152
		],
		[
			36,
			175
		],
		[
			13,
			155
		],
		[
			144,
			163
		],
		[
			22,
			45
		],
		[
			22,
			46
		],
		[
			69,
			160
		],
		[
			69,
			209
		],
		[
			160,
			209
		],
		[
			101,
			158
		],
		[
			83,
			204
		],
		[
			130,
			136
		],
		[
			136,
			164
		],
		[
			31,
			33
		],
		[
			97,
			99
		],
		[
			139,
			162
		],
		[
			139,
			141
		],
		[
			96,
			153
		],
		[
			130,
			137
		],
		[
			1,
			167
		],
		[
			3,
			167
		],
		[
			1,
			3
		],
		[
			200,
			202
		],
		[
			111,
			200
		],
		[
			175,
			180
		],
		[
			28,
			175
		],
		[
			158,
			205
		],
		[
			106,
			158
		],
		[
			85,
			173
		],
		[
			88,
			173
		],
		[
			85,
			88
		],
		[
			115,
			203
		],
		[
			165,
			183
		],
		[
			165,
			194
		],
		[
			123,
			157
		],
		[
			124,
			157
		],
		[
			118,
			203
		],
		[
			138,
			203
		],
		[
			118,
			138
		],
		[
			5,
			197
		],
		[
			6,
			197
		],
		[
			193,
			198
		],
		[
			130,
			198
		],
		[
			119,
			154
		],
		[
			138,
			162
		],
		[
			39,
			199
		],
		[
			165,
			199
		],
		[
			53,
			57
		],
		[
			57,
			195
		],
		[
			5,
			202
		],
		[
			53,
			168
		],
		[
			16,
			160
		],
		[
			13,
			16
		],
		[
			19,
			172
		],
		[
			51,
			159
		],
		[
			125,
			127
		],
		[
			160,
			191
		],
		[
			16,
			191
		],
		[
			144,
			189
		],
		[
			163,
			189
		],
		[
			20,
			160
		],
		[
			23,
			187
		],
		[
			187,
			196
		],
		[
			23,
			196
		],
		[
			125,
			129
		],
		[
			7,
			197
		],
		[
			65,
			208
		],
		[
			66,
			208
		],
		[
			174,
			176
		],
		[
			174,
			190
		],
		[
			71,
			205
		],
		[
			75,
			205
		],
		[
			125,
			157
		],
		[
			5,
			109
		],
		[
			109,
			202
		],
		[
			192,
			200
		],
		[
			117,
			203
		],
		[
			20,
			172
		],
		[
			160,
			172
		],
		[
			90,
			174
		],
		[
			68,
			209
		],
		[
			100,
			174
		],
		[
			46,
			63
		],
		[
			22,
			65
		],
		[
			97,
			188
		],
		[
			163,
			192
		],
		[
			189,
			192
		],
		[
			154,
			193
		],
		[
			17,
			191
		],
		[
			122,
			154
		],
		[
			123,
			154
		],
		[
			143,
			162
		],
		[
			39,
			187
		],
		[
			146,
			189
		],
		[
			146,
			150
		],
		[
			29,
			34
		],
		[
			26,
			196
		],
		[
			129,
			157
		],
		[
			0,
			148
		],
		[
			0,
			167
		],
		[
			7,
			166
		],
		[
			7,
			12
		],
		[
			61,
			207
		],
		[
			43,
			199
		],
		[
			43,
			165
		],
		[
			23,
			39
		],
		[
			115,
			117
		],
		[
			184,
			192
		],
		[
			58,
			195
		],
		[
			48,
			195
		],
		[
			62,
			207
		],
		[
			26,
			186
		],
		[
			182,
			200
		],
		[
			42,
			165
		],
		[
			157,
			193
		],
		[
			123,
			193
		],
		[
			23,
			199
		],
		[
			23,
			45
		],
		[
			182,
			192
		],
		[
			21,
			65
		],
		[
			145,
			189
		],
		[
			186,
			196
		]
	],
	"score": 0.5081967213114754,
	"obtuse num": 0,
	"steiner num": 210
}