{
	"content_type": "CG_SHOP_2025_Solution",
	"instance_uid": "point-set_80_1675b331",
	"steiner_points_x": [
		16,
		9,
		32,
		44,
		47,
		56,
		57,
		61,
		15,
		21,
		45,
		41,
		38,
		46,
		16,
		10,
		37,
		43,
		27,
		56,
		24,
		26,
		52,
		47,
		"7221/257",
		37,
		18,
		23,
		"816/13",
		55,
		23,
		"13221/257",
		24,
		21,
		49,
		63,
		"921/17",
		12,
		30,
		43,
		63,
		"197/226",
		6,
		60,
		26,
		40,
		56,
		10,
		19,
		31,
		48,
		52,
		21,
		24,
		"10325/257",
		6,
		55,
		15,
		63,
		50,
		58,
		10,
		8,
		"8/5",
		31,
		"107/226",
		4,
		13,
		63,
		"749/17",
		58,
		33,
		30,
		"1011/82",
		60,
		20,
		"187/7",
		"808/13",
		"798/13",
		"573/17",
		"517/17",
		"273/226"
	],
	"steiner_points_y": [
		37,
		33,
		63,
		20,
		26,
		55,
		52,
		56,
		52,
		36,
		"3/2",
		30,
		40,
		43,
		9,
		55,
		25,
		35,
		51,
		59,
		24,
		28,
		58,
		14,
		"114/257",
		1,
		27,
		13,
		"691/13",
		13,
		20,
		"489/257",
		37,
		41,
		36,
		20,
		"1083/17",
		13,
		26,
		53,
		27,
		"7215/226",
		31,
		27,
		63,
		9,
		48,
		61,
		13,
		51,
		48,
		46,
		16,
		48,
		"308/257",
		59,
		39,
		26,
		45,
		43,
		41,
		40,
		47,
		21,
		44,
		"8565/226",
		41,
		22,
		39,
		"1126/17",
		35,
		66,
		68,
		"79/82",
		44,
		30,
		"494/7",
		"731/13",
		"781/13",
		"1170/17",
		"1184/17",
		"6075/226"
	],
	"edges": [
		[
			55,
			91
		],
		[
			59,
			91
		],
		[
			55,
			59
		],
		[
			31,
			127
		],
		[
			127,
			135
		],
		[
			31,
			135
		],
		[
			15,
			126
		],
		[
			15,
			26
		],
		[
			26,
			126
		],
		[
			64,
			136
		],
		[
			1,
			136
		],
		[
			1,
			64
		],
		[
			67,
			145
		],
		[
			67,
			121
		],
		[
			121,
			145
		],
		[
			3,
			56
		],
		[
			3,
			4
		],
		[
			4,
			56
		],
		[
			10,
			112
		],
		[
			10,
			25
		],
		[
			25,
			112
		],
		[
			17,
			103
		],
		[
			16,
			103
		],
		[
			16,
			17
		],
		[
			87,
			99
		],
		[
			99,
			158
		],
		[
			87,
			158
		],
		[
			47,
			82
		],
		[
			45,
			47
		],
		[
			45,
			82
		],
		[
			37,
			128
		],
		[
			107,
			128
		],
		[
			37,
			107
		],
		[
			23,
			125
		],
		[
			20,
			125
		],
		[
			20,
			23
		],
		[
			50,
			101
		],
		[
			40,
			50
		],
		[
			40,
			101
		],
		[
			80,
			89
		],
		[
			80,
			113
		],
		[
			89,
			113
		],
		[
			2,
			15
		],
		[
			2,
			26
		],
		[
			121,
			122
		],
		[
			30,
			122
		],
		[
			30,
			121
		],
		[
			13,
			115
		],
		[
			13,
			120
		],
		[
			115,
			120
		],
		[
			79,
			152
		],
		[
			79,
			156
		],
		[
			152,
			156
		],
		[
			59,
			97
		],
		[
			91,
			97
		],
		[
			79,
			124
		],
		[
			69,
			79
		],
		[
			69,
			124
		],
		[
			9,
			99
		],
		[
			9,
			158
		],
		[
			93,
			139
		],
		[
			8,
			139
		],
		[
			8,
			93
		],
		[
			93,
			130
		],
		[
			130,
			139
		],
		[
			94,
			128
		],
		[
			37,
			94
		],
		[
			29,
			119
		],
		[
			47,
			119
		],
		[
			29,
			47
		],
		[
			98,
			133
		],
		[
			43,
			133
		],
		[
			43,
			98
		],
		[
			27,
			41
		],
		[
			41,
			52
		],
		[
			27,
			52
		],
		[
			78,
			119
		],
		[
			119,
			130
		],
		[
			78,
			130
		],
		[
			43,
			57
		],
		[
			43,
			88
		],
		[
			57,
			88
		],
		[
			32,
			100
		],
		[
			11,
			100
		],
		[
			11,
			32
		],
		[
			45,
			129
		],
		[
			98,
			129
		],
		[
			45,
			98
		],
		[
			33,
			137
		],
		[
			33,
			147
		],
		[
			137,
			147
		],
		[
			15,
			131
		],
		[
			126,
			131
		],
		[
			99,
			116
		],
		[
			9,
			116
		],
		[
			30,
			161
		],
		[
			30,
			143
		],
		[
			143,
			161
		],
		[
			6,
			11
		],
		[
			11,
			44
		],
		[
			6,
			44
		],
		[
			87,
			108
		],
		[
			87,
			157
		],
		[
			108,
			157
		],
		[
			43,
			45
		],
		[
			17,
			125
		],
		[
			77,
			125
		],
		[
			17,
			77
		],
		[
			133,
			144
		],
		[
			10,
			144
		],
		[
			10,
			133
		],
		[
			19,
			109
		],
		[
			65,
			109
		],
		[
			19,
			65
		],
		[
			78,
			93
		],
		[
			27,
			110
		],
		[
			27,
			54
		],
		[
			54,
			110
		],
		[
			85,
			102
		],
		[
			99,
			102
		],
		[
			85,
			99
		],
		[
			22,
			131
		],
		[
			22,
			126
		],
		[
			21,
			72
		],
		[
			72,
			142
		],
		[
			21,
			142
		],
		[
			68,
			80
		],
		[
			80,
			141
		],
		[
			68,
			141
		],
		[
			46,
			83
		],
		[
			46,
			55
		],
		[
			55,
			83
		],
		[
			141,
			146
		],
		[
			67,
			141
		],
		[
			67,
			146
		],
		[
			69,
			82
		],
		[
			45,
			69
		],
		[
			128,
			132
		],
		[
			107,
			132
		],
		[
			14,
			90
		],
		[
			14,
			16
		],
		[
			16,
			90
		],
		[
			29,
			151
		],
		[
			149,
			151
		],
		[
			29,
			149
		],
		[
			53,
			106
		],
		[
			106,
			137
		],
		[
			53,
			137
		],
		[
			129,
			144
		],
		[
			48,
			129
		],
		[
			48,
			144
		],
		[
			18,
			137
		],
		[
			18,
			147
		],
		[
			52,
			54
		],
		[
			6,
			137
		],
		[
			6,
			106
		],
		[
			42,
			84
		],
		[
			73,
			84
		],
		[
			42,
			73
		],
		[
			0,
			133
		],
		[
			0,
			43
		],
		[
			121,
			161
		],
		[
			13,
			60
		],
		[
			60,
			115
		],
		[
			23,
			107
		],
		[
			54,
			107
		],
		[
			23,
			54
		],
		[
			25,
			48
		],
		[
			48,
			92
		],
		[
			25,
			92
		],
		[
			15,
			130
		],
		[
			130,
			131
		],
		[
			29,
			82
		],
		[
			82,
			151
		],
		[
			54,
			132
		],
		[
			23,
			52
		],
		[
			39,
			61
		],
		[
			39,
			79
		],
		[
			61,
			79
		],
		[
			45,
			124
		],
		[
			43,
			124
		],
		[
			16,
			111
		],
		[
			90,
			111
		],
		[
			7,
			38
		],
		[
			7,
			128
		],
		[
			38,
			128
		],
		[
			85,
			87
		],
		[
			1,
			70
		],
		[
			1,
			150
		],
		[
			70,
			150
		],
		[
			42,
			103
		],
		[
			42,
			109
		],
		[
			103,
			109
		],
		[
			136,
			150
		],
		[
			136,
			140
		],
		[
			140,
			150
		],
		[
			57,
			61
		],
		[
			43,
			61
		],
		[
			46,
			96
		],
		[
			55,
			96
		],
		[
			52,
			125
		],
		[
			52,
			77
		],
		[
			67,
			81
		],
		[
			81,
			122
		],
		[
			67,
			122
		],
		[
			141,
			142
		],
		[
			142,
			146
		],
		[
			63,
			135
		],
		[
			21,
			135
		],
		[
			21,
			63
		],
		[
			59,
			84
		],
		[
			55,
			84
		],
		[
			42,
			83
		],
		[
			83,
			84
		],
		[
			5,
			86
		],
		[
			86,
			108
		],
		[
			5,
			108
		],
		[
			60,
			109
		],
		[
			60,
			65
		],
		[
			28,
			140
		],
		[
			28,
			150
		],
		[
			68,
			113
		],
		[
			22,
			140
		],
		[
			66,
			140
		],
		[
			22,
			66
		],
		[
			61,
			124
		],
		[
			86,
			87
		],
		[
			85,
			86
		],
		[
			33,
			44
		],
		[
			44,
			75
		],
		[
			33,
			75
		],
		[
			16,
			19
		],
		[
			19,
			111
		],
		[
			3,
			76
		],
		[
			4,
			76
		],
		[
			100,
			110
		],
		[
			11,
			110
		],
		[
			20,
			134
		],
		[
			20,
			90
		],
		[
			90,
			134
		],
		[
			40,
			118
		],
		[
			24,
			40
		],
		[
			24,
			118
		],
		[
			18,
			53
		],
		[
			18,
			81
		],
		[
			53,
			81
		],
		[
			95,
			127
		],
		[
			95,
			135
		],
		[
			70,
			114
		],
		[
			1,
			114
		],
		[
			12,
			19
		],
		[
			12,
			111
		],
		[
			0,
			88
		],
		[
			66,
			139
		],
		[
			131,
			139
		],
		[
			66,
			131
		],
		[
			34,
			76
		],
		[
			34,
			153
		],
		[
			76,
			153
		],
		[
			39,
			127
		],
		[
			61,
			127
		],
		[
			44,
			110
		],
		[
			110,
			132
		],
		[
			44,
			132
		],
		[
			112,
			113
		],
		[
			10,
			113
		],
		[
			25,
			40
		],
		[
			40,
			112
		],
		[
			140,
			154
		],
		[
			28,
			154
		],
		[
			6,
			33
		],
		[
			157,
			158
		],
		[
			64,
			114
		],
		[
			31,
			39
		],
		[
			26,
			102
		],
		[
			26,
			85
		],
		[
			56,
			71
		],
		[
			56,
			58
		],
		[
			58,
			71
		],
		[
			8,
			114
		],
		[
			8,
			64
		],
		[
			14,
			17
		],
		[
			72,
			95
		],
		[
			21,
			95
		],
		[
			13,
			73
		],
		[
			13,
			42
		],
		[
			98,
			144
		],
		[
			2,
			102
		],
		[
			0,
			72
		],
		[
			72,
			88
		],
		[
			34,
			117
		],
		[
			94,
			117
		],
		[
			34,
			94
		],
		[
			11,
			106
		],
		[
			32,
			106
		],
		[
			8,
			92
		],
		[
			8,
			97
		],
		[
			92,
			97
		],
		[
			106,
			155
		],
		[
			32,
			155
		],
		[
			41,
			46
		],
		[
			46,
			52
		],
		[
			74,
			142
		],
		[
			21,
			74
		],
		[
			12,
			65
		],
		[
			91,
			96
		],
		[
			68,
			142
		],
		[
			41,
			118
		],
		[
			24,
			41
		],
		[
			89,
			155
		],
		[
			53,
			155
		],
		[
			53,
			89
		],
		[
			80,
			81
		],
		[
			81,
			141
		],
		[
			53,
			80
		],
		[
			24,
			36
		],
		[
			36,
			40
		],
		[
			46,
			77
		],
		[
			3,
			34
		],
		[
			19,
			103
		],
		[
			58,
			147
		],
		[
			71,
			147
		],
		[
			113,
			133
		],
		[
			0,
			113
		],
		[
			2,
			119
		],
		[
			2,
			29
		],
		[
			27,
			118
		],
		[
			18,
			122
		],
		[
			18,
			30
		],
		[
			97,
			114
		],
		[
			59,
			114
		],
		[
			59,
			70
		],
		[
			26,
			86
		],
		[
			7,
			75
		],
		[
			38,
			75
		],
		[
			74,
			146
		],
		[
			101,
			118
		],
		[
			27,
			101
		],
		[
			31,
			63
		],
		[
			14,
			125
		],
		[
			14,
			20
		],
		[
			48,
			78
		],
		[
			47,
			48
		],
		[
			47,
			78
		],
		[
			33,
			71
		],
		[
			152,
			159
		],
		[
			152,
			160
		],
		[
			159,
			160
		],
		[
			64,
			139
		],
		[
			64,
			66
		],
		[
			18,
			58
		],
		[
			30,
			58
		],
		[
			7,
			132
		],
		[
			13,
			123
		],
		[
			120,
			123
		],
		[
			28,
			49
		],
		[
			28,
			148
		],
		[
			49,
			148
		],
		[
			35,
			94
		],
		[
			35,
			37
		],
		[
			49,
			150
		],
		[
			151,
			159
		],
		[
			151,
			152
		],
		[
			0,
			68
		],
		[
			38,
			94
		],
		[
			38,
			117
		],
		[
			49,
			123
		],
		[
			49,
			120
		],
		[
			156,
			160
		],
		[
			25,
			144
		],
		[
			63,
			74
		],
		[
			57,
			127
		],
		[
			22,
			154
		],
		[
			126,
			154
		],
		[
			47,
			129
		],
		[
			88,
			95
		],
		[
			20,
			105
		],
		[
			105,
			134
		],
		[
			39,
			156
		],
		[
			149,
			159
		],
		[
			27,
			100
		],
		[
			77,
			83
		],
		[
			62,
			126
		],
		[
			62,
			154
		],
		[
			50,
			112
		],
		[
			24,
			96
		],
		[
			41,
			96
		],
		[
			24,
			91
		],
		[
			23,
			51
		],
		[
			23,
			105
		],
		[
			51,
			105
		],
		[
			25,
			36
		],
		[
			86,
			126
		],
		[
			62,
			86
		],
		[
			138,
			154
		],
		[
			62,
			138
		],
		[
			92,
			93
		],
		[
			28,
			138
		],
		[
			36,
			97
		],
		[
			36,
			92
		],
		[
			71,
			75
		],
		[
			38,
			71
		],
		[
			29,
			116
		],
		[
			116,
			149
		],
		[
			51,
			104
		],
		[
			104,
			105
		],
		[
			32,
			50
		],
		[
			50,
			155
		],
		[
			100,
			101
		],
		[
			23,
			37
		],
		[
			32,
			101
		],
		[
			29,
			102
		],
		[
			102,
			116
		],
		[
			138,
			148
		],
		[
			36,
			91
		],
		[
			59,
			73
		],
		[
			56,
			117
		],
		[
			3,
			117
		],
		[
			56,
			143
		],
		[
			4,
			143
		],
		[
			58,
			143
		],
		[
			70,
			73
		],
		[
			7,
			44
		],
		[
			57,
			95
		],
		[
			34,
			35
		],
		[
			35,
			153
		],
		[
			37,
			51
		],
		[
			35,
			51
		],
		[
			70,
			123
		],
		[
			73,
			123
		],
		[
			35,
			104
		],
		[
			71,
			117
		],
		[
			69,
			151
		],
		[
			69,
			152
		],
		[
			2,
			130
		],
		[
			5,
			62
		],
		[
			5,
			138
		],
		[
			77,
			103
		],
		[
			83,
			103
		],
		[
			66,
			136
		],
		[
			89,
			112
		],
		[
			50,
			89
		],
		[
			13,
			109
		],
		[
			145,
			146
		],
		[
			68,
			72
		],
		[
			123,
			150
		],
		[
			74,
			145
		],
		[
			78,
			92
		]
	],
	"score": 0.5060240963855421
}