{
	"content_type": "CG_SHOP_2025_Solution",
	"instance_uid": "point-set_10_97578aae",
	"steiner_points_x": [
		609,
		"1374563436/827957",
		1923,
		1587,
		"3643296118/2581637"
	],
	"steiner_points_y": [
		905,
		"1153678635/827957",
		854,
		238,
		"15341116/2581637"
	],
	"edges": [
		[
			0,
			10
		],
		[
			0,
			6
		],
		[
			6,
			10
		],
		[
			7,
			8
		],
		[
			7,
			14
		],
		[
			8,
			14
		],
		[
			7,
			13
		],
		[
			13,
			14
		],
		[
			9,
			13
		],
		[
			9,
			14
		],
		[
			1,
			10
		],
		[
			1,
			6
		],
		[
			6,
			12
		],
		[
			1,
			12
		],
		[
			3,
			6
		],
		[
			3,
			12
		],
		[
			5,
			12
		],
		[
			2,
			12
		],
		[
			2,
			5
		],
		[
			6,
			11
		],
		[
			3,
			11
		],
		[
			1,
			5
		],
		[
			8,
			10
		],
		[
			7,
			10
		],
		[
			0,
			11
		],
		[
			2,
			3
		],
		[
			1,
			13
		],
		[
			1,
			7
		],
		[
			4,
			10
		],
		[
			4,
			8
		],
		[
			5,
			13
		],
		[
			5,
			9
		],
		[
			0,
			4
		]
	],
	"score": 0.5833333333333334
}