{
	"content_type": "CG_SHOP_2025_Solution",
	"instance_uid": "simple-polygon-exterior-20_20_52abeef5",
	"steiner_points_x": [
		"9163956283/4040909",
		6893,
		5933,
		5723,
		"57169/13",
		2307,
		1713,
		"1348537447/165610",
		"854177068/140233",
		"33414555319/7202401",
		6661,
		5693,
		"70237059603/20711282",
		6225,
		"52361423/6737",
		"91613639/13220",
		5173,
		"278169543/33122",
		"23776049217/4040909",
		"109751125105/20711282",
		"48119915305/6151657",
		"13653940963/1872653",
		"13686727/1853",
		"25676389521731/3470026009",
		7262,
		6223
	],
	"steiner_points_y": [
		"15397459872/4040909",
		1956,
		3800,
		2736,
		"52724/13",
		3470,
		2590,
		"448856391/165610",
		"228748099/140233",
		"20251220162/7202401",
		2286,
		2322,
		"21975998137/20711282",
		3743,
		"24912177/6737",
		"4358924/3305",
		1737,
		"67225527/33122",
		"17080374932/4040909",
		"24595186359/20711282",
		"8638048783/6151657",
		"7816445544/1872653",
		"7442628/1853",
		"14450250919584/3470026009",
		3814,
		4017
	],
	"edges": [
		[
			0,
			19
		],
		[
			0,
			35
		],
		[
			19,
			35
		],
		[
			5,
			7
		],
		[
			5,
			44
		],
		[
			7,
			44
		],
		[
			21,
			30
		],
		[
			3,
			30
		],
		[
			3,
			21
		],
		[
			36,
			39
		],
		[
			28,
			36
		],
		[
			28,
			39
		],
		[
			17,
			33
		],
		[
			33,
			44
		],
		[
			17,
			44
		],
		[
			29,
			31
		],
		[
			23,
			29
		],
		[
			23,
			31
		],
		[
			28,
			31
		],
		[
			31,
			36
		],
		[
			7,
			41
		],
		[
			41,
			42
		],
		[
			7,
			42
		],
		[
			21,
			40
		],
		[
			2,
			21
		],
		[
			2,
			40
		],
		[
			9,
			25
		],
		[
			9,
			14
		],
		[
			14,
			25
		],
		[
			4,
			27
		],
		[
			4,
			34
		],
		[
			27,
			34
		],
		[
			16,
			17
		],
		[
			16,
			33
		],
		[
			0,
			30
		],
		[
			0,
			21
		],
		[
			19,
			28
		],
		[
			0,
			28
		],
		[
			0,
			18
		],
		[
			18,
			30
		],
		[
			4,
			5
		],
		[
			5,
			34
		],
		[
			22,
			38
		],
		[
			22,
			24
		],
		[
			24,
			38
		],
		[
			17,
			30
		],
		[
			17,
			18
		],
		[
			24,
			25
		],
		[
			9,
			24
		],
		[
			18,
			31
		],
		[
			18,
			28
		],
		[
			29,
			36
		],
		[
			15,
			29
		],
		[
			9,
			29
		],
		[
			9,
			15
		],
		[
			5,
			6
		],
		[
			5,
			42
		],
		[
			6,
			42
		],
		[
			15,
			22
		],
		[
			15,
			24
		],
		[
			44,
			45
		],
		[
			7,
			45
		],
		[
			3,
			17
		],
		[
			4,
			17
		],
		[
			3,
			4
		],
		[
			2,
			3
		],
		[
			16,
			22
		],
		[
			22,
			33
		],
		[
			6,
			34
		],
		[
			14,
			36
		],
		[
			14,
			29
		],
		[
			25,
			26
		],
		[
			14,
			26
		],
		[
			42,
			43
		],
		[
			6,
			43
		],
		[
			2,
			37
		],
		[
			3,
			37
		],
		[
			13,
			26
		],
		[
			12,
			13
		],
		[
			12,
			26
		],
		[
			1,
			2
		],
		[
			1,
			40
		],
		[
			21,
			35
		],
		[
			35,
			40
		],
		[
			17,
			23
		],
		[
			16,
			23
		],
		[
			18,
			23
		],
		[
			3,
			27
		],
		[
			8,
			45
		],
		[
			7,
			8
		],
		[
			15,
			23
		],
		[
			15,
			16
		],
		[
			4,
			44
		],
		[
			41,
			43
		],
		[
			33,
			45
		],
		[
			8,
			41
		],
		[
			13,
			14
		],
		[
			14,
			32
		],
		[
			13,
			32
		],
		[
			10,
			20
		],
		[
			20,
			25
		],
		[
			10,
			25
		],
		[
			1,
			37
		],
		[
			32,
			36
		],
		[
			19,
			39
		],
		[
			38,
			45
		],
		[
			22,
			45
		],
		[
			27,
			37
		],
		[
			8,
			38
		],
		[
			20,
			24
		],
		[
			10,
			26
		],
		[
			32,
			39
		],
		[
			11,
			26
		],
		[
			11,
			12
		],
		[
			10,
			11
		]
	],
	"score": 0.5185185185185185
}