{
	"content_type": "CG_SHOP_2025_Solution",
	"instance_uid": "simple-polygon-exterior-20_20_c27f41dd",
	"steiner_points_x": [
		53,
		"738224081212268/324380715061",
		"29633/10",
		2394,
		"372102173/2845441",
		839,
		"39501321164731/19392436781",
		53,
		2035,
		"1853241623/2845441",
		1083,
		3136,
		"937780748/2845441",
		"1580623681/702122",
		"45967682/24221",
		"250707790/122581",
		"22264464/7829",
		740,
		"2968689611/1058201",
		2976,
		526,
		1959,
		"1022831/337",
		1930,
		1525,
		2995,
		"107241/505",
		2854,
		"155063990/122581",
		1262,
		2043,
		"495063/1010",
		"4240837673/2845441",
		3222,
		"3446048628/1058201",
		1052,
		2627,
		"24479049442537/19392436781",
		2072,
		1978,
		1162,
		1228,
		"4563008001/1601249",
		"5008620696/1601249",
		"360689572/158201",
		2804,
		2882,
		"4617434626/1601249",
		1170,
		2253,
		2930,
		2392,
		"923885132/791005",
		1982,
		2502
	],
	"steiner_points_y": [
		1257,
		"185587645107439/648761430122",
		"17737/10",
		871,
		"2353678521/2845441",
		1117,
		"37423971541247/19392436781",
		906,
		1418,
		"1785673297/2845441",
		1023,
		1075,
		"2136745277/2845441",
		"539050639/702122",
		"24196495/24221",
		"222643108/122581",
		"12672442/7829",
		1292,
		"1960534031/1058201",
		1132,
		1597,
		1420,
		"143963/337",
		1355,
		396,
		1489,
		"854957/505",
		1145,
		"225102520/122581",
		1720,
		1367,
		"1773271/1010",
		"870049161/2845441",
		1558,
		"1721671064/1058201",
		1609,
		1141,
		"36326087155133/19392436781",
		718,
		1348,
		1703,
		1404,
		"2068954182/1601249",
		"2080226598/1601249",
		"308109488/158201",
		640,
		1358,
		"2070330982/1601249",
		"9194/5",
		1241,
		1713,
		1473,
		"1476265672/791005",
		1382,
		1569
	],
	"edges": [
		[
			35,
			48
		],
		[
			26,
			48
		],
		[
			26,
			35
		],
		[
			62,
			66
		],
		[
			66,
			67
		],
		[
			62,
			67
		],
		[
			16,
			24
		],
		[
			16,
			32
		],
		[
			24,
			32
		],
		[
			7,
			74
		],
		[
			9,
			74
		],
		[
			7,
			9
		],
		[
			16,
			17
		],
		[
			17,
			24
		],
		[
			8,
			70
		],
		[
			36,
			70
		],
		[
			8,
			36
		],
		[
			11,
			74
		],
		[
			71,
			74
		],
		[
			11,
			71
		],
		[
			9,
			36
		],
		[
			7,
			36
		],
		[
			28,
			50
		],
		[
			50,
			73
		],
		[
			28,
			73
		],
		[
			41,
			73
		],
		[
			28,
			41
		],
		[
			43,
			73
		],
		[
			59,
			73
		],
		[
			43,
			59
		],
		[
			10,
			11
		],
		[
			11,
			64
		],
		[
			10,
			64
		],
		[
			18,
			44
		],
		[
			19,
			44
		],
		[
			18,
			19
		],
		[
			0,
			34
		],
		[
			0,
			43
		],
		[
			34,
			43
		],
		[
			48,
			57
		],
		[
			26,
			57
		],
		[
			6,
			74
		],
		[
			6,
			7
		],
		[
			0,
			30
		],
		[
			0,
			19
		],
		[
			19,
			30
		],
		[
			29,
			30
		],
		[
			30,
			44
		],
		[
			29,
			44
		],
		[
			1,
			58
		],
		[
			1,
			33
		],
		[
			33,
			58
		],
		[
			45,
			63
		],
		[
			45,
			53
		],
		[
			53,
			63
		],
		[
			15,
			37
		],
		[
			14,
			15
		],
		[
			14,
			37
		],
		[
			57,
			68
		],
		[
			68,
			72
		],
		[
			57,
			72
		],
		[
			53,
			70
		],
		[
			22,
			70
		],
		[
			22,
			53
		],
		[
			2,
			65
		],
		[
			3,
			65
		],
		[
			2,
			3
		],
		[
			6,
			56
		],
		[
			56,
			69
		],
		[
			6,
			69
		],
		[
			14,
			40
		],
		[
			14,
			46
		],
		[
			40,
			46
		],
		[
			63,
			66
		],
		[
			45,
			66
		],
		[
			47,
			67
		],
		[
			47,
			62
		],
		[
			1,
			34
		],
		[
			34,
			59
		],
		[
			1,
			59
		],
		[
			12,
			68
		],
		[
			12,
			72
		],
		[
			13,
			14
		],
		[
			14,
			20
		],
		[
			13,
			20
		],
		[
			39,
			67
		],
		[
			63,
			67
		],
		[
			39,
			63
		],
		[
			36,
			66
		],
		[
			36,
			45
		],
		[
			48,
			68
		],
		[
			6,
			62
		],
		[
			7,
			62
		],
		[
			45,
			70
		],
		[
			7,
			66
		],
		[
			28,
			71
		],
		[
			11,
			28
		],
		[
			56,
			65
		],
		[
			23,
			65
		],
		[
			23,
			56
		],
		[
			25,
			30
		],
		[
			25,
			61
		],
		[
			30,
			61
		],
		[
			15,
			16
		],
		[
			15,
			32
		],
		[
			56,
			62
		],
		[
			40,
			51
		],
		[
			46,
			51
		],
		[
			50,
			69
		],
		[
			50,
			71
		],
		[
			69,
			71
		],
		[
			15,
			20
		],
		[
			49,
			60
		],
		[
			60,
			68
		],
		[
			49,
			68
		],
		[
			37,
			40
		],
		[
			44,
			52
		],
		[
			29,
			52
		],
		[
			35,
			49
		],
		[
			48,
			49
		],
		[
			50,
			59
		],
		[
			1,
			50
		],
		[
			15,
			25
		],
		[
			25,
			37
		],
		[
			34,
			58
		],
		[
			19,
			58
		],
		[
			19,
			34
		],
		[
			23,
			69
		],
		[
			6,
			71
		],
		[
			3,
			42
		],
		[
			2,
			42
		],
		[
			5,
			53
		],
		[
			53,
			54
		],
		[
			5,
			54
		],
		[
			13,
			46
		],
		[
			25,
			29
		],
		[
			20,
			27
		],
		[
			16,
			20
		],
		[
			16,
			27
		],
		[
			22,
			54
		],
		[
			25,
			32
		],
		[
			29,
			32
		],
		[
			2,
			23
		],
		[
			1,
			69
		],
		[
			39,
			47
		],
		[
			39,
			65
		],
		[
			47,
			65
		],
		[
			31,
			39
		],
		[
			31,
			65
		],
		[
			5,
			31
		],
		[
			31,
			63
		],
		[
			5,
			63
		],
		[
			0,
			61
		],
		[
			1,
			23
		],
		[
			21,
			58
		],
		[
			19,
			21
		],
		[
			37,
			55
		],
		[
			55,
			61
		],
		[
			37,
			61
		],
		[
			12,
			60
		],
		[
			35,
			64
		],
		[
			26,
			64
		],
		[
			21,
			33
		],
		[
			55,
			60
		],
		[
			60,
			61
		],
		[
			18,
			52
		],
		[
			3,
			4
		],
		[
			3,
			31
		],
		[
			4,
			31
		],
		[
			10,
			74
		],
		[
			9,
			10
		],
		[
			41,
			49
		],
		[
			35,
			41
		],
		[
			4,
			5
		],
		[
			4,
			42
		],
		[
			43,
			61
		],
		[
			49,
			61
		],
		[
			43,
			49
		],
		[
			8,
			9
		],
		[
			9,
			38
		],
		[
			8,
			38
		],
		[
			2,
			33
		],
		[
			23,
			33
		],
		[
			8,
			22
		],
		[
			22,
			38
		],
		[
			47,
			56
		],
		[
			40,
			55
		],
		[
			17,
			27
		],
		[
			11,
			35
		],
		[
			2,
			21
		],
		[
			28,
			35
		],
		[
			10,
			38
		],
		[
			12,
			55
		],
		[
			41,
			43
		],
		[
			18,
			21
		],
		[
			12,
			40
		],
		[
			12,
			51
		]
	],
	"score": 0.5089285714285714
}