{
	"content_type": "CG_SHOP_2025_Solution",
	"instance_uid": "simple-polygon_20_4bd3c2e5",
	"steiner_points_x": [
		45,
		16,
		24,
		"184/5",
		"375/29"
	],
	"steiner_points_y": [
		26,
		41,
		45,
		"272/5",
		"1687/29"
	],
	"edges": [
		[
			7,
			22
		],
		[
			8,
			22
		],
		[
			7,
			8
		],
		[
			12,
			14
		],
		[
			13,
			14
		],
		[
			12,
			13
		],
		[
			15,
			20
		],
		[
			16,
			20
		],
		[
			15,
			16
		],
		[
			17,
			20
		],
		[
			18,
			20
		],
		[
			17,
			18
		],
		[
			3,
			21
		],
		[
			2,
			3
		],
		[
			2,
			21
		],
		[
			12,
			21
		],
		[
			11,
			12
		],
		[
			11,
			21
		],
		[
			5,
			23
		],
		[
			6,
			23
		],
		[
			5,
			6
		],
		[
			8,
			10
		],
		[
			10,
			24
		],
		[
			8,
			24
		],
		[
			1,
			20
		],
		[
			1,
			18
		],
		[
			2,
			14
		],
		[
			2,
			12
		],
		[
			1,
			2
		],
		[
			2,
			20
		],
		[
			8,
			21
		],
		[
			10,
			21
		],
		[
			9,
			24
		],
		[
			9,
			10
		],
		[
			21,
			22
		],
		[
			3,
			22
		],
		[
			4,
			22
		],
		[
			3,
			4
		],
		[
			10,
			11
		],
		[
			18,
			19
		],
		[
			1,
			19
		],
		[
			7,
			23
		],
		[
			6,
			7
		],
		[
			4,
			7
		],
		[
			14,
			20
		],
		[
			14,
			15
		],
		[
			4,
			23
		],
		[
			16,
			17
		],
		[
			0,
			19
		],
		[
			0,
			1
		]
	],
	"score": 0.5833333333333334
}