{
	"content_type": "CG_SHOP_2025_Solution",
	"instance_uid": "simple-polygon-exterior_10_310dc6c7",
	"steiner_points_x": [
		"154/5",
		"88396/2353",
		"57150/1073",
		"32085/586",
		"322/5",
		"1045/37"
	],
	"steiner_points_y": [
		"61/5",
		"24641/2353",
		"6937/1073",
		"4895/586",
		"86/5",
		"1500/37"
	],
	"edges": [
		[
			5,
			8
		],
		[
			5,
			9
		],
		[
			8,
			9
		],
		[
			0,
			2
		],
		[
			1,
			2
		],
		[
			0,
			1
		],
		[
			4,
			5
		],
		[
			3,
			4
		],
		[
			3,
			5
		],
		[
			9,
			11
		],
		[
			9,
			12
		],
		[
			11,
			12
		],
		[
			2,
			3
		],
		[
			3,
			14
		],
		[
			2,
			14
		],
		[
			6,
			15
		],
		[
			5,
			15
		],
		[
			5,
			6
		],
		[
			6,
			8
		],
		[
			1,
			14
		],
		[
			2,
			9
		],
		[
			2,
			13
		],
		[
			9,
			13
		],
		[
			7,
			8
		],
		[
			6,
			7
		],
		[
			9,
			10
		],
		[
			8,
			10
		],
		[
			3,
			9
		],
		[
			7,
			10
		],
		[
			0,
			13
		],
		[
			10,
			11
		],
		[
			12,
			13
		],
		[
			4,
			15
		],
		[
			0,
			12
		]
	],
	"score": 0.5714285714285714
}