{
	"content_type": "CG_SHOP_2025_Solution",
	"instance_uid": "ortho_40_56a6f463",
	"steiner_points_x": [
		-107907,
		-205963,
		192796,
		-208869,
		-208869,
		274863,
		417577,
		812068,
		562155,
		562155,
		777977,
		812068,
		849836,
		963398,
		963398,
		963398,
		1000680,
		1014135,
		917764,
		-346108,
		-498315
	],
	"steiner_points_y": [
		540149,
		748067,
		598440,
		"54610965/73",
		759048,
		1068541,
		897660,
		897660,
		1000000,
		299220,
		330784,
		330784,
		228339,
		43411,
		189301,
		111225,
		198281,
		271425,
		834132,
		55842,
		492535
	],
	"edges": [
		[
			1,
			39
		],
		[
			39,
			42
		],
		[
			1,
			42
		],
		[
			50,
			51
		],
		[
			47,
			50
		],
		[
			47,
			51
		],
		[
			0,
			39
		],
		[
			0,
			1
		],
		[
			17,
			57
		],
		[
			20,
			57
		],
		[
			17,
			20
		],
		[
			34,
			59
		],
		[
			34,
			39
		],
		[
			39,
			59
		],
		[
			10,
			12
		],
		[
			10,
			13
		],
		[
			12,
			13
		],
		[
			30,
			40
		],
		[
			28,
			30
		],
		[
			28,
			40
		],
		[
			34,
			35
		],
		[
			35,
			59
		],
		[
			26,
			27
		],
		[
			26,
			28
		],
		[
			27,
			28
		],
		[
			16,
			57
		],
		[
			16,
			17
		],
		[
			56,
			57
		],
		[
			7,
			56
		],
		[
			7,
			57
		],
		[
			4,
			49
		],
		[
			6,
			49
		],
		[
			4,
			6
		],
		[
			41,
			43
		],
		[
			34,
			41
		],
		[
			34,
			43
		],
		[
			9,
			53
		],
		[
			10,
			53
		],
		[
			9,
			10
		],
		[
			2,
			23
		],
		[
			2,
			45
		],
		[
			23,
			45
		],
		[
			5,
			6
		],
		[
			4,
			5
		],
		[
			3,
			50
		],
		[
			3,
			47
		],
		[
			24,
			45
		],
		[
			25,
			45
		],
		[
			24,
			25
		],
		[
			28,
			42
		],
		[
			2,
			28
		],
		[
			2,
			42
		],
		[
			10,
			55
		],
		[
			13,
			55
		],
		[
			35,
			60
		],
		[
			35,
			38
		],
		[
			38,
			60
		],
		[
			17,
			58
		],
		[
			20,
			58
		],
		[
			8,
			53
		],
		[
			8,
			9
		],
		[
			3,
			46
		],
		[
			23,
			46
		],
		[
			3,
			23
		],
		[
			49,
			50
		],
		[
			6,
			50
		],
		[
			35,
			36
		],
		[
			35,
			37
		],
		[
			36,
			37
		],
		[
			23,
			24
		],
		[
			21,
			50
		],
		[
			21,
			51
		],
		[
			26,
			45
		],
		[
			2,
			26
		],
		[
			37,
			60
		],
		[
			22,
			47
		],
		[
			47,
			48
		],
		[
			22,
			48
		],
		[
			3,
			48
		],
		[
			23,
			48
		],
		[
			54,
			56
		],
		[
			7,
			54
		],
		[
			39,
			40
		],
		[
			40,
			42
		],
		[
			20,
			52
		],
		[
			7,
			20
		],
		[
			7,
			52
		],
		[
			38,
			59
		],
		[
			10,
			11
		],
		[
			11,
			12
		],
		[
			31,
			32
		],
		[
			31,
			33
		],
		[
			32,
			33
		],
		[
			14,
			56
		],
		[
			15,
			56
		],
		[
			14,
			15
		],
		[
			30,
			31
		],
		[
			30,
			41
		],
		[
			31,
			41
		],
		[
			14,
			55
		],
		[
			13,
			14
		],
		[
			2,
			46
		],
		[
			15,
			57
		],
		[
			15,
			16
		],
		[
			40,
			41
		],
		[
			34,
			40
		],
		[
			25,
			26
		],
		[
			53,
			55
		],
		[
			31,
			43
		],
		[
			31,
			44
		],
		[
			33,
			44
		],
		[
			6,
			21
		],
		[
			3,
			49
		],
		[
			21,
			52
		],
		[
			6,
			52
		],
		[
			43,
			44
		],
		[
			17,
			18
		],
		[
			17,
			19
		],
		[
			18,
			19
		],
		[
			19,
			58
		],
		[
			20,
			21
		],
		[
			28,
			29
		],
		[
			29,
			30
		],
		[
			14,
			54
		],
		[
			54,
			55
		]
	],
	"score": 0.5227272727272727
}