{
	"content_type": "CG_SHOP_2025_Solution",
	"instance_uid": "ortho_60_c423f527",
	"steiner_points_x": [
		65431,
		229464,
		147873,
		404615,
		404615,
		-555391,
		-555391,
		-17598,
		-17598,
		-252567,
		539118,
		772152,
		1000000,
		1000000,
		526168,
		474108,
		589207,
		94869,
		-110628,
		-755761
	],
	"steiner_points_y": [
		465399,
		470922,
		550223,
		139806,
		470922,
		307984,
		2623,
		94692,
		2623,
		644044,
		1000001,
		511572,
		"1324286/3",
		162143,
		135612,
		135612,
		9873,
		1000000,
		667465,
		667465
	],
	"edges": [
		[
			6,
			60
		],
		[
			60,
			61
		],
		[
			6,
			61
		],
		[
			61,
			64
		],
		[
			10,
			61
		],
		[
			10,
			64
		],
		[
			60,
			62
		],
		[
			61,
			62
		],
		[
			33,
			70
		],
		[
			34,
			70
		],
		[
			33,
			34
		],
		[
			31,
			72
		],
		[
			30,
			31
		],
		[
			30,
			72
		],
		[
			15,
			71
		],
		[
			15,
			31
		],
		[
			31,
			71
		],
		[
			7,
			8
		],
		[
			7,
			9
		],
		[
			8,
			9
		],
		[
			10,
			62
		],
		[
			27,
			72
		],
		[
			27,
			71
		],
		[
			71,
			72
		],
		[
			7,
			61
		],
		[
			7,
			64
		],
		[
			10,
			11
		],
		[
			10,
			34
		],
		[
			11,
			34
		],
		[
			2,
			44
		],
		[
			44,
			60
		],
		[
			2,
			60
		],
		[
			17,
			74
		],
		[
			74,
			75
		],
		[
			17,
			75
		],
		[
			3,
			4
		],
		[
			3,
			5
		],
		[
			4,
			5
		],
		[
			37,
			77
		],
		[
			35,
			37
		],
		[
			35,
			77
		],
		[
			32,
			33
		],
		[
			32,
			70
		],
		[
			59,
			67
		],
		[
			2,
			67
		],
		[
			2,
			59
		],
		[
			42,
			62
		],
		[
			42,
			60
		],
		[
			3,
			6
		],
		[
			5,
			6
		],
		[
			11,
			13
		],
		[
			11,
			14
		],
		[
			13,
			14
		],
		[
			19,
			76
		],
		[
			21,
			76
		],
		[
			19,
			21
		],
		[
			38,
			62
		],
		[
			10,
			38
		],
		[
			66,
			67
		],
		[
			67,
			68
		],
		[
			66,
			68
		],
		[
			49,
			69
		],
		[
			52,
			69
		],
		[
			49,
			52
		],
		[
			47,
			78
		],
		[
			48,
			78
		],
		[
			47,
			48
		],
		[
			11,
			12
		],
		[
			12,
			13
		],
		[
			34,
			37
		],
		[
			34,
			77
		],
		[
			16,
			17
		],
		[
			16,
			74
		],
		[
			35,
			36
		],
		[
			36,
			37
		],
		[
			59,
			68
		],
		[
			39,
			41
		],
		[
			40,
			41
		],
		[
			39,
			40
		],
		[
			44,
			67
		],
		[
			11,
			70
		],
		[
			14,
			70
		],
		[
			38,
			39
		],
		[
			38,
			41
		],
		[
			16,
			71
		],
		[
			15,
			16
		],
		[
			41,
			62
		],
		[
			41,
			42
		],
		[
			15,
			70
		],
		[
			14,
			15
		],
		[
			53,
			79
		],
		[
			53,
			56
		],
		[
			56,
			79
		],
		[
			26,
			74
		],
		[
			19,
			26
		],
		[
			19,
			74
		],
		[
			46,
			78
		],
		[
			46,
			47
		],
		[
			49,
			50
		],
		[
			49,
			51
		],
		[
			50,
			51
		],
		[
			42,
			43
		],
		[
			42,
			44
		],
		[
			43,
			44
		],
		[
			51,
			52
		],
		[
			65,
			69
		],
		[
			52,
			65
		],
		[
			18,
			74
		],
		[
			18,
			75
		],
		[
			53,
			54
		],
		[
			53,
			55
		],
		[
			54,
			55
		],
		[
			24,
			76
		],
		[
			21,
			24
		],
		[
			7,
			63
		],
		[
			63,
			64
		],
		[
			55,
			79
		],
		[
			9,
			63
		],
		[
			26,
			71
		],
		[
			26,
			27
		],
		[
			1,
			59
		],
		[
			1,
			2
		],
		[
			0,
			59
		],
		[
			0,
			1
		],
		[
			58,
			65
		],
		[
			65,
			66
		],
		[
			58,
			66
		],
		[
			26,
			76
		],
		[
			56,
			65
		],
		[
			53,
			65
		],
		[
			10,
			37
		],
		[
			37,
			38
		],
		[
			45,
			65
		],
		[
			45,
			67
		],
		[
			65,
			67
		],
		[
			56,
			58
		],
		[
			56,
			57
		],
		[
			57,
			58
		],
		[
			16,
			26
		],
		[
			31,
			70
		],
		[
			31,
			32
		],
		[
			45,
			69
		],
		[
			3,
			60
		],
		[
			27,
			28
		],
		[
			27,
			29
		],
		[
			28,
			29
		],
		[
			2,
			3
		],
		[
			6,
			7
		],
		[
			44,
			45
		],
		[
			18,
			19
		],
		[
			27,
			73
		],
		[
			72,
			73
		],
		[
			29,
			73
		],
		[
			25,
			76
		],
		[
			24,
			25
		],
		[
			19,
			20
		],
		[
			20,
			21
		],
		[
			52,
			53
		],
		[
			45,
			48
		],
		[
			48,
			69
		],
		[
			48,
			49
		],
		[
			21,
			22
		],
		[
			21,
			23
		],
		[
			22,
			23
		],
		[
			23,
			24
		],
		[
			25,
			26
		],
		[
			45,
			78
		]
	],
	"score": 0.5238095238095238
}