{
	"content_type": "CG_SHOP_2025_Solution",
	"instance_uid": "point-set_10_c04b0024",
	"steiner_points_x": [
		"5280/629",
		21,
		"30175/757",
		35,
		"6327/277",
		"31993/757",
		"27997/757",
		"529/13"
	],
	"steiner_points_y": [
		"4210/629",
		15,
		"12818/757",
		24,
		"7886/277",
		"18070/757",
		"6526/757",
		"358/13"
	],
	"edges": [
		[
			9,
			10
		],
		[
			0,
			9
		],
		[
			0,
			10
		],
		[
			1,
			5
		],
		[
			2,
			5
		],
		[
			1,
			2
		],
		[
			3,
			8
		],
		[
			8,
			17
		],
		[
			3,
			17
		],
		[
			4,
			5
		],
		[
			4,
			16
		],
		[
			5,
			16
		],
		[
			4,
			11
		],
		[
			5,
			11
		],
		[
			1,
			9
		],
		[
			5,
			9
		],
		[
			11,
			14
		],
		[
			6,
			11
		],
		[
			6,
			14
		],
		[
			8,
			13
		],
		[
			13,
			14
		],
		[
			8,
			14
		],
		[
			9,
			11
		],
		[
			12,
			13
		],
		[
			3,
			13
		],
		[
			3,
			12
		],
		[
			6,
			9
		],
		[
			2,
			16
		],
		[
			0,
			1
		],
		[
			6,
			10
		],
		[
			4,
			14
		],
		[
			3,
			15
		],
		[
			12,
			15
		],
		[
			4,
			12
		],
		[
			12,
			16
		],
		[
			3,
			7
		],
		[
			7,
			15
		],
		[
			4,
			13
		],
		[
			7,
			17
		]
	],
	"score": 0.5555555555555556
}