{
	"content_type": "CG_SHOP_2025_Solution",
	"instance_uid": "point-set_40_1b92b629",
	"steiner_points_x": [
		85,
		63,
		26,
		55,
		"10854/793",
		"32859/793",
		"-135/61",
		-29,
		"-13/2",
		47,
		39,
		"6321/65",
		-46,
		"234/5",
		"-13287/233",
		"7106/181",
		8,
		"-5031/53",
		78,
		20,
		"-4503/53",
		"333/4",
		-27,
		-29,
		16,
		"-27981/1165",
		43,
		"-58751/1165",
		60,
		"-702201/9074",
		31,
		-46,
		4,
		"5614/65",
		-23,
		"399/5",
		-53,
		54,
		-50,
		"5861/65",
		-69,
		70,
		16,
		-69,
		"-433596/4537",
		"-28107/793",
		"6067/65",
		-85,
		"5086/65",
		79,
		"5231/65",
		"-839715/9074",
		75
	],
	"steiner_points_y": [
		69,
		53,
		-16,
		78,
		"-55554/793",
		"-62074/793",
		"-3986/61",
		40,
		"363/4",
		-25,
		-36,
		"4353/65",
		1,
		"-1198/15",
		"20106/233",
		"17026/181",
		57,
		"2240/53",
		-19,
		73,
		"4088/53",
		-45,
		61,
		-5,
		-55,
		"103923/1165",
		-73,
		"101208/1165",
		68,
		"-34225/9074",
		42,
		36,
		26,
		"-1303/65",
		13,
		"437/5",
		49,
		-8,
		82,
		"673/65",
		0,
		-16,
		39,
		67,
		"145960/4537",
		"-44010/793",
		"2321/65",
		30,
		"-5527/65",
		-67,
		"-4367/65",
		"237605/9074",
		13
	],
	"edges": [
		[
			13,
			38
		],
		[
			13,
			59
		],
		[
			38,
			59
		],
		[
			39,
			62
		],
		[
			39,
			47
		],
		[
			47,
			62
		],
		[
			81,
			92
		],
		[
			35,
			92
		],
		[
			35,
			81
		],
		[
			77,
			92
		],
		[
			25,
			77
		],
		[
			25,
			92
		],
		[
			35,
			73
		],
		[
			35,
			79
		],
		[
			73,
			79
		],
		[
			12,
			77
		],
		[
			12,
			25
		],
		[
			4,
			17
		],
		[
			4,
			42
		],
		[
			17,
			42
		],
		[
			65,
			78
		],
		[
			67,
			78
		],
		[
			65,
			67
		],
		[
			29,
			82
		],
		[
			29,
			56
		],
		[
			56,
			82
		],
		[
			54,
			78
		],
		[
			54,
			67
		],
		[
			9,
			20
		],
		[
			20,
			68
		],
		[
			9,
			68
		],
		[
			2,
			18
		],
		[
			2,
			46
		],
		[
			18,
			46
		],
		[
			29,
			74
		],
		[
			47,
			74
		],
		[
			29,
			47
		],
		[
			29,
			39
		],
		[
			58,
			81
		],
		[
			35,
			58
		],
		[
			13,
			82
		],
		[
			13,
			56
		],
		[
			27,
			63
		],
		[
			18,
			63
		],
		[
			18,
			27
		],
		[
			72,
			74
		],
		[
			4,
			72
		],
		[
			4,
			74
		],
		[
			31,
			78
		],
		[
			31,
			54
		],
		[
			31,
			83
		],
		[
			33,
			83
		],
		[
			31,
			33
		],
		[
			12,
			82
		],
		[
			12,
			72
		],
		[
			72,
			82
		],
		[
			42,
			49
		],
		[
			12,
			42
		],
		[
			12,
			49
		],
		[
			88,
			89
		],
		[
			89,
			90
		],
		[
			88,
			90
		],
		[
			29,
			72
		],
		[
			70,
			82
		],
		[
			12,
			70
		],
		[
			57,
			83
		],
		[
			28,
			83
		],
		[
			28,
			57
		],
		[
			61,
			89
		],
		[
			61,
			90
		],
		[
			5,
			39
		],
		[
			5,
			62
		],
		[
			24,
			28
		],
		[
			24,
			76
		],
		[
			28,
			76
		],
		[
			2,
			63
		],
		[
			8,
			23
		],
		[
			8,
			59
		],
		[
			23,
			59
		],
		[
			32,
			87
		],
		[
			84,
			87
		],
		[
			32,
			84
		],
		[
			11,
			43
		],
		[
			43,
			68
		],
		[
			11,
			68
		],
		[
			19,
			92
		],
		[
			19,
			35
		],
		[
			7,
			8
		],
		[
			7,
			59
		],
		[
			19,
			36
		],
		[
			35,
			36
		],
		[
			23,
			39
		],
		[
			23,
			56
		],
		[
			39,
			56
		],
		[
			24,
			37
		],
		[
			37,
			76
		],
		[
			15,
			78
		],
		[
			10,
			78
		],
		[
			10,
			15
		],
		[
			24,
			78
		],
		[
			15,
			24
		],
		[
			36,
			79
		],
		[
			36,
			86
		],
		[
			79,
			86
		],
		[
			33,
			54
		],
		[
			6,
			52
		],
		[
			52,
			80
		],
		[
			6,
			80
		],
		[
			28,
			31
		],
		[
			24,
			31
		],
		[
			10,
			65
		],
		[
			21,
			33
		],
		[
			21,
			54
		],
		[
			17,
			64
		],
		[
			46,
			64
		],
		[
			17,
			46
		],
		[
			36,
			51
		],
		[
			51,
			86
		],
		[
			34,
			61
		],
		[
			34,
			58
		],
		[
			58,
			61
		],
		[
			34,
			89
		],
		[
			37,
			62
		],
		[
			15,
			37
		],
		[
			15,
			62
		],
		[
			37,
			71
		],
		[
			71,
			76
		],
		[
			56,
			59
		],
		[
			38,
			70
		],
		[
			13,
			70
		],
		[
			36,
			40
		],
		[
			19,
			40
		],
		[
			22,
			38
		],
		[
			11,
			38
		],
		[
			11,
			22
		],
		[
			9,
			19
		],
		[
			9,
			40
		],
		[
			32,
			76
		],
		[
			28,
			32
		],
		[
			50,
			66
		],
		[
			34,
			50
		],
		[
			34,
			66
		],
		[
			5,
			10
		],
		[
			5,
			65
		],
		[
			48,
			65
		],
		[
			5,
			48
		],
		[
			49,
			50
		],
		[
			34,
			49
		],
		[
			42,
			50
		],
		[
			5,
			23
		],
		[
			23,
			48
		],
		[
			40,
			51
		],
		[
			26,
			40
		],
		[
			26,
			51
		],
		[
			0,
			40
		],
		[
			0,
			26
		],
		[
			19,
			41
		],
		[
			9,
			41
		],
		[
			33,
			60
		],
		[
			21,
			60
		],
		[
			57,
			60
		],
		[
			60,
			83
		],
		[
			20,
			41
		],
		[
			0,
			43
		],
		[
			30,
			43
		],
		[
			0,
			30
		],
		[
			20,
			22
		],
		[
			22,
			41
		],
		[
			4,
			63
		],
		[
			63,
			74
		],
		[
			87,
			91
		],
		[
			69,
			87
		],
		[
			69,
			91
		],
		[
			0,
			75
		],
		[
			30,
			75
		],
		[
			7,
			38
		],
		[
			7,
			11
		],
		[
			49,
			77
		],
		[
			7,
			43
		],
		[
			32,
			57
		],
		[
			37,
			47
		],
		[
			47,
			71
		],
		[
			4,
			12
		],
		[
			71,
			74
		],
		[
			0,
			9
		],
		[
			58,
			73
		],
		[
			61,
			73
		],
		[
			77,
			81
		],
		[
			34,
			81
		],
		[
			52,
			74
		],
		[
			6,
			74
		],
		[
			25,
			41
		],
		[
			19,
			25
		],
		[
			0,
			68
		],
		[
			17,
			50
		],
		[
			2,
			4
		],
		[
			2,
			17
		],
		[
			7,
			30
		],
		[
			7,
			55
		],
		[
			30,
			55
		],
		[
			50,
			64
		],
		[
			64,
			66
		],
		[
			80,
			87
		],
		[
			69,
			80
		],
		[
			49,
			81
		],
		[
			26,
			75
		],
		[
			27,
			52
		],
		[
			27,
			80
		],
		[
			8,
			55
		],
		[
			44,
			64
		],
		[
			44,
			66
		],
		[
			45,
			66
		],
		[
			53,
			66
		],
		[
			45,
			53
		],
		[
			44,
			45
		],
		[
			16,
			57
		],
		[
			16,
			32
		],
		[
			3,
			34
		],
		[
			3,
			89
		],
		[
			14,
			88
		],
		[
			1,
			88
		],
		[
			1,
			14
		],
		[
			3,
			66
		],
		[
			3,
			53
		],
		[
			14,
			89
		],
		[
			76,
			87
		],
		[
			71,
			87
		],
		[
			27,
			69
		],
		[
			84,
			91
		],
		[
			3,
			14
		],
		[
			14,
			53
		],
		[
			18,
			85
		],
		[
			27,
			85
		],
		[
			8,
			48
		],
		[
			11,
			20
		],
		[
			22,
			25
		],
		[
			46,
			85
		],
		[
			6,
			71
		],
		[
			6,
			87
		],
		[
			22,
			70
		],
		[
			52,
			63
		],
		[
			10,
			62
		],
		[
			12,
			22
		],
		[
			16,
			84
		],
		[
			44,
			46
		]
	],
	"score": 0.5092592592592593
}