{
	"content_type": "CG_SHOP_2025_Solution",
	"instance_uid": "simple-polygon_100_4b4ba391",
	"steiner_points_x": [
		15,
		20,
		13,
		17,
		37,
		27,
		"1760/53",
		"1122/145",
		19,
		"99/5",
		"1026/65",
		"1051/65",
		36,
		29,
		42,
		"5838/149",
		51,
		48,
		57,
		50,
		50,
		"1236/25",
		57,
		60,
		"4224/73",
		"6820/109",
		50,
		"5129/113",
		"659/13"
	],
	"steiner_points_y": [
		43,
		43,
		34,
		53,
		60,
		63,
		"3486/53",
		"9636/145",
		31,
		"163/5",
		"1542/65",
		"1102/65",
		21,
		21,
		13,
		"1643/149",
		18,
		29,
		16,
		15,
		39,
		"973/25",
		42,
		46,
		"2898/73",
		"5098/109",
		65,
		"5103/113",
		"579/13"
	],
	"edges": [
		[
			70,
			122
		],
		[
			122,
			123
		],
		[
			70,
			123
		],
		[
			58,
			119
		],
		[
			59,
			119
		],
		[
			58,
			59
		],
		[
			99,
			102
		],
		[
			0,
			102
		],
		[
			0,
			99
		],
		[
			73,
			75
		],
		[
			73,
			76
		],
		[
			75,
			76
		],
		[
			45,
			46
		],
		[
			45,
			108
		],
		[
			46,
			108
		],
		[
			44,
			45
		],
		[
			32,
			44
		],
		[
			32,
			45
		],
		[
			76,
			77
		],
		[
			76,
			78
		],
		[
			77,
			78
		],
		[
			73,
			74
		],
		[
			74,
			75
		],
		[
			58,
			91
		],
		[
			91,
			119
		],
		[
			32,
			108
		],
		[
			71,
			82
		],
		[
			72,
			82
		],
		[
			71,
			72
		],
		[
			84,
			87
		],
		[
			84,
			120
		],
		[
			87,
			120
		],
		[
			55,
			115
		],
		[
			55,
			114
		],
		[
			114,
			115
		],
		[
			92,
			93
		],
		[
			92,
			112
		],
		[
			93,
			112
		],
		[
			44,
			110
		],
		[
			32,
			110
		],
		[
			85,
			128
		],
		[
			87,
			128
		],
		[
			85,
			87
		],
		[
			46,
			97
		],
		[
			46,
			98
		],
		[
			97,
			98
		],
		[
			85,
			127
		],
		[
			86,
			127
		],
		[
			85,
			86
		],
		[
			78,
			126
		],
		[
			79,
			126
		],
		[
			78,
			79
		],
		[
			83,
			122
		],
		[
			83,
			123
		],
		[
			33,
			44
		],
		[
			33,
			110
		],
		[
			49,
			96
		],
		[
			96,
			113
		],
		[
			49,
			113
		],
		[
			76,
			126
		],
		[
			81,
			82
		],
		[
			72,
			81
		],
		[
			33,
			34
		],
		[
			33,
			43
		],
		[
			34,
			43
		],
		[
			87,
			127
		],
		[
			120,
			121
		],
		[
			87,
			121
		],
		[
			73,
			126
		],
		[
			98,
			108
		],
		[
			69,
			124
		],
		[
			69,
			122
		],
		[
			122,
			124
		],
		[
			72,
			80
		],
		[
			80,
			81
		],
		[
			55,
			92
		],
		[
			55,
			112
		],
		[
			70,
			124
		],
		[
			84,
			128
		],
		[
			72,
			73
		],
		[
			73,
			80
		],
		[
			69,
			84
		],
		[
			84,
			122
		],
		[
			116,
			117
		],
		[
			90,
			116
		],
		[
			90,
			117
		],
		[
			58,
			92
		],
		[
			91,
			92
		],
		[
			89,
			117
		],
		[
			89,
			90
		],
		[
			55,
			113
		],
		[
			112,
			113
		],
		[
			69,
			120
		],
		[
			94,
			112
		],
		[
			93,
			94
		],
		[
			88,
			117
		],
		[
			67,
			88
		],
		[
			67,
			117
		],
		[
			108,
			109
		],
		[
			99,
			108
		],
		[
			99,
			109
		],
		[
			46,
			47
		],
		[
			46,
			96
		],
		[
			47,
			96
		],
		[
			95,
			112
		],
		[
			94,
			95
		],
		[
			98,
			109
		],
		[
			50,
			113
		],
		[
			50,
			55
		],
		[
			14,
			106
		],
		[
			14,
			16
		],
		[
			16,
			106
		],
		[
			2,
			103
		],
		[
			20,
			103
		],
		[
			2,
			20
		],
		[
			95,
			113
		],
		[
			95,
			96
		],
		[
			116,
			119
		],
		[
			91,
			116
		],
		[
			19,
			105
		],
		[
			20,
			105
		],
		[
			19,
			20
		],
		[
			88,
			89
		],
		[
			34,
			41
		],
		[
			41,
			43
		],
		[
			116,
			118
		],
		[
			118,
			119
		],
		[
			34,
			36
		],
		[
			34,
			40
		],
		[
			36,
			40
		],
		[
			65,
			118
		],
		[
			66,
			118
		],
		[
			65,
			66
		],
		[
			27,
			28
		],
		[
			27,
			100
		],
		[
			28,
			100
		],
		[
			58,
			114
		],
		[
			92,
			114
		],
		[
			48,
			96
		],
		[
			47,
			48
		],
		[
			10,
			11
		],
		[
			10,
			14
		],
		[
			11,
			14
		],
		[
			14,
			105
		],
		[
			16,
			105
		],
		[
			60,
			119
		],
		[
			60,
			118
		],
		[
			23,
			25
		],
		[
			24,
			25
		],
		[
			23,
			24
		],
		[
			17,
			18
		],
		[
			17,
			19
		],
		[
			18,
			19
		],
		[
			43,
			44
		],
		[
			96,
			97
		],
		[
			49,
			50
		],
		[
			32,
			99
		],
		[
			29,
			102
		],
		[
			31,
			102
		],
		[
			29,
			31
		],
		[
			82,
			83
		],
		[
			82,
			123
		],
		[
			34,
			35
		],
		[
			35,
			36
		],
		[
			32,
			102
		],
		[
			64,
			118
		],
		[
			64,
			65
		],
		[
			51,
			53
		],
		[
			52,
			53
		],
		[
			51,
			52
		],
		[
			21,
			107
		],
		[
			21,
			25
		],
		[
			25,
			107
		],
		[
			90,
			91
		],
		[
			26,
			103
		],
		[
			27,
			103
		],
		[
			26,
			27
		],
		[
			38,
			39
		],
		[
			38,
			40
		],
		[
			39,
			40
		],
		[
			34,
			111
		],
		[
			41,
			111
		],
		[
			48,
			49
		],
		[
			23,
			107
		],
		[
			80,
			126
		],
		[
			79,
			80
		],
		[
			2,
			27
		],
		[
			56,
			114
		],
		[
			56,
			115
		],
		[
			21,
			26
		],
		[
			25,
			26
		],
		[
			37,
			40
		],
		[
			36,
			37
		],
		[
			51,
			54
		],
		[
			53,
			54
		],
		[
			88,
			120
		],
		[
			88,
			121
		],
		[
			1,
			100
		],
		[
			100,
			101
		],
		[
			1,
			101
		],
		[
			57,
			114
		],
		[
			57,
			58
		],
		[
			27,
			101
		],
		[
			2,
			101
		],
		[
			50,
			54
		],
		[
			54,
			55
		],
		[
			42,
			43
		],
		[
			41,
			42
		],
		[
			10,
			20
		],
		[
			14,
			20
		],
		[
			66,
			116
		],
		[
			66,
			117
		],
		[
			50,
			51
		],
		[
			5,
			6
		],
		[
			5,
			7
		],
		[
			6,
			7
		],
		[
			56,
			57
		],
		[
			22,
			107
		],
		[
			22,
			23
		],
		[
			30,
			31
		],
		[
			29,
			30
		],
		[
			12,
			14
		],
		[
			11,
			12
		],
		[
			60,
			61
		],
		[
			60,
			63
		],
		[
			61,
			63
		],
		[
			0,
			29
		],
		[
			68,
			120
		],
		[
			68,
			88
		],
		[
			5,
			8
		],
		[
			7,
			8
		],
		[
			15,
			106
		],
		[
			15,
			16
		],
		[
			2,
			3
		],
		[
			2,
			10
		],
		[
			3,
			10
		],
		[
			40,
			111
		],
		[
			59,
			60
		],
		[
			62,
			63
		],
		[
			61,
			62
		],
		[
			0,
			28
		],
		[
			28,
			29
		],
		[
			31,
			32
		],
		[
			71,
			123
		],
		[
			67,
			68
		],
		[
			4,
			8
		],
		[
			4,
			5
		],
		[
			21,
			103
		],
		[
			20,
			21
		],
		[
			3,
			9
		],
		[
			9,
			10
		],
		[
			63,
			118
		],
		[
			63,
			64
		],
		[
			3,
			8
		],
		[
			8,
			9
		],
		[
			83,
			84
		],
		[
			123,
			125
		],
		[
			71,
			125
		],
		[
			17,
			105
		],
		[
			16,
			17
		],
		[
			68,
			69
		],
		[
			37,
			38
		],
		[
			0,
			100
		],
		[
			0,
			1
		],
		[
			70,
			125
		],
		[
			3,
			4
		],
		[
			12,
			104
		],
		[
			13,
			104
		],
		[
			12,
			13
		],
		[
			14,
			104
		],
		[
			66,
			67
		]
	],
	"score": 0.5166666666666667
}