{
	"content_type": "CG_SHOP_2025_Solution",
	"instance_uid": "simple-polygon_40_12969fc3",
	"steiner_points_x": [
		"9639525/1693",
		"423124100/52597",
		11874,
		12620,
		9175,
		12962,
		8038,
		13310,
		"25235/2",
		11559,
		12004,
		12668,
		12891,
		13279,
		"1702482489/176261",
		10026,
		10026,
		"13119225/2281",
		6375
	],
	"steiner_points_y": [
		"4528200/1693",
		"143476025/52597",
		4813,
		6236,
		8040,
		10517,
		6176,
		9772,
		"5637/2",
		11127,
		9882,
		3223,
		4688,
		10036,
		"1941770575/176261",
		11180,
		11225,
		"23566500/2281",
		9323
	],
	"edges": [
		[
			7,
			52
		],
		[
			8,
			52
		],
		[
			7,
			8
		],
		[
			39,
			42
		],
		[
			2,
			42
		],
		[
			2,
			39
		],
		[
			15,
			49
		],
		[
			16,
			49
		],
		[
			15,
			16
		],
		[
			42,
			43
		],
		[
			42,
			44
		],
		[
			43,
			44
		],
		[
			12,
			45
		],
		[
			13,
			45
		],
		[
			12,
			13
		],
		[
			8,
			47
		],
		[
			9,
			47
		],
		[
			8,
			9
		],
		[
			10,
			47
		],
		[
			47,
			53
		],
		[
			10,
			53
		],
		[
			28,
			58
		],
		[
			29,
			58
		],
		[
			28,
			29
		],
		[
			9,
			10
		],
		[
			22,
			30
		],
		[
			22,
			31
		],
		[
			30,
			31
		],
		[
			42,
			52
		],
		[
			43,
			52
		],
		[
			36,
			38
		],
		[
			37,
			38
		],
		[
			36,
			37
		],
		[
			17,
			49
		],
		[
			21,
			49
		],
		[
			17,
			21
		],
		[
			21,
			44
		],
		[
			22,
			44
		],
		[
			21,
			22
		],
		[
			18,
			55
		],
		[
			55,
			56
		],
		[
			18,
			56
		],
		[
			5,
			51
		],
		[
			6,
			51
		],
		[
			5,
			6
		],
		[
			11,
			53
		],
		[
			10,
			11
		],
		[
			14,
			50
		],
		[
			15,
			50
		],
		[
			14,
			15
		],
		[
			45,
			53
		],
		[
			50,
			53
		],
		[
			45,
			50
		],
		[
			42,
			46
		],
		[
			39,
			46
		],
		[
			31,
			44
		],
		[
			43,
			47
		],
		[
			8,
			43
		],
		[
			16,
			17
		],
		[
			7,
			51
		],
		[
			6,
			7
		],
		[
			34,
			46
		],
		[
			33,
			34
		],
		[
			33,
			46
		],
		[
			23,
			30
		],
		[
			22,
			23
		],
		[
			42,
			51
		],
		[
			51,
			52
		],
		[
			34,
			35
		],
		[
			34,
			36
		],
		[
			35,
			36
		],
		[
			11,
			45
		],
		[
			1,
			39
		],
		[
			39,
			41
		],
		[
			1,
			41
		],
		[
			38,
			46
		],
		[
			34,
			38
		],
		[
			47,
			50
		],
		[
			19,
			55
		],
		[
			19,
			56
		],
		[
			32,
			46
		],
		[
			32,
			33
		],
		[
			18,
			21
		],
		[
			21,
			55
		],
		[
			19,
			20
		],
		[
			19,
			54
		],
		[
			20,
			54
		],
		[
			4,
			51
		],
		[
			4,
			5
		],
		[
			2,
			51
		],
		[
			48,
			51
		],
		[
			2,
			48
		],
		[
			21,
			43
		],
		[
			21,
			50
		],
		[
			43,
			50
		],
		[
			11,
			12
		],
		[
			14,
			45
		],
		[
			13,
			14
		],
		[
			31,
			42
		],
		[
			54,
			55
		],
		[
			4,
			48
		],
		[
			23,
			58
		],
		[
			57,
			58
		],
		[
			23,
			57
		],
		[
			25,
			58
		],
		[
			25,
			28
		],
		[
			2,
			41
		],
		[
			25,
			57
		],
		[
			31,
			46
		],
		[
			38,
			39
		],
		[
			24,
			25
		],
		[
			24,
			57
		],
		[
			21,
			54
		],
		[
			49,
			50
		],
		[
			17,
			18
		],
		[
			25,
			27
		],
		[
			26,
			27
		],
		[
			25,
			26
		],
		[
			0,
			40
		],
		[
			1,
			40
		],
		[
			0,
			1
		],
		[
			27,
			28
		],
		[
			31,
			32
		],
		[
			3,
			48
		],
		[
			3,
			4
		],
		[
			39,
			40
		],
		[
			30,
			58
		],
		[
			29,
			30
		]
	],
	"score": 0.525
}