{
	"content_type": "CG_SHOP_2025_Solution",
	"instance_uid": "simple-polygon_10_272aa6ea",
	"steiner_points_x": [
		"167574697226/23308213",
		"1649085275/271457",
		"183120/313",
		1674
	],
	"steiner_points_y": [
		"212188353250/23308213",
		"574762125/271457",
		"523085/313",
		2624
	],
	"edges": [
		[
			5,
			6
		],
		[
			5,
			11
		],
		[
			6,
			11
		],
		[
			5,
			7
		],
		[
			7,
			11
		],
		[
			7,
			10
		],
		[
			7,
			9
		],
		[
			9,
			10
		],
		[
			8,
			10
		],
		[
			8,
			9
		],
		[
			4,
			13
		],
		[
			5,
			13
		],
		[
			4,
			5
		],
		[
			4,
			12
		],
		[
			3,
			4
		],
		[
			3,
			12
		],
		[
			0,
			7
		],
		[
			1,
			7
		],
		[
			0,
			1
		],
		[
			12,
			13
		],
		[
			1,
			13
		],
		[
			7,
			13
		],
		[
			2,
			13
		],
		[
			2,
			12
		],
		[
			1,
			2
		],
		[
			0,
			9
		]
	],
	"score": 0.6
}