{
	"content_type": "CG_SHOP_2025_Solution",
	"instance_uid": "simple-polygon_60_0347cd75",
	"steiner_points_x": [
		856,
		1537,
		"240531833/188786",
		1212,
		408,
		2057,
		"243214779/115354",
		954,
		1690,
		984,
		919,
		"116086857/57677",
		835,
		207,
		109,
		1020,
		"16405466/192389",
		"113988512/257053",
		"6232587/15809",
		2662,
		3067,
		"5943/2",
		3128,
		"456302491/132553",
		3622,
		"91402/25",
		3656,
		3479,
		"1165151771/310330"
	],
	"steiner_points_y": [
		810,
		449,
		"334348229/188786",
		1754,
		737,
		1590,
		"200537417/115354",
		881,
		1049,
		750,
		669,
		"98042970/57677",
		1550,
		792,
		783,
		1574,
		"340899714/192389",
		"463991762/257053",
		"4655222/15809",
		1183,
		461,
		497,
		771,
		"25186031/132553",
		1089,
		"27864/25",
		1544,
		1561,
		"521332903/310330"
	],
	"edges": [
		[
			9,
			76
		],
		[
			9,
			11
		],
		[
			11,
			76
		],
		[
			56,
			68
		],
		[
			33,
			56
		],
		[
			33,
			68
		],
		[
			50,
			87
		],
		[
			51,
			87
		],
		[
			50,
			51
		],
		[
			7,
			75
		],
		[
			72,
			75
		],
		[
			7,
			72
		],
		[
			8,
			72
		],
		[
			7,
			8
		],
		[
			13,
			60
		],
		[
			14,
			60
		],
		[
			13,
			14
		],
		[
			9,
			12
		],
		[
			11,
			12
		],
		[
			67,
			75
		],
		[
			67,
			72
		],
		[
			84,
			85
		],
		[
			45,
			84
		],
		[
			45,
			85
		],
		[
			12,
			72
		],
		[
			13,
			72
		],
		[
			12,
			13
		],
		[
			86,
			88
		],
		[
			49,
			86
		],
		[
			49,
			88
		],
		[
			67,
			68
		],
		[
			68,
			69
		],
		[
			67,
			69
		],
		[
			48,
			49
		],
		[
			48,
			88
		],
		[
			49,
			87
		],
		[
			49,
			50
		],
		[
			16,
			73
		],
		[
			73,
			74
		],
		[
			16,
			74
		],
		[
			3,
			67
		],
		[
			3,
			68
		],
		[
			41,
			80
		],
		[
			80,
			82
		],
		[
			41,
			82
		],
		[
			18,
			74
		],
		[
			19,
			74
		],
		[
			18,
			19
		],
		[
			27,
			68
		],
		[
			61,
			68
		],
		[
			27,
			61
		],
		[
			16,
			17
		],
		[
			17,
			74
		],
		[
			20,
			78
		],
		[
			21,
			78
		],
		[
			20,
			21
		],
		[
			12,
			77
		],
		[
			9,
			77
		],
		[
			6,
			63
		],
		[
			7,
			63
		],
		[
			6,
			7
		],
		[
			8,
			12
		],
		[
			8,
			77
		],
		[
			52,
			84
		],
		[
			45,
			52
		],
		[
			54,
			79
		],
		[
			55,
			79
		],
		[
			54,
			55
		],
		[
			19,
			73
		],
		[
			64,
			73
		],
		[
			19,
			64
		],
		[
			17,
			18
		],
		[
			43,
			82
		],
		[
			52,
			82
		],
		[
			43,
			52
		],
		[
			9,
			10
		],
		[
			10,
			76
		],
		[
			60,
			64
		],
		[
			14,
			64
		],
		[
			13,
			67
		],
		[
			14,
			15
		],
		[
			14,
			16
		],
		[
			15,
			16
		],
		[
			14,
			73
		],
		[
			3,
			63
		],
		[
			3,
			75
		],
		[
			63,
			75
		],
		[
			40,
			80
		],
		[
			40,
			41
		],
		[
			34,
			55
		],
		[
			34,
			56
		],
		[
			55,
			56
		],
		[
			81,
			82
		],
		[
			80,
			81
		],
		[
			19,
			78
		],
		[
			19,
			22
		],
		[
			22,
			78
		],
		[
			58,
			59
		],
		[
			1,
			58
		],
		[
			1,
			59
		],
		[
			34,
			79
		],
		[
			35,
			79
		],
		[
			34,
			35
		],
		[
			86,
			87
		],
		[
			37,
			40
		],
		[
			38,
			40
		],
		[
			37,
			38
		],
		[
			36,
			80
		],
		[
			37,
			80
		],
		[
			36,
			37
		],
		[
			27,
			69
		],
		[
			27,
			70
		],
		[
			69,
			70
		],
		[
			53,
			79
		],
		[
			53,
			54
		],
		[
			3,
			62
		],
		[
			62,
			63
		],
		[
			45,
			87
		],
		[
			45,
			51
		],
		[
			24,
			70
		],
		[
			25,
			70
		],
		[
			24,
			25
		],
		[
			2,
			68
		],
		[
			2,
			3
		],
		[
			19,
			20
		],
		[
			40,
			83
		],
		[
			38,
			83
		],
		[
			46,
			86
		],
		[
			47,
			86
		],
		[
			46,
			47
		],
		[
			39,
			83
		],
		[
			38,
			39
		],
		[
			30,
			61
		],
		[
			31,
			61
		],
		[
			30,
			31
		],
		[
			24,
			60
		],
		[
			60,
			70
		],
		[
			52,
			53
		],
		[
			52,
			79
		],
		[
			4,
			63
		],
		[
			4,
			62
		],
		[
			41,
			43
		],
		[
			42,
			43
		],
		[
			41,
			42
		],
		[
			35,
			52
		],
		[
			24,
			64
		],
		[
			43,
			84
		],
		[
			45,
			86
		],
		[
			0,
			59
		],
		[
			0,
			1
		],
		[
			44,
			84
		],
		[
			43,
			44
		],
		[
			36,
			81
		],
		[
			58,
			66
		],
		[
			1,
			66
		],
		[
			44,
			85
		],
		[
			51,
			52
		],
		[
			65,
			71
		],
		[
			2,
			65
		],
		[
			2,
			71
		],
		[
			26,
			70
		],
		[
			26,
			27
		],
		[
			65,
			66
		],
		[
			66,
			71
		],
		[
			45,
			46
		],
		[
			29,
			30
		],
		[
			29,
			61
		],
		[
			60,
			67
		],
		[
			35,
			82
		],
		[
			60,
			69
		],
		[
			35,
			81
		],
		[
			22,
			64
		],
		[
			22,
			24
		],
		[
			31,
			68
		],
		[
			31,
			33
		],
		[
			31,
			32
		],
		[
			32,
			33
		],
		[
			57,
			58
		],
		[
			57,
			65
		],
		[
			58,
			65
		],
		[
			57,
			68
		],
		[
			56,
			57
		],
		[
			33,
			34
		],
		[
			5,
			63
		],
		[
			5,
			6
		],
		[
			28,
			61
		],
		[
			28,
			29
		],
		[
			23,
			24
		],
		[
			22,
			23
		],
		[
			4,
			5
		],
		[
			27,
			28
		],
		[
			47,
			88
		],
		[
			25,
			26
		],
		[
			65,
			68
		]
	],
	"score": 0.5166666666666667
}