{
	"content_type": "CG_SHOP_2025_Solution",
	"instance_uid": "simple-polygon-exterior_10_74050e4d",
	"steiner_points_x": [
		"722250/89",
		"845231250/102973",
		"9402050/1157",
		"15616/53",
		"33632/193",
		497,
		528,
		"71879536/255725",
		"1343620/2249",
		120
	],
	"steiner_points_y": [
		"126000/89",
		"146064000/102973",
		"4868800/1157",
		"260906/53",
		"772576/193",
		4902,
		3955,
		"1259273498/255725",
		"13432210/2249",
		2140
	],
	"edges": [
		[
			14,
			17
		],
		[
			13,
			17
		],
		[
			13,
			14
		],
		[
			9,
			10
		],
		[
			0,
			10
		],
		[
			0,
			9
		],
		[
			10,
			11
		],
		[
			10,
			12
		],
		[
			11,
			12
		],
		[
			0,
			11
		],
		[
			6,
			15
		],
		[
			15,
			16
		],
		[
			6,
			16
		],
		[
			3,
			4
		],
		[
			1,
			3
		],
		[
			1,
			4
		],
		[
			5,
			13
		],
		[
			5,
			17
		],
		[
			6,
			13
		],
		[
			13,
			15
		],
		[
			6,
			7
		],
		[
			7,
			16
		],
		[
			7,
			8
		],
		[
			8,
			19
		],
		[
			7,
			19
		],
		[
			1,
			8
		],
		[
			1,
			10
		],
		[
			8,
			10
		],
		[
			1,
			15
		],
		[
			4,
			15
		],
		[
			8,
			9
		],
		[
			8,
			16
		],
		[
			4,
			18
		],
		[
			4,
			5
		],
		[
			5,
			18
		],
		[
			1,
			12
		],
		[
			9,
			19
		],
		[
			2,
			3
		],
		[
			1,
			2
		],
		[
			5,
			15
		],
		[
			6,
			14
		],
		[
			2,
			12
		],
		[
			3,
			18
		],
		[
			1,
			16
		],
		[
			7,
			14
		]
	],
	"score": 0.5454545454545454
}