{
	"content_type": "CG_SHOP_2025_Solution",
	"instance_uid": "simple-polygon-exterior-20_40_65de7236",
	"steiner_points_x": [
		"436513/2545",
		111,
		"590191/3649",
		77,
		189,
		66,
		"3177/320",
		"1302946871/7576465",
		67,
		"146/3",
		188,
		"294684497576/2226025013",
		"257319/1825",
		"17804/93",
		52,
		"318468/5305",
		"36/25",
		100,
		61,
		"11394/3061",
		34,
		7,
		8,
		36,
		"7725/73",
		"1384229/80800",
		"164172/5305",
		184,
		167,
		"12961/482",
		22,
		177,
		"320289/1706",
		"69713/4129",
		"15272/4129",
		50,
		"604259/3650",
		97,
		"272676/5305",
		95,
		68,
		145,
		61,
		179,
		"1148/167",
		"1159/6",
		"835255/5954",
		"78944374/610037",
		"661202/3505",
		71,
		56,
		47,
		64,
		"24048/3061",
		"477/4",
		"8138/43",
		"12459058/65193",
		"112191809/660650",
		"53103/626",
		27,
		121,
		30,
		"181643/1010",
		110,
		19,
		118,
		83,
		33,
		"4011367/244133",
		163,
		"161297/853",
		"214544/1825",
		"95235/793",
		48,
		22,
		123,
		"3463967893/235344212",
		113,
		5,
		43,
		45,
		"5460/3061",
		"9845/482",
		42,
		11,
		108,
		117,
		"53103/626",
		115,
		17,
		13,
		109,
		106,
		140,
		106,
		118,
		4,
		"10044/3061",
		118
	],
	"steiner_points_y": [
		"42454/2545",
		38,
		"615989/3649",
		154,
		120,
		71,
		"19329/128",
		"14658288/1515293",
		126,
		"5/3",
		79,
		"398707256853/2226025013",
		"122583/1825",
		"2127/31",
		132,
		"940779/5305",
		"366/5",
		5,
		171,
		"288105/3061",
		136,
		71,
		52,
		76,
		"1300/73",
		"47335317/323200",
		"917206/5305",
		86,
		66,
		"41229/482",
		81,
		129,
		"222309/1706",
		"65880/4129",
		"207900/4129",
		113,
		"264913/3650",
		75,
		"933783/5305",
		61,
		84,
		116,
		101,
		118,
		"61630/501",
		"515/6",
		"45345/5954",
		"208194189/1220074",
		"210034/3505",
		93,
		140,
		139,
		95,
		"404100/3061",
		"25/4",
		"2569/43",
		"1493043/21731",
		"5048809/66065",
		"100331/626",
		62,
		35,
		88,
		"21761/1010",
		77,
		123,
		60,
		150,
		141,
		"46649703/488266",
		110,
		"101704/853",
		"113158/1825",
		"44829/3172",
		143,
		92,
		32,
		"21789083391/235344212",
		18,
		76,
		141,
		136,
		"233710/3061",
		"43033/482",
		148,
		94,
		23,
		160,
		181,
		78,
		87,
		90,
		93,
		149,
		115,
		161,
		174,
		90,
		"275730/3061",
		181
	],
	"edges": [
		[
			90,
			91
		],
		[
			91,
			113
		],
		[
			90,
			113
		],
		[
			71,
			83
		],
		[
			44,
			71
		],
		[
			44,
			83
		],
		[
			14,
			92
		],
		[
			14,
			82
		],
		[
			82,
			92
		],
		[
			18,
			93
		],
		[
			18,
			84
		],
		[
			84,
			93
		],
		[
			56,
			61
		],
		[
			10,
			61
		],
		[
			10,
			56
		],
		[
			7,
			8
		],
		[
			8,
			99
		],
		[
			7,
			99
		],
		[
			18,
			104
		],
		[
			84,
			104
		],
		[
			53,
			96
		],
		[
			0,
			96
		],
		[
			0,
			53
		],
		[
			23,
			78
		],
		[
			22,
			23
		],
		[
			22,
			78
		],
		[
			1,
			40
		],
		[
			3,
			40
		],
		[
			1,
			3
		],
		[
			41,
			100
		],
		[
			100,
			125
		],
		[
			41,
			125
		],
		[
			17,
			18
		],
		[
			18,
			65
		],
		[
			17,
			65
		],
		[
			67,
			85
		],
		[
			67,
			110
		],
		[
			85,
			110
		],
		[
			34,
			41
		],
		[
			41,
			79
		],
		[
			34,
			79
		],
		[
			21,
			23
		],
		[
			21,
			22
		],
		[
			127,
			135
		],
		[
			134,
			135
		],
		[
			127,
			134
		],
		[
			35,
			67
		],
		[
			50,
			67
		],
		[
			35,
			50
		],
		[
			21,
			107
		],
		[
			21,
			123
		],
		[
			107,
			123
		],
		[
			45,
			77
		],
		[
			77,
			79
		],
		[
			45,
			79
		],
		[
			24,
			113
		],
		[
			113,
			123
		],
		[
			24,
			123
		],
		[
			43,
			106
		],
		[
			26,
			43
		],
		[
			26,
			106
		],
		[
			31,
			82
		],
		[
			31,
			92
		],
		[
			37,
			83
		],
		[
			37,
			71
		],
		[
			98,
			134
		],
		[
			98,
			127
		],
		[
			10,
			62
		],
		[
			62,
			74
		],
		[
			10,
			74
		],
		[
			25,
			43
		],
		[
			24,
			43
		],
		[
			24,
			25
		],
		[
			50,
			96
		],
		[
			0,
			50
		],
		[
			14,
			69
		],
		[
			69,
			101
		],
		[
			14,
			101
		],
		[
			105,
			111
		],
		[
			52,
			111
		],
		[
			52,
			105
		],
		[
			46,
			65
		],
		[
			18,
			46
		],
		[
			45,
			63
		],
		[
			7,
			45
		],
		[
			7,
			63
		],
		[
			36,
			97
		],
		[
			76,
			97
		],
		[
			36,
			76
		],
		[
			65,
			107
		],
		[
			19,
			65
		],
		[
			19,
			107
		],
		[
			20,
			21
		],
		[
			20,
			22
		],
		[
			38,
			71
		],
		[
			38,
			39
		],
		[
			39,
			71
		],
		[
			26,
			132
		],
		[
			26,
			134
		],
		[
			132,
			134
		],
		[
			100,
			115
		],
		[
			3,
			100
		],
		[
			3,
			115
		],
		[
			34,
			105
		],
		[
			34,
			111
		],
		[
			115,
			125
		],
		[
			24,
			90
		],
		[
			43,
			90
		],
		[
			100,
			105
		],
		[
			3,
			105
		],
		[
			71,
			72
		],
		[
			39,
			72
		],
		[
			124,
			136
		],
		[
			59,
			136
		],
		[
			59,
			124
		],
		[
			7,
			79
		],
		[
			6,
			79
		],
		[
			6,
			7
		],
		[
			33,
			77
		],
		[
			33,
			79
		],
		[
			29,
			38
		],
		[
			38,
			81
		],
		[
			29,
			81
		],
		[
			48,
			106
		],
		[
			30,
			106
		],
		[
			30,
			48
		],
		[
			12,
			99
		],
		[
			12,
			13
		],
		[
			13,
			99
		],
		[
			67,
			97
		],
		[
			35,
			97
		],
		[
			41,
			105
		],
		[
			25,
			98
		],
		[
			26,
			98
		],
		[
			25,
			26
		],
		[
			17,
			104
		],
		[
			3,
			52
		],
		[
			36,
			109
		],
		[
			97,
			109
		],
		[
			63,
			80
		],
		[
			45,
			80
		],
		[
			103,
			111
		],
		[
			103,
			128
		],
		[
			111,
			128
		],
		[
			82,
			101
		],
		[
			75,
			101
		],
		[
			75,
			82
		],
		[
			37,
			109
		],
		[
			83,
			109
		],
		[
			35,
			76
		],
		[
			56,
			121
		],
		[
			118,
			121
		],
		[
			56,
			118
		],
		[
			29,
			42
		],
		[
			38,
			42
		],
		[
			52,
			128
		],
		[
			136,
			137
		],
		[
			59,
			137
		],
		[
			68,
			76
		],
		[
			35,
			68
		],
		[
			48,
			75
		],
		[
			48,
			82
		],
		[
			84,
			108
		],
		[
			108,
			124
		],
		[
			84,
			124
		],
		[
			19,
			46
		],
		[
			32,
			33
		],
		[
			32,
			77
		],
		[
			59,
			84
		],
		[
			11,
			70
		],
		[
			12,
			70
		],
		[
			11,
			12
		],
		[
			2,
			40
		],
		[
			1,
			2
		],
		[
			19,
			20
		],
		[
			19,
			21
		],
		[
			22,
			66
		],
		[
			20,
			66
		],
		[
			29,
			133
		],
		[
			30,
			133
		],
		[
			29,
			30
		],
		[
			106,
			132
		],
		[
			66,
			78
		],
		[
			32,
			103
		],
		[
			32,
			131
		],
		[
			103,
			131
		],
		[
			35,
			88
		],
		[
			35,
			96
		],
		[
			88,
			96
		],
		[
			30,
			31
		],
		[
			31,
			48
		],
		[
			68,
			88
		],
		[
			39,
			42
		],
		[
			17,
			107
		],
		[
			7,
			49
		],
		[
			8,
			49
		],
		[
			63,
			92
		],
		[
			80,
			92
		],
		[
			1,
			68
		],
		[
			1,
			88
		],
		[
			33,
			103
		],
		[
			34,
			103
		],
		[
			33,
			34
		],
		[
			54,
			90
		],
		[
			54,
			91
		],
		[
			23,
			24
		],
		[
			24,
			78
		],
		[
			16,
			114
		],
		[
			108,
			114
		],
		[
			16,
			108
		],
		[
			36,
			128
		],
		[
			36,
			52
		],
		[
			30,
			132
		],
		[
			29,
			132
		],
		[
			16,
			17
		],
		[
			16,
			104
		],
		[
			31,
			32
		],
		[
			30,
			32
		],
		[
			62,
			73
		],
		[
			8,
			62
		],
		[
			8,
			73
		],
		[
			32,
			89
		],
		[
			31,
			89
		],
		[
			63,
			99
		],
		[
			15,
			130
		],
		[
			124,
			130
		],
		[
			15,
			124
		],
		[
			24,
			58
		],
		[
			58,
			78
		],
		[
			77,
			80
		],
		[
			80,
			89
		],
		[
			77,
			89
		],
		[
			60,
			107
		],
		[
			107,
			119
		],
		[
			60,
			119
		],
		[
			25,
			58
		],
		[
			29,
			87
		],
		[
			42,
			87
		],
		[
			6,
			64
		],
		[
			57,
			64
		],
		[
			6,
			57
		],
		[
			44,
			72
		],
		[
			12,
			69
		],
		[
			69,
			70
		],
		[
			67,
			83
		],
		[
			83,
			110
		],
		[
			27,
			58
		],
		[
			55,
			58
		],
		[
			27,
			55
		],
		[
			37,
			38
		],
		[
			128,
			131
		],
		[
			36,
			131
		],
		[
			16,
			101
		],
		[
			101,
			114
		],
		[
			112,
			115
		],
		[
			4,
			115
		],
		[
			4,
			112
		],
		[
			27,
			98
		],
		[
			27,
			127
		],
		[
			67,
			109
		],
		[
			52,
			76
		],
		[
			55,
			78
		],
		[
			53,
			88
		],
		[
			25,
			27
		],
		[
			50,
			85
		],
		[
			0,
			85
		],
		[
			112,
			117
		],
		[
			5,
			112
		],
		[
			5,
			117
		],
		[
			23,
			123
		],
		[
			43,
			48
		],
		[
			1,
			102
		],
		[
			2,
			102
		],
		[
			5,
			64
		],
		[
			64,
			117
		],
		[
			51,
			87
		],
		[
			28,
			87
		],
		[
			28,
			51
		],
		[
			62,
			99
		],
		[
			52,
			68
		],
		[
			3,
			68
		],
		[
			13,
			14
		],
		[
			13,
			69
		],
		[
			119,
			123
		],
		[
			114,
			116
		],
		[
			108,
			116
		],
		[
			36,
			37
		],
		[
			36,
			81
		],
		[
			37,
			81
		],
		[
			94,
			112
		],
		[
			4,
			94
		],
		[
			11,
			61
		],
		[
			10,
			11
		],
		[
			42,
			51
		],
		[
			3,
			4
		],
		[
			4,
			40
		],
		[
			11,
			62
		],
		[
			131,
			133
		],
		[
			36,
			133
		],
		[
			60,
			120
		],
		[
			119,
			120
		],
		[
			1,
			95
		],
		[
			95,
			102
		],
		[
			88,
			95
		],
		[
			115,
			117
		],
		[
			117,
			125
		],
		[
			89,
			92
		],
		[
			8,
			9
		],
		[
			9,
			73
		],
		[
			16,
			75
		],
		[
			48,
			54
		],
		[
			48,
			90
		],
		[
			54,
			75
		],
		[
			73,
			74
		],
		[
			81,
			133
		],
		[
			53,
			95
		],
		[
			64,
			125
		],
		[
			15,
			116
		],
		[
			15,
			108
		],
		[
			6,
			41
		],
		[
			6,
			125
		],
		[
			87,
			135
		],
		[
			28,
			135
		],
		[
			69,
			122
		],
		[
			114,
			122
		],
		[
			69,
			114
		],
		[
			5,
			94
		],
		[
			13,
			63
		],
		[
			54,
			120
		],
		[
			91,
			120
		],
		[
			70,
			129
		],
		[
			70,
			118
		],
		[
			118,
			129
		],
		[
			16,
			120
		],
		[
			16,
			60
		],
		[
			4,
			86
		],
		[
			4,
			47
		],
		[
			47,
			86
		],
		[
			113,
			119
		],
		[
			86,
			94
		],
		[
			40,
			47
		],
		[
			2,
			47
		],
		[
			91,
			119
		],
		[
			9,
			49
		],
		[
			130,
			136
		],
		[
			118,
			130
		],
		[
			118,
			136
		],
		[
			126,
			134
		],
		[
			126,
			135
		],
		[
			104,
			108
		],
		[
			122,
			129
		],
		[
			116,
			129
		],
		[
			116,
			122
		],
		[
			29,
			126
		],
		[
			87,
			126
		],
		[
			61,
			118
		],
		[
			5,
			57
		],
		[
			17,
			60
		],
		[
			11,
			99
		],
		[
			6,
			49
		],
		[
			49,
			57
		],
		[
			126,
			132
		],
		[
			44,
			110
		],
		[
			30,
			131
		],
		[
			116,
			130
		],
		[
			129,
			130
		],
		[
			14,
			63
		],
		[
			70,
			122
		],
		[
			57,
			94
		],
		[
			61,
			70
		],
		[
			121,
			136
		],
		[
			135,
			138
		],
		[
			127,
			138
		],
		[
			20,
			46
		],
		[
			121,
			137
		],
		[
			16,
			54
		],
		[
			28,
			138
		],
		[
			46,
			93
		]
	],
	"score": 0.405
}