{
	"content_type": "CG_SHOP_2025_Solution",
	"instance_uid": "point-set_40_9451c229",
	"steiner_points_x": [
		8767,
		8175,
		8796,
		8175,
		16425,
		8175,
		8175,
		8175,
		15825,
		"7478825/457",
		16425,
		8775,
		8780,
		8575,
		"11389825/1377",
		15825,
		15825,
		"77977445/4933",
		16425,
		8775,
		8375,
		16425,
		15825,
		15825,
		8756,
		16425,
		16425,
		15827,
		"43285155/4933",
		"2447075/293",
		15825,
		15842,
		8318,
		"205154902/24665"
	],
	"steiner_points_y": [
		5644,
		"10781/2",
		10541,
		6469,
		7000,
		8050,
		8700,
		6200,
		7000,
		"4919500/457",
		9800,
		6200,
		11310,
		6200,
		"860225/81",
		7200,
		5400,
		"23212460/4933",
		5400,
		6400,
		5650,
		8900,
		8700,
		8000,
		9661,
		8700,
		6400,
		10698,
		"24096340/4933",
		"3311700/293",
		5632,
		9971,
		4910,
		"120768856/24665"
	],
	"edges": [
		[
			33,
			54
		],
		[
			33,
			42
		],
		[
			42,
			54
		],
		[
			32,
			71
		],
		[
			32,
			42
		],
		[
			42,
			71
		],
		[
			51,
			59
		],
		[
			31,
			59
		],
		[
			31,
			51
		],
		[
			35,
			59
		],
		[
			10,
			35
		],
		[
			10,
			59
		],
		[
			11,
			33
		],
		[
			33,
			69
		],
		[
			11,
			69
		],
		[
			7,
			36
		],
		[
			22,
			36
		],
		[
			7,
			22
		],
		[
			35,
			36
		],
		[
			10,
			36
		],
		[
			35,
			43
		],
		[
			0,
			35
		],
		[
			0,
			43
		],
		[
			7,
			37
		],
		[
			10,
			37
		],
		[
			7,
			10
		],
		[
			37,
			62
		],
		[
			26,
			37
		],
		[
			26,
			62
		],
		[
			42,
			67
		],
		[
			42,
			52
		],
		[
			52,
			67
		],
		[
			4,
			62
		],
		[
			4,
			24
		],
		[
			24,
			62
		],
		[
			40,
			70
		],
		[
			9,
			70
		],
		[
			9,
			40
		],
		[
			33,
			52
		],
		[
			53,
			60
		],
		[
			0,
			60
		],
		[
			0,
			53
		],
		[
			37,
			63
		],
		[
			62,
			63
		],
		[
			20,
			60
		],
		[
			0,
			20
		],
		[
			34,
			52
		],
		[
			3,
			52
		],
		[
			3,
			34
		],
		[
			6,
			48
		],
		[
			19,
			48
		],
		[
			6,
			19
		],
		[
			51,
			53
		],
		[
			53,
			59
		],
		[
			3,
			33
		],
		[
			48,
			59
		],
		[
			10,
			48
		],
		[
			10,
			55
		],
		[
			48,
			55
		],
		[
			23,
			30
		],
		[
			23,
			29
		],
		[
			29,
			30
		],
		[
			40,
			60
		],
		[
			40,
			53
		],
		[
			9,
			72
		],
		[
			8,
			72
		],
		[
			8,
			9
		],
		[
			5,
			17
		],
		[
			17,
			49
		],
		[
			5,
			49
		],
		[
			58,
			70
		],
		[
			66,
			70
		],
		[
			58,
			66
		],
		[
			35,
			53
		],
		[
			12,
			24
		],
		[
			24,
			25
		],
		[
			12,
			25
		],
		[
			23,
			63
		],
		[
			12,
			63
		],
		[
			12,
			23
		],
		[
			10,
			63
		],
		[
			55,
			63
		],
		[
			40,
			51
		],
		[
			12,
			62
		],
		[
			51,
			70
		],
		[
			38,
			42
		],
		[
			38,
			54
		],
		[
			67,
			71
		],
		[
			17,
			34
		],
		[
			34,
			39
		],
		[
			17,
			39
		],
		[
			14,
			64
		],
		[
			26,
			64
		],
		[
			14,
			26
		],
		[
			56,
			70
		],
		[
			56,
			58
		],
		[
			72,
			73
		],
		[
			68,
			72
		],
		[
			68,
			73
		],
		[
			31,
			70
		],
		[
			31,
			66
		],
		[
			13,
			68
		],
		[
			13,
			57
		],
		[
			57,
			68
		],
		[
			17,
			18
		],
		[
			18,
			49
		],
		[
			34,
			67
		],
		[
			13,
			72
		],
		[
			3,
			11
		],
		[
			14,
			27
		],
		[
			14,
			46
		],
		[
			27,
			46
		],
		[
			25,
			65
		],
		[
			25,
			61
		],
		[
			61,
			65
		],
		[
			16,
			36
		],
		[
			16,
			22
		],
		[
			8,
			20
		],
		[
			8,
			60
		],
		[
			54,
			69
		],
		[
			42,
			64
		],
		[
			38,
			64
		],
		[
			21,
			32
		],
		[
			21,
			71
		],
		[
			28,
			46
		],
		[
			14,
			28
		],
		[
			12,
			65
		],
		[
			22,
			45
		],
		[
			16,
			45
		],
		[
			19,
			55
		],
		[
			21,
			24
		],
		[
			21,
			25
		],
		[
			15,
			58
		],
		[
			15,
			56
		],
		[
			56,
			57
		],
		[
			1,
			56
		],
		[
			1,
			57
		],
		[
			1,
			15
		],
		[
			14,
			38
		],
		[
			27,
			38
		],
		[
			19,
			30
		],
		[
			19,
			23
		],
		[
			6,
			66
		],
		[
			6,
			31
		],
		[
			18,
			39
		],
		[
			2,
			41
		],
		[
			41,
			72
		],
		[
			2,
			72
		],
		[
			4,
			26
		],
		[
			4,
			64
		],
		[
			17,
			67
		],
		[
			17,
			71
		],
		[
			36,
			43
		],
		[
			16,
			43
		],
		[
			13,
			56
		],
		[
			28,
			45
		],
		[
			45,
			46
		],
		[
			9,
			13
		],
		[
			22,
			28
		],
		[
			19,
			44
		],
		[
			30,
			44
		],
		[
			9,
			56
		],
		[
			0,
			47
		],
		[
			43,
			47
		],
		[
			20,
			47
		],
		[
			31,
			48
		],
		[
			23,
			55
		],
		[
			23,
			65
		],
		[
			29,
			65
		],
		[
			4,
			32
		],
		[
			24,
			32
		],
		[
			8,
			41
		],
		[
			5,
			21
		],
		[
			5,
			71
		],
		[
			6,
			44
		],
		[
			8,
			40
		],
		[
			21,
			50
		],
		[
			5,
			50
		],
		[
			7,
			28
		],
		[
			26,
			28
		],
		[
			2,
			73
		],
		[
			20,
			41
		],
		[
			7,
			26
		],
		[
			25,
			50
		],
		[
			32,
			64
		],
		[
			50,
			61
		],
		[
			44,
			66
		]
	],
	"score": 0.5142857142857142
}