{
	"content_type": "CG_SHOP_2025_Solution",
	"instance_uid": "point-set_20_54ab0b47",
	"steiner_points_x": [
		21,
		0,
		0,
		0,
		46,
		32,
		"23102/661",
		"69/2",
		"42919/1658",
		37,
		29,
		"4535/82",
		"2233/41"
	],
	"steiner_points_y": [
		23,
		8,
		21,
		36,
		47,
		50,
		"41175/661",
		"25/2",
		"14163/1658",
		30,
		41,
		"3423/82",
		"1401/41"
	],
	"edges": [
		[
			0,
			10
		],
		[
			0,
			18
		],
		[
			10,
			18
		],
		[
			13,
			24
		],
		[
			7,
			24
		],
		[
			7,
			13
		],
		[
			24,
			25
		],
		[
			25,
			26
		],
		[
			24,
			26
		],
		[
			9,
			24
		],
		[
			9,
			25
		],
		[
			8,
			30
		],
		[
			8,
			15
		],
		[
			15,
			30
		],
		[
			3,
			29
		],
		[
			2,
			29
		],
		[
			2,
			3
		],
		[
			5,
			30
		],
		[
			5,
			8
		],
		[
			18,
			28
		],
		[
			18,
			27
		],
		[
			27,
			28
		],
		[
			3,
			30
		],
		[
			3,
			5
		],
		[
			13,
			32
		],
		[
			7,
			32
		],
		[
			6,
			8
		],
		[
			6,
			15
		],
		[
			4,
			5
		],
		[
			5,
			20
		],
		[
			4,
			20
		],
		[
			12,
			29
		],
		[
			2,
			12
		],
		[
			3,
			20
		],
		[
			2,
			20
		],
		[
			7,
			31
		],
		[
			31,
			32
		],
		[
			0,
			22
		],
		[
			4,
			22
		],
		[
			0,
			4
		],
		[
			2,
			18
		],
		[
			2,
			27
		],
		[
			15,
			25
		],
		[
			1,
			15
		],
		[
			1,
			25
		],
		[
			16,
			22
		],
		[
			4,
			16
		],
		[
			14,
			21
		],
		[
			10,
			21
		],
		[
			10,
			14
		],
		[
			0,
			20
		],
		[
			18,
			20
		],
		[
			8,
			16
		],
		[
			4,
			8
		],
		[
			1,
			6
		],
		[
			3,
			19
		],
		[
			19,
			30
		],
		[
			19,
			29
		],
		[
			16,
			23
		],
		[
			22,
			23
		],
		[
			9,
			15
		],
		[
			19,
			24
		],
		[
			9,
			19
		],
		[
			13,
			29
		],
		[
			12,
			13
		],
		[
			7,
			11
		],
		[
			11,
			24
		],
		[
			6,
			16
		],
		[
			6,
			23
		],
		[
			9,
			30
		],
		[
			0,
			21
		],
		[
			21,
			22
		],
		[
			13,
			19
		],
		[
			1,
			17
		],
		[
			17,
			25
		],
		[
			11,
			26
		],
		[
			12,
			32
		],
		[
			11,
			31
		],
		[
			17,
			26
		],
		[
			10,
			28
		],
		[
			12,
			27
		]
	],
	"score": 0.5357142857142857
}