{
	"content_type": "CG_SHOP_2025_Solution",
	"instance_uid": "simple-polygon-exterior-20_10_46c44a43",
	"steiner_points_x": [
		1020,
		"479713834/311365",
		"134278875/62273",
		"2392582/1025",
		"1826415922/883205",
		1399,
		"3106157226/2217169",
		"4053287760574578/1958214746645",
		"39762/29",
		"1861914/1433"
	],
	"steiner_points_y": [
		1736,
		"377825982/311365",
		"113764145/62273",
		"2665249/1025",
		"2591763301/883205",
		2959,
		"6677960143/2217169",
		"1169918052347057/391642949329",
		"87378/29",
		"4321481/1433"
	],
	"edges": [
		[
			2,
			10
		],
		[
			2,
			11
		],
		[
			10,
			11
		],
		[
			15,
			16
		],
		[
			15,
			18
		],
		[
			16,
			18
		],
		[
			2,
			3
		],
		[
			2,
			4
		],
		[
			3,
			4
		],
		[
			2,
			12
		],
		[
			3,
			12
		],
		[
			8,
			19
		],
		[
			8,
			9
		],
		[
			9,
			19
		],
		[
			14,
			17
		],
		[
			14,
			16
		],
		[
			16,
			17
		],
		[
			4,
			13
		],
		[
			3,
			13
		],
		[
			8,
			10
		],
		[
			6,
			8
		],
		[
			6,
			10
		],
		[
			4,
			6
		],
		[
			6,
			14
		],
		[
			4,
			14
		],
		[
			0,
			1
		],
		[
			0,
			10
		],
		[
			1,
			10
		],
		[
			1,
			11
		],
		[
			0,
			8
		],
		[
			0,
			9
		],
		[
			7,
			15
		],
		[
			6,
			15
		],
		[
			6,
			7
		],
		[
			11,
			12
		],
		[
			14,
			15
		],
		[
			4,
			5
		],
		[
			5,
			14
		],
		[
			2,
			6
		],
		[
			7,
			18
		],
		[
			5,
			17
		],
		[
			7,
			8
		],
		[
			7,
			19
		],
		[
			18,
			19
		],
		[
			5,
			13
		]
	],
	"score": 0.5454545454545454
}