{
	"content_type": "CG_SHOP_2025_Solution",
	"instance_uid": "simple-polygon_150_c0cf1e9c",
	"steiner_points_x": [
		7760,
		"735654660/94709",
		7868,
		"770798133/97826",
		7847,
		"1484747858/189229",
		7384,
		7210,
		6705,
		7134,
		6555,
		6449,
		6504,
		6601,
		5935,
		5670,
		"167342/29",
		5148,
		4991,
		4605,
		5455,
		"2365811468/412681",
		2190,
		4151,
		"11528626374/4401589",
		1200,
		1049,
		"1202/3",
		206,
		"8994533/45985",
		"2297067/3625",
		1337,
		4636,
		4473,
		"1654231883/356009",
		4657,
		6888,
		"426138318/59597",
		7037,
		6898,
		"324498448/51701",
		"341015846/51701",
		"55406690/6773",
		"38216/5",
		7505,
		"350150154/47921",
		7608,
		7874,
		"871825510/110233"
	],
	"steiner_points_y": [
		4845,
		"458611931/94709",
		5418,
		"530332793/97826",
		"10281/2",
		"943998837/189229",
		4599,
		3939,
		3990,
		4173,
		3777,
		3789,
		3534,
		3757,
		3144,
		3154,
		"88190/29",
		3079,
		3593,
		3148,
		3681,
		"1726454938/412681",
		2079,
		3259,
		"17315791139/4401589",
		1204,
		1376,
		"8693/3",
		3013,
		"138682221/45985",
		"4423819/3625",
		647,
		2561,
		"5385/2",
		"737057444/356009",
		"1501/2",
		2883,
		"137622361/59597",
		2131,
		1796,
		"68278023/51701",
		"77408243/51701",
		"13236397/6773",
		"9526/5",
		3199,
		"148162674/47921",
		3845,
		3905,
		"430425068/110233"
	],
	"edges": [
		[
			141,
			196
		],
		[
			142,
			196
		],
		[
			141,
			142
		],
		[
			172,
			176
		],
		[
			172,
			175
		],
		[
			175,
			176
		],
		[
			97,
			113
		],
		[
			113,
			188
		],
		[
			97,
			188
		],
		[
			143,
			196
		],
		[
			142,
			143
		],
		[
			108,
			192
		],
		[
			108,
			110
		],
		[
			110,
			192
		],
		[
			124,
			194
		],
		[
			125,
			194
		],
		[
			124,
			125
		],
		[
			9,
			156
		],
		[
			9,
			149
		],
		[
			149,
			156
		],
		[
			182,
			183
		],
		[
			73,
			182
		],
		[
			73,
			183
		],
		[
			144,
			196
		],
		[
			143,
			144
		],
		[
			75,
			76
		],
		[
			75,
			81
		],
		[
			76,
			81
		],
		[
			119,
			159
		],
		[
			119,
			158
		],
		[
			158,
			159
		],
		[
			113,
			114
		],
		[
			113,
			186
		],
		[
			114,
			186
		],
		[
			44,
			169
		],
		[
			45,
			169
		],
		[
			44,
			45
		],
		[
			54,
			172
		],
		[
			54,
			176
		],
		[
			134,
			144
		],
		[
			134,
			145
		],
		[
			144,
			145
		],
		[
			115,
			186
		],
		[
			114,
			115
		],
		[
			72,
			169
		],
		[
			45,
			72
		],
		[
			6,
			154
		],
		[
			2,
			6
		],
		[
			2,
			154
		],
		[
			95,
			186
		],
		[
			95,
			116
		],
		[
			116,
			186
		],
		[
			145,
			159
		],
		[
			146,
			159
		],
		[
			145,
			146
		],
		[
			30,
			31
		],
		[
			30,
			170
		],
		[
			31,
			170
		],
		[
			3,
			152
		],
		[
			152,
			153
		],
		[
			3,
			153
		],
		[
			146,
			147
		],
		[
			146,
			148
		],
		[
			147,
			148
		],
		[
			65,
			175
		],
		[
			65,
			172
		],
		[
			11,
			156
		],
		[
			12,
			156
		],
		[
			11,
			12
		],
		[
			150,
			151
		],
		[
			0,
			150
		],
		[
			0,
			151
		],
		[
			122,
			123
		],
		[
			122,
			195
		],
		[
			123,
			195
		],
		[
			82,
			184
		],
		[
			85,
			184
		],
		[
			82,
			85
		],
		[
			118,
			163
		],
		[
			119,
			163
		],
		[
			118,
			119
		],
		[
			8,
			150
		],
		[
			0,
			8
		],
		[
			74,
			85
		],
		[
			74,
			86
		],
		[
			85,
			86
		],
		[
			89,
			165
		],
		[
			90,
			165
		],
		[
			89,
			90
		],
		[
			7,
			155
		],
		[
			7,
			154
		],
		[
			154,
			155
		],
		[
			120,
			132
		],
		[
			121,
			132
		],
		[
			120,
			121
		],
		[
			149,
			150
		],
		[
			149,
			151
		],
		[
			122,
			124
		],
		[
			124,
			195
		],
		[
			108,
			193
		],
		[
			110,
			193
		],
		[
			13,
			159
		],
		[
			13,
			158
		],
		[
			4,
			152
		],
		[
			5,
			152
		],
		[
			4,
			5
		],
		[
			34,
			170
		],
		[
			31,
			34
		],
		[
			2,
			152
		],
		[
			2,
			5
		],
		[
			126,
			129
		],
		[
			128,
			129
		],
		[
			126,
			128
		],
		[
			7,
			8
		],
		[
			0,
			7
		],
		[
			17,
			158
		],
		[
			13,
			17
		],
		[
			2,
			3
		],
		[
			197,
			198
		],
		[
			139,
			197
		],
		[
			139,
			198
		],
		[
			5,
			6
		],
		[
			125,
			126
		],
		[
			125,
			129
		],
		[
			98,
			188
		],
		[
			188,
			189
		],
		[
			98,
			189
		],
		[
			9,
			150
		],
		[
			8,
			9
		],
		[
			107,
			111
		],
		[
			111,
			193
		],
		[
			107,
			193
		],
		[
			148,
			149
		],
		[
			148,
			156
		],
		[
			0,
			1
		],
		[
			1,
			7
		],
		[
			4,
			153
		],
		[
			20,
			21
		],
		[
			20,
			22
		],
		[
			21,
			22
		],
		[
			127,
			128
		],
		[
			126,
			127
		],
		[
			146,
			156
		],
		[
			134,
			157
		],
		[
			145,
			157
		],
		[
			25,
			164
		],
		[
			26,
			164
		],
		[
			25,
			26
		],
		[
			6,
			7
		],
		[
			95,
			113
		],
		[
			129,
			194
		],
		[
			131,
			194
		],
		[
			129,
			131
		],
		[
			10,
			156
		],
		[
			10,
			11
		],
		[
			134,
			135
		],
		[
			134,
			196
		],
		[
			135,
			196
		],
		[
			130,
			131
		],
		[
			129,
			130
		],
		[
			18,
			160
		],
		[
			19,
			160
		],
		[
			18,
			19
		],
		[
			9,
			10
		],
		[
			112,
			188
		],
		[
			187,
			188
		],
		[
			112,
			187
		],
		[
			138,
			196
		],
		[
			136,
			138
		],
		[
			136,
			196
		],
		[
			138,
			141
		],
		[
			141,
			197
		],
		[
			138,
			197
		],
		[
			14,
			17
		],
		[
			15,
			17
		],
		[
			14,
			15
		],
		[
			120,
			133
		],
		[
			132,
			133
		],
		[
			122,
			194
		],
		[
			12,
			146
		],
		[
			55,
			176
		],
		[
			54,
			55
		],
		[
			20,
			160
		],
		[
			160,
			161
		],
		[
			20,
			161
		],
		[
			121,
			122
		],
		[
			121,
			194
		],
		[
			160,
			162
		],
		[
			161,
			162
		],
		[
			70,
			174
		],
		[
			47,
			70
		],
		[
			47,
			174
		],
		[
			16,
			17
		],
		[
			15,
			16
		],
		[
			13,
			14
		],
		[
			30,
			40
		],
		[
			30,
			168
		],
		[
			40,
			168
		],
		[
			22,
			161
		],
		[
			23,
			161
		],
		[
			22,
			23
		],
		[
			138,
			198
		],
		[
			113,
			187
		],
		[
			23,
			162
		],
		[
			24,
			162
		],
		[
			23,
			24
		],
		[
			48,
			177
		],
		[
			50,
			177
		],
		[
			48,
			50
		],
		[
			30,
			167
		],
		[
			167,
			168
		],
		[
			18,
			158
		],
		[
			17,
			18
		],
		[
			12,
			159
		],
		[
			137,
			138
		],
		[
			136,
			137
		],
		[
			53,
			172
		],
		[
			53,
			54
		],
		[
			18,
			119
		],
		[
			135,
			136
		],
		[
			140,
			197
		],
		[
			140,
			141
		],
		[
			72,
			173
		],
		[
			45,
			173
		],
		[
			18,
			163
		],
		[
			160,
			163
		],
		[
			19,
			20
		],
		[
			44,
			167
		],
		[
			44,
			168
		],
		[
			12,
			13
		],
		[
			36,
			171
		],
		[
			37,
			171
		],
		[
			36,
			37
		],
		[
			72,
			87
		],
		[
			87,
			183
		],
		[
			72,
			183
		],
		[
			162,
			163
		],
		[
			74,
			182
		],
		[
			86,
			182
		],
		[
			60,
			181
		],
		[
			61,
			181
		],
		[
			60,
			61
		],
		[
			67,
			172
		],
		[
			65,
			67
		],
		[
			31,
			32
		],
		[
			32,
			34
		],
		[
			91,
			164
		],
		[
			92,
			164
		],
		[
			91,
			92
		],
		[
			87,
			182
		],
		[
			70,
			172
		],
		[
			53,
			70
		],
		[
			55,
			180
		],
		[
			55,
			57
		],
		[
			57,
			180
		],
		[
			74,
			184
		],
		[
			118,
			162
		],
		[
			57,
			176
		],
		[
			35,
			39
		],
		[
			39,
			171
		],
		[
			35,
			171
		],
		[
			173,
			174
		],
		[
			70,
			173
		],
		[
			55,
			56
		],
		[
			56,
			180
		],
		[
			82,
			83
		],
		[
			83,
			85
		],
		[
			96,
			113
		],
		[
			96,
			97
		],
		[
			57,
			175
		],
		[
			58,
			175
		],
		[
			57,
			58
		],
		[
			139,
			140
		],
		[
			43,
			44
		],
		[
			43,
			168
		],
		[
			24,
			93
		],
		[
			24,
			94
		],
		[
			93,
			94
		],
		[
			26,
			91
		],
		[
			27,
			91
		],
		[
			26,
			27
		],
		[
			86,
			87
		],
		[
			99,
			189
		],
		[
			103,
			189
		],
		[
			99,
			103
		],
		[
			64,
			175
		],
		[
			58,
			64
		],
		[
			58,
			59
		],
		[
			58,
			60
		],
		[
			59,
			60
		],
		[
			40,
			170
		],
		[
			87,
			169
		],
		[
			88,
			169
		],
		[
			87,
			88
		],
		[
			58,
			181
		],
		[
			64,
			181
		],
		[
			165,
			166
		],
		[
			90,
			166
		],
		[
			27,
			28
		],
		[
			27,
			29
		],
		[
			28,
			29
		],
		[
			33,
			34
		],
		[
			32,
			33
		],
		[
			62,
			181
		],
		[
			63,
			181
		],
		[
			62,
			63
		],
		[
			94,
			162
		],
		[
			52,
			178
		],
		[
			177,
			178
		],
		[
			52,
			177
		],
		[
			99,
			100
		],
		[
			99,
			191
		],
		[
			100,
			191
		],
		[
			27,
			165
		],
		[
			29,
			165
		],
		[
			115,
			116
		],
		[
			63,
			64
		],
		[
			88,
			167
		],
		[
			89,
			167
		],
		[
			88,
			89
		],
		[
			35,
			36
		],
		[
			91,
			165
		],
		[
			91,
			166
		],
		[
			75,
			184
		],
		[
			75,
			82
		],
		[
			121,
			131
		],
		[
			131,
			132
		],
		[
			95,
			96
		],
		[
			61,
			62
		],
		[
			93,
			164
		],
		[
			92,
			93
		],
		[
			68,
			172
		],
		[
			67,
			68
		],
		[
			98,
			99
		],
		[
			38,
			171
		],
		[
			37,
			38
		],
		[
			117,
			162
		],
		[
			117,
			118
		],
		[
			178,
			179
		],
		[
			52,
			179
		],
		[
			97,
			98
		],
		[
			65,
			66
		],
		[
			66,
			67
		],
		[
			133,
			157
		],
		[
			133,
			134
		],
		[
			64,
			65
		],
		[
			157,
			159
		],
		[
			25,
			93
		],
		[
			119,
			133
		],
		[
			119,
			157
		],
		[
			167,
			169
		],
		[
			101,
			191
		],
		[
			100,
			101
		],
		[
			42,
			168
		],
		[
			40,
			42
		],
		[
			119,
			120
		],
		[
			47,
			53
		],
		[
			48,
			53
		],
		[
			47,
			48
		],
		[
			190,
			191
		],
		[
			101,
			190
		],
		[
			105,
			188
		],
		[
			107,
			188
		],
		[
			105,
			107
		],
		[
			42,
			43
		],
		[
			107,
			112
		],
		[
			102,
			190
		],
		[
			101,
			102
		],
		[
			34,
			35
		],
		[
			34,
			39
		],
		[
			103,
			191
		],
		[
			40,
			41
		],
		[
			41,
			42
		],
		[
			69,
			172
		],
		[
			68,
			69
		],
		[
			1,
			155
		],
		[
			51,
			178
		],
		[
			51,
			179
		],
		[
			39,
			170
		],
		[
			39,
			40
		],
		[
			95,
			117
		],
		[
			116,
			117
		],
		[
			69,
			70
		],
		[
			110,
			111
		],
		[
			46,
			173
		],
		[
			45,
			46
		],
		[
			46,
			174
		],
		[
			73,
			74
		],
		[
			29,
			167
		],
		[
			29,
			30
		],
		[
			29,
			89
		],
		[
			79,
			185
		],
		[
			78,
			79
		],
		[
			78,
			185
		],
		[
			108,
			109
		],
		[
			109,
			192
		],
		[
			79,
			81
		],
		[
			80,
			81
		],
		[
			79,
			80
		],
		[
			71,
			173
		],
		[
			70,
			71
		],
		[
			53,
			177
		],
		[
			71,
			72
		],
		[
			48,
			49
		],
		[
			49,
			50
		],
		[
			24,
			25
		],
		[
			105,
			106
		],
		[
			106,
			107
		],
		[
			94,
			117
		],
		[
			76,
			77
		],
		[
			76,
			185
		],
		[
			77,
			185
		],
		[
			104,
			189
		],
		[
			104,
			188
		],
		[
			94,
			95
		],
		[
			76,
			79
		],
		[
			104,
			105
		],
		[
			103,
			104
		],
		[
			81,
			82
		],
		[
			111,
			112
		],
		[
			50,
			178
		],
		[
			84,
			85
		],
		[
			83,
			84
		],
		[
			50,
			51
		]
	],
	"score": 0.51
}