{
	"content_type": "CG_SHOP_2025_Solution",
	"instance_uid": "point-set_80_d77fb670",
	"steiner_points_x": [
		8223,
		2023,
		5597,
		2486,
		7247,
		1017,
		2477,
		1642,
		0,
		5128,
		4175,
		7588,
		5302,
		10281,
		880,
		3460,
		2200,
		7149,
		3397,
		3460,
		3322,
		"40462/5",
		6992,
		0,
		0,
		"1427375/533",
		7149,
		328,
		6992,
		11325,
		1643,
		3460,
		"25015847694/10062749",
		1831,
		6817,
		4458,
		3460,
		2240,
		8869,
		"21716176550/10062749",
		415,
		"30974306354/10062749",
		4490,
		10610,
		9228,
		5316,
		3849,
		8793,
		9985,
		4580,
		5434,
		2786,
		1528,
		4957,
		4867,
		3712,
		5715,
		1018,
		8914,
		3785,
		5435,
		5936,
		3891,
		8572,
		4958,
		5957,
		"28353279715/10062749",
		"18038483069/10062749",
		4580,
		4389,
		5458,
		"68772385/6866",
		8168,
		"85769200/53441",
		10610,
		7114,
		9613,
		8793,
		8495,
		9220,
		9985,
		9985
	],
	"steiner_points_y": [
		5371,
		1718,
		2317,
		625,
		2357,
		1110,
		1259,
		3345,
		1501,
		4582,
		3788,
		3819,
		7072,
		3970,
		8644,
		2137,
		3660,
		9070,
		7917,
		5726,
		6957,
		0,
		192,
		2860,
		3663,
		9070,
		7565,
		2860,
		0,
		1985,
		5875,
		9070,
		"1668926230/10062749",
		625,
		3956,
		972,
		3175,
		1344,
		4238,
		"1992935750/10062749",
		3663,
		"1083838430/10062749",
		5880,
		0,
		2793,
		1146,
		788,
		2860,
		0,
		744,
		2550,
		2137,
		7717,
		9070,
		1857,
		912,
		2429,
		1501,
		1247,
		1110,
		3175,
		3128,
		977,
		1409,
		8362,
		3368,
		"1341208800/10062749",
		"2354064980/10062749",
		0,
		733,
		0,
		"60826745/6866",
		9070,
		"474446820/53441",
		6521,
		566,
		5660,
		9070,
		6747,
		2895,
		8275,
		6521
	],
	"edges": [
		[
			26,
			86
		],
		[
			26,
			117
		],
		[
			86,
			117
		],
		[
			79,
			81
		],
		[
			79,
			131
		],
		[
			81,
			131
		],
		[
			33,
			79
		],
		[
			33,
			87
		],
		[
			79,
			87
		],
		[
			5,
			105
		],
		[
			5,
			43
		],
		[
			43,
			105
		],
		[
			88,
			107
		],
		[
			107,
			137
		],
		[
			88,
			137
		],
		[
			66,
			67
		],
		[
			62,
			67
		],
		[
			62,
			66
		],
		[
			52,
			53
		],
		[
			25,
			52
		],
		[
			25,
			53
		],
		[
			22,
			55
		],
		[
			22,
			151
		],
		[
			55,
			151
		],
		[
			6,
			122
		],
		[
			15,
			122
		],
		[
			6,
			15
		],
		[
			14,
			123
		],
		[
			14,
			72
		],
		[
			72,
			123
		],
		[
			89,
			114
		],
		[
			73,
			89
		],
		[
			73,
			114
		],
		[
			133,
			144
		],
		[
			31,
			144
		],
		[
			31,
			133
		],
		[
			3,
			6
		],
		[
			3,
			92
		],
		[
			6,
			92
		],
		[
			135,
			142
		],
		[
			126,
			142
		],
		[
			126,
			135
		],
		[
			33,
			120
		],
		[
			87,
			120
		],
		[
			106,
			158
		],
		[
			39,
			158
		],
		[
			39,
			106
		],
		[
			113,
			147
		],
		[
			113,
			119
		],
		[
			119,
			147
		],
		[
			57,
			93
		],
		[
			40,
			93
		],
		[
			40,
			57
		],
		[
			97,
			144
		],
		[
			97,
			133
		],
		[
			42,
			115
		],
		[
			13,
			115
		],
		[
			13,
			42
		],
		[
			19,
			110
		],
		[
			19,
			30
		],
		[
			30,
			110
		],
		[
			73,
			80
		],
		[
			39,
			73
		],
		[
			39,
			80
		],
		[
			68,
			118
		],
		[
			35,
			68
		],
		[
			35,
			118
		],
		[
			5,
			70
		],
		[
			70,
			105
		],
		[
			92,
			122
		],
		[
			83,
			86
		],
		[
			26,
			83
		],
		[
			19,
			41
		],
		[
			41,
			100
		],
		[
			19,
			100
		],
		[
			14,
			58
		],
		[
			58,
			72
		],
		[
			27,
			161
		],
		[
			154,
			161
		],
		[
			27,
			154
		],
		[
			11,
			90
		],
		[
			90,
			140
		],
		[
			11,
			140
		],
		[
			92,
			106
		],
		[
			92,
			144
		],
		[
			106,
			144
		],
		[
			47,
			49
		],
		[
			43,
			47
		],
		[
			43,
			49
		],
		[
			130,
			141
		],
		[
			136,
			141
		],
		[
			130,
			136
		],
		[
			31,
			98
		],
		[
			70,
			98
		],
		[
			31,
			70
		],
		[
			1,
			18
		],
		[
			1,
			159
		],
		[
			18,
			159
		],
		[
			75,
			113
		],
		[
			75,
			147
		],
		[
			5,
			98
		],
		[
			24,
			114
		],
		[
			24,
			145
		],
		[
			114,
			145
		],
		[
			28,
			96
		],
		[
			32,
			96
		],
		[
			28,
			32
		],
		[
			130,
			140
		],
		[
			140,
			141
		],
		[
			81,
			137
		],
		[
			79,
			137
		],
		[
			5,
			100
		],
		[
			98,
			100
		],
		[
			44,
			119
		],
		[
			44,
			112
		],
		[
			112,
			119
		],
		[
			32,
			38
		],
		[
			38,
			96
		],
		[
			3,
			144
		],
		[
			3,
			31
		],
		[
			64,
			93
		],
		[
			40,
			64
		],
		[
			110,
			132
		],
		[
			41,
			132
		],
		[
			41,
			110
		],
		[
			18,
			118
		],
		[
			1,
			118
		],
		[
			4,
			95
		],
		[
			16,
			95
		],
		[
			4,
			16
		],
		[
			71,
			81
		],
		[
			81,
			117
		],
		[
			71,
			117
		],
		[
			117,
			131
		],
		[
			11,
			16
		],
		[
			4,
			11
		],
		[
			34,
			65
		],
		[
			34,
			54
		],
		[
			54,
			65
		],
		[
			104,
			107
		],
		[
			103,
			107
		],
		[
			103,
			104
		],
		[
			3,
			100
		],
		[
			3,
			98
		],
		[
			61,
			76
		],
		[
			61,
			69
		],
		[
			69,
			76
		],
		[
			6,
			100
		],
		[
			104,
			120
		],
		[
			107,
			120
		],
		[
			129,
			149
		],
		[
			129,
			148
		],
		[
			148,
			149
		],
		[
			39,
			68
		],
		[
			68,
			80
		],
		[
			24,
			141
		],
		[
			24,
			84
		],
		[
			84,
			141
		],
		[
			5,
			41
		],
		[
			30,
			87
		],
		[
			30,
			120
		],
		[
			102,
			108
		],
		[
			101,
			102
		],
		[
			101,
			108
		],
		[
			7,
			64
		],
		[
			7,
			67
		],
		[
			64,
			67
		],
		[
			6,
			99
		],
		[
			99,
			100
		],
		[
			35,
			156
		],
		[
			7,
			156
		],
		[
			7,
			35
		],
		[
			73,
			106
		],
		[
			69,
			120
		],
		[
			69,
			104
		],
		[
			21,
			135
		],
		[
			21,
			139
		],
		[
			135,
			139
		],
		[
			53,
			101
		],
		[
			53,
			60
		],
		[
			60,
			101
		],
		[
			16,
			131
		],
		[
			95,
			131
		],
		[
			45,
			161
		],
		[
			45,
			154
		],
		[
			73,
			92
		],
		[
			56,
			91
		],
		[
			18,
			91
		],
		[
			18,
			56
		],
		[
			77,
			131
		],
		[
			16,
			77
		],
		[
			22,
			74
		],
		[
			74,
			151
		],
		[
			33,
			107
		],
		[
			24,
			56
		],
		[
			24,
			91
		],
		[
			88,
			103
		],
		[
			73,
			91
		],
		[
			80,
			91
		],
		[
			80,
			118
		],
		[
			121,
			135
		],
		[
			121,
			126
		],
		[
			8,
			58
		],
		[
			8,
			29
		],
		[
			29,
			58
		],
		[
			129,
			150
		],
		[
			148,
			150
		],
		[
			44,
			113
		],
		[
			11,
			116
		],
		[
			16,
			116
		],
		[
			54,
			59
		],
		[
			59,
			65
		],
		[
			32,
			116
		],
		[
			11,
			32
		],
		[
			7,
			93
		],
		[
			69,
			110
		],
		[
			69,
			132
		],
		[
			127,
			159
		],
		[
			18,
			127
		],
		[
			0,
			135
		],
		[
			0,
			21
		],
		[
			8,
			14
		],
		[
			9,
			138
		],
		[
			8,
			138
		],
		[
			8,
			9
		],
		[
			125,
			129
		],
		[
			125,
			150
		],
		[
			73,
			122
		],
		[
			21,
			95
		],
		[
			95,
			139
		],
		[
			0,
			146
		],
		[
			0,
			121
		],
		[
			121,
			146
		],
		[
			89,
			122
		],
		[
			15,
			89
		],
		[
			19,
			99
		],
		[
			110,
			120
		],
		[
			12,
			85
		],
		[
			75,
			85
		],
		[
			12,
			75
		],
		[
			2,
			31
		],
		[
			2,
			133
		],
		[
			35,
			93
		],
		[
			68,
			156
		],
		[
			50,
			68
		],
		[
			50,
			156
		],
		[
			91,
			118
		],
		[
			85,
			137
		],
		[
			71,
			137
		],
		[
			71,
			85
		],
		[
			9,
			14
		],
		[
			29,
			109
		],
		[
			29,
			57
		],
		[
			57,
			109
		],
		[
			26,
			71
		],
		[
			26,
			113
		],
		[
			71,
			113
		],
		[
			28,
			116
		],
		[
			83,
			112
		],
		[
			0,
			83
		],
		[
			0,
			112
		],
		[
			13,
			142
		],
		[
			13,
			126
		],
		[
			33,
			137
		],
		[
			25,
			143
		],
		[
			48,
			143
		],
		[
			25,
			48
		],
		[
			27,
			156
		],
		[
			7,
			27
		],
		[
			27,
			67
		],
		[
			67,
			154
		],
		[
			139,
			142
		],
		[
			42,
			142
		],
		[
			77,
			87
		],
		[
			77,
			79
		],
		[
			29,
			93
		],
		[
			77,
			116
		],
		[
			71,
			75
		],
		[
			28,
			30
		],
		[
			28,
			87
		],
		[
			2,
			70
		],
		[
			115,
			149
		],
		[
			115,
			129
		],
		[
			34,
			106
		],
		[
			65,
			106
		],
		[
			42,
			139
		],
		[
			32,
			90
		],
		[
			38,
			90
		],
		[
			125,
			155
		],
		[
			102,
			155
		],
		[
			102,
			125
		],
		[
			10,
			126
		],
		[
			10,
			121
		],
		[
			37,
			158
		],
		[
			65,
			158
		],
		[
			37,
			65
		],
		[
			10,
			13
		],
		[
			89,
			90
		],
		[
			15,
			90
		],
		[
			82,
			134
		],
		[
			130,
			134
		],
		[
			82,
			130
		],
		[
			70,
			111
		],
		[
			105,
			111
		],
		[
			21,
			86
		],
		[
			21,
			83
		],
		[
			61,
			94
		],
		[
			76,
			94
		],
		[
			20,
			154
		],
		[
			20,
			45
		],
		[
			1,
			35
		],
		[
			1,
			93
		],
		[
			34,
			97
		],
		[
			54,
			97
		],
		[
			59,
			74
		],
		[
			59,
			157
		],
		[
			74,
			157
		],
		[
			89,
			140
		],
		[
			41,
			43
		],
		[
			41,
			46
		],
		[
			43,
			46
		],
		[
			91,
			114
		],
		[
			52,
			84
		],
		[
			25,
			84
		],
		[
			19,
			96
		],
		[
			30,
			96
		],
		[
			127,
			143
		],
		[
			124,
			127
		],
		[
			124,
			143
		],
		[
			53,
			155
		],
		[
			101,
			155
		],
		[
			45,
			160
		],
		[
			78,
			160
		],
		[
			45,
			78
		],
		[
			46,
			132
		],
		[
			61,
			132
		],
		[
			46,
			61
		],
		[
			34,
			144
		],
		[
			28,
			77
		],
		[
			62,
			154
		],
		[
			20,
			62
		],
		[
			2,
			111
		],
		[
			29,
			124
		],
		[
			124,
			159
		],
		[
			29,
			159
		],
		[
			64,
			66
		],
		[
			85,
			88
		],
		[
			12,
			88
		],
		[
			13,
			149
		],
		[
			48,
			53
		],
		[
			9,
			48
		],
		[
			9,
			53
		],
		[
			124,
			138
		],
		[
			138,
			143
		],
		[
			50,
			158
		],
		[
			39,
			50
		],
		[
			46,
			49
		],
		[
			49,
			61
		],
		[
			19,
			38
		],
		[
			1,
			29
		],
		[
			15,
			38
		],
		[
			38,
			99
		],
		[
			15,
			99
		],
		[
			9,
			60
		],
		[
			56,
			143
		],
		[
			56,
			127
		],
		[
			52,
			136
		],
		[
			84,
			136
		],
		[
			125,
			134
		],
		[
			82,
			125
		],
		[
			51,
			59
		],
		[
			51,
			74
		],
		[
			26,
			44
		],
		[
			44,
			83
		],
		[
			4,
			42
		],
		[
			42,
			95
		],
		[
			51,
			63
		],
		[
			37,
			63
		],
		[
			37,
			51
		],
		[
			10,
			149
		],
		[
			45,
			63
		],
		[
			63,
			161
		],
		[
			86,
			131
		],
		[
			21,
			131
		],
		[
			55,
			160
		],
		[
			55,
			78
		],
		[
			49,
			94
		],
		[
			84,
			143
		],
		[
			56,
			84
		],
		[
			17,
			158
		],
		[
			63,
			158
		],
		[
			17,
			63
		],
		[
			17,
			156
		],
		[
			17,
			27
		],
		[
			4,
			130
		],
		[
			4,
			134
		],
		[
			14,
			60
		],
		[
			14,
			128
		],
		[
			60,
			128
		],
		[
			37,
			59
		],
		[
			20,
			78
		],
		[
			17,
			161
		],
		[
			22,
			160
		],
		[
			51,
			160
		],
		[
			22,
			51
		],
		[
			49,
			153
		],
		[
			47,
			153
		],
		[
			52,
			82
		],
		[
			52,
			125
		],
		[
			11,
			130
		],
		[
			47,
			105
		],
		[
			141,
			145
		],
		[
			52,
			155
		],
		[
			48,
			138
		],
		[
			42,
			134
		],
		[
			115,
			134
		],
		[
			45,
			51
		],
		[
			17,
			50
		],
		[
			82,
			136
		],
		[
			112,
			146
		],
		[
			23,
			72
		],
		[
			23,
			58
		],
		[
			10,
			148
		],
		[
			94,
			153
		],
		[
			8,
			124
		],
		[
			115,
			125
		],
		[
			102,
			150
		],
		[
			40,
			66
		],
		[
			36,
			72
		],
		[
			36,
			123
		],
		[
			123,
			128
		],
		[
			54,
			157
		],
		[
			140,
			145
		],
		[
			89,
			145
		],
		[
			23,
			36
		],
		[
			108,
			150
		],
		[
			54,
			152
		],
		[
			152,
			157
		],
		[
			58,
			109
		],
		[
			23,
			109
		],
		[
			97,
			152
		]
	],
	"score": 0.5060240963855421
}