{
	"content_type": "CG_SHOP_2025_Solution",
	"instance_uid": "point-set_40_1b92b629",
	"steiner_points_x": [
		85,
		63,
		26,
		55,
		"5221/65",
		"-423577/4537",
		"-135/61",
		-29,
		"-13/2",
		47,
		39,
		"6321/65",
		-46,
		"4497/52",
		"-13287/233",
		"7106/181",
		8,
		"1071/13",
		"-58751/1165",
		20,
		18,
		-73,
		-27,
		-29,
		16,
		"-27981/1165",
		62,
		-66,
		60,
		"-702201/9074",
		31,
		"-4503/53",
		4,
		64,
		-69,
		"399/5",
		-53,
		54,
		-50,
		43,
		-69,
		"-31875/349",
		16,
		"-4989/53",
		-85,
		69,
		-46,
		-23,
		"-28107/793",
		"39555/793",
		"6067/65",
		-68,
		89,
		"1173/13"
	],
	"steiner_points_y": [
		69,
		53,
		-16,
		78,
		"-4447/65",
		"126155/4537",
		"-3986/61",
		40,
		"363/4",
		-25,
		-36,
		"4353/65",
		1,
		"-249/13",
		"20106/233",
		"17026/181",
		57,
		"-675/13",
		"101208/1165",
		73,
		"-214/3",
		64,
		61,
		-5,
		-55,
		"103923/1165",
		-18,
		35,
		68,
		"-34225/9074",
		42,
		"4088/53",
		26,
		-40,
		59,
		"437/5",
		48,
		-8,
		82,
		-54,
		0,
		"8305/349",
		39,
		"2387/53",
		27,
		-67,
		36,
		13,
		"-44010/793",
		"-64058/793",
		"2321/65",
		69,
		11,
		"141/13"
	],
	"edges": [
		[
			12,
			70
		],
		[
			12,
			82
		],
		[
			70,
			82
		],
		[
			12,
			42
		],
		[
			4,
			42
		],
		[
			4,
			12
		],
		[
			7,
			30
		],
		[
			7,
			55
		],
		[
			30,
			55
		],
		[
			19,
			36
		],
		[
			36,
			92
		],
		[
			19,
			92
		],
		[
			7,
			43
		],
		[
			30,
			43
		],
		[
			74,
			76
		],
		[
			28,
			74
		],
		[
			28,
			76
		],
		[
			20,
			22
		],
		[
			20,
			41
		],
		[
			22,
			41
		],
		[
			22,
			38
		],
		[
			11,
			38
		],
		[
			11,
			22
		],
		[
			25,
			77
		],
		[
			25,
			35
		],
		[
			35,
			77
		],
		[
			5,
			39
		],
		[
			39,
			62
		],
		[
			5,
			62
		],
		[
			39,
			47
		],
		[
			29,
			39
		],
		[
			29,
			47
		],
		[
			14,
			85
		],
		[
			1,
			85
		],
		[
			1,
			14
		],
		[
			20,
			68
		],
		[
			9,
			68
		],
		[
			9,
			20
		],
		[
			13,
			38
		],
		[
			38,
			70
		],
		[
			13,
			70
		],
		[
			52,
			87
		],
		[
			6,
			52
		],
		[
			6,
			87
		],
		[
			67,
			76
		],
		[
			67,
			74
		],
		[
			5,
			65
		],
		[
			48,
			65
		],
		[
			5,
			48
		],
		[
			37,
			76
		],
		[
			37,
			86
		],
		[
			76,
			86
		],
		[
			10,
			78
		],
		[
			10,
			15
		],
		[
			15,
			78
		],
		[
			67,
			86
		],
		[
			6,
			86
		],
		[
			6,
			67
		],
		[
			43,
			68
		],
		[
			0,
			43
		],
		[
			0,
			68
		],
		[
			0,
			9
		],
		[
			0,
			40
		],
		[
			9,
			40
		],
		[
			3,
			79
		],
		[
			3,
			60
		],
		[
			60,
			79
		],
		[
			19,
			25
		],
		[
			19,
			35
		],
		[
			8,
			59
		],
		[
			7,
			8
		],
		[
			7,
			59
		],
		[
			66,
			77
		],
		[
			35,
			66
		],
		[
			47,
			86
		],
		[
			47,
			87
		],
		[
			86,
			87
		],
		[
			45,
			84
		],
		[
			81,
			84
		],
		[
			45,
			81
		],
		[
			58,
			78
		],
		[
			54,
			78
		],
		[
			54,
			58
		],
		[
			32,
			67
		],
		[
			67,
			84
		],
		[
			32,
			84
		],
		[
			65,
			78
		],
		[
			58,
			65
		],
		[
			29,
			82
		],
		[
			29,
			56
		],
		[
			56,
			82
		],
		[
			3,
			34
		],
		[
			34,
			85
		],
		[
			3,
			85
		],
		[
			24,
			76
		],
		[
			24,
			37
		],
		[
			64,
			79
		],
		[
			60,
			64
		],
		[
			34,
			79
		],
		[
			42,
			50
		],
		[
			17,
			50
		],
		[
			17,
			42
		],
		[
			27,
			63
		],
		[
			18,
			63
		],
		[
			18,
			27
		],
		[
			10,
			62
		],
		[
			5,
			10
		],
		[
			46,
			64
		],
		[
			46,
			60
		],
		[
			18,
			88
		],
		[
			27,
			88
		],
		[
			47,
			62
		],
		[
			37,
			47
		],
		[
			37,
			62
		],
		[
			8,
			23
		],
		[
			23,
			59
		],
		[
			29,
			87
		],
		[
			11,
			20
		],
		[
			24,
			28
		],
		[
			28,
			31
		],
		[
			24,
			31
		],
		[
			24,
			78
		],
		[
			15,
			24
		],
		[
			50,
			64
		],
		[
			17,
			64
		],
		[
			72,
			82
		],
		[
			12,
			72
		],
		[
			69,
			84
		],
		[
			80,
			84
		],
		[
			69,
			80
		],
		[
			56,
			59
		],
		[
			23,
			56
		],
		[
			6,
			80
		],
		[
			52,
			80
		],
		[
			29,
			72
		],
		[
			72,
			87
		],
		[
			15,
			62
		],
		[
			44,
			85
		],
		[
			57,
			85
		],
		[
			44,
			57
		],
		[
			5,
			23
		],
		[
			23,
			39
		],
		[
			1,
			44
		],
		[
			25,
			41
		],
		[
			19,
			41
		],
		[
			23,
			48
		],
		[
			8,
			48
		],
		[
			31,
			78
		],
		[
			3,
			14
		],
		[
			10,
			65
		],
		[
			31,
			54
		],
		[
			13,
			82
		],
		[
			61,
			91
		],
		[
			28,
			91
		],
		[
			28,
			61
		],
		[
			13,
			56
		],
		[
			31,
			91
		],
		[
			31,
			33
		],
		[
			33,
			54
		],
		[
			4,
			72
		],
		[
			4,
			87
		],
		[
			2,
			46
		],
		[
			2,
			17
		],
		[
			17,
			46
		],
		[
			33,
			91
		],
		[
			92,
			93
		],
		[
			90,
			92
		],
		[
			90,
			93
		],
		[
			12,
			25
		],
		[
			12,
			77
		],
		[
			36,
			90
		],
		[
			36,
			51
		],
		[
			51,
			90
		],
		[
			0,
			26
		],
		[
			0,
			75
		],
		[
			26,
			75
		],
		[
			32,
			83
		],
		[
			74,
			83
		],
		[
			32,
			74
		],
		[
			69,
			81
		],
		[
			35,
			92
		],
		[
			32,
			45
		],
		[
			34,
			57
		],
		[
			36,
			40
		],
		[
			40,
			51
		],
		[
			67,
			80
		],
		[
			61,
			74
		],
		[
			12,
			49
		],
		[
			42,
			49
		],
		[
			21,
			33
		],
		[
			21,
			54
		],
		[
			61,
			71
		],
		[
			71,
			91
		],
		[
			52,
			63
		],
		[
			27,
			52
		],
		[
			33,
			71
		],
		[
			21,
			71
		],
		[
			53,
			92
		],
		[
			53,
			93
		],
		[
			35,
			53
		],
		[
			16,
			32
		],
		[
			16,
			83
		],
		[
			18,
			46
		],
		[
			2,
			18
		],
		[
			27,
			80
		],
		[
			27,
			69
		],
		[
			34,
			73
		],
		[
			57,
			73
		],
		[
			50,
			79
		],
		[
			39,
			56
		],
		[
			4,
			17
		],
		[
			22,
			25
		],
		[
			4,
			63
		],
		[
			63,
			87
		],
		[
			11,
			43
		],
		[
			11,
			68
		],
		[
			0,
			30
		],
		[
			30,
			75
		],
		[
			49,
			77
		],
		[
			49,
			50
		],
		[
			15,
			37
		],
		[
			53,
			73
		],
		[
			53,
			57
		],
		[
			26,
			40
		],
		[
			9,
			41
		],
		[
			9,
			19
		],
		[
			26,
			51
		],
		[
			49,
			73
		],
		[
			50,
			73
		],
		[
			7,
			11
		],
		[
			7,
			38
		],
		[
			49,
			66
		],
		[
			66,
			73
		],
		[
			34,
			50
		],
		[
			53,
			66
		],
		[
			2,
			63
		],
		[
			2,
			4
		],
		[
			13,
			59
		],
		[
			38,
			59
		],
		[
			8,
			55
		],
		[
			61,
			83
		],
		[
			71,
			83
		],
		[
			3,
			89
		],
		[
			14,
			89
		],
		[
			60,
			89
		],
		[
			46,
			88
		],
		[
			12,
			22
		],
		[
			22,
			70
		],
		[
			19,
			40
		],
		[
			16,
			45
		]
	],
	"score": 0.509090909090909
}