{
	"content_type": "CG_SHOP_2025_Solution",
	"instance_uid": "point-set_60_2ff8f975",
	"steiner_points_x": [
		"1555379429/873002",
		"925065618/436501",
		849,
		2776,
		1925,
		3148,
		3675,
		3148,
		1428,
		"26746473653/13040690",
		681,
		"4642553239/13040690",
		578,
		2663,
		"633219149/163717",
		2370,
		715,
		366,
		"88658/163",
		520,
		"2643313405/682601",
		733,
		3141,
		2542,
		602,
		"783534020/205049",
		2714,
		323,
		3797,
		3599,
		2533,
		"4701592/1352633",
		"768368/1352633",
		"6139473994/6520345",
		3178,
		2684,
		2533,
		538,
		2858,
		300,
		3599,
		"2671249702/682601",
		2872,
		2620,
		2928,
		3420,
		1356,
		"3803008/1352633",
		3008,
		2728,
		3043,
		3243,
		"38832830087/13040690",
		"2683884297/682601",
		"17174599719/6520345",
		1145,
		2155,
		2382,
		"9415402082/6520345",
		3093,
		747,
		356,
		535,
		304,
		395,
		597,
		1017,
		3762,
		2966,
		536,
		2401,
		347,
		"15/2",
		2958,
		"7856639341/13040690",
		"428174821/2608138",
		"20732785233/6520345",
		"776984978/205049",
		"785891872/205049",
		"77679155/84913",
		1437,
		202,
		3028
	],
	"steiner_points_y": [
		"1605293083/873002",
		"815152123/436501",
		1453,
		799,
		314,
		1654,
		1137,
		730,
		286,
		"272052601/13040690",
		1564,
		"45565463/13040690",
		566,
		931,
		"289770101/163717",
		980,
		716,
		160,
		"281826/163",
		577,
		"805578417/682601",
		258,
		1903,
		1308,
		52,
		"172181133/205049",
		1903,
		1452,
		1519,
		1536,
		814,
		"1289473521/1352633",
		"717681082/1352633",
		"61905773/6520345",
		199,
		690,
		541,
		975,
		606,
		125,
		1676,
		"1032387957/682601",
		1249,
		1232,
		1903,
		588,
		1348,
		"1158841872/1352633",
		456,
		778,
		977,
		1085,
		"395895079/13040690",
		"1134965857/682601",
		"174976848/6520345",
		263,
		1694,
		1318,
		"95472469/6520345",
		1280,
		559,
		52,
		544,
		1421,
		685,
		1330,
		863,
		715,
		1318,
		1463,
		472,
		470,
		224,
		1103,
		"78498497/13040690",
		"3986417/2608138",
		"211435686/6520345",
		"145250493/205049",
		"181876973/205049",
		"149628600/84913",
		1263,
		287,
		1232
	],
	"edges": [
		[
			28,
			52
		],
		[
			28,
			34
		],
		[
			34,
			52
		],
		[
			43,
			77
		],
		[
			43,
			84
		],
		[
			77,
			84
		],
		[
			7,
			101
		],
		[
			7,
			113
		],
		[
			101,
			113
		],
		[
			71,
			84
		],
		[
			84,
			134
		],
		[
			71,
			134
		],
		[
			56,
			107
		],
		[
			17,
			56
		],
		[
			17,
			107
		],
		[
			72,
			81
		],
		[
			81,
			122
		],
		[
			72,
			122
		],
		[
			58,
			125
		],
		[
			1,
			58
		],
		[
			1,
			125
		],
		[
			26,
			129
		],
		[
			25,
			129
		],
		[
			25,
			26
		],
		[
			19,
			135
		],
		[
			33,
			135
		],
		[
			19,
			33
		],
		[
			17,
			92
		],
		[
			8,
			17
		],
		[
			8,
			92
		],
		[
			64,
			69
		],
		[
			64,
			130
		],
		[
			69,
			130
		],
		[
			86,
			104
		],
		[
			28,
			104
		],
		[
			28,
			86
		],
		[
			59,
			94
		],
		[
			38,
			94
		],
		[
			38,
			59
		],
		[
			79,
			122
		],
		[
			122,
			131
		],
		[
			79,
			131
		],
		[
			11,
			46
		],
		[
			28,
			46
		],
		[
			11,
			28
		],
		[
			34,
			104
		],
		[
			85,
			127
		],
		[
			13,
			127
		],
		[
			13,
			85
		],
		[
			27,
			60
		],
		[
			27,
			37
		],
		[
			37,
			60
		],
		[
			29,
			89
		],
		[
			66,
			89
		],
		[
			29,
			66
		],
		[
			14,
			77
		],
		[
			14,
			43
		],
		[
			12,
			78
		],
		[
			78,
			139
		],
		[
			12,
			139
		],
		[
			3,
			5
		],
		[
			5,
			88
		],
		[
			3,
			88
		],
		[
			62,
			106
		],
		[
			12,
			62
		],
		[
			12,
			106
		],
		[
			3,
			66
		],
		[
			3,
			89
		],
		[
			77,
			121
		],
		[
			99,
			121
		],
		[
			77,
			99
		],
		[
			62,
			70
		],
		[
			12,
			70
		],
		[
			11,
			117
		],
		[
			116,
			117
		],
		[
			11,
			116
		],
		[
			31,
			73
		],
		[
			31,
			103
		],
		[
			73,
			103
		],
		[
			18,
			50
		],
		[
			50,
			90
		],
		[
			18,
			90
		],
		[
			32,
			126
		],
		[
			45,
			126
		],
		[
			32,
			45
		],
		[
			10,
			56
		],
		[
			56,
			91
		],
		[
			10,
			91
		],
		[
			97,
			124
		],
		[
			54,
			97
		],
		[
			54,
			124
		],
		[
			13,
			66
		],
		[
			48,
			66
		],
		[
			13,
			48
		],
		[
			72,
			120
		],
		[
			54,
			72
		],
		[
			54,
			120
		],
		[
			35,
			55
		],
		[
			15,
			55
		],
		[
			15,
			35
		],
		[
			19,
			71
		],
		[
			19,
			121
		],
		[
			71,
			121
		],
		[
			31,
			47
		],
		[
			47,
			73
		],
		[
			29,
			41
		],
		[
			41,
			66
		],
		[
			48,
			85
		],
		[
			48,
			138
		],
		[
			85,
			138
		],
		[
			6,
			30
		],
		[
			6,
			68
		],
		[
			30,
			68
		],
		[
			16,
			27
		],
		[
			27,
			116
		],
		[
			16,
			116
		],
		[
			4,
			114
		],
		[
			4,
			22
		],
		[
			22,
			114
		],
		[
			47,
			90
		],
		[
			31,
			90
		],
		[
			81,
			120
		],
		[
			32,
			106
		],
		[
			106,
			126
		],
		[
			63,
			73
		],
		[
			63,
			109
		],
		[
			73,
			109
		],
		[
			34,
			65
		],
		[
			52,
			65
		],
		[
			75,
			90
		],
		[
			50,
			75
		],
		[
			39,
			105
		],
		[
			39,
			127
		],
		[
			105,
			127
		],
		[
			25,
			125
		],
		[
			25,
			58
		],
		[
			58,
			62
		],
		[
			58,
			70
		],
		[
			63,
			98
		],
		[
			63,
			67
		],
		[
			67,
			98
		],
		[
			4,
			95
		],
		[
			95,
			98
		],
		[
			4,
			98
		],
		[
			26,
			125
		],
		[
			97,
			125
		],
		[
			26,
			97
		],
		[
			87,
			123
		],
		[
			26,
			87
		],
		[
			26,
			123
		],
		[
			56,
			124
		],
		[
			17,
			124
		],
		[
			10,
			123
		],
		[
			10,
			26
		],
		[
			63,
			110
		],
		[
			67,
			110
		],
		[
			94,
			108
		],
		[
			22,
			94
		],
		[
			22,
			108
		],
		[
			106,
			140
		],
		[
			27,
			106
		],
		[
			27,
			140
		],
		[
			29,
			119
		],
		[
			29,
			111
		],
		[
			111,
			119
		],
		[
			49,
			123
		],
		[
			49,
			87
		],
		[
			70,
			78
		],
		[
			50,
			96
		],
		[
			96,
			130
		],
		[
			50,
			130
		],
		[
			16,
			140
		],
		[
			44,
			70
		],
		[
			44,
			78
		],
		[
			126,
			140
		],
		[
			9,
			140
		],
		[
			9,
			126
		],
		[
			80,
			88
		],
		[
			88,
			101
		],
		[
			80,
			101
		],
		[
			50,
			64
		],
		[
			12,
			37
		],
		[
			37,
			106
		],
		[
			63,
			133
		],
		[
			110,
			133
		],
		[
			57,
			83
		],
		[
			57,
			103
		],
		[
			83,
			103
		],
		[
			70,
			129
		],
		[
			44,
			129
		],
		[
			0,
			111
		],
		[
			0,
			24
		],
		[
			24,
			111
		],
		[
			32,
			97
		],
		[
			1,
			97
		],
		[
			1,
			32
		],
		[
			2,
			82
		],
		[
			51,
			82
		],
		[
			2,
			51
		],
		[
			18,
			96
		],
		[
			14,
			99
		],
		[
			10,
			97
		],
		[
			67,
			108
		],
		[
			98,
			108
		],
		[
			4,
			96
		],
		[
			95,
			96
		],
		[
			87,
			129
		],
		[
			44,
			87
		],
		[
			0,
			67
		],
		[
			0,
			110
		],
		[
			98,
			109
		],
		[
			72,
			79
		],
		[
			84,
			93
		],
		[
			93,
			134
		],
		[
			127,
			137
		],
		[
			85,
			137
		],
		[
			39,
			111
		],
		[
			41,
			111
		],
		[
			39,
			41
		],
		[
			114,
			130
		],
		[
			96,
			114
		],
		[
			75,
			103
		],
		[
			75,
			83
		],
		[
			10,
			124
		],
		[
			102,
			133
		],
		[
			102,
			142
		],
		[
			133,
			142
		],
		[
			52,
			128
		],
		[
			57,
			128
		],
		[
			52,
			57
		],
		[
			19,
			99
		],
		[
			21,
			120
		],
		[
			21,
			81
		],
		[
			42,
			141
		],
		[
			14,
			141
		],
		[
			14,
			42
		],
		[
			91,
			123
		],
		[
			49,
			91
		],
		[
			27,
			36
		],
		[
			36,
			116
		],
		[
			22,
			112
		],
		[
			112,
			114
		],
		[
			9,
			16
		],
		[
			52,
			119
		],
		[
			29,
			52
		],
		[
			57,
			102
		],
		[
			102,
			103
		],
		[
			5,
			100
		],
		[
			51,
			100
		],
		[
			5,
			51
		],
		[
			94,
			112
		],
		[
			94,
			136
		],
		[
			112,
			136
		],
		[
			119,
			128
		],
		[
			102,
			128
		],
		[
			128,
			142
		],
		[
			11,
			83
		],
		[
			11,
			57
		],
		[
			115,
			118
		],
		[
			68,
			115
		],
		[
			68,
			118
		],
		[
			2,
			100
		],
		[
			89,
			100
		],
		[
			2,
			89
		],
		[
			0,
			38
		],
		[
			0,
			105
		],
		[
			38,
			105
		],
		[
			30,
			115
		],
		[
			119,
			142
		],
		[
			38,
			67
		],
		[
			38,
			108
		],
		[
			31,
			75
		],
		[
			21,
			93
		],
		[
			21,
			115
		],
		[
			93,
			115
		],
		[
			83,
			117
		],
		[
			75,
			117
		],
		[
			59,
			105
		],
		[
			59,
			127
		],
		[
			36,
			60
		],
		[
			84,
			121
		],
		[
			45,
			97
		],
		[
			6,
			75
		],
		[
			6,
			16
		],
		[
			16,
			75
		],
		[
			81,
			93
		],
		[
			24,
			142
		],
		[
			24,
			133
		],
		[
			71,
			135
		],
		[
			24,
			119
		],
		[
			18,
			95
		],
		[
			18,
			109
		],
		[
			95,
			109
		],
		[
			54,
			76
		],
		[
			76,
			120
		],
		[
			73,
			102
		],
		[
			46,
			116
		],
		[
			36,
			46
		],
		[
			24,
			110
		],
		[
			16,
			117
		],
		[
			91,
			107
		],
		[
			92,
			107
		],
		[
			55,
			120
		],
		[
			35,
			120
		],
		[
			64,
			118
		],
		[
			69,
			118
		],
		[
			69,
			114
		],
		[
			19,
			42
		],
		[
			19,
			132
		],
		[
			42,
			132
		],
		[
			124,
			131
		],
		[
			17,
			131
		],
		[
			40,
			141
		],
		[
			8,
			141
		],
		[
			8,
			40
		],
		[
			46,
			86
		],
		[
			66,
			88
		],
		[
			25,
			70
		],
		[
			81,
			84
		],
		[
			21,
			35
		],
		[
			53,
			87
		],
		[
			49,
			53
		],
		[
			66,
			80
		],
		[
			6,
			64
		],
		[
			64,
			68
		],
		[
			45,
			55
		],
		[
			55,
			76
		],
		[
			45,
			76
		],
		[
			9,
			15
		],
		[
			9,
			30
		],
		[
			15,
			30
		],
		[
			3,
			100
		],
		[
			30,
			35
		],
		[
			37,
			139
		],
		[
			34,
			82
		],
		[
			65,
			82
		],
		[
			14,
			131
		],
		[
			43,
			131
		],
		[
			40,
			131
		],
		[
			14,
			40
		],
		[
			132,
			141
		],
		[
			8,
			132
		],
		[
			36,
			61
		],
		[
			46,
			61
		],
		[
			1,
			62
		],
		[
			32,
			62
		],
		[
			73,
			133
		],
		[
			6,
			50
		],
		[
			43,
			122
		],
		[
			43,
			81
		],
		[
			28,
			57
		],
		[
			42,
			99
		],
		[
			59,
			137
		],
		[
			59,
			136
		],
		[
			47,
			109
		],
		[
			18,
			47
		],
		[
			2,
			65
		],
		[
			0,
			39
		],
		[
			13,
			41
		],
		[
			5,
			20
		],
		[
			5,
			74
		],
		[
			20,
			74
		],
		[
			4,
			108
		],
		[
			7,
			88
		],
		[
			35,
			115
		],
		[
			13,
			39
		],
		[
			7,
			20
		],
		[
			20,
			113
		],
		[
			33,
			132
		],
		[
			60,
			61
		],
		[
			79,
			124
		],
		[
			5,
			7
		],
		[
			17,
			40
		],
		[
			51,
			74
		],
		[
			76,
			97
		],
		[
			44,
			53
		],
		[
			53,
			78
		],
		[
			23,
			66
		],
		[
			23,
			80
		],
		[
			55,
			126
		],
		[
			15,
			126
		],
		[
			2,
			29
		],
		[
			29,
			65
		],
		[
			93,
			118
		],
		[
			23,
			48
		],
		[
			23,
			138
		],
		[
			16,
			30
		],
		[
			54,
			79
		],
		[
			82,
			104
		]
	],
	"score": 0.5059523809523809
}