{
	"content_type": "CG_SHOP_2025_Solution",
	"instance_uid": "point-set_20_fa3fd7e0",
	"steiner_points_x": [
		1389,
		"2329/3",
		"53292085/1793762",
		"45214089/1772522",
		1896,
		281,
		1472,
		418,
		1601,
		1478,
		1730,
		462,
		877,
		1594,
		860,
		"8049239739/5005025",
		906,
		"2136951643/5005025",
		"10958863807/5005025",
		"4433325953/1791413",
		"618551669/1735633",
		1856,
		2342,
		1965,
		"4195802488/1791413"
	],
	"steiner_points_y": [
		2605,
		"73/3",
		"2863549337/1793762",
		"417937993/1772522",
		2134,
		"11855/4",
		3302,
		1152,
		273,
		1138,
		2237,
		1548,
		825,
		1648,
		1326,
		"257722777/5005025",
		1822,
		"64700849/5005025",
		"352714976/5005025",
		"1155321057/1791413",
		"5443077809/1735633",
		489,
		280,
		817,
		"501481847/1791413"
	],
	"edges": [
		[
			3,
			27
		],
		[
			27,
			32
		],
		[
			3,
			32
		],
		[
			7,
			18
		],
		[
			18,
			42
		],
		[
			7,
			42
		],
		[
			29,
			43
		],
		[
			19,
			29
		],
		[
			19,
			43
		],
		[
			27,
			31
		],
		[
			31,
			34
		],
		[
			27,
			34
		],
		[
			1,
			42
		],
		[
			42,
			44
		],
		[
			1,
			44
		],
		[
			2,
			20
		],
		[
			2,
			36
		],
		[
			20,
			36
		],
		[
			28,
			35
		],
		[
			5,
			28
		],
		[
			5,
			35
		],
		[
			24,
			33
		],
		[
			19,
			24
		],
		[
			19,
			33
		],
		[
			5,
			41
		],
		[
			7,
			41
		],
		[
			5,
			7
		],
		[
			2,
			10
		],
		[
			10,
			15
		],
		[
			2,
			15
		],
		[
			0,
			24
		],
		[
			24,
			30
		],
		[
			0,
			30
		],
		[
			17,
			41
		],
		[
			28,
			41
		],
		[
			17,
			28
		],
		[
			4,
			23
		],
		[
			4,
			27
		],
		[
			23,
			27
		],
		[
			22,
			31
		],
		[
			4,
			31
		],
		[
			4,
			22
		],
		[
			30,
			33
		],
		[
			14,
			40
		],
		[
			14,
			25
		],
		[
			25,
			40
		],
		[
			6,
			14
		],
		[
			6,
			40
		],
		[
			9,
			11
		],
		[
			9,
			36
		],
		[
			11,
			36
		],
		[
			0,
			20
		],
		[
			20,
			26
		],
		[
			0,
			26
		],
		[
			3,
			23
		],
		[
			11,
			31
		],
		[
			31,
			36
		],
		[
			39,
			42
		],
		[
			39,
			44
		],
		[
			17,
			32
		],
		[
			28,
			32
		],
		[
			18,
			39
		],
		[
			16,
			18
		],
		[
			16,
			39
		],
		[
			32,
			34
		],
		[
			18,
			19
		],
		[
			16,
			19
		],
		[
			29,
			33
		],
		[
			18,
			43
		],
		[
			12,
			23
		],
		[
			12,
			13
		],
		[
			13,
			23
		],
		[
			15,
			36
		],
		[
			3,
			21
		],
		[
			21,
			32
		],
		[
			8,
			24
		],
		[
			0,
			8
		],
		[
			1,
			5
		],
		[
			1,
			7
		],
		[
			9,
			25
		],
		[
			9,
			14
		],
		[
			20,
			30
		],
		[
			17,
			29
		],
		[
			29,
			32
		],
		[
			29,
			34
		],
		[
			5,
			38
		],
		[
			35,
			38
		],
		[
			14,
			20
		],
		[
			14,
			26
		],
		[
			15,
			31
		],
		[
			15,
			34
		],
		[
			17,
			43
		],
		[
			41,
			43
		],
		[
			12,
			37
		],
		[
			13,
			37
		],
		[
			21,
			28
		],
		[
			21,
			35
		],
		[
			1,
			38
		],
		[
			2,
			30
		],
		[
			2,
			33
		],
		[
			10,
			34
		],
		[
			10,
			29
		],
		[
			3,
			12
		],
		[
			12,
			21
		],
		[
			8,
			19
		],
		[
			8,
			16
		],
		[
			10,
			33
		],
		[
			9,
			20
		],
		[
			21,
			37
		],
		[
			18,
			41
		],
		[
			11,
			22
		],
		[
			11,
			25
		],
		[
			6,
			26
		]
	],
	"score": 0.5192307692307693
}