{
	"content_type": "CG_SHOP_2025_Solution",
	"instance_uid": "simple-polygon_250_c02755d7",
	"steiner_points_x": [
		"4598/3",
		1500,
		680,
		677,
		656,
		1518,
		"164976474/108677",
		1543,
		1614,
		2101,
		1256,
		"3962523/3770",
		740,
		"2410/3",
		1425,
		1488,
		"59259932/80665",
		"1149727873/543385",
		"17243181/7466",
		2207,
		"17477261/7466",
		"6724/3",
		2360,
		2266,
		"1626900/653",
		2996,
		1289,
		1148,
		1084,
		"27902337/18965",
		1590,
		1551,
		1553,
		2334,
		2345,
		2293,
		2054,
		"83509113/57901",
		2331,
		"15377465/6994",
		"255917520/106409",
		2835,
		"514071623/171257",
		"1074409593/380357",
		2342,
		2303,
		2617,
		"361081709/131557",
		2906,
		"62865967/20417",
		2841,
		2343,
		2134,
		1605,
		1750,
		1509,
		1425,
		1212,
		870,
		"32000/37",
		"111771731/380357",
		205,
		663,
		685,
		"22691202/37265",
		275,
		376,
		"534397/6994",
		"25450263/31237",
		"6608272/2897",
		"110092656/118213",
		671,
		678,
		"22691202/37265",
		213,
		362,
		"6746631/12181",
		430,
		362,
		"6218917/95642",
		690,
		654,
		810,
		"3089220/3917",
		"11196169/14309",
		"5714923/8458",
		"2934857/4229"
	],
	"steiner_points_y": [
		"503/3",
		1423,
		670,
		"39050/49",
		674,
		1471,
		"159878588/108677",
		1143,
		878,
		1231,
		808,
		"4069329/3770",
		715,
		"2677/3",
		922,
		907,
		"52579494/80665",
		"693737056/543385",
		"4268697/7466",
		596,
		"4797049/7466",
		"725/3",
		219,
		180,
		"199031/653",
		"699/2",
		1938,
		1402,
		1645,
		"30233416/18965",
		2494,
		2850,
		2632,
		2639,
		2439,
		1821,
		1797,
		"104157837/57901",
		1518,
		"10801799/6994",
		"150696497/106409",
		1213,
		"255232404/171257",
		"841675953/380357",
		2882,
		2872,
		3041,
		"350515649/131557",
		2607,
		"55477099/20417",
		3904,
		3450,
		3867,
		3353,
		3907,
		3379,
		3338,
		3871,
		3903,
		"145551/37",
		"1431766534/380357",
		3938,
		3162,
		2880,
		"102157201/37265",
		2629,
		2544,
		"19007187/6994",
		"88399663/31237",
		"9110716/2897",
		"307271130/118213",
		1842,
		1590,
		"52557486/37265",
		1213,
		1213,
		"8770020/12181",
		444,
		118,
		"7522833/95642",
		210,
		218,
		246,
		"1015940/3917",
		"2529890/14309",
		"4494859/8458",
		"2165120/4229"
	],
	"edges": [
		[
			13,
			33
		],
		[
			14,
			33
		],
		[
			13,
			14
		],
		[
			180,
			280
		],
		[
			46,
			280
		],
		[
			46,
			180
		],
		[
			86,
			155
		],
		[
			155,
			296
		],
		[
			86,
			296
		],
		[
			58,
			75
		],
		[
			74,
			75
		],
		[
			58,
			74
		],
		[
			211,
			260
		],
		[
			260,
			261
		],
		[
			211,
			261
		],
		[
			280,
			282
		],
		[
			164,
			282
		],
		[
			164,
			280
		],
		[
			241,
			260
		],
		[
			241,
			261
		],
		[
			86,
			294
		],
		[
			155,
			294
		],
		[
			51,
			52
		],
		[
			51,
			287
		],
		[
			52,
			287
		],
		[
			152,
			155
		],
		[
			152,
			296
		],
		[
			252,
			254
		],
		[
			253,
			254
		],
		[
			252,
			253
		],
		[
			12,
			33
		],
		[
			12,
			13
		],
		[
			79,
			284
		],
		[
			82,
			284
		],
		[
			79,
			82
		],
		[
			51,
			53
		],
		[
			53,
			287
		],
		[
			84,
			85
		],
		[
			84,
			294
		],
		[
			85,
			294
		],
		[
			50,
			53
		],
		[
			50,
			54
		],
		[
			53,
			54
		],
		[
			163,
			164
		],
		[
			163,
			280
		],
		[
			17,
			271
		],
		[
			271,
			273
		],
		[
			17,
			273
		],
		[
			55,
			286
		],
		[
			56,
			286
		],
		[
			55,
			56
		],
		[
			251,
			259
		],
		[
			257,
			259
		],
		[
			251,
			257
		],
		[
			207,
			277
		],
		[
			208,
			277
		],
		[
			207,
			208
		],
		[
			184,
			278
		],
		[
			191,
			278
		],
		[
			184,
			191
		],
		[
			211,
			257
		],
		[
			211,
			251
		],
		[
			180,
			282
		],
		[
			165,
			282
		],
		[
			164,
			165
		],
		[
			281,
			282
		],
		[
			165,
			281
		],
		[
			16,
			271
		],
		[
			16,
			17
		],
		[
			179,
			281
		],
		[
			179,
			282
		],
		[
			191,
			192
		],
		[
			191,
			206
		],
		[
			192,
			206
		],
		[
			168,
			281
		],
		[
			178,
			281
		],
		[
			168,
			178
		],
		[
			162,
			283
		],
		[
			283,
			284
		],
		[
			162,
			284
		],
		[
			257,
			258
		],
		[
			258,
			265
		],
		[
			257,
			265
		],
		[
			83,
			284
		],
		[
			83,
			283
		],
		[
			206,
			322
		],
		[
			192,
			322
		],
		[
			255,
			256
		],
		[
			41,
			255
		],
		[
			41,
			256
		],
		[
			84,
			283
		],
		[
			160,
			283
		],
		[
			84,
			160
		],
		[
			255,
			267
		],
		[
			256,
			267
		],
		[
			57,
			285
		],
		[
			58,
			285
		],
		[
			57,
			58
		],
		[
			191,
			207
		],
		[
			206,
			207
		],
		[
			61,
			288
		],
		[
			62,
			288
		],
		[
			61,
			62
		],
		[
			258,
			259
		],
		[
			14,
			32
		],
		[
			15,
			32
		],
		[
			14,
			15
		],
		[
			212,
			237
		],
		[
			212,
			254
		],
		[
			237,
			254
		],
		[
			259,
			267
		],
		[
			255,
			259
		],
		[
			63,
			288
		],
		[
			62,
			63
		],
		[
			18,
			273
		],
		[
			17,
			18
		],
		[
			253,
			262
		],
		[
			252,
			262
		],
		[
			212,
			236
		],
		[
			236,
			237
		],
		[
			238,
			254
		],
		[
			237,
			238
		],
		[
			21,
			274
		],
		[
			22,
			274
		],
		[
			21,
			22
		],
		[
			272,
			273
		],
		[
			19,
			272
		],
		[
			19,
			273
		],
		[
			49,
			54
		],
		[
			49,
			55
		],
		[
			54,
			55
		],
		[
			212,
			326
		],
		[
			236,
			326
		],
		[
			59,
			289
		],
		[
			60,
			289
		],
		[
			59,
			60
		],
		[
			271,
			272
		],
		[
			246,
			258
		],
		[
			247,
			258
		],
		[
			246,
			247
		],
		[
			12,
			269
		],
		[
			33,
			269
		],
		[
			20,
			272
		],
		[
			21,
			272
		],
		[
			20,
			21
		],
		[
			11,
			12
		],
		[
			11,
			269
		],
		[
			244,
			264
		],
		[
			264,
			265
		],
		[
			244,
			265
		],
		[
			28,
			30
		],
		[
			29,
			30
		],
		[
			28,
			29
		],
		[
			214,
			216
		],
		[
			216,
			329
		],
		[
			214,
			329
		],
		[
			37,
			269
		],
		[
			11,
			37
		],
		[
			210,
			277
		],
		[
			209,
			210
		],
		[
			209,
			277
		],
		[
			11,
			38
		],
		[
			37,
			38
		],
		[
			211,
			264
		],
		[
			260,
			264
		],
		[
			214,
			328
		],
		[
			217,
			328
		],
		[
			214,
			217
		],
		[
			107,
			141
		],
		[
			141,
			307
		],
		[
			107,
			307
		],
		[
			76,
			77
		],
		[
			76,
			284
		],
		[
			77,
			284
		],
		[
			77,
			79
		],
		[
			197,
			325
		],
		[
			198,
			325
		],
		[
			197,
			198
		],
		[
			208,
			209
		],
		[
			216,
			217
		],
		[
			257,
			264
		],
		[
			213,
			327
		],
		[
			214,
			327
		],
		[
			213,
			214
		],
		[
			15,
			272
		],
		[
			15,
			274
		],
		[
			272,
			274
		],
		[
			24,
			275
		],
		[
			24,
			28
		],
		[
			28,
			275
		],
		[
			199,
			325
		],
		[
			198,
			199
		],
		[
			86,
			297
		],
		[
			86,
			93
		],
		[
			93,
			297
		],
		[
			239,
			262
		],
		[
			262,
			266
		],
		[
			239,
			266
		],
		[
			234,
			235
		],
		[
			234,
			336
		],
		[
			235,
			336
		],
		[
			246,
			265
		],
		[
			148,
			301
		],
		[
			148,
			302
		],
		[
			301,
			302
		],
		[
			241,
			263
		],
		[
			261,
			263
		],
		[
			24,
			25
		],
		[
			24,
			26
		],
		[
			25,
			26
		],
		[
			95,
			151
		],
		[
			96,
			151
		],
		[
			95,
			96
		],
		[
			220,
			232
		],
		[
			221,
			232
		],
		[
			220,
			221
		],
		[
			24,
			30
		],
		[
			151,
			301
		],
		[
			96,
			301
		],
		[
			199,
			200
		],
		[
			199,
			324
		],
		[
			200,
			324
		],
		[
			168,
			171
		],
		[
			171,
			178
		],
		[
			26,
			275
		],
		[
			27,
			275
		],
		[
			26,
			27
		],
		[
			214,
			232
		],
		[
			232,
			328
		],
		[
			220,
			328
		],
		[
			219,
			220
		],
		[
			219,
			328
		],
		[
			148,
			150
		],
		[
			150,
			301
		],
		[
			215,
			216
		],
		[
			215,
			329
		],
		[
			161,
			283
		],
		[
			160,
			161
		],
		[
			147,
			148
		],
		[
			147,
			302
		],
		[
			223,
			330
		],
		[
			224,
			330
		],
		[
			223,
			224
		],
		[
			104,
			303
		],
		[
			303,
			304
		],
		[
			104,
			304
		],
		[
			15,
			31
		],
		[
			31,
			32
		],
		[
			222,
			331
		],
		[
			223,
			331
		],
		[
			222,
			223
		],
		[
			109,
			115
		],
		[
			115,
			308
		],
		[
			109,
			308
		],
		[
			95,
			152
		],
		[
			151,
			152
		],
		[
			233,
			335
		],
		[
			233,
			236
		],
		[
			236,
			335
		],
		[
			117,
			139
		],
		[
			139,
			312
		],
		[
			117,
			312
		],
		[
			142,
			306
		],
		[
			143,
			306
		],
		[
			142,
			143
		],
		[
			228,
			334
		],
		[
			225,
			228
		],
		[
			225,
			334
		],
		[
			23,
			30
		],
		[
			23,
			31
		],
		[
			30,
			31
		],
		[
			234,
			335
		],
		[
			335,
			336
		],
		[
			32,
			33
		],
		[
			245,
			265
		],
		[
			244,
			245
		],
		[
			303,
			305
		],
		[
			304,
			305
		],
		[
			145,
			303
		],
		[
			147,
			303
		],
		[
			145,
			147
		],
		[
			118,
			312
		],
		[
			117,
			118
		],
		[
			241,
			262
		],
		[
			262,
			263
		],
		[
			240,
			262
		],
		[
			240,
			241
		],
		[
			138,
			312
		],
		[
			138,
			139
		],
		[
			224,
			228
		],
		[
			224,
			334
		],
		[
			124,
			125
		],
		[
			124,
			133
		],
		[
			125,
			133
		],
		[
			221,
			331
		],
		[
			221,
			231
		],
		[
			231,
			331
		],
		[
			156,
			295
		],
		[
			157,
			295
		],
		[
			156,
			157
		],
		[
			178,
			179
		],
		[
			116,
			117
		],
		[
			116,
			139
		],
		[
			226,
			227
		],
		[
			226,
			332
		],
		[
			227,
			332
		],
		[
			134,
			136
		],
		[
			136,
			318
		],
		[
			134,
			318
		],
		[
			332,
			333
		],
		[
			227,
			333
		],
		[
			167,
			281
		],
		[
			165,
			167
		],
		[
			243,
			264
		],
		[
			243,
			244
		],
		[
			152,
			153
		],
		[
			153,
			155
		],
		[
			330,
			331
		],
		[
			229,
			330
		],
		[
			230,
			330
		],
		[
			229,
			230
		],
		[
			123,
			134
		],
		[
			123,
			313
		],
		[
			134,
			313
		],
		[
			242,
			260
		],
		[
			243,
			260
		],
		[
			242,
			243
		],
		[
			76,
			286
		],
		[
			76,
			285
		],
		[
			285,
			286
		],
		[
			159,
			295
		],
		[
			160,
			295
		],
		[
			159,
			160
		],
		[
			212,
			253
		],
		[
			48,
			76
		],
		[
			48,
			284
		],
		[
			135,
			318
		],
		[
			135,
			136
		],
		[
			48,
			49
		],
		[
			48,
			55
		],
		[
			124,
			314
		],
		[
			124,
			134
		],
		[
			134,
			314
		],
		[
			150,
			151
		],
		[
			138,
			313
		],
		[
			137,
			138
		],
		[
			137,
			313
		],
		[
			48,
			162
		],
		[
			46,
			183
		],
		[
			46,
			276
		],
		[
			183,
			276
		],
		[
			148,
			149
		],
		[
			149,
			150
		],
		[
			126,
			127
		],
		[
			126,
			315
		],
		[
			127,
			315
		],
		[
			48,
			163
		],
		[
			162,
			163
		],
		[
			315,
			316
		],
		[
			126,
			316
		],
		[
			47,
			280
		],
		[
			48,
			280
		],
		[
			47,
			48
		],
		[
			157,
			159
		],
		[
			153,
			319
		],
		[
			155,
			319
		],
		[
			44,
			276
		],
		[
			44,
			278
		],
		[
			276,
			278
		],
		[
			136,
			313
		],
		[
			136,
			137
		],
		[
			46,
			47
		],
		[
			145,
			146
		],
		[
			146,
			147
		],
		[
			241,
			242
		],
		[
			161,
			162
		],
		[
			153,
			154
		],
		[
			154,
			319
		],
		[
			11,
			259
		],
		[
			11,
			258
		],
		[
			158,
			159
		],
		[
			157,
			158
		],
		[
			41,
			43
		],
		[
			41,
			278
		],
		[
			43,
			278
		],
		[
			165,
			166
		],
		[
			166,
			167
		],
		[
			173,
			176
		],
		[
			174,
			176
		],
		[
			173,
			174
		],
		[
			167,
			168
		],
		[
			253,
			263
		],
		[
			168,
			170
		],
		[
			170,
			171
		],
		[
			168,
			169
		],
		[
			169,
			170
		],
		[
			172,
			177
		],
		[
			173,
			177
		],
		[
			172,
			173
		],
		[
			172,
			178
		],
		[
			171,
			172
		],
		[
			123,
			124
		],
		[
			104,
			147
		],
		[
			87,
			93
		],
		[
			92,
			93
		],
		[
			87,
			92
		],
		[
			107,
			304
		],
		[
			107,
			305
		],
		[
			144,
			303
		],
		[
			144,
			145
		],
		[
			179,
			180
		],
		[
			143,
			305
		],
		[
			305,
			306
		],
		[
			144,
			305
		],
		[
			184,
			276
		],
		[
			183,
			184
		],
		[
			107,
			306
		],
		[
			180,
			320
		],
		[
			180,
			182
		],
		[
			182,
			320
		],
		[
			143,
			144
		],
		[
			106,
			304
		],
		[
			106,
			107
		],
		[
			116,
			140
		],
		[
			139,
			140
		],
		[
			239,
			252
		],
		[
			109,
			140
		],
		[
			109,
			116
		],
		[
			1,
			3
		],
		[
			1,
			250
		],
		[
			3,
			250
		],
		[
			140,
			141
		],
		[
			140,
			307
		],
		[
			238,
			252
		],
		[
			7,
			8
		],
		[
			7,
			9
		],
		[
			8,
			9
		],
		[
			96,
			97
		],
		[
			96,
			98
		],
		[
			97,
			98
		],
		[
			193,
			322
		],
		[
			194,
			322
		],
		[
			193,
			194
		],
		[
			41,
			251
		],
		[
			210,
			251
		],
		[
			41,
			210
		],
		[
			1,
			2
		],
		[
			2,
			3
		],
		[
			236,
			327
		],
		[
			213,
			236
		],
		[
			108,
			307
		],
		[
			107,
			108
		],
		[
			90,
			91
		],
		[
			88,
			90
		],
		[
			88,
			91
		],
		[
			90,
			299
		],
		[
			89,
			90
		],
		[
			89,
			299
		],
		[
			184,
			185
		],
		[
			184,
			321
		],
		[
			185,
			321
		],
		[
			91,
			298
		],
		[
			88,
			298
		],
		[
			240,
			266
		],
		[
			1,
			6
		],
		[
			6,
			250
		],
		[
			247,
			248
		],
		[
			10,
			247
		],
		[
			10,
			248
		],
		[
			141,
			306
		],
		[
			0,
			249
		],
		[
			1,
			249
		],
		[
			0,
			1
		],
		[
			196,
			197
		],
		[
			196,
			204
		],
		[
			197,
			204
		],
		[
			9,
			248
		],
		[
			9,
			10
		],
		[
			213,
			326
		],
		[
			33,
			268
		],
		[
			268,
			269
		],
		[
			94,
			296
		],
		[
			95,
			296
		],
		[
			94,
			95
		],
		[
			92,
			298
		],
		[
			87,
			298
		],
		[
			233,
			327
		],
		[
			5,
			250
		],
		[
			3,
			5
		],
		[
			4,
			5
		],
		[
			3,
			4
		],
		[
			233,
			234
		],
		[
			93,
			296
		],
		[
			93,
			94
		],
		[
			11,
			247
		],
		[
			10,
			11
		],
		[
			109,
			307
		],
		[
			49,
			50
		],
		[
			251,
			255
		],
		[
			56,
			285
		],
		[
			56,
			57
		],
		[
			15,
			23
		],
		[
			37,
			268
		],
		[
			141,
			142
		],
		[
			75,
			285
		],
		[
			238,
			239
		],
		[
			58,
			288
		],
		[
			74,
			288
		],
		[
			87,
			297
		],
		[
			60,
			288
		],
		[
			60,
			61
		],
		[
			156,
			294
		],
		[
			155,
			156
		],
		[
			66,
			291
		],
		[
			65,
			66
		],
		[
			65,
			291
		],
		[
			245,
			246
		],
		[
			23,
			24
		],
		[
			64,
			66
		],
		[
			64,
			291
		],
		[
			231,
			232
		],
		[
			230,
			331
		],
		[
			230,
			231
		],
		[
			43,
			44
		],
		[
			48,
			286
		],
		[
			248,
			249
		],
		[
			6,
			248
		],
		[
			6,
			249
		],
		[
			75,
			76
		],
		[
			64,
			67
		],
		[
			66,
			67
		],
		[
			64,
			72
		],
		[
			67,
			72
		],
		[
			67,
			71
		],
		[
			71,
			72
		],
		[
			73,
			288
		],
		[
			63,
			73
		],
		[
			68,
			292
		],
		[
			68,
			71
		],
		[
			71,
			292
		],
		[
			7,
			248
		],
		[
			6,
			7
		],
		[
			268,
			270
		],
		[
			35,
			268
		],
		[
			35,
			270
		],
		[
			68,
			70
		],
		[
			70,
			292
		],
		[
			15,
			271
		],
		[
			294,
			295
		],
		[
			84,
			295
		],
		[
			68,
			69
		],
		[
			69,
			70
		],
		[
			77,
			78
		],
		[
			78,
			79
		],
		[
			41,
			279
		],
		[
			43,
			279
		],
		[
			64,
			290
		],
		[
			72,
			290
		],
		[
			58,
			60
		],
		[
			67,
			68
		],
		[
			50,
			51
		],
		[
			45,
			276
		],
		[
			44,
			45
		],
		[
			58,
			289
		],
		[
			63,
			72
		],
		[
			63,
			290
		],
		[
			72,
			73
		],
		[
			73,
			74
		],
		[
			218,
			328
		],
		[
			218,
			219
		],
		[
			217,
			218
		],
		[
			228,
			330
		],
		[
			228,
			332
		],
		[
			225,
			332
		],
		[
			119,
			312
		],
		[
			118,
			119
		],
		[
			221,
			222
		],
		[
			130,
			315
		],
		[
			131,
			315
		],
		[
			130,
			131
		],
		[
			225,
			226
		],
		[
			120,
			122
		],
		[
			121,
			122
		],
		[
			120,
			121
		],
		[
			122,
			138
		],
		[
			123,
			138
		],
		[
			122,
			123
		],
		[
			228,
			333
		],
		[
			119,
			120
		],
		[
			119,
			122
		],
		[
			128,
			317
		],
		[
			129,
			317
		],
		[
			128,
			129
		],
		[
			133,
			316
		],
		[
			125,
			316
		],
		[
			133,
			314
		],
		[
			127,
			130
		],
		[
			128,
			130
		],
		[
			130,
			317
		],
		[
			228,
			229
		],
		[
			125,
			126
		],
		[
			127,
			128
		],
		[
			277,
			278
		],
		[
			41,
			277
		],
		[
			122,
			312
		],
		[
			111,
			308
		],
		[
			111,
			115
		],
		[
			98,
			300
		],
		[
			99,
			300
		],
		[
			98,
			99
		],
		[
			177,
			178
		],
		[
			174,
			175
		],
		[
			175,
			176
		],
		[
			40,
			259
		],
		[
			39,
			40
		],
		[
			39,
			259
		],
		[
			18,
			19
		],
		[
			186,
			187
		],
		[
			186,
			188
		],
		[
			187,
			188
		],
		[
			210,
			211
		],
		[
			186,
			321
		],
		[
			185,
			186
		],
		[
			176,
			177
		],
		[
			207,
			278
		],
		[
			23,
			274
		],
		[
			181,
			320
		],
		[
			181,
			182
		],
		[
			188,
			321
		],
		[
			34,
			270
		],
		[
			34,
			35
		],
		[
			200,
			202
		],
		[
			202,
			324
		],
		[
			36,
			268
		],
		[
			35,
			36
		],
		[
			180,
			183
		],
		[
			182,
			183
		],
		[
			19,
			20
		],
		[
			204,
			325
		],
		[
			189,
			321
		],
		[
			188,
			189
		],
		[
			184,
			190
		],
		[
			190,
			191
		],
		[
			36,
			37
		],
		[
			196,
			322
		],
		[
			194,
			196
		],
		[
			96,
			300
		],
		[
			205,
			322
		],
		[
			205,
			206
		],
		[
			324,
			325
		],
		[
			11,
			39
		],
		[
			194,
			195
		],
		[
			195,
			196
		],
		[
			101,
			301
		],
		[
			102,
			301
		],
		[
			101,
			102
		],
		[
			40,
			267
		],
		[
			103,
			302
		],
		[
			104,
			302
		],
		[
			103,
			104
		],
		[
			200,
			201
		],
		[
			201,
			202
		],
		[
			38,
			39
		],
		[
			308,
			309
		],
		[
			111,
			309
		],
		[
			105,
			304
		],
		[
			105,
			106
		],
		[
			42,
			279
		],
		[
			42,
			43
		],
		[
			196,
			323
		],
		[
			196,
			205
		],
		[
			205,
			323
		],
		[
			45,
			46
		],
		[
			96,
			101
		],
		[
			101,
			300
		],
		[
			203,
			204
		],
		[
			203,
			325
		],
		[
			204,
			323
		],
		[
			100,
			300
		],
		[
			100,
			101
		],
		[
			79,
			80
		],
		[
			79,
			81
		],
		[
			80,
			81
		],
		[
			88,
			299
		],
		[
			232,
			327
		],
		[
			232,
			233
		],
		[
			104,
			105
		],
		[
			102,
			302
		],
		[
			132,
			133
		],
		[
			132,
			316
		],
		[
			91,
			92
		],
		[
			111,
			310
		],
		[
			115,
			310
		],
		[
			190,
			321
		],
		[
			189,
			190
		],
		[
			112,
			310
		],
		[
			114,
			310
		],
		[
			112,
			114
		],
		[
			114,
			311
		],
		[
			112,
			311
		],
		[
			99,
			100
		],
		[
			108,
			109
		],
		[
			83,
			84
		],
		[
			82,
			83
		],
		[
			102,
			103
		],
		[
			131,
			316
		],
		[
			85,
			86
		],
		[
			79,
			293
		],
		[
			81,
			293
		],
		[
			111,
			112
		],
		[
			82,
			293
		],
		[
			109,
			110
		],
		[
			110,
			308
		],
		[
			192,
			193
		],
		[
			113,
			114
		],
		[
			113,
			311
		],
		[
			110,
			309
		],
		[
			115,
			116
		]
	],
	"score": 0.5056818181818182
}