{
	"content_type": "CG_SHOP_2025_Solution",
	"instance_uid": "simple-polygon_80_7b8f6c4c",
	"steiner_points_x": [
		5877,
		7433,
		"133245153/19897",
		5836,
		6717,
		6968,
		5657,
		6740,
		7434,
		924,
		983,
		7715,
		5877,
		6981,
		6552,
		"16300/3",
		8050,
		7265,
		"143696637/19897",
		7175,
		8050,
		7229,
		600,
		"4600/17",
		6951,
		6737,
		1152,
		"116073750/19897",
		7399,
		7650,
		"82062075/11617",
		6713,
		8050,
		"21930306/19897",
		5704,
		200,
		894,
		7649,
		1159,
		"76635015/11617",
		727,
		688,
		7138,
		222,
		1161,
		7167,
		200,
		400,
		7599,
		928,
		920
	],
	"steiner_points_y": [
		4980,
		1700,
		"134761532/19897",
		5646,
		6059,
		2609,
		3346,
		1798,
		6322,
		4000,
		4298,
		3498,
		6132,
		2354,
		6438,
		"5200/3",
		3650,
		1825,
		"135058028/19897",
		5682,
		6600,
		6542,
		200,
		"24100/17",
		4401,
		5328,
		5872,
		"134274400/19897",
		5349,
		2300,
		"13995975/11617",
		2341,
		2100,
		"131603664/19897",
		3583,
		6800,
		5850,
		1500,
		4942,
		"15755091/11617",
		4254,
		4483,
		3687,
		721,
		6041,
		3264,
		721,
		6600,
		3132,
		5950,
		6017
	],
	"edges": [
		[
			82,
			101
		],
		[
			94,
			101
		],
		[
			82,
			94
		],
		[
			7,
			109
		],
		[
			93,
			109
		],
		[
			7,
			93
		],
		[
			30,
			100
		],
		[
			32,
			100
		],
		[
			30,
			32
		],
		[
			52,
			68
		],
		[
			54,
			68
		],
		[
			52,
			54
		],
		[
			104,
			105
		],
		[
			105,
			108
		],
		[
			104,
			108
		],
		[
			29,
			100
		],
		[
			29,
			30
		],
		[
			64,
			103
		],
		[
			56,
			103
		],
		[
			56,
			64
		],
		[
			55,
			68
		],
		[
			54,
			55
		],
		[
			20,
			104
		],
		[
			20,
			108
		],
		[
			57,
			58
		],
		[
			57,
			123
		],
		[
			58,
			123
		],
		[
			88,
			101
		],
		[
			33,
			101
		],
		[
			33,
			88
		],
		[
			123,
			126
		],
		[
			58,
			126
		],
		[
			55,
			66
		],
		[
			56,
			66
		],
		[
			55,
			56
		],
		[
			72,
			77
		],
		[
			72,
			78
		],
		[
			77,
			78
		],
		[
			104,
			114
		],
		[
			104,
			122
		],
		[
			114,
			122
		],
		[
			116,
			118
		],
		[
			42,
			118
		],
		[
			42,
			116
		],
		[
			57,
			64
		],
		[
			57,
			103
		],
		[
			73,
			75
		],
		[
			73,
			76
		],
		[
			75,
			76
		],
		[
			2,
			117
		],
		[
			3,
			117
		],
		[
			2,
			3
		],
		[
			80,
			105
		],
		[
			80,
			104
		],
		[
			60,
			62
		],
		[
			62,
			102
		],
		[
			60,
			102
		],
		[
			62,
			123
		],
		[
			60,
			123
		],
		[
			57,
			62
		],
		[
			61,
			102
		],
		[
			60,
			61
		],
		[
			50,
			69
		],
		[
			50,
			70
		],
		[
			69,
			70
		],
		[
			57,
			63
		],
		[
			62,
			63
		],
		[
			73,
			77
		],
		[
			76,
			77
		],
		[
			63,
			64
		],
		[
			3,
			109
		],
		[
			5,
			109
		],
		[
			3,
			5
		],
		[
			56,
			65
		],
		[
			64,
			65
		],
		[
			73,
			74
		],
		[
			74,
			75
		],
		[
			65,
			66
		],
		[
			66,
			68
		],
		[
			67,
			68
		],
		[
			66,
			67
		],
		[
			99,
			108
		],
		[
			99,
			105
		],
		[
			106,
			129
		],
		[
			106,
			116
		],
		[
			116,
			129
		],
		[
			25,
			108
		],
		[
			20,
			25
		],
		[
			87,
			95
		],
		[
			87,
			119
		],
		[
			95,
			119
		],
		[
			71,
			78
		],
		[
			71,
			79
		],
		[
			78,
			79
		],
		[
			3,
			112
		],
		[
			5,
			112
		],
		[
			5,
			7
		],
		[
			2,
			71
		],
		[
			2,
			79
		],
		[
			91,
			96
		],
		[
			13,
			91
		],
		[
			13,
			96
		],
		[
			80,
			114
		],
		[
			113,
			124
		],
		[
			124,
			130
		],
		[
			113,
			130
		],
		[
			87,
			110
		],
		[
			87,
			97
		],
		[
			97,
			110
		],
		[
			91,
			122
		],
		[
			13,
			122
		],
		[
			90,
			114
		],
		[
			86,
			114
		],
		[
			86,
			90
		],
		[
			40,
			127
		],
		[
			38,
			40
		],
		[
			38,
			127
		],
		[
			15,
			18
		],
		[
			15,
			19
		],
		[
			18,
			19
		],
		[
			86,
			95
		],
		[
			86,
			111
		],
		[
			95,
			111
		],
		[
			14,
			104
		],
		[
			14,
			122
		],
		[
			87,
			111
		],
		[
			83,
			106
		],
		[
			83,
			118
		],
		[
			106,
			118
		],
		[
			110,
			119
		],
		[
			124,
			129
		],
		[
			129,
			130
		],
		[
			22,
			24
		],
		[
			22,
			25
		],
		[
			24,
			25
		],
		[
			10,
			96
		],
		[
			11,
			96
		],
		[
			10,
			11
		],
		[
			114,
			125
		],
		[
			86,
			125
		],
		[
			37,
			115
		],
		[
			36,
			37
		],
		[
			36,
			115
		],
		[
			37,
			127
		],
		[
			37,
			38
		],
		[
			41,
			129
		],
		[
			41,
			116
		],
		[
			45,
			48
		],
		[
			46,
			48
		],
		[
			45,
			46
		],
		[
			21,
			22
		],
		[
			21,
			25
		],
		[
			32,
			88
		],
		[
			32,
			33
		],
		[
			41,
			42
		],
		[
			9,
			122
		],
		[
			9,
			91
		],
		[
			34,
			127
		],
		[
			35,
			127
		],
		[
			34,
			35
		],
		[
			98,
			101
		],
		[
			33,
			98
		],
		[
			9,
			125
		],
		[
			122,
			125
		],
		[
			107,
			124
		],
		[
			107,
			113
		],
		[
			85,
			125
		],
		[
			85,
			86
		],
		[
			86,
			89
		],
		[
			89,
			95
		],
		[
			71,
			72
		],
		[
			26,
			32
		],
		[
			26,
			88
		],
		[
			89,
			90
		],
		[
			84,
			88
		],
		[
			84,
			101
		],
		[
			9,
			128
		],
		[
			125,
			128
		],
		[
			14,
			15
		],
		[
			14,
			19
		],
		[
			90,
			120
		],
		[
			89,
			120
		],
		[
			43,
			118
		],
		[
			118,
			121
		],
		[
			43,
			121
		],
		[
			10,
			91
		],
		[
			84,
			94
		],
		[
			41,
			130
		],
		[
			26,
			27
		],
		[
			27,
			32
		],
		[
			42,
			43
		],
		[
			34,
			130
		],
		[
			34,
			41
		],
		[
			115,
			127
		],
		[
			35,
			115
		],
		[
			93,
			97
		],
		[
			97,
			109
		],
		[
			71,
			117
		],
		[
			88,
			99
		],
		[
			84,
			99
		],
		[
			106,
			124
		],
		[
			83,
			124
		],
		[
			81,
			109
		],
		[
			81,
			97
		],
		[
			114,
			118
		],
		[
			80,
			118
		],
		[
			34,
			40
		],
		[
			40,
			41
		],
		[
			19,
			104
		],
		[
			50,
			51
		],
		[
			50,
			52
		],
		[
			51,
			52
		],
		[
			72,
			73
		],
		[
			13,
			14
		],
		[
			27,
			100
		],
		[
			83,
			84
		],
		[
			83,
			92
		],
		[
			84,
			92
		],
		[
			26,
			108
		],
		[
			25,
			26
		],
		[
			92,
			94
		],
		[
			120,
			121
		],
		[
			48,
			120
		],
		[
			48,
			121
		],
		[
			85,
			93
		],
		[
			93,
			111
		],
		[
			85,
			111
		],
		[
			92,
			124
		],
		[
			28,
			100
		],
		[
			28,
			29
		],
		[
			3,
			81
		],
		[
			81,
			117
		],
		[
			15,
			16
		],
		[
			15,
			17
		],
		[
			16,
			17
		],
		[
			8,
			128
		],
		[
			8,
			9
		],
		[
			49,
			89
		],
		[
			70,
			89
		],
		[
			49,
			70
		],
		[
			5,
			6
		],
		[
			6,
			7
		],
		[
			92,
			107
		],
		[
			80,
			83
		],
		[
			87,
			93
		],
		[
			19,
			20
		],
		[
			90,
			118
		],
		[
			20,
			21
		],
		[
			82,
			98
		],
		[
			84,
			105
		],
		[
			83,
			105
		],
		[
			49,
			50
		],
		[
			39,
			40
		],
		[
			38,
			39
		],
		[
			85,
			128
		],
		[
			30,
			31
		],
		[
			31,
			32
		],
		[
			49,
			120
		],
		[
			27,
			28
		],
		[
			90,
			121
		],
		[
			45,
			121
		],
		[
			43,
			45
		],
		[
			17,
			18
		],
		[
			0,
			79
		],
		[
			1,
			79
		],
		[
			0,
			1
		],
		[
			34,
			113
		],
		[
			71,
			110
		],
		[
			110,
			117
		],
		[
			94,
			107
		],
		[
			82,
			107
		],
		[
			70,
			95
		],
		[
			59,
			123
		],
		[
			59,
			60
		],
		[
			81,
			110
		],
		[
			22,
			23
		],
		[
			23,
			24
		],
		[
			26,
			99
		],
		[
			1,
			2
		],
		[
			52,
			69
		],
		[
			68,
			69
		],
		[
			11,
			12
		],
		[
			12,
			96
		],
		[
			59,
			126
		],
		[
			48,
			49
		],
		[
			4,
			112
		],
		[
			4,
			5
		],
		[
			7,
			85
		],
		[
			7,
			128
		],
		[
			43,
			44
		],
		[
			44,
			45
		],
		[
			9,
			10
		],
		[
			47,
			48
		],
		[
			46,
			47
		],
		[
			53,
			54
		],
		[
			52,
			53
		],
		[
			7,
			8
		]
	],
	"score": 0.5096153846153846
}