{
	"content_type": "CG_SHOP_2025_Solution",
	"instance_uid": "simple-polygon_60_17af118a",
	"steiner_points_x": [
		1607,
		"54097577/138745",
		3346,
		1002,
		2576,
		"147694082/318833",
		3247,
		3672,
		3713,
		2785,
		952,
		2640,
		"23181492/199589",
		3452,
		"966185747/643525",
		328,
		1225,
		2834,
		"784692347/643525"
	],
	"steiner_points_y": [
		1508,
		"98605466/138745",
		1316,
		1161,
		814,
		"94468576/318833",
		1582,
		1684,
		1262,
		361,
		948,
		496,
		"57857728/199589",
		1458,
		"147481104/643525",
		385,
		448,
		1242,
		"283459804/643525"
	],
	"edges": [
		[
			62,
			73
		],
		[
			68,
			73
		],
		[
			62,
			68
		],
		[
			53,
			71
		],
		[
			64,
			71
		],
		[
			53,
			64
		],
		[
			74,
			76
		],
		[
			39,
			76
		],
		[
			39,
			74
		],
		[
			32,
			65
		],
		[
			32,
			36
		],
		[
			36,
			65
		],
		[
			56,
			68
		],
		[
			56,
			62
		],
		[
			56,
			59
		],
		[
			59,
			68
		],
		[
			36,
			61
		],
		[
			37,
			61
		],
		[
			36,
			37
		],
		[
			56,
			58
		],
		[
			58,
			59
		],
		[
			72,
			75
		],
		[
			35,
			75
		],
		[
			35,
			72
		],
		[
			56,
			57
		],
		[
			57,
			58
		],
		[
			10,
			56
		],
		[
			10,
			62
		],
		[
			4,
			73
		],
		[
			66,
			73
		],
		[
			4,
			66
		],
		[
			15,
			46
		],
		[
			15,
			64
		],
		[
			46,
			64
		],
		[
			32,
			75
		],
		[
			65,
			75
		],
		[
			34,
			35
		],
		[
			34,
			72
		],
		[
			35,
			65
		],
		[
			10,
			55
		],
		[
			55,
			77
		],
		[
			10,
			77
		],
		[
			40,
			76
		],
		[
			39,
			40
		],
		[
			46,
			47
		],
		[
			46,
			71
		],
		[
			47,
			71
		],
		[
			47,
			69
		],
		[
			48,
			69
		],
		[
			47,
			48
		],
		[
			50,
			69
		],
		[
			51,
			69
		],
		[
			50,
			51
		],
		[
			22,
			29
		],
		[
			25,
			29
		],
		[
			22,
			25
		],
		[
			43,
			44
		],
		[
			43,
			60
		],
		[
			44,
			60
		],
		[
			13,
			54
		],
		[
			54,
			64
		],
		[
			13,
			64
		],
		[
			32,
			33
		],
		[
			33,
			75
		],
		[
			40,
			41
		],
		[
			37,
			40
		],
		[
			37,
			41
		],
		[
			21,
			63
		],
		[
			29,
			63
		],
		[
			21,
			29
		],
		[
			37,
			76
		],
		[
			29,
			70
		],
		[
			30,
			70
		],
		[
			29,
			30
		],
		[
			38,
			74
		],
		[
			38,
			39
		],
		[
			12,
			77
		],
		[
			13,
			77
		],
		[
			12,
			13
		],
		[
			41,
			70
		],
		[
			37,
			70
		],
		[
			45,
			60
		],
		[
			44,
			45
		],
		[
			54,
			77
		],
		[
			54,
			55
		],
		[
			53,
			54
		],
		[
			48,
			49
		],
		[
			48,
			50
		],
		[
			49,
			50
		],
		[
			21,
			43
		],
		[
			43,
			63
		],
		[
			15,
			18
		],
		[
			15,
			45
		],
		[
			18,
			45
		],
		[
			42,
			63
		],
		[
			42,
			43
		],
		[
			14,
			15
		],
		[
			14,
			64
		],
		[
			41,
			42
		],
		[
			41,
			63
		],
		[
			69,
			71
		],
		[
			52,
			71
		],
		[
			52,
			69
		],
		[
			74,
			78
		],
		[
			76,
			78
		],
		[
			2,
			67
		],
		[
			1,
			2
		],
		[
			1,
			67
		],
		[
			37,
			78
		],
		[
			0,
			67
		],
		[
			0,
			1
		],
		[
			13,
			14
		],
		[
			55,
			56
		],
		[
			0,
			73
		],
		[
			67,
			73
		],
		[
			51,
			52
		],
		[
			3,
			67
		],
		[
			2,
			3
		],
		[
			20,
			60
		],
		[
			19,
			20
		],
		[
			19,
			60
		],
		[
			4,
			67
		],
		[
			63,
			70
		],
		[
			4,
			5
		],
		[
			4,
			6
		],
		[
			5,
			6
		],
		[
			9,
			62
		],
		[
			9,
			10
		],
		[
			9,
			66
		],
		[
			9,
			73
		],
		[
			21,
			60
		],
		[
			30,
			37
		],
		[
			18,
			60
		],
		[
			18,
			19
		],
		[
			31,
			37
		],
		[
			30,
			31
		],
		[
			0,
			68
		],
		[
			0,
			59
		],
		[
			4,
			7
		],
		[
			7,
			66
		],
		[
			22,
			23
		],
		[
			22,
			24
		],
		[
			23,
			24
		],
		[
			6,
			7
		],
		[
			8,
			66
		],
		[
			7,
			8
		],
		[
			32,
			61
		],
		[
			3,
			4
		],
		[
			20,
			21
		],
		[
			11,
			77
		],
		[
			11,
			12
		],
		[
			21,
			22
		],
		[
			24,
			25
		],
		[
			52,
			53
		],
		[
			45,
			46
		],
		[
			25,
			27
		],
		[
			27,
			29
		],
		[
			15,
			16
		],
		[
			16,
			18
		],
		[
			28,
			29
		],
		[
			27,
			28
		],
		[
			25,
			26
		],
		[
			26,
			27
		],
		[
			10,
			11
		],
		[
			31,
			61
		],
		[
			33,
			72
		],
		[
			17,
			18
		],
		[
			16,
			17
		],
		[
			8,
			9
		]
	],
	"score": 0.525
}