{
	"content_type": "CG_SHOP_2025_Solution",
	"instance_uid": "simple-polygon-exterior_20_c820ed5d",
	"steiner_points_x": [
		"192042/49",
		"6181271504/5079421",
		"1075401024/534097",
		"15436051083/12734081",
		"25150725955/12734081",
		1022,
		"23294244785/12734081",
		"29929281367/12734081",
		2521,
		"248867498/72845",
		"11135764478/5079421",
		2238,
		3410,
		"44156152532/12734081",
		1193,
		"108029417/333122",
		"13031967937/12734081",
		3184,
		"79360886765814/303429670213",
		301,
		368,
		"1917043506/641513",
		"2931/2",
		"38063012849/12734081",
		"1735011527/1821733",
		"1745/7",
		"7604353114/1994009",
		"37444776718/9558367",
		309,
		"560699717/1821733",
		"97459140425114/25340701435",
		"1242069286648925785514/322690544670106235"
	],
	"steiner_points_y": [
		"169978/245",
		"6256949866/5079421",
		"392891475/534097",
		"3301733159/12734081",
		"4011431239/12734081",
		454,
		"3875807439/12734081",
		"4360524919/12734081",
		1054,
		"137839326/72845",
		"7901498726/5079421",
		1418,
		1814,
		"5399858019/12734081",
		474,
		"182185003/333122",
		"3126104719/12734081",
		852,
		"153319194471916/303429670213",
		439,
		481,
		"341614475/641513",
		"3943/3",
		"4954728399/12734081",
		"1955019713/1821733",
		"1565/3",
		"3230256251/1994009",
		"6629459093/9558367",
		566,
		"1033925798/1821733",
		"163083691879921/329429118655",
		"29166145882085716485/64538108934021247"
	],
	"edges": [
		[
			5,
			6
		],
		[
			6,
			25
		],
		[
			5,
			25
		],
		[
			0,
			50
		],
		[
			0,
			51
		],
		[
			50,
			51
		],
		[
			7,
			8
		],
		[
			6,
			7
		],
		[
			6,
			8
		],
		[
			14,
			31
		],
		[
			22,
			31
		],
		[
			14,
			22
		],
		[
			5,
			26
		],
		[
			4,
			5
		],
		[
			4,
			26
		],
		[
			16,
			32
		],
		[
			16,
			17
		],
		[
			17,
			32
		],
		[
			1,
			19
		],
		[
			19,
			47
		],
		[
			1,
			47
		],
		[
			13,
			14
		],
		[
			13,
			42
		],
		[
			14,
			42
		],
		[
			11,
			35
		],
		[
			35,
			44
		],
		[
			11,
			44
		],
		[
			17,
			29
		],
		[
			29,
			32
		],
		[
			14,
			34
		],
		[
			4,
			14
		],
		[
			4,
			34
		],
		[
			31,
			42
		],
		[
			19,
			20
		],
		[
			19,
			46
		],
		[
			20,
			46
		],
		[
			5,
			23
		],
		[
			23,
			26
		],
		[
			33,
			51
		],
		[
			33,
			50
		],
		[
			16,
			28
		],
		[
			15,
			16
		],
		[
			15,
			28
		],
		[
			13,
			21
		],
		[
			21,
			42
		],
		[
			6,
			36
		],
		[
			8,
			36
		],
		[
			6,
			23
		],
		[
			18,
			32
		],
		[
			18,
			19
		],
		[
			19,
			32
		],
		[
			32,
			37
		],
		[
			19,
			37
		],
		[
			30,
			42
		],
		[
			30,
			31
		],
		[
			11,
			12
		],
		[
			12,
			13
		],
		[
			11,
			13
		],
		[
			35,
			48
		],
		[
			44,
			48
		],
		[
			11,
			40
		],
		[
			35,
			40
		],
		[
			17,
			31
		],
		[
			17,
			30
		],
		[
			18,
			29
		],
		[
			18,
			46
		],
		[
			2,
			24
		],
		[
			2,
			27
		],
		[
			24,
			27
		],
		[
			48,
			49
		],
		[
			44,
			49
		],
		[
			12,
			21
		],
		[
			16,
			37
		],
		[
			45,
			49
		],
		[
			45,
			48
		],
		[
			16,
			41
		],
		[
			15,
			41
		],
		[
			28,
			31
		],
		[
			22,
			28
		],
		[
			17,
			28
		],
		[
			11,
			34
		],
		[
			25,
			34
		],
		[
			11,
			25
		],
		[
			2,
			15
		],
		[
			2,
			41
		],
		[
			3,
			4
		],
		[
			3,
			26
		],
		[
			8,
			9
		],
		[
			7,
			9
		],
		[
			13,
			34
		],
		[
			5,
			34
		],
		[
			10,
			39
		],
		[
			9,
			39
		],
		[
			9,
			10
		],
		[
			0,
			47
		],
		[
			20,
			47
		],
		[
			0,
			20
		],
		[
			7,
			39
		],
		[
			23,
			36
		],
		[
			33,
			41
		],
		[
			33,
			43
		],
		[
			41,
			43
		],
		[
			15,
			22
		],
		[
			38,
			48
		],
		[
			38,
			45
		],
		[
			1,
			37
		],
		[
			35,
			38
		],
		[
			38,
			39
		],
		[
			38,
			40
		],
		[
			39,
			40
		],
		[
			7,
			40
		],
		[
			6,
			40
		],
		[
			10,
			38
		],
		[
			10,
			45
		],
		[
			1,
			33
		],
		[
			1,
			50
		],
		[
			1,
			41
		],
		[
			37,
			41
		],
		[
			12,
			44
		],
		[
			47,
			50
		],
		[
			3,
			24
		],
		[
			2,
			3
		],
		[
			25,
			40
		],
		[
			3,
			15
		],
		[
			3,
			22
		],
		[
			2,
			43
		],
		[
			27,
			43
		],
		[
			4,
			22
		],
		[
			24,
			26
		]
	],
	"score": 0.5151515151515151
}