{
	"content_type": "CG_SHOP_2025_Solution",
	"instance_uid": "simple-polygon_60_0347cd75",
	"steiner_points_x": [
		"10891/3",
		"5415688/5017",
		704,
		3492,
		1099,
		1342,
		1247,
		1268,
		"335710760/101389",
		"241302793/188786",
		823,
		1524,
		1531,
		3501,
		103,
		2662,
		1795,
		321,
		892,
		"113988512/257053",
		1168,
		1077,
		3660,
		1068,
		972,
		419,
		1110,
		493,
		"16405466/192389",
		3520,
		3659,
		"456302491/132553",
		157,
		1212,
		1697,
		"43491374/37217",
		670,
		943,
		"243214779/115354",
		2075,
		628,
		608,
		347,
		"1648893/13922",
		3413,
		3403,
		1921,
		1935,
		"4058377/57829",
		3337,
		"3896705/1186",
		263,
		1406,
		3320,
		"85123534/167185",
		"123870304/94393",
		3560,
		"12577063/33437",
		"5943/2",
		"21645675/6466",
		"6625/2",
		3171,
		"714164709/185741",
		3222,
		3397,
		3384,
		"3974795/1186"
	],
	"steiner_points_y": [
		1770,
		"9331688/5017",
		1667,
		1350,
		1722,
		733,
		1614,
		1333,
		"14714363/101389",
		"331539253/188786",
		857,
		460,
		1039,
		825,
		721,
		1183,
		1276,
		692,
		925,
		"463991762/257053",
		1533,
		924,
		1223,
		746,
		709,
		1037,
		1646,
		483,
		"340899714/192389",
		1066,
		1519,
		"25186031/132553",
		451,
		1738,
		677,
		"17922412/37217",
		1147,
		1420,
		"200537417/115354",
		944,
		597,
		745,
		840,
		"7167723/13922",
		1245,
		1439,
		955,
		1119,
		"36991862/57829",
		1303,
		"1574863/1186",
		845,
		1411,
		239,
		"210408418/167185",
		"154041607/94393",
		1098,
		"35667914/33437",
		497,
		"1753777/6466",
		"2767/2",
		414,
		"261510892/185741",
		539,
		1496,
		1402,
		"1736249/1186"
	],
	"edges": [
		[
			9,
			88
		],
		[
			9,
			11
		],
		[
			11,
			88
		],
		[
			30,
			71
		],
		[
			29,
			30
		],
		[
			29,
			71
		],
		[
			70,
			101
		],
		[
			96,
			101
		],
		[
			70,
			96
		],
		[
			57,
			107
		],
		[
			56,
			57
		],
		[
			56,
			107
		],
		[
			113,
			119
		],
		[
			91,
			119
		],
		[
			91,
			113
		],
		[
			70,
			78
		],
		[
			78,
			84
		],
		[
			70,
			84
		],
		[
			7,
			64
		],
		[
			64,
			86
		],
		[
			7,
			86
		],
		[
			7,
			97
		],
		[
			62,
			97
		],
		[
			7,
			62
		],
		[
			82,
			122
		],
		[
			82,
			90
		],
		[
			90,
			122
		],
		[
			13,
			97
		],
		[
			13,
			62
		],
		[
			81,
			97
		],
		[
			78,
			81
		],
		[
			78,
			97
		],
		[
			43,
			73
		],
		[
			73,
			89
		],
		[
			43,
			89
		],
		[
			9,
			10
		],
		[
			10,
			88
		],
		[
			118,
			121
		],
		[
			118,
			123
		],
		[
			121,
			123
		],
		[
			37,
			40
		],
		[
			40,
			113
		],
		[
			37,
			113
		],
		[
			40,
			119
		],
		[
			31,
			99
		],
		[
			33,
			99
		],
		[
			31,
			33
		],
		[
			19,
			77
		],
		[
			77,
			87
		],
		[
			19,
			87
		],
		[
			96,
			114
		],
		[
			85,
			96
		],
		[
			85,
			114
		],
		[
			74,
			108
		],
		[
			19,
			74
		],
		[
			19,
			108
		],
		[
			27,
			83
		],
		[
			27,
			95
		],
		[
			83,
			95
		],
		[
			36,
			118
		],
		[
			36,
			121
		],
		[
			34,
			55
		],
		[
			34,
			56
		],
		[
			55,
			56
		],
		[
			17,
			74
		],
		[
			18,
			74
		],
		[
			17,
			18
		],
		[
			27,
			28
		],
		[
			27,
			71
		],
		[
			28,
			71
		],
		[
			22,
			87
		],
		[
			23,
			87
		],
		[
			22,
			23
		],
		[
			72,
			112
		],
		[
			67,
			72
		],
		[
			67,
			112
		],
		[
			52,
			73
		],
		[
			52,
			89
		],
		[
			37,
			121
		],
		[
			40,
			121
		],
		[
			65,
			83
		],
		[
			81,
			83
		],
		[
			65,
			81
		],
		[
			43,
			116
		],
		[
			44,
			116
		],
		[
			43,
			44
		],
		[
			63,
			90
		],
		[
			63,
			105
		],
		[
			90,
			105
		],
		[
			67,
			81
		],
		[
			72,
			81
		],
		[
			14,
			102
		],
		[
			102,
			111
		],
		[
			14,
			111
		],
		[
			77,
			111
		],
		[
			74,
			77
		],
		[
			74,
			111
		],
		[
			25,
			84
		],
		[
			26,
			84
		],
		[
			25,
			26
		],
		[
			41,
			73
		],
		[
			42,
			73
		],
		[
			41,
			42
		],
		[
			64,
			93
		],
		[
			61,
			64
		],
		[
			61,
			93
		],
		[
			63,
			82
		],
		[
			78,
			83
		],
		[
			83,
			84
		],
		[
			49,
			90
		],
		[
			49,
			60
		],
		[
			60,
			90
		],
		[
			31,
			71
		],
		[
			30,
			31
		],
		[
			45,
			82
		],
		[
			45,
			63
		],
		[
			47,
			90
		],
		[
			47,
			122
		],
		[
			34,
			75
		],
		[
			35,
			75
		],
		[
			34,
			35
		],
		[
			85,
			102
		],
		[
			85,
			101
		],
		[
			101,
			102
		],
		[
			19,
			92
		],
		[
			19,
			22
		],
		[
			22,
			92
		],
		[
			65,
			72
		],
		[
			84,
			95
		],
		[
			26,
			95
		],
		[
			18,
			108
		],
		[
			23,
			100
		],
		[
			24,
			100
		],
		[
			23,
			24
		],
		[
			89,
			116
		],
		[
			89,
			104
		],
		[
			104,
			116
		],
		[
			68,
			113
		],
		[
			37,
			68
		],
		[
			46,
			82
		],
		[
			46,
			122
		],
		[
			27,
			65
		],
		[
			49,
			124
		],
		[
			50,
			124
		],
		[
			49,
			50
		],
		[
			67,
			97
		],
		[
			78,
			96
		],
		[
			9,
			12
		],
		[
			11,
			12
		],
		[
			15,
			111
		],
		[
			16,
			111
		],
		[
			15,
			16
		],
		[
			90,
			124
		],
		[
			20,
			92
		],
		[
			21,
			92
		],
		[
			20,
			21
		],
		[
			2,
			76
		],
		[
			76,
			112
		],
		[
			2,
			112
		],
		[
			31,
			32
		],
		[
			32,
			33
		],
		[
			45,
			46
		],
		[
			42,
			43
		],
		[
			125,
			126
		],
		[
			105,
			126
		],
		[
			105,
			125
		],
		[
			16,
			17
		],
		[
			16,
			74
		],
		[
			24,
			84
		],
		[
			24,
			25
		],
		[
			20,
			103
		],
		[
			92,
			103
		],
		[
			53,
			75
		],
		[
			54,
			75
		],
		[
			53,
			54
		],
		[
			28,
			29
		],
		[
			63,
			109
		],
		[
			109,
			125
		],
		[
			63,
			125
		],
		[
			109,
			120
		],
		[
			109,
			110
		],
		[
			110,
			120
		],
		[
			38,
			113
		],
		[
			38,
			68
		],
		[
			12,
			13
		],
		[
			12,
			62
		],
		[
			72,
			94
		],
		[
			72,
			106
		],
		[
			94,
			106
		],
		[
			106,
			107
		],
		[
			99,
			107
		],
		[
			99,
			106
		],
		[
			24,
			70
		],
		[
			87,
			100
		],
		[
			45,
			104
		],
		[
			63,
			104
		],
		[
			36,
			37
		],
		[
			13,
			96
		],
		[
			13,
			114
		],
		[
			55,
			75
		],
		[
			54,
			55
		],
		[
			3,
			115
		],
		[
			3,
			66
		],
		[
			66,
			115
		],
		[
			96,
			97
		],
		[
			69,
			93
		],
		[
			4,
			93
		],
		[
			4,
			69
		],
		[
			77,
			102
		],
		[
			77,
			101
		],
		[
			48,
			49
		],
		[
			48,
			60
		],
		[
			80,
			97
		],
		[
			67,
			80
		],
		[
			52,
			53
		],
		[
			52,
			75
		],
		[
			47,
			60
		],
		[
			45,
			116
		],
		[
			51,
			105
		],
		[
			51,
			126
		],
		[
			3,
			80
		],
		[
			3,
			67
		],
		[
			58,
			76
		],
		[
			2,
			58
		],
		[
			31,
			106
		],
		[
			31,
			94
		],
		[
			14,
			15
		],
		[
			52,
			104
		],
		[
			100,
			101
		],
		[
			24,
			101
		],
		[
			52,
			109
		],
		[
			52,
			110
		],
		[
			1,
			58
		],
		[
			58,
			98
		],
		[
			1,
			98
		],
		[
			3,
			112
		],
		[
			2,
			3
		],
		[
			66,
			69
		],
		[
			66,
			93
		],
		[
			76,
			107
		],
		[
			57,
			76
		],
		[
			105,
			124
		],
		[
			38,
			91
		],
		[
			21,
			22
		],
		[
			65,
			94
		],
		[
			56,
			99
		],
		[
			72,
			107
		],
		[
			72,
			76
		],
		[
			8,
			62
		],
		[
			7,
			8
		],
		[
			77,
			100
		],
		[
			104,
			109
		],
		[
			8,
			12
		],
		[
			12,
			79
		],
		[
			8,
			79
		],
		[
			86,
			97
		],
		[
			80,
			86
		],
		[
			73,
			123
		],
		[
			35,
			123
		],
		[
			35,
			73
		],
		[
			66,
			86
		],
		[
			86,
			93
		],
		[
			9,
			79
		],
		[
			39,
			91
		],
		[
			38,
			39
		],
		[
			33,
			56
		],
		[
			33,
			34
		],
		[
			5,
			93
		],
		[
			4,
			5
		],
		[
			14,
			85
		],
		[
			44,
			45
		],
		[
			41,
			123
		],
		[
			35,
			118
		],
		[
			2,
			98
		],
		[
			69,
			115
		],
		[
			58,
			59
		],
		[
			1,
			59
		],
		[
			41,
			121
		],
		[
			40,
			41
		],
		[
			71,
			94
		],
		[
			65,
			71
		],
		[
			35,
			52
		],
		[
			5,
			61
		],
		[
			85,
			117
		],
		[
			114,
			117
		],
		[
			120,
			125
		],
		[
			6,
			64
		],
		[
			6,
			61
		],
		[
			51,
			124
		],
		[
			66,
			80
		],
		[
			19,
			103
		],
		[
			50,
			51
		],
		[
			120,
			126
		],
		[
			0,
			59
		],
		[
			0,
			1
		],
		[
			14,
			117
		],
		[
			57,
			58
		],
		[
			6,
			7
		]
	],
	"score": 0.5073529411764706
}