{
	"content_type": "CG_SHOP_2025_Solution",
	"instance_uid": "simple-polygon-exterior-20_40_b9ab4f03",
	"steiner_points_x": [
		2784,
		"2797864975/939506",
		"16387/5",
		"1649200523/1399553",
		"7286/3",
		"3341/14",
		2633,
		2772,
		3514,
		1116,
		1561,
		"281695998725/397665148",
		1570,
		"1069071371/281674",
		2914,
		458,
		"346690035/1383317",
		"340453608/1383317",
		2511,
		"8418/5",
		"847525772/215585",
		"2247964477/772253",
		"1508674319/1399553",
		487,
		2450,
		1036,
		"958164086/1399553",
		"3480687999/1399553",
		"1030251879/520447",
		3006,
		2724,
		3176,
		1786,
		686,
		2393,
		"2450131001/772253",
		356,
		"297622787/1383317",
		"15823599/5077",
		"8620/3",
		"2505569677/772253",
		363,
		"523255430/1399553",
		3292,
		"2139878287/772253",
		439,
		319,
		2971,
		1905,
		3321,
		2805,
		1269,
		"262518316739025/90550058033",
		1933,
		"1039702153/692953",
		"3325673655/939506",
		"1769838505/510317",
		"583939531/162425",
		948,
		910,
		"314559081/692953",
		432,
		"615193641/692953",
		"82390060955462/22875449725"
	],
	"steiner_points_y": [
		1645,
		"49623013/939506",
		"9953/5",
		"41729852/1399553",
		"11729/6",
		"3187/7",
		1157,
		1896,
		1026,
		173,
		1703,
		"338596645409/994162870",
		930,
		"97923549/281674",
		1902,
		238,
		"355794294/1383317",
		"458914932/1383317",
		1563,
		"132/5",
		"150762596/215585",
		"1525320116/772253",
		"42680156/1399553",
		420,
		472,
		637,
		"46402964/1399553",
		"29344476/1399553",
		"12698196/520447",
		540,
		607,
		1908,
		252,
		237,
		706,
		"1533839662/772253",
		302,
		"1167131606/1383317",
		"8730986/5077",
		"548/3",
		"1536175916/772253",
		264,
		"49344020/1399553",
		1772,
		"1520765231/772253",
		281,
		850,
		127,
		819,
		1826,
		441,
		234,
		"4109261714249/90550058033",
		326,
		"1268564239/692953",
		"99395645/939506",
		"1010137750/510317",
		"20211017/162425",
		1413,
		1077,
		"924314137/692953",
		248,
		"1067035597/692953",
		"543923481624/4575089945"
	],
	"edges": [
		[
			51,
			73
		],
		[
			49,
			51
		],
		[
			49,
			73
		],
		[
			6,
			48
		],
		[
			7,
			48
		],
		[
			6,
			7
		],
		[
			7,
			83
		],
		[
			83,
			89
		],
		[
			7,
			89
		],
		[
			77,
			86
		],
		[
			45,
			86
		],
		[
			45,
			77
		],
		[
			47,
			54
		],
		[
			47,
			84
		],
		[
			54,
			84
		],
		[
			43,
			49
		],
		[
			49,
			91
		],
		[
			43,
			91
		],
		[
			29,
			85
		],
		[
			30,
			85
		],
		[
			29,
			30
		],
		[
			16,
			50
		],
		[
			15,
			50
		],
		[
			15,
			16
		],
		[
			11,
			83
		],
		[
			78,
			83
		],
		[
			11,
			78
		],
		[
			1,
			90
		],
		[
			69,
			90
		],
		[
			1,
			69
		],
		[
			81,
			101
		],
		[
			81,
			85
		],
		[
			85,
			101
		],
		[
			48,
			83
		],
		[
			27,
			85
		],
		[
			76,
			85
		],
		[
			27,
			76
		],
		[
			55,
			66
		],
		[
			55,
			73
		],
		[
			66,
			73
		],
		[
			36,
			88
		],
		[
			17,
			88
		],
		[
			17,
			36
		],
		[
			16,
			58
		],
		[
			17,
			58
		],
		[
			16,
			17
		],
		[
			71,
			75
		],
		[
			75,
			80
		],
		[
			71,
			80
		],
		[
			24,
			86
		],
		[
			23,
			24
		],
		[
			23,
			86
		],
		[
			26,
			86
		],
		[
			26,
			45
		],
		[
			34,
			52
		],
		[
			19,
			34
		],
		[
			19,
			52
		],
		[
			50,
			94
		],
		[
			50,
			98
		],
		[
			94,
			98
		],
		[
			55,
			82
		],
		[
			66,
			82
		],
		[
			49,
			62
		],
		[
			62,
			73
		],
		[
			9,
			89
		],
		[
			7,
			9
		],
		[
			2,
			4
		],
		[
			4,
			97
		],
		[
			2,
			97
		],
		[
			18,
			19
		],
		[
			19,
			20
		],
		[
			18,
			20
		],
		[
			2,
			41
		],
		[
			2,
			95
		],
		[
			41,
			95
		],
		[
			52,
			88
		],
		[
			17,
			52
		],
		[
			1,
			87
		],
		[
			79,
			87
		],
		[
			1,
			79
		],
		[
			35,
			93
		],
		[
			72,
			93
		],
		[
			35,
			72
		],
		[
			10,
			80
		],
		[
			10,
			71
		],
		[
			97,
			103
		],
		[
			53,
			97
		],
		[
			53,
			103
		],
		[
			36,
			74
		],
		[
			37,
			74
		],
		[
			36,
			37
		],
		[
			10,
			89
		],
		[
			9,
			10
		],
		[
			64,
			70
		],
		[
			64,
			74
		],
		[
			70,
			74
		],
		[
			38,
			68
		],
		[
			38,
			67
		],
		[
			67,
			68
		],
		[
			19,
			65
		],
		[
			20,
			65
		],
		[
			30,
			51
		],
		[
			30,
			73
		],
		[
			59,
			91
		],
		[
			33,
			91
		],
		[
			33,
			59
		],
		[
			43,
			59
		],
		[
			4,
			69
		],
		[
			1,
			4
		],
		[
			23,
			63
		],
		[
			26,
			63
		],
		[
			23,
			26
		],
		[
			10,
			42
		],
		[
			9,
			42
		],
		[
			46,
			58
		],
		[
			40,
			58
		],
		[
			40,
			46
		],
		[
			39,
			67
		],
		[
			0,
			39
		],
		[
			0,
			67
		],
		[
			39,
			64
		],
		[
			64,
			90
		],
		[
			39,
			90
		],
		[
			23,
			65
		],
		[
			51,
			65
		],
		[
			23,
			51
		],
		[
			82,
			101
		],
		[
			55,
			101
		],
		[
			79,
			92
		],
		[
			87,
			92
		],
		[
			4,
			53
		],
		[
			31,
			65
		],
		[
			32,
			65
		],
		[
			31,
			32
		],
		[
			14,
			40
		],
		[
			14,
			47
		],
		[
			40,
			47
		],
		[
			18,
			50
		],
		[
			16,
			18
		],
		[
			25,
			100
		],
		[
			24,
			100
		],
		[
			24,
			25
		],
		[
			34,
			88
		],
		[
			98,
			100
		],
		[
			24,
			98
		],
		[
			39,
			79
		],
		[
			79,
			90
		],
		[
			51,
			63
		],
		[
			20,
			22
		],
		[
			22,
			65
		],
		[
			13,
			69
		],
		[
			4,
			13
		],
		[
			81,
			82
		],
		[
			68,
			72
		],
		[
			68,
			93
		],
		[
			29,
			101
		],
		[
			70,
			90
		],
		[
			69,
			70
		],
		[
			12,
			78
		],
		[
			48,
			78
		],
		[
			12,
			48
		],
		[
			71,
			78
		],
		[
			11,
			71
		],
		[
			62,
			66
		],
		[
			37,
			64
		],
		[
			28,
			81
		],
		[
			28,
			82
		],
		[
			56,
			76
		],
		[
			76,
			81
		],
		[
			56,
			81
		],
		[
			11,
			89
		],
		[
			14,
			16
		],
		[
			14,
			58
		],
		[
			40,
			54
		],
		[
			33,
			35
		],
		[
			33,
			72
		],
		[
			42,
			80
		],
		[
			26,
			27
		],
		[
			27,
			45
		],
		[
			29,
			55
		],
		[
			29,
			73
		],
		[
			18,
			21
		],
		[
			21,
			50
		],
		[
			17,
			18
		],
		[
			98,
			99
		],
		[
			21,
			98
		],
		[
			21,
			99
		],
		[
			33,
			34
		],
		[
			34,
			35
		],
		[
			19,
			32
		],
		[
			20,
			21
		],
		[
			98,
			102
		],
		[
			94,
			102
		],
		[
			12,
			40
		],
		[
			12,
			54
		],
		[
			17,
			46
		],
		[
			31,
			51
		],
		[
			32,
			34
		],
		[
			32,
			33
		],
		[
			13,
			46
		],
		[
			13,
			70
		],
		[
			46,
			70
		],
		[
			27,
			57
		],
		[
			57,
			76
		],
		[
			10,
			11
		],
		[
			28,
			56
		],
		[
			31,
			91
		],
		[
			31,
			33
		],
		[
			9,
			96
		],
		[
			8,
			9
		],
		[
			8,
			96
		],
		[
			46,
			74
		],
		[
			27,
			30
		],
		[
			35,
			88
		],
		[
			37,
			88
		],
		[
			35,
			37
		],
		[
			15,
			94
		],
		[
			7,
			96
		],
		[
			30,
			63
		],
		[
			6,
			60
		],
		[
			7,
			60
		],
		[
			54,
			78
		],
		[
			37,
			38
		],
		[
			38,
			93
		],
		[
			37,
			93
		],
		[
			36,
			46
		],
		[
			56,
			57
		],
		[
			100,
			102
		],
		[
			31,
			49
		],
		[
			27,
			63
		],
		[
			18,
			52
		],
		[
			38,
			64
		],
		[
			41,
			87
		],
		[
			41,
			92
		],
		[
			4,
			6
		],
		[
			4,
			48
		],
		[
			13,
			48
		],
		[
			12,
			46
		],
		[
			0,
			79
		],
		[
			0,
			92
		],
		[
			4,
			5
		],
		[
			5,
			53
		],
		[
			59,
			72
		],
		[
			59,
			68
		],
		[
			1,
			2
		],
		[
			2,
			87
		],
		[
			14,
			44
		],
		[
			44,
			47
		],
		[
			38,
			39
		],
		[
			24,
			99
		],
		[
			23,
			99
		],
		[
			5,
			6
		],
		[
			5,
			60
		],
		[
			8,
			42
		],
		[
			54,
			61
		],
		[
			61,
			75
		],
		[
			54,
			75
		],
		[
			2,
			3
		],
		[
			3,
			95
		],
		[
			3,
			97
		],
		[
			3,
			103
		],
		[
			12,
			13
		],
		[
			22,
			99
		],
		[
			22,
			23
		],
		[
			21,
			22
		],
		[
			25,
			86
		],
		[
			25,
			77
		],
		[
			44,
			84
		],
		[
			45,
			57
		],
		[
			61,
			84
		],
		[
			14,
			15
		],
		[
			15,
			44
		],
		[
			43,
			62
		],
		[
			54,
			71
		]
	],
	"score": 0.5076923076923077
}