{
	"content_type": "CG_SHOP_2025_Solution",
	"instance_uid": "simple-polygon_100_4ee8f447",
	"steiner_points_x": [
		8517,
		"458112212/53665",
		6187,
		5632,
		"9775/2",
		"36380000/6961",
		8130,
		7943,
		5681,
		5877,
		6148,
		5518,
		5385,
		5842,
		5680,
		5423,
		6305,
		6212,
		5554,
		5512,
		5150,
		"1143208488/226409",
		8596,
		8595,
		8566,
		6362,
		5202,
		5392,
		5213,
		5458,
		8107,
		8332,
		7430,
		7046,
		7746,
		7802,
		9077,
		5147,
		6714,
		"1141180868/226409",
		9079,
		9110,
		7955,
		8916,
		9110,
		9064,
		6864,
		3557,
		2540,
		365,
		1001,
		2126,
		2126,
		"1391000/601",
		1525,
		950,
		"961900/613",
		1100,
		"2197400/949",
		7096,
		"59170029/17449",
		"1494999/233",
		8511,
		9063,
		8865,
		8908,
		8908,
		8851
	],
	"steiner_points_y": [
		9350,
		"504930309/53665",
		8354,
		8363,
		7475,
		"52615725/6961",
		9316,
		9347,
		9365,
		9319,
		8627,
		9366,
		9329,
		9120,
		9196,
		8097,
		9248,
		9259,
		9363,
		9272,
		9347,
		"2108196875/226409",
		8672,
		8751,
		8738,
		8478,
		9150,
		9259,
		9300,
		8708,
		9183,
		9281,
		9048,
		8883,
		8309,
		9206,
		8500,
		9304,
		9103,
		"2073799750/226409",
		9079,
		9079,
		7823,
		8336,
		8500,
		9048,
		8640,
		6416,
		6012,
		7169,
		7918,
		3675,
		3475,
		"1012375/601",
		900,
		900,
		"1039575/613",
		150,
		"79350/949",
		2859,
		"50928590/17449",
		"377432/233",
		1267,
		955,
		325,
		643,
		487,
		800
	],
	"edges": [
		[
			49,
			86
		],
		[
			85,
			86
		],
		[
			49,
			85
		],
		[
			108,
			114
		],
		[
			108,
			109
		],
		[
			109,
			114
		],
		[
			104,
			105
		],
		[
			25,
			104
		],
		[
			25,
			105
		],
		[
			16,
			117
		],
		[
			17,
			117
		],
		[
			16,
			17
		],
		[
			126,
			128
		],
		[
			127,
			128
		],
		[
			126,
			127
		],
		[
			140,
			141
		],
		[
			6,
			140
		],
		[
			6,
			141
		],
		[
			134,
			135
		],
		[
			132,
			134
		],
		[
			132,
			135
		],
		[
			1,
			136
		],
		[
			136,
			144
		],
		[
			1,
			144
		],
		[
			60,
			154
		],
		[
			59,
			60
		],
		[
			59,
			154
		],
		[
			75,
			159
		],
		[
			79,
			159
		],
		[
			75,
			79
		],
		[
			20,
			118
		],
		[
			111,
			118
		],
		[
			20,
			111
		],
		[
			64,
			75
		],
		[
			64,
			159
		],
		[
			124,
			130
		],
		[
			130,
			131
		],
		[
			124,
			131
		],
		[
			38,
			150
		],
		[
			37,
			38
		],
		[
			37,
			150
		],
		[
			21,
			111
		],
		[
			20,
			21
		],
		[
			24,
			129
		],
		[
			103,
			129
		],
		[
			24,
			103
		],
		[
			1,
			143
		],
		[
			136,
			143
		],
		[
			95,
			147
		],
		[
			27,
			147
		],
		[
			27,
			95
		],
		[
			11,
			107
		],
		[
			107,
			135
		],
		[
			11,
			135
		],
		[
			106,
			130
		],
		[
			107,
			130
		],
		[
			106,
			107
		],
		[
			17,
			109
		],
		[
			18,
			109
		],
		[
			17,
			18
		],
		[
			7,
			131
		],
		[
			8,
			131
		],
		[
			7,
			8
		],
		[
			103,
			115
		],
		[
			96,
			103
		],
		[
			96,
			115
		],
		[
			112,
			119
		],
		[
			119,
			127
		],
		[
			112,
			127
		],
		[
			9,
			131
		],
		[
			8,
			9
		],
		[
			61,
			154
		],
		[
			60,
			61
		],
		[
			82,
			159
		],
		[
			81,
			82
		],
		[
			81,
			159
		],
		[
			111,
			112
		],
		[
			21,
			112
		],
		[
			125,
			146
		],
		[
			125,
			138
		],
		[
			138,
			146
		],
		[
			28,
			147
		],
		[
			27,
			28
		],
		[
			100,
			140
		],
		[
			6,
			100
		],
		[
			50,
			61
		],
		[
			50,
			153
		],
		[
			61,
			153
		],
		[
			102,
			110
		],
		[
			102,
			103
		],
		[
			103,
			110
		],
		[
			9,
			106
		],
		[
			10,
			106
		],
		[
			9,
			10
		],
		[
			5,
			140
		],
		[
			5,
			141
		],
		[
			64,
			82
		],
		[
			23,
			120
		],
		[
			120,
			121
		],
		[
			23,
			121
		],
		[
			51,
			154
		],
		[
			51,
			61
		],
		[
			110,
			129
		],
		[
			109,
			117
		],
		[
			126,
			129
		],
		[
			24,
			126
		],
		[
			106,
			131
		],
		[
			133,
			146
		],
		[
			133,
			138
		],
		[
			111,
			119
		],
		[
			65,
			167
		],
		[
			165,
			167
		],
		[
			65,
			165
		],
		[
			5,
			145
		],
		[
			140,
			145
		],
		[
			100,
			145
		],
		[
			63,
			82
		],
		[
			63,
			160
		],
		[
			82,
			160
		],
		[
			18,
			108
		],
		[
			19,
			108
		],
		[
			18,
			19
		],
		[
			37,
			149
		],
		[
			149,
			150
		],
		[
			110,
			113
		],
		[
			113,
			129
		],
		[
			98,
			134
		],
		[
			98,
			146
		],
		[
			134,
			146
		],
		[
			62,
			84
		],
		[
			83,
			84
		],
		[
			62,
			83
		],
		[
			29,
			40
		],
		[
			30,
			40
		],
		[
			29,
			30
		],
		[
			65,
			166
		],
		[
			164,
			166
		],
		[
			65,
			164
		],
		[
			130,
			134
		],
		[
			130,
			135
		],
		[
			124,
			134
		],
		[
			84,
			153
		],
		[
			62,
			153
		],
		[
			10,
			107
		],
		[
			10,
			11
		],
		[
			82,
			161
		],
		[
			63,
			161
		],
		[
			90,
			151
		],
		[
			89,
			90
		],
		[
			89,
			151
		],
		[
			21,
			128
		],
		[
			22,
			128
		],
		[
			21,
			22
		],
		[
			94,
			147
		],
		[
			94,
			95
		],
		[
			113,
			117
		],
		[
			109,
			113
		],
		[
			0,
			143
		],
		[
			0,
			1
		],
		[
			110,
			117
		],
		[
			116,
			117
		],
		[
			110,
			116
		],
		[
			142,
			143
		],
		[
			122,
			142
		],
		[
			122,
			143
		],
		[
			88,
			151
		],
		[
			88,
			89
		],
		[
			134,
			142
		],
		[
			122,
			134
		],
		[
			162,
			163
		],
		[
			72,
			162
		],
		[
			72,
			163
		],
		[
			62,
			160
		],
		[
			83,
			160
		],
		[
			100,
			101
		],
		[
			6,
			101
		],
		[
			12,
			132
		],
		[
			13,
			132
		],
		[
			12,
			13
		],
		[
			64,
			161
		],
		[
			113,
			114
		],
		[
			92,
			147
		],
		[
			93,
			147
		],
		[
			92,
			93
		],
		[
			2,
			122
		],
		[
			2,
			136
		],
		[
			122,
			136
		],
		[
			12,
			135
		],
		[
			114,
			118
		],
		[
			108,
			118
		],
		[
			116,
			138
		],
		[
			110,
			138
		],
		[
			110,
			125
		],
		[
			67,
			164
		],
		[
			66,
			67
		],
		[
			66,
			164
		],
		[
			97,
			102
		],
		[
			98,
			102
		],
		[
			97,
			98
		],
		[
			14,
			133
		],
		[
			14,
			138
		],
		[
			13,
			133
		],
		[
			13,
			14
		],
		[
			114,
			129
		],
		[
			19,
			118
		],
		[
			19,
			20
		],
		[
			36,
			149
		],
		[
			36,
			37
		],
		[
			100,
			131
		],
		[
			7,
			100
		],
		[
			24,
			115
		],
		[
			25,
			115
		],
		[
			24,
			25
		],
		[
			15,
			138
		],
		[
			14,
			15
		],
		[
			0,
			142
		],
		[
			119,
			129
		],
		[
			114,
			119
		],
		[
			30,
			39
		],
		[
			31,
			39
		],
		[
			30,
			31
		],
		[
			165,
			166
		],
		[
			4,
			123
		],
		[
			3,
			4
		],
		[
			3,
			123
		],
		[
			67,
			166
		],
		[
			43,
			90
		],
		[
			46,
			90
		],
		[
			43,
			46
		],
		[
			132,
			133
		],
		[
			65,
			162
		],
		[
			162,
			167
		],
		[
			93,
			94
		],
		[
			99,
			134
		],
		[
			99,
			142
		],
		[
			121,
			137
		],
		[
			137,
			139
		],
		[
			121,
			139
		],
		[
			112,
			128
		],
		[
			34,
			149
		],
		[
			35,
			149
		],
		[
			34,
			35
		],
		[
			47,
			151
		],
		[
			48,
			151
		],
		[
			47,
			48
		],
		[
			163,
			167
		],
		[
			42,
			148
		],
		[
			91,
			148
		],
		[
			42,
			91
		],
		[
			96,
			97
		],
		[
			96,
			102
		],
		[
			133,
			134
		],
		[
			16,
			116
		],
		[
			11,
			12
		],
		[
			50,
			85
		],
		[
			49,
			50
		],
		[
			26,
			104
		],
		[
			25,
			26
		],
		[
			118,
			119
		],
		[
			123,
			145
		],
		[
			4,
			145
		],
		[
			28,
			29
		],
		[
			28,
			41
		],
		[
			29,
			41
		],
		[
			120,
			128
		],
		[
			22,
			120
		],
		[
			31,
			32
		],
		[
			31,
			150
		],
		[
			32,
			150
		],
		[
			64,
			65
		],
		[
			64,
			162
		],
		[
			75,
			162
		],
		[
			74,
			75
		],
		[
			74,
			162
		],
		[
			35,
			36
		],
		[
			15,
			116
		],
		[
			41,
			148
		],
		[
			41,
			42
		],
		[
			2,
			144
		],
		[
			76,
			78
		],
		[
			77,
			78
		],
		[
			76,
			77
		],
		[
			127,
			129
		],
		[
			33,
			150
		],
		[
			34,
			150
		],
		[
			33,
			34
		],
		[
			31,
			38
		],
		[
			55,
			57
		],
		[
			57,
			158
		],
		[
			55,
			158
		],
		[
			4,
			5
		],
		[
			32,
			33
		],
		[
			102,
			125
		],
		[
			15,
			16
		],
		[
			51,
			156
		],
		[
			61,
			156
		],
		[
			76,
			79
		],
		[
			75,
			76
		],
		[
			43,
			91
		],
		[
			42,
			43
		],
		[
			98,
			99
		],
		[
			7,
			101
		],
		[
			3,
			122
		],
		[
			2,
			3
		],
		[
			26,
			27
		],
		[
			26,
			95
		],
		[
			86,
			152
		],
		[
			87,
			152
		],
		[
			86,
			87
		],
		[
			78,
			79
		],
		[
			47,
			90
		],
		[
			151,
			152
		],
		[
			48,
			152
		],
		[
			126,
			137
		],
		[
			128,
			137
		],
		[
			49,
			152
		],
		[
			48,
			49
		],
		[
			73,
			162
		],
		[
			73,
			74
		],
		[
			90,
			91
		],
		[
			80,
			159
		],
		[
			79,
			80
		],
		[
			50,
			84
		],
		[
			43,
			45
		],
		[
			45,
			46
		],
		[
			71,
			163
		],
		[
			71,
			72
		],
		[
			88,
			152
		],
		[
			87,
			88
		],
		[
			92,
			148
		],
		[
			91,
			92
		],
		[
			39,
			40
		],
		[
			50,
			156
		],
		[
			70,
			167
		],
		[
			70,
			163
		],
		[
			147,
			148
		],
		[
			100,
			123
		],
		[
			62,
			63
		],
		[
			72,
			73
		],
		[
			46,
			47
		],
		[
			28,
			148
		],
		[
			122,
			123
		],
		[
			70,
			71
		],
		[
			95,
			104
		],
		[
			80,
			81
		],
		[
			96,
			105
		],
		[
			105,
			115
		],
		[
			123,
			131
		],
		[
			69,
			165
		],
		[
			70,
			165
		],
		[
			69,
			70
		],
		[
			40,
			41
		],
		[
			52,
			154
		],
		[
			51,
			52
		],
		[
			84,
			85
		],
		[
			38,
			39
		],
		[
			55,
			157
		],
		[
			53,
			157
		],
		[
			53,
			55
		],
		[
			120,
			137
		],
		[
			126,
			139
		],
		[
			24,
			139
		],
		[
			122,
			124
		],
		[
			123,
			124
		],
		[
			68,
			165
		],
		[
			68,
			69
		],
		[
			43,
			44
		],
		[
			44,
			45
		],
		[
			68,
			166
		],
		[
			67,
			68
		],
		[
			57,
			58
		],
		[
			55,
			58
		],
		[
			98,
			125
		],
		[
			22,
			23
		],
		[
			154,
			155
		],
		[
			52,
			155
		],
		[
			54,
			157
		],
		[
			53,
			54
		],
		[
			56,
			57
		],
		[
			56,
			158
		],
		[
			55,
			155
		],
		[
			53,
			155
		],
		[
			55,
			154
		],
		[
			58,
			154
		],
		[
			58,
			59
		]
	],
	"score": 0.5072463768115942
}