{
	"content_type": "CG_SHOP_2025_Solution",
	"instance_uid": "ortho_60_5c5796a0",
	"steiner_points_x": [
		242783,
		342558,
		342558,
		242782,
		"1196715/2",
		407157,
		640628,
		839998,
		874332,
		1000000,
		1000000,
		1000000,
		655396,
		285253,
		580701,
		742662,
		749661,
		580701,
		580701,
		424598,
		204497
	],
	"steiner_points_y": [
		102984,
		"9797/4",
		102984,
		"-1271456/3",
		-635728,
		-635728,
		167884,
		-353142,
		861195,
		249290,
		487423,
		887535,
		822856,
		822856,
		822856,
		887161,
		822856,
		943818,
		887535,
		487423,
		249290
	],
	"edges": [
		[
			58,
			59
		],
		[
			0,
			58
		],
		[
			0,
			59
		],
		[
			44,
			47
		],
		[
			44,
			67
		],
		[
			47,
			67
		],
		[
			58,
			60
		],
		[
			1,
			60
		],
		[
			1,
			58
		],
		[
			60,
			61
		],
		[
			60,
			62
		],
		[
			61,
			62
		],
		[
			50,
			65
		],
		[
			50,
			64
		],
		[
			64,
			65
		],
		[
			15,
			17
		],
		[
			15,
			18
		],
		[
			17,
			18
		],
		[
			8,
			68
		],
		[
			9,
			68
		],
		[
			8,
			9
		],
		[
			22,
			23
		],
		[
			22,
			24
		],
		[
			23,
			24
		],
		[
			18,
			19
		],
		[
			18,
			20
		],
		[
			19,
			20
		],
		[
			9,
			10
		],
		[
			9,
			11
		],
		[
			10,
			11
		],
		[
			13,
			75
		],
		[
			15,
			75
		],
		[
			13,
			15
		],
		[
			44,
			46
		],
		[
			46,
			47
		],
		[
			50,
			51
		],
		[
			51,
			65
		],
		[
			48,
			67
		],
		[
			47,
			48
		],
		[
			20,
			72
		],
		[
			21,
			72
		],
		[
			20,
			21
		],
		[
			22,
			25
		],
		[
			24,
			25
		],
		[
			44,
			45
		],
		[
			45,
			46
		],
		[
			4,
			44
		],
		[
			4,
			67
		],
		[
			55,
			56
		],
		[
			55,
			57
		],
		[
			56,
			57
		],
		[
			25,
			27
		],
		[
			25,
			77
		],
		[
			27,
			77
		],
		[
			48,
			49
		],
		[
			48,
			50
		],
		[
			49,
			50
		],
		[
			22,
			77
		],
		[
			22,
			78
		],
		[
			77,
			78
		],
		[
			42,
			66
		],
		[
			4,
			42
		],
		[
			4,
			66
		],
		[
			54,
			60
		],
		[
			57,
			60
		],
		[
			54,
			57
		],
		[
			12,
			68
		],
		[
			9,
			12
		],
		[
			48,
			64
		],
		[
			3,
			48
		],
		[
			3,
			64
		],
		[
			72,
			75
		],
		[
			75,
			76
		],
		[
			72,
			76
		],
		[
			33,
			70
		],
		[
			33,
			68
		],
		[
			68,
			70
		],
		[
			1,
			53
		],
		[
			1,
			61
		],
		[
			53,
			61
		],
		[
			21,
			78
		],
		[
			21,
			28
		],
		[
			28,
			78
		],
		[
			8,
			70
		],
		[
			2,
			63
		],
		[
			51,
			63
		],
		[
			2,
			51
		],
		[
			25,
			26
		],
		[
			26,
			27
		],
		[
			42,
			69
		],
		[
			4,
			69
		],
		[
			51,
			53
		],
		[
			53,
			63
		],
		[
			12,
			33
		],
		[
			13,
			33
		],
		[
			12,
			13
		],
		[
			13,
			76
		],
		[
			57,
			80
		],
		[
			54,
			80
		],
		[
			41,
			69
		],
		[
			41,
			70
		],
		[
			69,
			70
		],
		[
			29,
			31
		],
		[
			29,
			32
		],
		[
			31,
			32
		],
		[
			29,
			30
		],
		[
			30,
			31
		],
		[
			29,
			73
		],
		[
			32,
			73
		],
		[
			18,
			75
		],
		[
			20,
			75
		],
		[
			8,
			71
		],
		[
			70,
			71
		],
		[
			34,
			40
		],
		[
			34,
			41
		],
		[
			40,
			41
		],
		[
			36,
			79
		],
		[
			37,
			79
		],
		[
			36,
			37
		],
		[
			51,
			52
		],
		[
			52,
			53
		],
		[
			28,
			74
		],
		[
			28,
			72
		],
		[
			72,
			74
		],
		[
			29,
			74
		],
		[
			73,
			74
		],
		[
			34,
			70
		],
		[
			33,
			34
		],
		[
			37,
			39
		],
		[
			37,
			40
		],
		[
			39,
			40
		],
		[
			33,
			76
		],
		[
			40,
			79
		],
		[
			4,
			5
		],
		[
			5,
			69
		],
		[
			11,
			12
		],
		[
			3,
			67
		],
		[
			55,
			80
		],
		[
			6,
			8
		],
		[
			6,
			71
		],
		[
			28,
			29
		],
		[
			34,
			79
		],
		[
			0,
			1
		],
		[
			13,
			14
		],
		[
			14,
			15
		],
		[
			42,
			43
		],
		[
			43,
			66
		],
		[
			37,
			38
		],
		[
			38,
			39
		],
		[
			15,
			16
		],
		[
			16,
			17
		],
		[
			2,
			65
		],
		[
			57,
			58
		],
		[
			6,
			7
		],
		[
			7,
			8
		],
		[
			44,
			66
		],
		[
			35,
			79
		],
		[
			35,
			36
		],
		[
			41,
			42
		],
		[
			21,
			22
		],
		[
			54,
			62
		],
		[
			1,
			63
		]
	],
	"score": 0.5227272727272727
}