{
	"content_type": "CG_SHOP_2025_Solution",
	"instance_uid": "ortho_150_53eb4022",
	"steiner_points_x": [
		65096,
		213208,
		99923,
		160143,
		359291,
		79277,
		269841,
		765573,
		764025,
		666262,
		763359,
		715127,
		463096,
		585181,
		569545,
		392473,
		382280,
		682753,
		423136,
		681308,
		594156,
		764029,
		703215,
		765219,
		800459,
		1024222,
		659377,
		597509,
		289126,
		659500,
		402040,
		579144,
		361058,
		928360,
		670089,
		626165,
		745946,
		693673,
		800686,
		311800,
		403917,
		573710,
		381287,
		800686,
		775564,
		1115712,
		1152506,
		1024222,
		424168,
		311800,
		619374,
		561542,
		463556,
		"2873876/5",
		424168,
		1027695,
		1075996,
		1202364,
		998251,
		1256733,
		1051750,
		900166,
		993050,
		953846,
		867975,
		1084731,
		-240437,
		-153420,
		-294671,
		-479882
	],
	"steiner_points_y": [
		2893,
		-40344,
		-3086,
		-10137,
		-1,
		-670,
		-14104,
		541899,
		549810,
		530678,
		912441,
		667021,
		-301378,
		987599,
		950530,
		717899,
		641920,
		601616,
		302491,
		430877,
		-129976,
		591485,
		591490,
		-549439,
		-554824,
		432668,
		-395652,
		-477992,
		235852,
		-385957,
		740563,
		-452937,
		707777,
		356784,
		-393090,
		-317351,
		-280476,
		170040,
		-554824,
		999999,
		48124,
		-452937,
		749322,
		-562501,
		591485,
		332476,
		332476,
		549809,
		-301378,
		1000000,
		-638260,
		-703375,
		-847097,
		-847097,
		-758392,
		-243964,
		-277965,
		-356528,
		-420606,
		-402226,
		-214950,
		0,
		0,
		0,
		1000000,
		808381,
		831580,
		665321,
		665320,
		819848
	],
	"edges": [
		[
			128,
			168
		],
		[
			168,
			178
		],
		[
			128,
			178
		],
		[
			20,
			23
		],
		[
			20,
			202
		],
		[
			23,
			202
		],
		[
			109,
			189
		],
		[
			110,
			189
		],
		[
			109,
			110
		],
		[
			19,
			20
		],
		[
			19,
			202
		],
		[
			2,
			151
		],
		[
			3,
			151
		],
		[
			2,
			3
		],
		[
			170,
			185
		],
		[
			162,
			185
		],
		[
			162,
			170
		],
		[
			167,
			172
		],
		[
			161,
			167
		],
		[
			161,
			172
		],
		[
			17,
			27
		],
		[
			17,
			200
		],
		[
			27,
			200
		],
		[
			149,
			150
		],
		[
			0,
			150
		],
		[
			0,
			149
		],
		[
			4,
			154
		],
		[
			136,
			154
		],
		[
			4,
			136
		],
		[
			8,
			9
		],
		[
			8,
			10
		],
		[
			9,
			10
		],
		[
			33,
			34
		],
		[
			33,
			173
		],
		[
			34,
			173
		],
		[
			65,
			211
		],
		[
			75,
			211
		],
		[
			65,
			75
		],
		[
			165,
			192
		],
		[
			165,
			182
		],
		[
			182,
			192
		],
		[
			127,
			166
		],
		[
			159,
			166
		],
		[
			127,
			159
		],
		[
			108,
			192
		],
		[
			189,
			192
		],
		[
			108,
			189
		],
		[
			61,
			187
		],
		[
			76,
			187
		],
		[
			61,
			76
		],
		[
			52,
			55
		],
		[
			54,
			55
		],
		[
			52,
			54
		],
		[
			45,
			206
		],
		[
			206,
			207
		],
		[
			45,
			207
		],
		[
			79,
			175
		],
		[
			80,
			175
		],
		[
			79,
			80
		],
		[
			18,
			201
		],
		[
			19,
			201
		],
		[
			18,
			19
		],
		[
			187,
			190
		],
		[
			5,
			187
		],
		[
			5,
			190
		],
		[
			55,
			206
		],
		[
			56,
			206
		],
		[
			55,
			56
		],
		[
			45,
			208
		],
		[
			44,
			45
		],
		[
			44,
			208
		],
		[
			1,
			150
		],
		[
			147,
			150
		],
		[
			1,
			147
		],
		[
			19,
			203
		],
		[
			202,
			203
		],
		[
			157,
			158
		],
		[
			157,
			159
		],
		[
			158,
			159
		],
		[
			94,
			97
		],
		[
			95,
			97
		],
		[
			94,
			95
		],
		[
			6,
			162
		],
		[
			7,
			162
		],
		[
			6,
			7
		],
		[
			41,
			44
		],
		[
			41,
			208
		],
		[
			157,
			169
		],
		[
			159,
			169
		],
		[
			13,
			14
		],
		[
			13,
			15
		],
		[
			14,
			15
		],
		[
			38,
			208
		],
		[
			38,
			45
		],
		[
			25,
			26
		],
		[
			24,
			25
		],
		[
			24,
			26
		],
		[
			49,
			52
		],
		[
			49,
			55
		],
		[
			138,
			156
		],
		[
			138,
			154
		],
		[
			154,
			156
		],
		[
			170,
			186
		],
		[
			60,
			170
		],
		[
			60,
			186
		],
		[
			94,
			215
		],
		[
			97,
			215
		],
		[
			110,
			182
		],
		[
			110,
			192
		],
		[
			110,
			216
		],
		[
			112,
			216
		],
		[
			110,
			112
		],
		[
			87,
			157
		],
		[
			87,
			158
		],
		[
			114,
			216
		],
		[
			119,
			216
		],
		[
			114,
			119
		],
		[
			165,
			166
		],
		[
			165,
			167
		],
		[
			166,
			167
		],
		[
			46,
			207
		],
		[
			45,
			46
		],
		[
			139,
			156
		],
		[
			151,
			156
		],
		[
			139,
			151
		],
		[
			2,
			153
		],
		[
			151,
			153
		],
		[
			1,
			155
		],
		[
			2,
			155
		],
		[
			1,
			2
		],
		[
			166,
			182
		],
		[
			119,
			217
		],
		[
			122,
			217
		],
		[
			119,
			122
		],
		[
			66,
			212
		],
		[
			67,
			212
		],
		[
			66,
			67
		],
		[
			8,
			11
		],
		[
			8,
			176
		],
		[
			11,
			176
		],
		[
			142,
			153
		],
		[
			142,
			151
		],
		[
			38,
			206
		],
		[
			125,
			166
		],
		[
			125,
			182
		],
		[
			28,
			29
		],
		[
			28,
			30
		],
		[
			29,
			30
		],
		[
			106,
			107
		],
		[
			106,
			108
		],
		[
			107,
			108
		],
		[
			38,
			205
		],
		[
			205,
			206
		],
		[
			169,
			187
		],
		[
			168,
			187
		],
		[
			168,
			169
		],
		[
			108,
			180
		],
		[
			180,
			192
		],
		[
			143,
			152
		],
		[
			143,
			153
		],
		[
			152,
			153
		],
		[
			13,
			16
		],
		[
			15,
			16
		],
		[
			26,
			201
		],
		[
			27,
			201
		],
		[
			26,
			27
		],
		[
			53,
			54
		],
		[
			52,
			53
		],
		[
			103,
			104
		],
		[
			103,
			105
		],
		[
			104,
			105
		],
		[
			56,
			59
		],
		[
			59,
			210
		],
		[
			56,
			210
		],
		[
			58,
			210
		],
		[
			58,
			59
		],
		[
			20,
			21
		],
		[
			20,
			22
		],
		[
			21,
			22
		],
		[
			123,
			182
		],
		[
			123,
			125
		],
		[
			20,
			204
		],
		[
			23,
			204
		],
		[
			212,
			213
		],
		[
			71,
			213
		],
		[
			71,
			212
		],
		[
			110,
			123
		],
		[
			103,
			106
		],
		[
			105,
			106
		],
		[
			3,
			156
		],
		[
			38,
			60
		],
		[
			60,
			205
		],
		[
			28,
			31
		],
		[
			30,
			31
		],
		[
			37,
			186
		],
		[
			37,
			60
		],
		[
			7,
			179
		],
		[
			7,
			185
		],
		[
			179,
			185
		],
		[
			63,
			211
		],
		[
			64,
			211
		],
		[
			63,
			64
		],
		[
			146,
			152
		],
		[
			152,
			155
		],
		[
			146,
			155
		],
		[
			115,
			117
		],
		[
			115,
			219
		],
		[
			117,
			219
		],
		[
			110,
			111
		],
		[
			111,
			112
		],
		[
			26,
			203
		],
		[
			24,
			203
		],
		[
			159,
			167
		],
		[
			19,
			26
		],
		[
			3,
			154
		],
		[
			61,
			170
		],
		[
			170,
			187
		],
		[
			112,
			113
		],
		[
			112,
			114
		],
		[
			113,
			114
		],
		[
			65,
			72
		],
		[
			72,
			75
		],
		[
			2,
			152
		],
		[
			10,
			11
		],
		[
			34,
			36
		],
		[
			34,
			193
		],
		[
			36,
			193
		],
		[
			68,
			71
		],
		[
			68,
			212
		],
		[
			31,
			32
		],
		[
			31,
			33
		],
		[
			32,
			33
		],
		[
			115,
			116
		],
		[
			116,
			117
		],
		[
			72,
			213
		],
		[
			71,
			72
		],
		[
			22,
			204
		],
		[
			114,
			218
		],
		[
			119,
			218
		],
		[
			127,
			169
		],
		[
			128,
			169
		],
		[
			127,
			128
		],
		[
			62,
			75
		],
		[
			62,
			76
		],
		[
			75,
			76
		],
		[
			60,
			61
		],
		[
			34,
			35
		],
		[
			35,
			36
		],
		[
			165,
			180
		],
		[
			167,
			180
		],
		[
			80,
			84
		],
		[
			80,
			195
		],
		[
			84,
			195
		],
		[
			62,
			211
		],
		[
			62,
			63
		],
		[
			57,
			210
		],
		[
			57,
			58
		],
		[
			106,
			163
		],
		[
			108,
			163
		],
		[
			3,
			4
		],
		[
			115,
			118
		],
		[
			115,
			218
		],
		[
			118,
			218
		],
		[
			103,
			163
		],
		[
			135,
			190
		],
		[
			136,
			190
		],
		[
			135,
			136
		],
		[
			91,
			215
		],
		[
			91,
			99
		],
		[
			99,
			215
		],
		[
			97,
			99
		],
		[
			176,
			177
		],
		[
			177,
			181
		],
		[
			176,
			181
		],
		[
			118,
			219
		],
		[
			64,
			65
		],
		[
			87,
			183
		],
		[
			157,
			183
		],
		[
			67,
			68
		],
		[
			119,
			120
		],
		[
			120,
			122
		],
		[
			91,
			214
		],
		[
			99,
			214
		],
		[
			77,
			169
		],
		[
			77,
			187
		],
		[
			121,
			122
		],
		[
			120,
			121
		],
		[
			0,
			1
		],
		[
			37,
			174
		],
		[
			173,
			174
		],
		[
			37,
			173
		],
		[
			34,
			174
		],
		[
			174,
			193
		],
		[
			185,
			186
		],
		[
			179,
			186
		],
		[
			101,
			102
		],
		[
			101,
			103
		],
		[
			102,
			103
		],
		[
			84,
			85
		],
		[
			84,
			196
		],
		[
			85,
			196
		],
		[
			11,
			191
		],
		[
			11,
			181
		],
		[
			181,
			191
		],
		[
			184,
			186
		],
		[
			37,
			184
		],
		[
			114,
			115
		],
		[
			160,
			163
		],
		[
			160,
			164
		],
		[
			163,
			164
		],
		[
			123,
			217
		],
		[
			122,
			123
		],
		[
			33,
			184
		],
		[
			173,
			184
		],
		[
			5,
			170
		],
		[
			5,
			162
		],
		[
			16,
			177
		],
		[
			33,
			177
		],
		[
			16,
			33
		],
		[
			87,
			171
		],
		[
			171,
			194
		],
		[
			87,
			194
		],
		[
			8,
			179
		],
		[
			7,
			8
		],
		[
			123,
			124
		],
		[
			124,
			125
		],
		[
			125,
			127
		],
		[
			88,
			160
		],
		[
			88,
			161
		],
		[
			160,
			161
		],
		[
			101,
			163
		],
		[
			87,
			175
		],
		[
			175,
			183
		],
		[
			42,
			44
		],
		[
			41,
			42
		],
		[
			128,
			129
		],
		[
			128,
			130
		],
		[
			129,
			130
		],
		[
			135,
			187
		],
		[
			135,
			168
		],
		[
			143,
			146
		],
		[
			216,
			217
		],
		[
			158,
			171
		],
		[
			175,
			195
		],
		[
			189,
			199
		],
		[
			109,
			199
		],
		[
			88,
			171
		],
		[
			161,
			171
		],
		[
			130,
			131
		],
		[
			130,
			132
		],
		[
			131,
			132
		],
		[
			33,
			176
		],
		[
			135,
			178
		],
		[
			133,
			134
		],
		[
			133,
			135
		],
		[
			134,
			135
		],
		[
			12,
			16
		],
		[
			12,
			177
		],
		[
			169,
			183
		],
		[
			88,
			90
		],
		[
			90,
			160
		],
		[
			175,
			197
		],
		[
			87,
			197
		],
		[
			108,
			199
		],
		[
			68,
			70
		],
		[
			70,
			71
		],
		[
			39,
			41
		],
		[
			40,
			41
		],
		[
			39,
			40
		],
		[
			130,
			178
		],
		[
			133,
			178
		],
		[
			130,
			133
		],
		[
			136,
			137
		],
		[
			136,
			138
		],
		[
			137,
			138
		],
		[
			125,
			126
		],
		[
			126,
			127
		],
		[
			159,
			172
		],
		[
			174,
			188
		],
		[
			188,
			193
		],
		[
			132,
			133
		],
		[
			142,
			143
		],
		[
			12,
			181
		],
		[
			86,
			195
		],
		[
			86,
			175
		],
		[
			108,
			164
		],
		[
			86,
			197
		],
		[
			82,
			84
		],
		[
			83,
			84
		],
		[
			82,
			83
		],
		[
			92,
			215
		],
		[
			92,
			94
		],
		[
			77,
			78
		],
		[
			77,
			79
		],
		[
			78,
			79
		],
		[
			4,
			190
		],
		[
			4,
			5
		],
		[
			77,
			183
		],
		[
			79,
			183
		],
		[
			161,
			180
		],
		[
			72,
			74
		],
		[
			74,
			75
		],
		[
			80,
			82
		],
		[
			139,
			140
		],
		[
			139,
			141
		],
		[
			140,
			141
		],
		[
			110,
			217
		],
		[
			46,
			48
		],
		[
			46,
			209
		],
		[
			48,
			209
		],
		[
			68,
			69
		],
		[
			69,
			70
		],
		[
			65,
			213
		],
		[
			59,
			205
		],
		[
			59,
			60
		],
		[
			143,
			145
		],
		[
			145,
			146
		],
		[
			176,
			179
		],
		[
			72,
			73
		],
		[
			73,
			74
		],
		[
			93,
			94
		],
		[
			92,
			93
		],
		[
			164,
			180
		],
		[
			161,
			164
		],
		[
			61,
			62
		],
		[
			171,
			172
		],
		[
			31,
			200
		],
		[
			33,
			200
		],
		[
			139,
			142
		],
		[
			141,
			142
		],
		[
			39,
			208
		],
		[
			146,
			147
		],
		[
			147,
			155
		],
		[
			42,
			43
		],
		[
			43,
			44
		],
		[
			16,
			17
		],
		[
			16,
			200
		],
		[
			88,
			89
		],
		[
			89,
			90
		],
		[
			143,
			144
		],
		[
			144,
			145
		],
		[
			195,
			196
		],
		[
			12,
			191
		],
		[
			90,
			214
		],
		[
			90,
			101
		],
		[
			101,
			214
		],
		[
			101,
			160
		],
		[
			76,
			77
		],
		[
			80,
			81
		],
		[
			81,
			82
		],
		[
			91,
			92
		],
		[
			49,
			50
		],
		[
			50,
			52
		],
		[
			28,
			200
		],
		[
			27,
			28
		],
		[
			90,
			91
		],
		[
			158,
			172
		],
		[
			176,
			184
		],
		[
			179,
			184
		],
		[
			99,
			100
		],
		[
			100,
			214
		],
		[
			148,
			150
		],
		[
			148,
			149
		],
		[
			37,
			38
		],
		[
			37,
			188
		],
		[
			17,
			201
		],
		[
			147,
			148
		],
		[
			88,
			194
		],
		[
			55,
			207
		],
		[
			162,
			198
		],
		[
			6,
			198
		],
		[
			51,
			52
		],
		[
			50,
			51
		],
		[
			5,
			198
		],
		[
			56,
			205
		],
		[
			49,
			207
		],
		[
			46,
			49
		],
		[
			86,
			196
		],
		[
			97,
			98
		],
		[
			98,
			99
		],
		[
			17,
			18
		],
		[
			46,
			47
		],
		[
			47,
			48
		],
		[
			49,
			209
		],
		[
			12,
			13
		],
		[
			138,
			139
		],
		[
			95,
			96
		],
		[
			96,
			97
		]
	],
	"score": 0.5070422535211268
}