{
	"content_type": "CG_SHOP_2025_Solution",
	"instance_uid": "point-set_20_fa3fd7e0",
	"steiner_points_x": [
		1389,
		1472,
		"500936501/1735633",
		"45214089/1772522",
		2253,
		803,
		1988,
		1697,
		1002,
		1668,
		"330732563/200201",
		462,
		2128,
		1594,
		860,
		442,
		868,
		"2329/3",
		"9804853027/5005025",
		"618551669/1735633",
		"53292085/1793762",
		"2136951643/5005025",
		"10958863807/5005025",
		"4433325953/1791413",
		2342,
		"4195802488/1791413"
	],
	"steiner_points_y": [
		2605,
		3302,
		"5174211317/1735633",
		"417937993/1772522",
		649,
		210,
		169,
		2008,
		1868,
		143,
		"10595001/200201",
		1548,
		368,
		1648,
		1326,
		1372,
		1804,
		"73/3",
		"315039311/5005025",
		"5443077809/1735633",
		"2863549337/1793762",
		"64700849/5005025",
		"352714976/5005025",
		"1155321057/1791413",
		280,
		"501481847/1791413"
	],
	"edges": [
		[
			4,
			35
		],
		[
			3,
			35
		],
		[
			3,
			4
		],
		[
			3,
			12
		],
		[
			3,
			37
		],
		[
			12,
			37
		],
		[
			3,
			23
		],
		[
			4,
			23
		],
		[
			15,
			34
		],
		[
			10,
			15
		],
		[
			10,
			34
		],
		[
			26,
			38
		],
		[
			5,
			26
		],
		[
			5,
			38
		],
		[
			10,
			33
		],
		[
			17,
			33
		],
		[
			10,
			17
		],
		[
			18,
			44
		],
		[
			18,
			43
		],
		[
			43,
			44
		],
		[
			7,
			18
		],
		[
			7,
			44
		],
		[
			1,
			44
		],
		[
			44,
			45
		],
		[
			1,
			45
		],
		[
			35,
			40
		],
		[
			4,
			40
		],
		[
			5,
			42
		],
		[
			1,
			5
		],
		[
			1,
			42
		],
		[
			25,
			37
		],
		[
			25,
			30
		],
		[
			30,
			37
		],
		[
			27,
			33
		],
		[
			19,
			27
		],
		[
			19,
			33
		],
		[
			43,
			45
		],
		[
			2,
			28
		],
		[
			20,
			28
		],
		[
			2,
			20
		],
		[
			12,
			23
		],
		[
			2,
			33
		],
		[
			2,
			27
		],
		[
			2,
			10
		],
		[
			7,
			24
		],
		[
			7,
			32
		],
		[
			24,
			32
		],
		[
			5,
			7
		],
		[
			1,
			7
		],
		[
			15,
			36
		],
		[
			15,
			31
		],
		[
			31,
			36
		],
		[
			5,
			32
		],
		[
			26,
			32
		],
		[
			31,
			35
		],
		[
			31,
			34
		],
		[
			34,
			35
		],
		[
			9,
			20
		],
		[
			9,
			14
		],
		[
			14,
			20
		],
		[
			12,
			13
		],
		[
			12,
			41
		],
		[
			13,
			41
		],
		[
			17,
			25
		],
		[
			17,
			29
		],
		[
			25,
			29
		],
		[
			31,
			40
		],
		[
			9,
			36
		],
		[
			11,
			36
		],
		[
			9,
			11
		],
		[
			28,
			36
		],
		[
			15,
			28
		],
		[
			17,
			32
		],
		[
			17,
			24
		],
		[
			16,
			18
		],
		[
			16,
			43
		],
		[
			18,
			24
		],
		[
			14,
			39
		],
		[
			14,
			22
		],
		[
			22,
			39
		],
		[
			8,
			19
		],
		[
			8,
			27
		],
		[
			16,
			19
		],
		[
			8,
			16
		],
		[
			9,
			28
		],
		[
			17,
			19
		],
		[
			19,
			24
		],
		[
			3,
			34
		],
		[
			11,
			22
		],
		[
			9,
			22
		],
		[
			20,
			21
		],
		[
			14,
			21
		],
		[
			17,
			26
		],
		[
			26,
			29
		],
		[
			13,
			23
		],
		[
			2,
			15
		],
		[
			29,
			38
		],
		[
			0,
			27
		],
		[
			0,
			8
		],
		[
			18,
			19
		],
		[
			6,
			14
		],
		[
			6,
			21
		],
		[
			20,
			27
		],
		[
			0,
			20
		],
		[
			38,
			42
		],
		[
			29,
			30
		],
		[
			30,
			38
		],
		[
			11,
			31
		],
		[
			37,
			41
		],
		[
			11,
			40
		],
		[
			0,
			21
		],
		[
			3,
			25
		],
		[
			25,
			34
		],
		[
			17,
			34
		],
		[
			6,
			39
		]
	],
	"score": 0.5185185185185185
}