{
	"content_type": "CG_SHOP_2025_Solution",
	"instance_uid": "point-set_20_41c48315",
	"steiner_points_x": [
		"906608101/529465",
		5855,
		"63529619573/15442157",
		"22843/4",
		"14447/3",
		"22853/5",
		3320,
		1305,
		"11764515915/1653317",
		5080,
		"348695502/105893",
		"738029087/105893",
		5086,
		"48638322/129245",
		2030,
		"31973/5",
		"20846783415/2749618",
		"445649829/58565",
		6946,
		4229
	],
	"steiner_points_y": [
		"1714242648/529465",
		2619,
		"5095608842/15442157",
		4557,
		"1348/3",
		"20904/5",
		1284,
		1421,
		"3578639017/1653317",
		1951,
		"398074644/105893",
		"526537824/105893",
		1096,
		"226960964/129245",
		2323,
		"5477/5",
		"10355920613/2749618",
		"282211548/58565",
		4243,
		3038
	],
	"edges": [
		[
			5,
			26
		],
		[
			22,
			26
		],
		[
			5,
			22
		],
		[
			4,
			9
		],
		[
			2,
			9
		],
		[
			2,
			4
		],
		[
			19,
			25
		],
		[
			19,
			30
		],
		[
			25,
			30
		],
		[
			0,
			6
		],
		[
			0,
			15
		],
		[
			6,
			15
		],
		[
			12,
			19
		],
		[
			0,
			19
		],
		[
			0,
			12
		],
		[
			13,
			27
		],
		[
			5,
			27
		],
		[
			5,
			13
		],
		[
			15,
			38
		],
		[
			2,
			38
		],
		[
			2,
			15
		],
		[
			10,
			29
		],
		[
			18,
			29
		],
		[
			10,
			18
		],
		[
			2,
			31
		],
		[
			4,
			31
		],
		[
			18,
			28
		],
		[
			6,
			18
		],
		[
			6,
			28
		],
		[
			14,
			37
		],
		[
			4,
			37
		],
		[
			4,
			14
		],
		[
			27,
			33
		],
		[
			13,
			33
		],
		[
			30,
			39
		],
		[
			19,
			39
		],
		[
			3,
			24
		],
		[
			3,
			32
		],
		[
			24,
			32
		],
		[
			8,
			32
		],
		[
			8,
			24
		],
		[
			0,
			23
		],
		[
			0,
			25
		],
		[
			23,
			25
		],
		[
			10,
			32
		],
		[
			29,
			32
		],
		[
			11,
			29
		],
		[
			11,
			12
		],
		[
			12,
			29
		],
		[
			27,
			34
		],
		[
			26,
			34
		],
		[
			26,
			27
		],
		[
			10,
			35
		],
		[
			18,
			35
		],
		[
			31,
			38
		],
		[
			7,
			20
		],
		[
			1,
			20
		],
		[
			1,
			7
		],
		[
			6,
			21
		],
		[
			0,
			21
		],
		[
			20,
			30
		],
		[
			17,
			30
		],
		[
			17,
			20
		],
		[
			6,
			16
		],
		[
			16,
			28
		],
		[
			8,
			10
		],
		[
			28,
			35
		],
		[
			3,
			22
		],
		[
			22,
			24
		],
		[
			17,
			39
		],
		[
			11,
			39
		],
		[
			11,
			17
		],
		[
			0,
			38
		],
		[
			23,
			38
		],
		[
			1,
			33
		],
		[
			1,
			27
		],
		[
			9,
			15
		],
		[
			18,
			21
		],
		[
			1,
			34
		],
		[
			17,
			34
		],
		[
			20,
			34
		],
		[
			21,
			29
		],
		[
			23,
			31
		],
		[
			3,
			11
		],
		[
			3,
			29
		],
		[
			12,
			39
		],
		[
			3,
			26
		],
		[
			15,
			36
		],
		[
			9,
			36
		],
		[
			17,
			26
		],
		[
			7,
			33
		],
		[
			15,
			16
		],
		[
			16,
			36
		],
		[
			11,
			26
		],
		[
			12,
			21
		],
		[
			8,
			35
		],
		[
			14,
			31
		],
		[
			9,
			37
		]
	],
	"score": 0.5238095238095238
}