{
	"content_type": "CG_SHOP_2025_Solution",
	"instance_uid": "point-set_40_ae33a7ea",
	"steiner_points_x": [
		2697,
		"3779736466/1420945",
		2704,
		960,
		3698,
		545,
		"416679611/108197",
		560,
		2705,
		2792,
		758,
		"411659726/108197",
		2221,
		1616,
		2283,
		968,
		1873,
		2341,
		"666803425/316402",
		"2095636511/783197",
		2845,
		2088,
		"6682/3",
		1145,
		2367,
		"461695/349",
		643,
		93,
		3457,
		"101186344/140233",
		"76295/181",
		3759,
		"280065479/158201",
		2070,
		3438,
		2797,
		"2026987482/1420945",
		2912,
		2017,
		"2199645133/783197",
		"4821632674/1420945",
		2872,
		1339,
		"840868507/216394",
		"1157644336/326993",
		145,
		2648,
		2720,
		"422420666/108197",
		"141733/3770",
		"50254/13",
		"285070975/316402",
		3847,
		3669,
		"836163847/216394"
	],
	"steiner_points_y": [
		898,
		"10277838/1420945",
		1252,
		1222,
		257,
		1238,
		"78333368/108197",
		1590,
		1163,
		1781,
		1148,
		"26684329/108197",
		410,
		"5573/3",
		1618,
		1560,
		1164,
		782,
		"599133815/316402",
		"1492899168/783197",
		975,
		1302,
		"21/2",
		1062,
		1358,
		"640850/349",
		557,
		911,
		883,
		"238638324/140233",
		"43826/181",
		746,
		"295668894/158201",
		713,
		758,
		1440,
		"23511681/1420945",
		1170,
		1085,
		"1476357751/783197",
		"2411172/1420945",
		702,
		271,
		"233928935/216394",
		"563953627/326993",
		899,
		264,
		567,
		"137402445/108197",
		"3000539/3770",
		"11361/13",
		"571235365/316402",
		859,
		1093,
		"185523211/216394"
	],
	"edges": [
		[
			17,
			25
		],
		[
			25,
			56
		],
		[
			17,
			56
		],
		[
			26,
			53
		],
		[
			11,
			53
		],
		[
			11,
			26
		],
		[
			12,
			19
		],
		[
			19,
			54
		],
		[
			12,
			54
		],
		[
			33,
			54
		],
		[
			12,
			33
		],
		[
			40,
			87
		],
		[
			40,
			81
		],
		[
			81,
			87
		],
		[
			9,
			67
		],
		[
			3,
			67
		],
		[
			3,
			9
		],
		[
			32,
			33
		],
		[
			32,
			54
		],
		[
			25,
			55
		],
		[
			26,
			55
		],
		[
			25,
			26
		],
		[
			52,
			62
		],
		[
			14,
			52
		],
		[
			14,
			62
		],
		[
			14,
			41
		],
		[
			41,
			62
		],
		[
			46,
			92
		],
		[
			92,
			94
		],
		[
			46,
			94
		],
		[
			27,
			35
		],
		[
			27,
			93
		],
		[
			35,
			93
		],
		[
			32,
			61
		],
		[
			32,
			64
		],
		[
			61,
			64
		],
		[
			2,
			80
		],
		[
			2,
			28
		],
		[
			28,
			80
		],
		[
			0,
			50
		],
		[
			43,
			50
		],
		[
			0,
			43
		],
		[
			7,
			31
		],
		[
			1,
			7
		],
		[
			1,
			31
		],
		[
			33,
			72
		],
		[
			58,
			72
		],
		[
			33,
			58
		],
		[
			49,
			75
		],
		[
			20,
			49
		],
		[
			20,
			75
		],
		[
			5,
			50
		],
		[
			45,
			50
		],
		[
			5,
			45
		],
		[
			19,
			37
		],
		[
			37,
			54
		],
		[
			34,
			64
		],
		[
			38,
			64
		],
		[
			34,
			38
		],
		[
			10,
			53
		],
		[
			53,
			72
		],
		[
			10,
			72
		],
		[
			11,
			61
		],
		[
			56,
			61
		],
		[
			11,
			56
		],
		[
			7,
			88
		],
		[
			31,
			88
		],
		[
			35,
			74
		],
		[
			35,
			71
		],
		[
			71,
			74
		],
		[
			4,
			55
		],
		[
			43,
			55
		],
		[
			4,
			43
		],
		[
			40,
			48
		],
		[
			6,
			40
		],
		[
			6,
			48
		],
		[
			17,
			78
		],
		[
			73,
			78
		],
		[
			17,
			73
		],
		[
			15,
			90
		],
		[
			15,
			83
		],
		[
			83,
			90
		],
		[
			49,
			79
		],
		[
			20,
			79
		],
		[
			24,
			52
		],
		[
			14,
			24
		],
		[
			25,
			63
		],
		[
			17,
			63
		],
		[
			10,
			11
		],
		[
			6,
			24
		],
		[
			24,
			40
		],
		[
			48,
			60
		],
		[
			48,
			77
		],
		[
			60,
			77
		],
		[
			40,
			60
		],
		[
			15,
			92
		],
		[
			90,
			92
		],
		[
			57,
			78
		],
		[
			34,
			78
		],
		[
			34,
			57
		],
		[
			8,
			50
		],
		[
			0,
			8
		],
		[
			1,
			77
		],
		[
			1,
			27
		],
		[
			27,
			77
		],
		[
			13,
			93
		],
		[
			13,
			35
		],
		[
			16,
			42
		],
		[
			37,
			42
		],
		[
			16,
			37
		],
		[
			60,
			68
		],
		[
			68,
			74
		],
		[
			60,
			74
		],
		[
			35,
			68
		],
		[
			27,
			68
		],
		[
			74,
			81
		],
		[
			60,
			81
		],
		[
			2,
			41
		],
		[
			41,
			80
		],
		[
			38,
			48
		],
		[
			38,
			42
		],
		[
			42,
			48
		],
		[
			25,
			43
		],
		[
			8,
			29
		],
		[
			8,
			66
		],
		[
			29,
			66
		],
		[
			36,
			47
		],
		[
			5,
			47
		],
		[
			5,
			36
		],
		[
			1,
			75
		],
		[
			75,
			77
		],
		[
			15,
			93
		],
		[
			83,
			93
		],
		[
			68,
			77
		],
		[
			4,
			69
		],
		[
			23,
			69
		],
		[
			4,
			23
		],
		[
			1,
			84
		],
		[
			1,
			20
		],
		[
			20,
			84
		],
		[
			13,
			46
		],
		[
			13,
			92
		],
		[
			29,
			30
		],
		[
			30,
			66
		],
		[
			22,
			67
		],
		[
			67,
			85
		],
		[
			22,
			85
		],
		[
			1,
			93
		],
		[
			34,
			61
		],
		[
			10,
			61
		],
		[
			10,
			32
		],
		[
			49,
			59
		],
		[
			59,
			79
		],
		[
			10,
			33
		],
		[
			14,
			86
		],
		[
			41,
			86
		],
		[
			61,
			78
		],
		[
			16,
			19
		],
		[
			19,
			49
		],
		[
			16,
			49
		],
		[
			4,
			47
		],
		[
			4,
			5
		],
		[
			47,
			69
		],
		[
			28,
			44
		],
		[
			18,
			44
		],
		[
			18,
			28
		],
		[
			19,
			59
		],
		[
			3,
			22
		],
		[
			22,
			89
		],
		[
			3,
			89
		],
		[
			56,
			78
		],
		[
			8,
			22
		],
		[
			8,
			39
		],
		[
			22,
			39
		],
		[
			17,
			82
		],
		[
			63,
			82
		],
		[
			43,
			63
		],
		[
			0,
			63
		],
		[
			54,
			64
		],
		[
			37,
			64
		],
		[
			12,
			58
		],
		[
			13,
			71
		],
		[
			8,
			85
		],
		[
			4,
			50
		],
		[
			11,
			25
		],
		[
			53,
			65
		],
		[
			26,
			65
		],
		[
			42,
			77
		],
		[
			29,
			39
		],
		[
			29,
			70
		],
		[
			39,
			70
		],
		[
			36,
			45
		],
		[
			9,
			36
		],
		[
			36,
			67
		],
		[
			57,
			73
		],
		[
			52,
			57
		],
		[
			52,
			73
		],
		[
			13,
			15
		],
		[
			23,
			55
		],
		[
			24,
			87
		],
		[
			39,
			89
		],
		[
			30,
			82
		],
		[
			76,
			82
		],
		[
			30,
			76
		],
		[
			24,
			86
		],
		[
			86,
			87
		],
		[
			0,
			82
		],
		[
			6,
			57
		],
		[
			6,
			34
		],
		[
			16,
			75
		],
		[
			2,
			74
		],
		[
			44,
			74
		],
		[
			2,
			44
		],
		[
			52,
			82
		],
		[
			73,
			82
		],
		[
			55,
			65
		],
		[
			12,
			59
		],
		[
			45,
			85
		],
		[
			8,
			45
		],
		[
			42,
			75
		],
		[
			37,
			38
		],
		[
			2,
			87
		],
		[
			2,
			86
		],
		[
			44,
			51
		],
		[
			44,
			46
		],
		[
			46,
			51
		],
		[
			0,
			66
		],
		[
			66,
			82
		],
		[
			23,
			65
		],
		[
			23,
			91
		],
		[
			65,
			91
		],
		[
			36,
			85
		],
		[
			31,
			84
		],
		[
			30,
			70
		],
		[
			21,
			23
		],
		[
			21,
			91
		],
		[
			18,
			51
		],
		[
			6,
			38
		],
		[
			44,
			71
		],
		[
			46,
			71
		],
		[
			24,
			57
		],
		[
			7,
			93
		],
		[
			7,
			83
		],
		[
			2,
			81
		],
		[
			90,
			94
		],
		[
			52,
			76
		],
		[
			62,
			76
		],
		[
			21,
			69
		],
		[
			83,
			88
		]
	],
	"score": 0.5089285714285714
}