{
	"content_type": "CG_SHOP_2025_Solution",
	"instance_uid": "point-set_60_74409a1d",
	"steiner_points_x": [
		"5402123/47497",
		1696,
		1032,
		2975,
		493,
		3216,
		"26753093/14657",
		3419,
		"2166890637/557386",
		3554,
		834,
		2483,
		1259,
		3209,
		527,
		498,
		2705,
		3145,
		3159,
		"3009360790/923689",
		2666,
		2655,
		2414,
		2235,
		1855,
		999,
		3584,
		3271,
		"3387629/929",
		1960,
		2857,
		"23487613/9829",
		1661,
		"1849/2",
		2956,
		"3469954/929",
		3089,
		883,
		2132,
		2811,
		"42370684/14657",
		262,
		2869,
		2937,
		3000,
		2332,
		1078,
		2924,
		1954,
		"8422130/2393",
		"7396/5",
		"1373239357/3421610",
		3240,
		"416410690/167093",
		"22140452/14657",
		1375,
		"3361146070/923689",
		"45132630/14657",
		742,
		3250,
		"1191724876/1710805",
		879,
		"11094/11",
		2531,
		3533,
		"4045387/47497",
		3261,
		1340,
		3576,
		1139,
		"18505491/14657",
		2922,
		2900,
		3355,
		"41396150/14657",
		"495553875/167093",
		3537,
		936,
		2690,
		3495,
		3077,
		"48167189/14657",
		2471,
		3235,
		1390,
		"6375189/47497",
		"2132788455/557386",
		2385,
		227,
		578,
		"20114425/35641",
		"745/2",
		1180,
		912,
		321,
		"34141839/9290",
		"33463995/14657",
		1651,
		2289,
		"33551841/14657",
		567
	],
	"steiner_points_y": [
		"58003656/47497",
		1349,
		614,
		1622,
		979,
		999,
		"28762835/14657",
		1807,
		"423452479/557386",
		1636,
		429,
		748,
		1873,
		461,
		462,
		1202,
		1232,
		785,
		442,
		"250789166/923689",
		926,
		1477,
		947,
		834,
		1835,
		1192,
		1286,
		1786,
		"1567815/929",
		854,
		1830,
		"1017065/9829",
		1327,
		"53/2",
		733,
		"1369790/929",
		958,
		982,
		445,
		1815,
		"28246551/14657",
		1189,
		1731,
		1047,
		809,
		1312,
		920,
		1753,
		1644,
		"1995249/4786",
		"212/5",
		"39362729/3421610",
		1463,
		"18888651/167093",
		"28915319/14657",
		1180,
		"446365030/923689",
		"28155247/14657",
		724,
		401,
		"34159772/1710805",
		128,
		"318/11",
		1063,
		1327,
		"47898312/47497",
		1080,
		1127,
		1338,
		1331,
		"29035483/14657",
		1853,
		439,
		1618,
		"28278767/14657",
		"26277941/167093",
		1482,
		129,
		1640,
		1746,
		764,
		"28054931/14657",
		1343,
		1651,
		1152,
		"65251320/47497",
		"614789149/557386",
		153,
		1206,
		1665,
		"68559519/35641",
		"3483/2",
		1676,
		1491,
		1399,
		"15039397/9290",
		"28540987/14657",
		1344,
		1943,
		"28538083/14657",
		1370
	],
	"edges": [
		[
			101,
			154
		],
		[
			59,
			154
		],
		[
			59,
			101
		],
		[
			112,
			133
		],
		[
			133,
			136
		],
		[
			112,
			136
		],
		[
			11,
			43
		],
		[
			11,
			62
		],
		[
			43,
			62
		],
		[
			53,
			142
		],
		[
			81,
			142
		],
		[
			53,
			81
		],
		[
			51,
			67
		],
		[
			8,
			51
		],
		[
			8,
			67
		],
		[
			54,
			103
		],
		[
			28,
			54
		],
		[
			28,
			103
		],
		[
			97,
			106
		],
		[
			43,
			106
		],
		[
			43,
			97
		],
		[
			85,
			129
		],
		[
			127,
			129
		],
		[
			85,
			127
		],
		[
			21,
			154
		],
		[
			45,
			154
		],
		[
			21,
			45
		],
		[
			9,
			17
		],
		[
			17,
			34
		],
		[
			9,
			34
		],
		[
			11,
			144
		],
		[
			11,
			127
		],
		[
			127,
			144
		],
		[
			16,
			40
		],
		[
			16,
			63
		],
		[
			40,
			63
		],
		[
			78,
			94
		],
		[
			94,
			140
		],
		[
			78,
			140
		],
		[
			42,
			72
		],
		[
			42,
			130
		],
		[
			72,
			130
		],
		[
			52,
			97
		],
		[
			15,
			52
		],
		[
			15,
			97
		],
		[
			23,
			122
		],
		[
			23,
			110
		],
		[
			110,
			122
		],
		[
			50,
			152
		],
		[
			72,
			152
		],
		[
			50,
			72
		],
		[
			112,
			124
		],
		[
			124,
			136
		],
		[
			102,
			138
		],
		[
			99,
			138
		],
		[
			99,
			102
		],
		[
			93,
			121
		],
		[
			121,
			137
		],
		[
			93,
			137
		],
		[
			106,
			127
		],
		[
			11,
			106
		],
		[
			92,
			144
		],
		[
			89,
			92
		],
		[
			89,
			144
		],
		[
			134,
			158
		],
		[
			158,
			159
		],
		[
			134,
			159
		],
		[
			153,
			160
		],
		[
			85,
			153
		],
		[
			85,
			160
		],
		[
			61,
			92
		],
		[
			61,
			89
		],
		[
			124,
			128
		],
		[
			128,
			136
		],
		[
			44,
			98
		],
		[
			98,
			147
		],
		[
			44,
			147
		],
		[
			36,
			61
		],
		[
			46,
			61
		],
		[
			36,
			46
		],
		[
			43,
			52
		],
		[
			52,
			62
		],
		[
			36,
			83
		],
		[
			36,
			82
		],
		[
			82,
			83
		],
		[
			41,
			128
		],
		[
			95,
			128
		],
		[
			41,
			95
		],
		[
			80,
			94
		],
		[
			12,
			94
		],
		[
			12,
			80
		],
		[
			152,
			153
		],
		[
			42,
			153
		],
		[
			42,
			152
		],
		[
			0,
			61
		],
		[
			0,
			108
		],
		[
			61,
			108
		],
		[
			16,
			81
		],
		[
			16,
			53
		],
		[
			90,
			131
		],
		[
			90,
			100
		],
		[
			100,
			131
		],
		[
			34,
			118
		],
		[
			15,
			34
		],
		[
			15,
			118
		],
		[
			90,
			134
		],
		[
			100,
			134
		],
		[
			17,
			64
		],
		[
			34,
			64
		],
		[
			61,
			157
		],
		[
			0,
			157
		],
		[
			44,
			110
		],
		[
			10,
			44
		],
		[
			10,
			110
		],
		[
			59,
			75
		],
		[
			75,
			101
		],
		[
			26,
			77
		],
		[
			26,
			73
		],
		[
			73,
			77
		],
		[
			86,
			124
		],
		[
			86,
			128
		],
		[
			33,
			126
		],
		[
			124,
			126
		],
		[
			33,
			124
		],
		[
			92,
			157
		],
		[
			95,
			136
		],
		[
			46,
			105
		],
		[
			31,
			105
		],
		[
			31,
			46
		],
		[
			84,
			108
		],
		[
			56,
			84
		],
		[
			56,
			108
		],
		[
			32,
			77
		],
		[
			26,
			32
		],
		[
			33,
			86
		],
		[
			17,
			148
		],
		[
			17,
			60
		],
		[
			60,
			148
		],
		[
			156,
			158
		],
		[
			156,
			159
		],
		[
			2,
			18
		],
		[
			18,
			143
		],
		[
			2,
			143
		],
		[
			96,
			103
		],
		[
			96,
			104
		],
		[
			103,
			104
		],
		[
			19,
			116
		],
		[
			13,
			19
		],
		[
			13,
			116
		],
		[
			35,
			129
		],
		[
			129,
			152
		],
		[
			35,
			152
		],
		[
			18,
			63
		],
		[
			63,
			107
		],
		[
			18,
			107
		],
		[
			63,
			102
		],
		[
			102,
			107
		],
		[
			73,
			140
		],
		[
			73,
			78
		],
		[
			149,
			153
		],
		[
			30,
			149
		],
		[
			30,
			153
		],
		[
			36,
			89
		],
		[
			83,
			89
		],
		[
			64,
			97
		],
		[
			15,
			64
		],
		[
			39,
			94
		],
		[
			39,
			78
		],
		[
			117,
			131
		],
		[
			100,
			117
		],
		[
			1,
			71
		],
		[
			1,
			147
		],
		[
			71,
			147
		],
		[
			112,
			143
		],
		[
			2,
			112
		],
		[
			49,
			121
		],
		[
			5,
			49
		],
		[
			5,
			121
		],
		[
			1,
			113
		],
		[
			113,
			147
		],
		[
			21,
			29
		],
		[
			21,
			151
		],
		[
			29,
			151
		],
		[
			5,
			137
		],
		[
			55,
			132
		],
		[
			55,
			113
		],
		[
			113,
			132
		],
		[
			101,
			148
		],
		[
			148,
			154
		],
		[
			32,
			33
		],
		[
			19,
			33
		],
		[
			19,
			32
		],
		[
			26,
			109
		],
		[
			19,
			26
		],
		[
			19,
			109
		],
		[
			90,
			99
		],
		[
			99,
			134
		],
		[
			55,
			135
		],
		[
			55,
			57
		],
		[
			57,
			135
		],
		[
			48,
			138
		],
		[
			81,
			138
		],
		[
			48,
			81
		],
		[
			17,
			125
		],
		[
			60,
			125
		],
		[
			56,
			138
		],
		[
			48,
			56
		],
		[
			56,
			99
		],
		[
			71,
			82
		],
		[
			71,
			83
		],
		[
			40,
			112
		],
		[
			2,
			40
		],
		[
			48,
			142
		],
		[
			69,
			133
		],
		[
			133,
			139
		],
		[
			69,
			139
		],
		[
			27,
			136
		],
		[
			69,
			136
		],
		[
			27,
			69
		],
		[
			79,
			119
		],
		[
			109,
			119
		],
		[
			79,
			109
		],
		[
			31,
			76
		],
		[
			31,
			53
		],
		[
			53,
			76
		],
		[
			107,
			131
		],
		[
			38,
			131
		],
		[
			38,
			107
		],
		[
			24,
			79
		],
		[
			24,
			119
		],
		[
			45,
			151
		],
		[
			76,
			103
		],
		[
			80,
			103
		],
		[
			76,
			80
		],
		[
			122,
			137
		],
		[
			23,
			137
		],
		[
			2,
			63
		],
		[
			9,
			125
		],
		[
			27,
			95
		],
		[
			112,
			126
		],
		[
			30,
			42
		],
		[
			3,
			30
		],
		[
			3,
			42
		],
		[
			85,
			106
		],
		[
			28,
			96
		],
		[
			29,
			30
		],
		[
			29,
			150
		],
		[
			30,
			150
		],
		[
			6,
			121
		],
		[
			6,
			25
		],
		[
			25,
			121
		],
		[
			77,
			140
		],
		[
			28,
			40
		],
		[
			16,
			28
		],
		[
			13,
			22
		],
		[
			22,
			116
		],
		[
			35,
			157
		],
		[
			0,
			35
		],
		[
			58,
			139
		],
		[
			67,
			139
		],
		[
			58,
			67
		],
		[
			3,
			150
		],
		[
			48,
			108
		],
		[
			80,
			104
		],
		[
			94,
			104
		],
		[
			88,
			139
		],
		[
			58,
			88
		],
		[
			27,
			155
		],
		[
			27,
			88
		],
		[
			88,
			155
		],
		[
			38,
			117
		],
		[
			51,
			117
		],
		[
			38,
			51
		],
		[
			47,
			87
		],
		[
			67,
			87
		],
		[
			47,
			67
		],
		[
			115,
			129
		],
		[
			115,
			127
		],
		[
			4,
			13
		],
		[
			4,
			146
		],
		[
			13,
			146
		],
		[
			61,
			105
		],
		[
			104,
			140
		],
		[
			95,
			155
		],
		[
			7,
			84
		],
		[
			7,
			56
		],
		[
			20,
			70
		],
		[
			70,
			74
		],
		[
			20,
			74
		],
		[
			16,
			54
		],
		[
			53,
			54
		],
		[
			149,
			160
		],
		[
			74,
			118
		],
		[
			34,
			74
		],
		[
			21,
			160
		],
		[
			21,
			149
		],
		[
			29,
			149
		],
		[
			129,
			153
		],
		[
			56,
			134
		],
		[
			73,
			119
		],
		[
			24,
			73
		],
		[
			64,
			101
		],
		[
			64,
			75
		],
		[
			145,
			148
		],
		[
			145,
			154
		],
		[
			113,
			135
		],
		[
			65,
			77
		],
		[
			77,
			96
		],
		[
			65,
			96
		],
		[
			4,
			33
		],
		[
			4,
			19
		],
		[
			92,
			115
		],
		[
			115,
			157
		],
		[
			17,
			101
		],
		[
			28,
			65
		],
		[
			26,
			119
		],
		[
			115,
			144
		],
		[
			18,
			38
		],
		[
			35,
			115
		],
		[
			1,
			12
		],
		[
			1,
			94
		],
		[
			7,
			66
		],
		[
			66,
			156
		],
		[
			7,
			156
		],
		[
			20,
			62
		],
		[
			20,
			52
		],
		[
			24,
			39
		],
		[
			24,
			78
		],
		[
			76,
			123
		],
		[
			80,
			123
		],
		[
			75,
			85
		],
		[
			85,
			97
		],
		[
			75,
			97
		],
		[
			93,
			122
		],
		[
			33,
			65
		],
		[
			32,
			65
		],
		[
			117,
			141
		],
		[
			51,
			141
		],
		[
			35,
			50
		],
		[
			0,
			50
		],
		[
			16,
			102
		],
		[
			16,
			138
		],
		[
			90,
			102
		],
		[
			80,
			82
		],
		[
			82,
			123
		],
		[
			69,
			88
		],
		[
			9,
			74
		],
		[
			74,
			111
		],
		[
			9,
			111
		],
		[
			105,
			142
		],
		[
			31,
			142
		],
		[
			0,
			84
		],
		[
			96,
			140
		],
		[
			4,
			86
		],
		[
			41,
			86
		],
		[
			4,
			41
		],
		[
			71,
			98
		],
		[
			39,
			132
		],
		[
			39,
			55
		],
		[
			25,
			49
		],
		[
			120,
			121
		],
		[
			93,
			120
		],
		[
			48,
			105
		],
		[
			6,
			74
		],
		[
			25,
			74
		],
		[
			133,
			143
		],
		[
			7,
			158
		],
		[
			91,
			147
		],
		[
			91,
			113
		],
		[
			6,
			111
		],
		[
			52,
			118
		],
		[
			10,
			147
		],
		[
			10,
			91
		],
		[
			54,
			76
		],
		[
			11,
			98
		],
		[
			11,
			89
		],
		[
			89,
			98
		],
		[
			31,
			123
		],
		[
			46,
			123
		],
		[
			47,
			133
		],
		[
			47,
			139
		],
		[
			28,
			126
		],
		[
			65,
			126
		],
		[
			50,
			84
		],
		[
			90,
			107
		],
		[
			46,
			82
		],
		[
			6,
			120
		],
		[
			111,
			120
		],
		[
			49,
			70
		],
		[
			14,
			70
		],
		[
			14,
			49
		],
		[
			83,
			98
		],
		[
			47,
			143
		],
		[
			66,
			84
		],
		[
			20,
			118
		],
		[
			39,
			57
		],
		[
			23,
			44
		],
		[
			109,
			116
		],
		[
			5,
			23
		],
		[
			87,
			143
		],
		[
			11,
			23
		],
		[
			23,
			62
		],
		[
			12,
			71
		],
		[
			94,
			132
		],
		[
			1,
			132
		],
		[
			25,
			70
		],
		[
			11,
			44
		],
		[
			8,
			58
		],
		[
			105,
			108
		],
		[
			8,
			141
		],
		[
			13,
			68
		],
		[
			22,
			68
		],
		[
			50,
			114
		],
		[
			72,
			114
		],
		[
			14,
			23
		],
		[
			5,
			14
		],
		[
			50,
			66
		],
		[
			66,
			114
		],
		[
			60,
			145
		],
		[
			21,
			59
		],
		[
			45,
			145
		],
		[
			14,
			20
		],
		[
			59,
			160
		],
		[
			75,
			160
		],
		[
			114,
			130
		],
		[
			9,
			37
		],
		[
			37,
			111
		],
		[
			24,
			57
		],
		[
			38,
			143
		],
		[
			38,
			87
		],
		[
			28,
			112
		],
		[
			56,
			158
		],
		[
			12,
			82
		],
		[
			150,
			151
		],
		[
			68,
			146
		],
		[
			41,
			146
		],
		[
			51,
			87
		],
		[
			57,
			79
		],
		[
			14,
			62
		]
	],
	"score": 0.5049019607843137
}