{
	"content_type": "CG_SHOP_2025_Solution",
	"instance_uid": "point-set_10_f999dc7f",
	"steiner_points_x": [
		"4891275/1189",
		"19656511/2378",
		"875919/229",
		9711,
		"56030425/13241",
		"129975/13",
		9716,
		"72329375/7241",
		4232,
		9716
	],
	"steiner_points_y": [
		"6370600/1189",
		"18022621/2378",
		"1007645/229",
		4508,
		"48470850/13241",
		"62925/13",
		4868,
		"33631850/7241",
		4406,
		4832
	],
	"edges": [
		[
			8,
			19
		],
		[
			1,
			19
		],
		[
			1,
			8
		],
		[
			11,
			16
		],
		[
			2,
			16
		],
		[
			2,
			11
		],
		[
			3,
			16
		],
		[
			2,
			3
		],
		[
			3,
			18
		],
		[
			3,
			13
		],
		[
			13,
			18
		],
		[
			2,
			7
		],
		[
			7,
			10
		],
		[
			2,
			10
		],
		[
			5,
			18
		],
		[
			0,
			18
		],
		[
			0,
			5
		],
		[
			6,
			16
		],
		[
			6,
			11
		],
		[
			16,
			19
		],
		[
			1,
			16
		],
		[
			8,
			17
		],
		[
			8,
			15
		],
		[
			15,
			17
		],
		[
			1,
			15
		],
		[
			1,
			6
		],
		[
			6,
			15
		],
		[
			0,
			13
		],
		[
			5,
			12
		],
		[
			5,
			9
		],
		[
			9,
			12
		],
		[
			5,
			14
		],
		[
			9,
			14
		],
		[
			4,
			13
		],
		[
			0,
			4
		],
		[
			4,
			8
		],
		[
			4,
			17
		],
		[
			7,
			12
		],
		[
			3,
			7
		],
		[
			3,
			12
		],
		[
			8,
			13
		],
		[
			13,
			19
		],
		[
			0,
			14
		],
		[
			3,
			19
		],
		[
			12,
			18
		],
		[
			10,
			11
		]
	],
	"score": 0.5454545454545454
}