{
	"content_type": "CG_SHOP_2025_Solution",
	"instance_uid": "point-set_20_5868538a",
	"steiner_points_x": [
		950,
		3311,
		2775,
		705,
		"1768901509/1943317",
		"5015325379/1943317",
		"3195015087/1943317",
		1876,
		"244286625/72194",
		459,
		1574,
		2251,
		582,
		118,
		935,
		1699,
		"4157817431/1943317",
		"6188368/250841",
		"273706125/395453",
		"492570/313",
		1732,
		111,
		"1583693565/914426",
		867,
		"87766875/790906"
	],
	"steiner_points_y": [
		1085,
		1008,
		1008,
		159,
		"3205501061/1943317",
		"3184541366/1943317",
		"3196293728/1943317",
		434,
		"67610473/72194",
		574,
		19,
		1448,
		1208,
		228,
		513,
		652,
		"3190077644/1943317",
		"158870928/250841",
		"32517911/395453",
		"4116/313",
		7,
		188,
		"4602717/914426",
		129,
		"148559953/790906"
	],
	"edges": [
		[
			5,
			31
		],
		[
			5,
			36
		],
		[
			31,
			36
		],
		[
			12,
			30
		],
		[
			12,
			40
		],
		[
			30,
			40
		],
		[
			34,
			35
		],
		[
			2,
			35
		],
		[
			2,
			34
		],
		[
			39,
			40
		],
		[
			40,
			42
		],
		[
			39,
			42
		],
		[
			7,
			26
		],
		[
			0,
			7
		],
		[
			0,
			26
		],
		[
			18,
			33
		],
		[
			6,
			33
		],
		[
			6,
			18
		],
		[
			2,
			12
		],
		[
			2,
			30
		],
		[
			5,
			26
		],
		[
			26,
			36
		],
		[
			22,
			31
		],
		[
			25,
			31
		],
		[
			22,
			25
		],
		[
			16,
			30
		],
		[
			30,
			39
		],
		[
			16,
			39
		],
		[
			2,
			43
		],
		[
			2,
			16
		],
		[
			16,
			43
		],
		[
			9,
			33
		],
		[
			9,
			29
		],
		[
			29,
			33
		],
		[
			7,
			8
		],
		[
			8,
			26
		],
		[
			6,
			37
		],
		[
			18,
			37
		],
		[
			5,
			8
		],
		[
			5,
			17
		],
		[
			8,
			17
		],
		[
			21,
			22
		],
		[
			14,
			22
		],
		[
			14,
			21
		],
		[
			14,
			25
		],
		[
			7,
			32
		],
		[
			0,
			32
		],
		[
			11,
			21
		],
		[
			11,
			14
		],
		[
			15,
			22
		],
		[
			15,
			17
		],
		[
			17,
			22
		],
		[
			18,
			19
		],
		[
			19,
			37
		],
		[
			23,
			34
		],
		[
			34,
			43
		],
		[
			23,
			43
		],
		[
			0,
			24
		],
		[
			24,
			26
		],
		[
			3,
			27
		],
		[
			17,
			27
		],
		[
			3,
			17
		],
		[
			0,
			13
		],
		[
			13,
			24
		],
		[
			23,
			29
		],
		[
			23,
			33
		],
		[
			17,
			31
		],
		[
			20,
			32
		],
		[
			20,
			29
		],
		[
			29,
			32
		],
		[
			19,
			32
		],
		[
			13,
			19
		],
		[
			13,
			32
		],
		[
			9,
			32
		],
		[
			20,
			35
		],
		[
			20,
			34
		],
		[
			15,
			21
		],
		[
			21,
			28
		],
		[
			15,
			28
		],
		[
			10,
			23
		],
		[
			10,
			43
		],
		[
			25,
			36
		],
		[
			29,
			34
		],
		[
			27,
			35
		],
		[
			2,
			27
		],
		[
			8,
			20
		],
		[
			7,
			20
		],
		[
			9,
			18
		],
		[
			8,
			35
		],
		[
			10,
			38
		],
		[
			10,
			16
		],
		[
			16,
			38
		],
		[
			41,
			44
		],
		[
			38,
			41
		],
		[
			38,
			44
		],
		[
			12,
			27
		],
		[
			33,
			41
		],
		[
			6,
			41
		],
		[
			4,
			12
		],
		[
			4,
			27
		],
		[
			10,
			41
		],
		[
			3,
			4
		],
		[
			17,
			35
		],
		[
			1,
			14
		],
		[
			1,
			11
		],
		[
			10,
			33
		],
		[
			9,
			19
		],
		[
			4,
			40
		],
		[
			6,
			44
		],
		[
			3,
			15
		],
		[
			4,
			42
		],
		[
			11,
			28
		]
	],
	"score": 0.5192307692307693
}