{
	"content_type": "CG_SHOP_2025_Solution",
	"instance_uid": "simple-polygon-exterior-20_20_eb63a5b6",
	"steiner_points_x": [
		"5032531870/1749289",
		"12324500/15661",
		"82461889/28834",
		145,
		"3544869509/935365",
		"9191315913/5685973",
		"5101/2",
		3566,
		3419,
		"199187162/345073",
		"109/5",
		1354,
		"2907969607/828178",
		2385,
		"14999593749/11371946",
		1469,
		3437,
		"90189761/2584697",
		"28921642223/11371946",
		2417,
		"3853762630/1749289",
		3061,
		3149,
		"615325311500/2634697013",
		"21274000/15661",
		"5915461/1781",
		2995,
		"1325101885/414089",
		3396,
		3363,
		"4176444550/1749289",
		"5184887590/1749289",
		"38743352/168233",
		2877,
		3249,
		3283,
		3339
	],
	"steiner_points_y": [
		"270891729/1749289",
		"591576/15661",
		"11039719/28834",
		506,
		"938724212/935365",
		"9821632092/5685973",
		"3429/2",
		787,
		912,
		"179707448/345073",
		"1604/5",
		157,
		"434501459/828178",
		164,
		"19366461009/11371946",
		450,
		1131,
		"1327196116/2584697",
		"20505575359/11371946",
		1214,
		"196772148/1749289",
		1174,
		1286,
		"29535614952/2634697013",
		"1021152/15661",
		"1666981/1781",
		461,
		"112795408/414089",
		846,
		747,
		"217061996/1749289",
		"280471672/1749289",
		"13280582/168233",
		200,
		955,
		985,
		1051
	],
	"edges": [
		[
			16,
			30
		],
		[
			17,
			30
		],
		[
			16,
			17
		],
		[
			16,
			52
		],
		[
			43,
			52
		],
		[
			16,
			43
		],
		[
			7,
			46
		],
		[
			11,
			46
		],
		[
			7,
			11
		],
		[
			10,
			53
		],
		[
			22,
			53
		],
		[
			10,
			22
		],
		[
			13,
			31
		],
		[
			13,
			44
		],
		[
			31,
			44
		],
		[
			13,
			35
		],
		[
			12,
			35
		],
		[
			12,
			13
		],
		[
			22,
			46
		],
		[
			10,
			46
		],
		[
			6,
			56
		],
		[
			36,
			56
		],
		[
			6,
			36
		],
		[
			15,
			17
		],
		[
			15,
			52
		],
		[
			17,
			52
		],
		[
			0,
			35
		],
		[
			0,
			1
		],
		[
			1,
			35
		],
		[
			41,
			54
		],
		[
			11,
			54
		],
		[
			11,
			41
		],
		[
			1,
			26
		],
		[
			1,
			25
		],
		[
			25,
			26
		],
		[
			54,
			55
		],
		[
			45,
			55
		],
		[
			45,
			54
		],
		[
			23,
			30
		],
		[
			17,
			23
		],
		[
			23,
			29
		],
		[
			19,
			23
		],
		[
			19,
			29
		],
		[
			1,
			39
		],
		[
			26,
			39
		],
		[
			4,
			27
		],
		[
			5,
			27
		],
		[
			4,
			5
		],
		[
			55,
			56
		],
		[
			41,
			55
		],
		[
			41,
			56
		],
		[
			2,
			26
		],
		[
			26,
			38
		],
		[
			2,
			38
		],
		[
			22,
			33
		],
		[
			33,
			53
		],
		[
			15,
			31
		],
		[
			21,
			31
		],
		[
			15,
			21
		],
		[
			8,
			46
		],
		[
			8,
			10
		],
		[
			1,
			12
		],
		[
			5,
			24
		],
		[
			3,
			5
		],
		[
			3,
			24
		],
		[
			45,
			48
		],
		[
			7,
			48
		],
		[
			7,
			45
		],
		[
			5,
			6
		],
		[
			5,
			36
		],
		[
			25,
			38
		],
		[
			14,
			15
		],
		[
			14,
			31
		],
		[
			18,
			29
		],
		[
			15,
			18
		],
		[
			15,
			29
		],
		[
			4,
			24
		],
		[
			48,
			49
		],
		[
			27,
			48
		],
		[
			27,
			49
		],
		[
			32,
			49
		],
		[
			27,
			32
		],
		[
			1,
			34
		],
		[
			25,
			34
		],
		[
			12,
			40
		],
		[
			12,
			33
		],
		[
			33,
			40
		],
		[
			12,
			39
		],
		[
			39,
			41
		],
		[
			11,
			39
		],
		[
			20,
			33
		],
		[
			20,
			53
		],
		[
			3,
			36
		],
		[
			27,
			28
		],
		[
			5,
			28
		],
		[
			0,
			34
		],
		[
			0,
			19
		],
		[
			19,
			34
		],
		[
			51,
			53
		],
		[
			20,
			51
		],
		[
			6,
			55
		],
		[
			17,
			29
		],
		[
			13,
			40
		],
		[
			33,
			50
		],
		[
			40,
			50
		],
		[
			20,
			50
		],
		[
			10,
			51
		],
		[
			9,
			10
		],
		[
			9,
			51
		],
		[
			36,
			42
		],
		[
			42,
			56
		],
		[
			8,
			9
		],
		[
			8,
			47
		],
		[
			9,
			47
		],
		[
			4,
			32
		],
		[
			18,
			19
		],
		[
			11,
			22
		],
		[
			7,
			8
		],
		[
			8,
			32
		],
		[
			8,
			49
		],
		[
			11,
			12
		],
		[
			11,
			33
		],
		[
			7,
			54
		],
		[
			7,
			49
		],
		[
			32,
			47
		],
		[
			18,
			35
		],
		[
			14,
			35
		],
		[
			14,
			18
		],
		[
			2,
			42
		],
		[
			2,
			36
		],
		[
			26,
			42
		],
		[
			21,
			44
		],
		[
			28,
			45
		],
		[
			28,
			48
		],
		[
			2,
			3
		],
		[
			41,
			42
		],
		[
			26,
			41
		],
		[
			23,
			37
		],
		[
			19,
			37
		],
		[
			6,
			28
		],
		[
			6,
			45
		],
		[
			13,
			14
		],
		[
			21,
			52
		],
		[
			21,
			43
		],
		[
			30,
			37
		],
		[
			0,
			18
		]
	],
	"score": 0.5131578947368421
}