{
	"content_type": "CG_SHOP_2025_Solution",
	"instance_uid": "simple-polygon-exterior-20_10_8c4306da",
	"steiner_points_x": [
		"5196486642/2431613",
		"4929301959/4863226",
		"406123394/359957",
		"18441625848/11636585",
		2640,
		3567,
		"174212692/48161",
		"955893823836684/837734045369",
		"30841587854/11636585",
		"180184896/1432177"
	],
	"steiner_points_y": [
		"3425103307/2431613",
		"5591706239/4863226",
		"110073582/359957",
		"4480140851/11636585",
		"1443/2",
		1456,
		"70618164/48161",
		"16773013960262/64441080413",
		"15930540491/23273170",
		"328149229/1432177"
	],
	"edges": [
		[
			12,
			13
		],
		[
			4,
			12
		],
		[
			4,
			13
		],
		[
			9,
			11
		],
		[
			7,
			9
		],
		[
			7,
			11
		],
		[
			15,
			16
		],
		[
			2,
			15
		],
		[
			2,
			16
		],
		[
			8,
			9
		],
		[
			7,
			8
		],
		[
			5,
			7
		],
		[
			5,
			19
		],
		[
			7,
			19
		],
		[
			4,
			9
		],
		[
			0,
			9
		],
		[
			0,
			4
		],
		[
			4,
			14
		],
		[
			13,
			14
		],
		[
			0,
			1
		],
		[
			0,
			10
		],
		[
			1,
			10
		],
		[
			12,
			17
		],
		[
			13,
			17
		],
		[
			0,
			14
		],
		[
			1,
			14
		],
		[
			1,
			15
		],
		[
			14,
			15
		],
		[
			5,
			8
		],
		[
			1,
			2
		],
		[
			4,
			8
		],
		[
			0,
			11
		],
		[
			5,
			12
		],
		[
			5,
			17
		],
		[
			8,
			12
		],
		[
			14,
			18
		],
		[
			13,
			18
		],
		[
			3,
			15
		],
		[
			3,
			16
		],
		[
			3,
			14
		],
		[
			10,
			11
		],
		[
			6,
			19
		],
		[
			5,
			6
		],
		[
			3,
			18
		]
	],
	"score": 0.5454545454545454
}