{
	"content_type": "CG_SHOP_2025_Solution",
	"instance_uid": "simple-polygon_80_48c9df87",
	"steiner_points_x": [
		1344,
		3726,
		205,
		"123510713/356410",
		"299295700/88793",
		"20185597/28330",
		"22503327479/25708657",
		3189,
		"945/2",
		"84281862/65453",
		1981,
		879,
		"1052908/15661",
		"347906859/172057",
		975,
		"14307340024291/17713264673",
		636,
		569,
		1743,
		393,
		"164344349/130906",
		"322844683/136429",
		1823,
		1929,
		"84869/106",
		3791,
		"150361043/356410",
		3675,
		"56149252/21997",
		3667,
		3360,
		626,
		1340,
		955,
		324,
		"663191715/207637",
		1756,
		"110728591/38629",
		2470,
		3597,
		"1069301/1378",
		577,
		397,
		838,
		"144707/169",
		"534921387/186605",
		2665,
		"159681812/42589",
		"20866207/64805",
		686,
		172,
		"642747187/207637",
		3576,
		"7767460/3109",
		"9122233/2393",
		"63126666/27529",
		"3669/2",
		1842,
		3005,
		2256,
		"1010585/337"
	],
	"steiner_points_y": [
		1233,
		931,
		264,
		"595070031/356410",
		"146673517/88793",
		"45381581/28330",
		"29017861784/25708657",
		78,
		"1597/2",
		"77979499/65453",
		404,
		397,
		"15029597/15661",
		"188134539/172057",
		364,
		"20090397521236/17713264673",
		436,
		384,
		1403,
		466,
		"161669873/130906",
		"28131996/136429",
		1359,
		1059,
		"110985/106",
		1046,
		"620556141/356410",
		961,
		"27629791/21997",
		"1453/3",
		1277,
		546,
		1342,
		617,
		1396,
		"4120194/207637",
		1314,
		"57250180/38629",
		566,
		1342,
		"1023521/1378",
		476,
		701,
		304,
		"43972/169",
		"227479484/186605",
		1720,
		"65704807/42589",
		"11196279/64805",
		480,
		1172,
		"2363946/207637",
		1537,
		"1897921/3109",
		"2506728/2393",
		"52511990/27529",
		1788,
		1582,
		126,
		1784,
		"43050/337"
	],
	"edges": [
		[
			79,
			94
		],
		[
			94,
			113
		],
		[
			79,
			113
		],
		[
			0,
			113
		],
		[
			113,
			120
		],
		[
			0,
			120
		],
		[
			37,
			127
		],
		[
			37,
			39
		],
		[
			39,
			127
		],
		[
			13,
			137
		],
		[
			136,
			137
		],
		[
			13,
			136
		],
		[
			22,
			110
		],
		[
			23,
			110
		],
		[
			22,
			23
		],
		[
			13,
			139
		],
		[
			13,
			49
		],
		[
			49,
			139
		],
		[
			78,
			94
		],
		[
			78,
			79
		],
		[
			77,
			78
		],
		[
			77,
			94
		],
		[
			15,
			108
		],
		[
			15,
			20
		],
		[
			20,
			108
		],
		[
			0,
			79
		],
		[
			118,
			133
		],
		[
			7,
			118
		],
		[
			7,
			133
		],
		[
			42,
			119
		],
		[
			110,
			119
		],
		[
			42,
			110
		],
		[
			57,
			58
		],
		[
			57,
			130
		],
		[
			58,
			130
		],
		[
			87,
			115
		],
		[
			30,
			87
		],
		[
			30,
			115
		],
		[
			47,
			139
		],
		[
			47,
			49
		],
		[
			53,
			54
		],
		[
			0,
			53
		],
		[
			0,
			54
		],
		[
			138,
			140
		],
		[
			29,
			138
		],
		[
			29,
			140
		],
		[
			55,
			86
		],
		[
			86,
			95
		],
		[
			55,
			95
		],
		[
			50,
			137
		],
		[
			50,
			136
		],
		[
			73,
			82
		],
		[
			82,
			128
		],
		[
			73,
			128
		],
		[
			96,
			111
		],
		[
			96,
			121
		],
		[
			111,
			121
		],
		[
			54,
			104
		],
		[
			54,
			120
		],
		[
			104,
			120
		],
		[
			0,
			1
		],
		[
			1,
			53
		],
		[
			59,
			114
		],
		[
			60,
			114
		],
		[
			59,
			60
		],
		[
			101,
			118
		],
		[
			5,
			118
		],
		[
			5,
			101
		],
		[
			1,
			103
		],
		[
			10,
			103
		],
		[
			1,
			10
		],
		[
			82,
			99
		],
		[
			99,
			128
		],
		[
			121,
			122
		],
		[
			99,
			121
		],
		[
			99,
			122
		],
		[
			57,
			67
		],
		[
			57,
			68
		],
		[
			67,
			68
		],
		[
			25,
			30
		],
		[
			25,
			109
		],
		[
			30,
			109
		],
		[
			58,
			114
		],
		[
			58,
			59
		],
		[
			40,
			132
		],
		[
			42,
			132
		],
		[
			40,
			42
		],
		[
			4,
			8
		],
		[
			8,
			101
		],
		[
			4,
			101
		],
		[
			112,
			116
		],
		[
			80,
			116
		],
		[
			80,
			112
		],
		[
			14,
			139
		],
		[
			13,
			14
		],
		[
			18,
			19
		],
		[
			17,
			18
		],
		[
			17,
			19
		],
		[
			131,
			138
		],
		[
			29,
			131
		],
		[
			69,
			82
		],
		[
			69,
			99
		],
		[
			46,
			139
		],
		[
			14,
			46
		],
		[
			114,
			130
		],
		[
			16,
			108
		],
		[
			19,
			108
		],
		[
			16,
			19
		],
		[
			97,
			121
		],
		[
			97,
			99
		],
		[
			86,
			104
		],
		[
			95,
			104
		],
		[
			46,
			47
		],
		[
			69,
			122
		],
		[
			10,
			90
		],
		[
			1,
			90
		],
		[
			97,
			128
		],
		[
			74,
			97
		],
		[
			74,
			128
		],
		[
			72,
			82
		],
		[
			72,
			73
		],
		[
			14,
			15
		],
		[
			15,
			46
		],
		[
			6,
			118
		],
		[
			6,
			133
		],
		[
			56,
			113
		],
		[
			56,
			120
		],
		[
			46,
			126
		],
		[
			15,
			126
		],
		[
			75,
			97
		],
		[
			74,
			75
		],
		[
			35,
			110
		],
		[
			23,
			35
		],
		[
			96,
			123
		],
		[
			75,
			123
		],
		[
			75,
			96
		],
		[
			53,
			116
		],
		[
			103,
			116
		],
		[
			53,
			103
		],
		[
			26,
			87
		],
		[
			27,
			87
		],
		[
			26,
			27
		],
		[
			65,
			114
		],
		[
			65,
			130
		],
		[
			20,
			117
		],
		[
			15,
			117
		],
		[
			96,
			129
		],
		[
			123,
			129
		],
		[
			98,
			137
		],
		[
			50,
			98
		],
		[
			35,
			119
		],
		[
			60,
			85
		],
		[
			60,
			62
		],
		[
			62,
			85
		],
		[
			37,
			119
		],
		[
			119,
			132
		],
		[
			37,
			132
		],
		[
			49,
			136
		],
		[
			61,
			85
		],
		[
			61,
			62
		],
		[
			96,
			97
		],
		[
			15,
			16
		],
		[
			16,
			17
		],
		[
			102,
			116
		],
		[
			98,
			116
		],
		[
			98,
			102
		],
		[
			66,
			130
		],
		[
			57,
			66
		],
		[
			60,
			64
		],
		[
			64,
			114
		],
		[
			56,
			88
		],
		[
			56,
			111
		],
		[
			88,
			111
		],
		[
			65,
			66
		],
		[
			28,
			138
		],
		[
			28,
			140
		],
		[
			8,
			9
		],
		[
			8,
			90
		],
		[
			9,
			90
		],
		[
			21,
			43
		],
		[
			21,
			44
		],
		[
			43,
			44
		],
		[
			60,
			106
		],
		[
			62,
			106
		],
		[
			117,
			126
		],
		[
			63,
			106
		],
		[
			62,
			63
		],
		[
			56,
			91
		],
		[
			91,
			113
		],
		[
			56,
			129
		],
		[
			111,
			129
		],
		[
			54,
			86
		],
		[
			64,
			65
		],
		[
			111,
			122
		],
		[
			88,
			122
		],
		[
			68,
			122
		],
		[
			68,
			69
		],
		[
			57,
			122
		],
		[
			60,
			83
		],
		[
			83,
			106
		],
		[
			102,
			103
		],
		[
			11,
			102
		],
		[
			11,
			103
		],
		[
			91,
			94
		],
		[
			64,
			83
		],
		[
			57,
			92
		],
		[
			67,
			92
		],
		[
			36,
			119
		],
		[
			35,
			36
		],
		[
			44,
			117
		],
		[
			20,
			44
		],
		[
			43,
			110
		],
		[
			22,
			43
		],
		[
			91,
			123
		],
		[
			76,
			91
		],
		[
			76,
			123
		],
		[
			76,
			94
		],
		[
			76,
			77
		],
		[
			70,
			82
		],
		[
			71,
			82
		],
		[
			70,
			71
		],
		[
			39,
			132
		],
		[
			44,
			125
		],
		[
			20,
			125
		],
		[
			69,
			70
		],
		[
			57,
			88
		],
		[
			21,
			125
		],
		[
			71,
			72
		],
		[
			66,
			92
		],
		[
			23,
			24
		],
		[
			23,
			107
		],
		[
			24,
			107
		],
		[
			38,
			127
		],
		[
			38,
			39
		],
		[
			93,
			103
		],
		[
			10,
			93
		],
		[
			100,
			112
		],
		[
			80,
			100
		],
		[
			11,
			93
		],
		[
			123,
			124
		],
		[
			75,
			124
		],
		[
			76,
			124
		],
		[
			102,
			137
		],
		[
			11,
			137
		],
		[
			4,
			90
		],
		[
			3,
			4
		],
		[
			3,
			90
		],
		[
			36,
			37
		],
		[
			33,
			105
		],
		[
			34,
			105
		],
		[
			33,
			34
		],
		[
			2,
			90
		],
		[
			2,
			3
		],
		[
			91,
			129
		],
		[
			32,
			81
		],
		[
			81,
			105
		],
		[
			32,
			105
		],
		[
			27,
			28
		],
		[
			27,
			138
		],
		[
			39,
			40
		],
		[
			27,
			131
		],
		[
			45,
			126
		],
		[
			45,
			46
		],
		[
			40,
			41
		],
		[
			40,
			84
		],
		[
			41,
			84
		],
		[
			47,
			135
		],
		[
			49,
			135
		],
		[
			9,
			10
		],
		[
			98,
			112
		],
		[
			12,
			137
		],
		[
			11,
			12
		],
		[
			81,
			107
		],
		[
			24,
			81
		],
		[
			8,
			118
		],
		[
			7,
			8
		],
		[
			105,
			134
		],
		[
			32,
			134
		],
		[
			5,
			6
		],
		[
			35,
			107
		],
		[
			87,
			131
		],
		[
			1,
			2
		],
		[
			115,
			131
		],
		[
			25,
			87
		],
		[
			25,
			26
		],
		[
			12,
			13
		],
		[
			21,
			22
		],
		[
			80,
			89
		],
		[
			53,
			80
		],
		[
			53,
			89
		],
		[
			105,
			107
		],
		[
			34,
			107
		],
		[
			31,
			32
		],
		[
			31,
			81
		],
		[
			24,
			25
		],
		[
			24,
			109
		],
		[
			24,
			31
		],
		[
			31,
			109
		],
		[
			47,
			48
		],
		[
			48,
			135
		],
		[
			89,
			100
		],
		[
			33,
			134
		],
		[
			42,
			84
		],
		[
			52,
			112
		],
		[
			52,
			100
		],
		[
			51,
			98
		],
		[
			51,
			112
		],
		[
			42,
			43
		],
		[
			50,
			51
		],
		[
			51,
			52
		],
		[
			34,
			35
		]
	],
	"score": 0.5080645161290323
}