{
	"content_type": "CG_SHOP_2025_Solution",
	"instance_uid": "simple-polygon-exterior_20_c820ed5d",
	"steiner_points_x": [
		224,
		"6181271504/5079421",
		"1075401024/534097",
		"15436051083/12734081",
		"93449649091328/303429670213",
		1022,
		"23294244785/12734081",
		3183,
		2521,
		"44156152532/12734081",
		"11135764478/5079421",
		2238,
		3410,
		"251492938/72845",
		1193,
		2149,
		"13031967937/12734081",
		304,
		"10481014439/5079421",
		"9254907554/5079421",
		"29929281367/12734081",
		"1917043506/641513",
		3674,
		"38063012849/12734081",
		"1735011527/1821733",
		"87391631/333122",
		368,
		"25150725955/12734081",
		"75757466441114/303429670213",
		"7629442/35381",
		"7604353114/1994009",
		"5349253132/1365481",
		"65204781827697141567/202158197201389972",
		"10671194274278634/2722781403329"
	],
	"steiner_points_y": [
		276,
		"6256949866/5079421",
		"392891475/534097",
		"3301733159/12734081",
		"344515896647269/606859340426",
		454,
		"3875807439/12734081",
		853,
		1054,
		"5399858019/12734081",
		"7901498726/5079421",
		1418,
		1814,
		"137624606/72845",
		474,
		1255,
		"3126104719/12734081",
		443,
		"7684167016/5079421",
		"7277184366/5079421",
		"4360524919/12734081",
		"341614475/641513",
		1717,
		"4954728399/12734081",
		"1955019713/1821733",
		"168497989/333122",
		481,
		"4011431239/12734081",
		"316761493356067/606859340426",
		"8155101/35381",
		"3230256251/1994009",
		"947071219/1365481",
		"110325977668085741353/202158197201389972",
		"1889008564068091/2722781403329"
	],
	"edges": [
		[
			2,
			43
		],
		[
			2,
			41
		],
		[
			41,
			43
		],
		[
			11,
			13
		],
		[
			11,
			12
		],
		[
			12,
			13
		],
		[
			5,
			23
		],
		[
			5,
			26
		],
		[
			23,
			26
		],
		[
			6,
			23
		],
		[
			5,
			6
		],
		[
			20,
			49
		],
		[
			8,
			20
		],
		[
			8,
			49
		],
		[
			17,
			28
		],
		[
			16,
			17
		],
		[
			16,
			28
		],
		[
			29,
			41
		],
		[
			29,
			43
		],
		[
			3,
			22
		],
		[
			3,
			4
		],
		[
			4,
			22
		],
		[
			4,
			34
		],
		[
			4,
			5
		],
		[
			5,
			34
		],
		[
			2,
			40
		],
		[
			40,
			43
		],
		[
			4,
			26
		],
		[
			12,
			21
		],
		[
			13,
			21
		],
		[
			19,
			51
		],
		[
			19,
			50
		],
		[
			50,
			51
		],
		[
			13,
			14
		],
		[
			13,
			39
		],
		[
			14,
			39
		],
		[
			0,
			1
		],
		[
			0,
			29
		],
		[
			1,
			29
		],
		[
			6,
			8
		],
		[
			6,
			36
		],
		[
			8,
			36
		],
		[
			15,
			22
		],
		[
			3,
			15
		],
		[
			21,
			39
		],
		[
			11,
			34
		],
		[
			25,
			34
		],
		[
			11,
			25
		],
		[
			1,
			51
		],
		[
			1,
			19
		],
		[
			3,
			26
		],
		[
			3,
			47
		],
		[
			26,
			47
		],
		[
			14,
			35
		],
		[
			22,
			35
		],
		[
			14,
			22
		],
		[
			16,
			27
		],
		[
			27,
			41
		],
		[
			16,
			41
		],
		[
			24,
			52
		],
		[
			11,
			24
		],
		[
			11,
			52
		],
		[
			7,
			8
		],
		[
			6,
			7
		],
		[
			14,
			34
		],
		[
			13,
			34
		],
		[
			2,
			47
		],
		[
			40,
			47
		],
		[
			11,
			44
		],
		[
			12,
			44
		],
		[
			35,
			39
		],
		[
			15,
			16
		],
		[
			15,
			41
		],
		[
			35,
			38
		],
		[
			31,
			38
		],
		[
			31,
			35
		],
		[
			7,
			20
		],
		[
			30,
			38
		],
		[
			30,
			31
		],
		[
			0,
			51
		],
		[
			15,
			28
		],
		[
			27,
			42
		],
		[
			19,
			42
		],
		[
			19,
			27
		],
		[
			2,
			3
		],
		[
			2,
			15
		],
		[
			37,
			45
		],
		[
			45,
			52
		],
		[
			37,
			52
		],
		[
			6,
			25
		],
		[
			5,
			25
		],
		[
			51,
			53
		],
		[
			0,
			53
		],
		[
			1,
			27
		],
		[
			20,
			37
		],
		[
			7,
			37
		],
		[
			11,
			46
		],
		[
			46,
			52
		],
		[
			10,
			20
		],
		[
			9,
			20
		],
		[
			9,
			10
		],
		[
			25,
			46
		],
		[
			18,
			19
		],
		[
			18,
			42
		],
		[
			9,
			49
		],
		[
			6,
			46
		],
		[
			18,
			50
		],
		[
			10,
			37
		],
		[
			28,
			35
		],
		[
			22,
			28
		],
		[
			32,
			42
		],
		[
			32,
			33
		],
		[
			33,
			42
		],
		[
			24,
			44
		],
		[
			10,
			45
		],
		[
			50,
			53
		],
		[
			16,
			32
		],
		[
			17,
			32
		],
		[
			17,
			31
		],
		[
			17,
			30
		],
		[
			23,
			36
		],
		[
			24,
			48
		],
		[
			24,
			45
		],
		[
			45,
			48
		],
		[
			27,
			32
		],
		[
			4,
			14
		],
		[
			17,
			33
		],
		[
			7,
			46
		],
		[
			28,
			31
		],
		[
			38,
			39
		],
		[
			1,
			41
		],
		[
			37,
			46
		],
		[
			18,
			33
		],
		[
			10,
			48
		]
	],
	"score": 0.5142857142857142
}