{
	"content_type": "CG_SHOP_2025_Solution",
	"instance_uid": "simple-polygon-exterior_20_2a7302a0",
	"steiner_points_x": [
		"6987099889/5755565",
		"13480698091/5755565",
		1289,
		"456725661/982570",
		"20763318/10205",
		873,
		"11329903770/4034521",
		1323,
		2634,
		"7213869342/2000237",
		2606,
		3185,
		"152435529296148/43911202861",
		2707,
		"10407053517/4034521",
		2871,
		"11900756637/5755565",
		2376,
		2350,
		"52176/19",
		2936,
		1886,
		"1922221316/919285",
		"11809439736/4034521",
		"1561/2",
		"20641788561126/6894996389",
		2801,
		1835,
		"67243050/21953",
		2340,
		3042,
		"6297918956166/3167098985",
		2838,
		"8834782830/4034521",
		834,
		883,
		"447141359/178810",
		"20491910232087/611249919010",
		"16125145533/5755565",
		"474621793/373817",
		"428016361/183857",
		2692,
		"14086966663/5755565",
		2657,
		2196,
		"747881895/444041",
		2463,
		2196,
		"7583187563/5755565",
		"12620491471/5755565",
		"13659120517/5755565",
		"30419826/622093",
		2545,
		"435069707966610/155897925961",
		2425,
		"10260368745/4034521",
		"13953145703/5755565"
	],
	"steiner_points_y": [
		"1967473392/5755565",
		"877888233/5755565",
		1353,
		"625649343/982570",
		"12743984/10205",
		942,
		"6824397821/4034521",
		357,
		692,
		"2134879918/2000237",
		669,
		1289,
		"72912307644137/43911202861",
		780,
		"6694484261/4034521",
		522,
		"1142992526/5755565",
		164,
		199,
		"95917/57",
		1645,
		726,
		"774279517/919285",
		"6891904141/4034521",
		1390,
		"11842943762009/6894996389",
		770,
		692,
		"34410337/21953",
		1028,
		1605,
		"12978405703093/8234457361",
		292,
		"6473149021/4034521",
		999,
		1011,
		"499805773/1609290",
		"715474929466221/611249919010",
		"434166494/5755565",
		"549697841/373817",
		"78028991/183857",
		646,
		"776160159/5755565",
		611,
		197,
		"381880724/444041",
		227,
		260,
		"1867453609/5755565",
		"1022225523/5755565",
		"847950066/5755565",
		"735895315/622093",
		1641,
		"228041269031117/155897925961",
		143,
		"6673834821/4034521",
		"798614479/5755565"
	],
	"edges": [
		[
			25,
			65
		],
		[
			25,
			55
		],
		[
			55,
			65
		],
		[
			29,
			31
		],
		[
			31,
			32
		],
		[
			29,
			32
		],
		[
			4,
			35
		],
		[
			3,
			35
		],
		[
			3,
			4
		],
		[
			9,
			50
		],
		[
			48,
			50
		],
		[
			9,
			48
		],
		[
			26,
			40
		],
		[
			9,
			40
		],
		[
			9,
			26
		],
		[
			33,
			49
		],
		[
			28,
			33
		],
		[
			28,
			49
		],
		[
			45,
			50
		],
		[
			8,
			45
		],
		[
			8,
			50
		],
		[
			46,
			73
		],
		[
			33,
			46
		],
		[
			33,
			73
		],
		[
			20,
			27
		],
		[
			27,
			68
		],
		[
			20,
			68
		],
		[
			41,
			67
		],
		[
			41,
			60
		],
		[
			60,
			67
		],
		[
			19,
			41
		],
		[
			18,
			41
		],
		[
			18,
			19
		],
		[
			0,
			74
		],
		[
			0,
			66
		],
		[
			66,
			74
		],
		[
			36,
			64
		],
		[
			64,
			69
		],
		[
			36,
			69
		],
		[
			44,
			55
		],
		[
			54,
			55
		],
		[
			44,
			54
		],
		[
			19,
			42
		],
		[
			11,
			19
		],
		[
			11,
			42
		],
		[
			37,
			70
		],
		[
			37,
			74
		],
		[
			70,
			74
		],
		[
			22,
			59
		],
		[
			22,
			44
		],
		[
			44,
			59
		],
		[
			0,
			37
		],
		[
			34,
			72
		],
		[
			10,
			34
		],
		[
			10,
			72
		],
		[
			62,
			66
		],
		[
			58,
			66
		],
		[
			58,
			62
		],
		[
			40,
			50
		],
		[
			40,
			45
		],
		[
			27,
			36
		],
		[
			27,
			47
		],
		[
			36,
			47
		],
		[
			41,
			47
		],
		[
			47,
			67
		],
		[
			10,
			11
		],
		[
			11,
			72
		],
		[
			26,
			43
		],
		[
			40,
			43
		],
		[
			17,
			27
		],
		[
			17,
			65
		],
		[
			27,
			65
		],
		[
			26,
			39
		],
		[
			26,
			73
		],
		[
			39,
			73
		],
		[
			41,
			42
		],
		[
			42,
			60
		],
		[
			10,
			73
		],
		[
			10,
			39
		],
		[
			2,
			46
		],
		[
			2,
			33
		],
		[
			12,
			24
		],
		[
			12,
			51
		],
		[
			24,
			51
		],
		[
			30,
			42
		],
		[
			42,
			49
		],
		[
			30,
			49
		],
		[
			8,
			48
		],
		[
			3,
			46
		],
		[
			31,
			46
		],
		[
			3,
			31
		],
		[
			22,
			65
		],
		[
			22,
			55
		],
		[
			9,
			73
		],
		[
			10,
			49
		],
		[
			10,
			33
		],
		[
			32,
			48
		],
		[
			8,
			32
		],
		[
			15,
			16
		],
		[
			15,
			17
		],
		[
			16,
			17
		],
		[
			47,
			65
		],
		[
			34,
			39
		],
		[
			11,
			49
		],
		[
			72,
			75
		],
		[
			34,
			75
		],
		[
			9,
			46
		],
		[
			28,
			30
		],
		[
			53,
			72
		],
		[
			53,
			75
		],
		[
			4,
			52
		],
		[
			35,
			52
		],
		[
			12,
			22
		],
		[
			12,
			59
		],
		[
			56,
			58
		],
		[
			56,
			66
		],
		[
			51,
			53
		],
		[
			24,
			53
		],
		[
			13,
			44
		],
		[
			13,
			54
		],
		[
			1,
			63
		],
		[
			1,
			56
		],
		[
			56,
			63
		],
		[
			12,
			19
		],
		[
			12,
			18
		],
		[
			5,
			52
		],
		[
			4,
			5
		],
		[
			25,
			54
		],
		[
			2,
			61
		],
		[
			1,
			2
		],
		[
			1,
			61
		],
		[
			0,
			60
		],
		[
			56,
			60
		],
		[
			0,
			56
		],
		[
			30,
			60
		],
		[
			2,
			35
		],
		[
			1,
			35
		],
		[
			28,
			63
		],
		[
			30,
			63
		],
		[
			1,
			52
		],
		[
			52,
			56
		],
		[
			52,
			58
		],
		[
			5,
			58
		],
		[
			61,
			63
		],
		[
			4,
			6
		],
		[
			5,
			6
		],
		[
			3,
			7
		],
		[
			4,
			7
		],
		[
			17,
			20
		],
		[
			18,
			47
		],
		[
			15,
			25
		],
		[
			15,
			54
		],
		[
			28,
			61
		],
		[
			9,
			31
		],
		[
			60,
			63
		],
		[
			19,
			24
		],
		[
			21,
			64
		],
		[
			21,
			69
		],
		[
			18,
			22
		],
		[
			18,
			65
		],
		[
			36,
			68
		],
		[
			21,
			37
		],
		[
			21,
			70
		],
		[
			64,
			67
		],
		[
			38,
			67
		],
		[
			38,
			64
		],
		[
			33,
			61
		],
		[
			11,
			24
		],
		[
			11,
			53
		],
		[
			0,
			38
		],
		[
			37,
			38
		],
		[
			21,
			38
		],
		[
			57,
			71
		],
		[
			23,
			71
		],
		[
			23,
			57
		],
		[
			6,
			7
		],
		[
			43,
			45
		],
		[
			62,
			74
		],
		[
			15,
			71
		],
		[
			15,
			23
		],
		[
			74,
			76
		],
		[
			62,
			76
		],
		[
			31,
			48
		],
		[
			2,
			3
		],
		[
			16,
			20
		],
		[
			3,
			29
		],
		[
			7,
			29
		],
		[
			16,
			23
		],
		[
			13,
			71
		],
		[
			13,
			15
		],
		[
			13,
			14
		],
		[
			14,
			71
		],
		[
			14,
			57
		],
		[
			17,
			25
		],
		[
			70,
			76
		],
		[
			38,
			60
		],
		[
			36,
			67
		]
	],
	"score": 0.5086206896551724
}