{
	"content_type": "CG_SHOP_2025_Solution",
	"instance_uid": "simple-polygon-exterior-20_20_c27f41dd",
	"steiner_points_x": [
		53,
		2070,
		2179,
		2394,
		"372102173/2845441",
		2952,
		"39501321164731/19392436781",
		"4530515211/1601249",
		2566,
		"493139401/478217",
		2832,
		3136,
		"937780748/2845441",
		2883,
		"3116783742/1058201",
		2944,
		"22264464/7829",
		740,
		"2968689611/1058201",
		"125753036/71077",
		1945,
		2942,
		2960,
		3079,
		3131,
		2995,
		"107241/505",
		"810366981/351061",
		"4735967656/1601249",
		1999,
		"46612327/24221",
		3023,
		"6434133547/2116402",
		2461,
		1515,
		"10976/5",
		2627,
		2562,
		2071,
		2101,
		"1944800348/924001",
		1228,
		1958,
		"5008620696/1601249",
		"360689572/158201",
		2804,
		2062,
		1959,
		2035,
		2456,
		"250707790/122581",
		"6713455645/2116402",
		2122,
		"23981216938489/19392436781",
		53,
		"1022831/337",
		"151894390/122581",
		2029,
		839,
		2058,
		2428
	],
	"steiner_points_y": [
		1257,
		1155,
		994,
		871,
		"2353678521/2845441",
		1519,
		"37423971541247/19392436781",
		"2068132230/1601249",
		1702,
		"1526071/3167",
		1170,
		1075,
		"2136745277/2845441",
		1358,
		"1886430050/1058201",
		1676,
		"12672442/7829",
		1292,
		"1960534031/1058201",
		"18494923/71077",
		1233,
		1233,
		1131,
		1618,
		1583,
		1489,
		"854957/505",
		"241791225/351061",
		"2073329446/1601249",
		1220,
		"24138269/24221",
		1214,
		"3672499987/2116402",
		1266,
		655,
		"4226/5",
		1141,
		1533,
		875,
		351,
		"256257471/924001",
		1404,
		1354,
		"2080226598/1601249",
		"308109488/158201",
		640,
		1227,
		1420,
		1418,
		1480,
		"222643108/122581",
		"3532731589/2116402",
		554,
		"36289703674445/19392436781",
		906,
		"143963/337",
		"225184024/122581",
		1346,
		1117,
		1347,
		1537
	],
	"edges": [
		[
			25,
			35
		],
		[
			35,
			43
		],
		[
			25,
			43
		],
		[
			62,
			77
		],
		[
			40,
			77
		],
		[
			40,
			62
		],
		[
			5,
			63
		],
		[
			44,
			63
		],
		[
			5,
			44
		],
		[
			67,
			68
		],
		[
			62,
			68
		],
		[
			62,
			67
		],
		[
			29,
			54
		],
		[
			18,
			54
		],
		[
			18,
			29
		],
		[
			28,
			80
		],
		[
			11,
			80
		],
		[
			11,
			28
		],
		[
			53,
			66
		],
		[
			66,
			79
		],
		[
			53,
			79
		],
		[
			21,
			22
		],
		[
			1,
			22
		],
		[
			1,
			21
		],
		[
			9,
			28
		],
		[
			10,
			28
		],
		[
			9,
			10
		],
		[
			8,
			9
		],
		[
			9,
			38
		],
		[
			8,
			38
		],
		[
			47,
			72
		],
		[
			55,
			72
		],
		[
			47,
			55
		],
		[
			14,
			46
		],
		[
			13,
			14
		],
		[
			13,
			46
		],
		[
			27,
			48
		],
		[
			27,
			33
		],
		[
			33,
			48
		],
		[
			7,
			27
		],
		[
			7,
			33
		],
		[
			26,
			76
		],
		[
			73,
			76
		],
		[
			26,
			73
		],
		[
			54,
			61
		],
		[
			54,
			78
		],
		[
			61,
			78
		],
		[
			68,
			79
		],
		[
			77,
			79
		],
		[
			68,
			77
		],
		[
			7,
			25
		],
		[
			7,
			36
		],
		[
			25,
			36
		],
		[
			28,
			57
		],
		[
			57,
			80
		],
		[
			10,
			11
		],
		[
			11,
			64
		],
		[
			10,
			64
		],
		[
			79,
			80
		],
		[
			69,
			80
		],
		[
			69,
			79
		],
		[
			2,
			65
		],
		[
			3,
			65
		],
		[
			2,
			3
		],
		[
			6,
			69
		],
		[
			57,
			69
		],
		[
			6,
			57
		],
		[
			6,
			27
		],
		[
			27,
			30
		],
		[
			6,
			30
		],
		[
			53,
			69
		],
		[
			6,
			53
		],
		[
			16,
			20
		],
		[
			15,
			20
		],
		[
			15,
			16
		],
		[
			47,
			65
		],
		[
			2,
			47
		],
		[
			64,
			70
		],
		[
			26,
			70
		],
		[
			26,
			64
		],
		[
			70,
			76
		],
		[
			31,
			65
		],
		[
			3,
			31
		],
		[
			8,
			34
		],
		[
			34,
			38
		],
		[
			8,
			52
		],
		[
			34,
			52
		],
		[
			9,
			57
		],
		[
			67,
			76
		],
		[
			67,
			70
		],
		[
			3,
			75
		],
		[
			2,
			75
		],
		[
			11,
			70
		],
		[
			11,
			68
		],
		[
			68,
			70
		],
		[
			61,
			62
		],
		[
			40,
			61
		],
		[
			12,
			76
		],
		[
			12,
			73
		],
		[
			43,
			45
		],
		[
			43,
			44
		],
		[
			44,
			45
		],
		[
			15,
			78
		],
		[
			15,
			37
		],
		[
			37,
			78
		],
		[
			14,
			15
		],
		[
			14,
			37
		],
		[
			68,
			80
		],
		[
			66,
			77
		],
		[
			41,
			48
		],
		[
			27,
			41
		],
		[
			12,
			14
		],
		[
			12,
			46
		],
		[
			16,
			32
		],
		[
			15,
			32
		],
		[
			61,
			67
		],
		[
			61,
			76
		],
		[
			37,
			61
		],
		[
			17,
			74
		],
		[
			16,
			74
		],
		[
			16,
			17
		],
		[
			50,
			58
		],
		[
			19,
			58
		],
		[
			19,
			50
		],
		[
			16,
			24
		],
		[
			24,
			32
		],
		[
			14,
			20
		],
		[
			13,
			20
		],
		[
			2,
			59
		],
		[
			59,
			72
		],
		[
			2,
			72
		],
		[
			19,
			59
		],
		[
			19,
			72
		],
		[
			39,
			59
		],
		[
			19,
			39
		],
		[
			23,
			53
		],
		[
			22,
			23
		],
		[
			22,
			53
		],
		[
			48,
			51
		],
		[
			41,
			51
		],
		[
			3,
			4
		],
		[
			4,
			31
		],
		[
			18,
			19
		],
		[
			18,
			39
		],
		[
			12,
			37
		],
		[
			1,
			50
		],
		[
			1,
			58
		],
		[
			58,
			72
		],
		[
			55,
			58
		],
		[
			20,
			74
		],
		[
			4,
			75
		],
		[
			59,
			60
		],
		[
			39,
			60
		],
		[
			32,
			78
		],
		[
			23,
			56
		],
		[
			56,
			65
		],
		[
			23,
			65
		],
		[
			30,
			56
		],
		[
			30,
			65
		],
		[
			19,
			54
		],
		[
			21,
			53
		],
		[
			10,
			38
		],
		[
			29,
			78
		],
		[
			29,
			32
		],
		[
			25,
			45
		],
		[
			0,
			54
		],
		[
			0,
			61
		],
		[
			42,
			65
		],
		[
			31,
			42
		],
		[
			17,
			24
		],
		[
			6,
			56
		],
		[
			53,
			56
		],
		[
			1,
			55
		],
		[
			22,
			55
		],
		[
			33,
			45
		],
		[
			45,
			48
		],
		[
			49,
			66
		],
		[
			49,
			77
		],
		[
			35,
			36
		],
		[
			7,
			57
		],
		[
			7,
			9
		],
		[
			41,
			42
		],
		[
			42,
			51
		],
		[
			30,
			42
		],
		[
			30,
			41
		],
		[
			35,
			52
		],
		[
			43,
			52
		],
		[
			9,
			36
		],
		[
			44,
			71
		],
		[
			43,
			71
		],
		[
			8,
			36
		],
		[
			8,
			35
		],
		[
			0,
			19
		],
		[
			5,
			31
		],
		[
			4,
			5
		],
		[
			5,
			71
		],
		[
			31,
			63
		],
		[
			25,
			33
		],
		[
			31,
			51
		],
		[
			12,
			61
		],
		[
			48,
			63
		],
		[
			51,
			63
		],
		[
			0,
			40
		],
		[
			23,
			55
		],
		[
			23,
			47
		],
		[
			0,
			50
		],
		[
			40,
			50
		],
		[
			52,
			71
		],
		[
			45,
			63
		],
		[
			6,
			7
		],
		[
			40,
			49
		],
		[
			49,
			50
		],
		[
			2,
			60
		],
		[
			21,
			50
		],
		[
			21,
			49
		],
		[
			21,
			66
		]
	],
	"score": 0.5080645161290323
}