{
	"content_type": "CG_SHOP_2025_Solution",
	"instance_uid": "simple-polygon_150_f24b0f8e",
	"steiner_points_x": [
		"390215/89",
		4224,
		"54302/13",
		4025,
		9597,
		7504,
		"85450975/8837",
		9046,
		7875,
		7799,
		9585,
		9290,
		5439,
		4898,
		3683,
		"11002599/2357",
		4392,
		5190,
		4555,
		4779,
		5214,
		"66268019/8837",
		4147,
		4898,
		4524,
		4424,
		9317,
		4261,
		4030,
		9774,
		"2537385/257",
		9667,
		9753,
		9275,
		9870,
		4094,
		5153,
		9611,
		"2525225/257",
		"61547643/11785",
		6035,
		9875,
		9675,
		"133175/13",
		10075,
		10175,
		"546575/53",
		4125,
		3825,
		"759425/221",
		3925,
		3925
	],
	"steiner_points_y": [
		"301630/89",
		3899,
		"50565/13",
		6421,
		6333,
		4350,
		"34022950/8837",
		7447,
		"25450/3",
		6340,
		5089,
		5534,
		5942,
		5239,
		6417,
		"20765092/2357",
		8391,
		8434,
		7700,
		6784,
		7130,
		"34227024/8837",
		8257,
		4350,
		5049,
		5499,
		6286,
		8596,
		7850,
		8226,
		"2125260/257",
		8228,
		7517,
		6718,
		8220,
		7587,
		6314,
		6662,
		"1930700/257",
		"103159894/11785",
		6403,
		4282,
		3750,
		"53350/13",
		5050,
		5550,
		"467350/53",
		"26450/3",
		8450,
		"1432450/221",
		5150,
		4050
	],
	"edges": [
		[
			75,
			196
		],
		[
			75,
			78
		],
		[
			78,
			196
		],
		[
			136,
			201
		],
		[
			137,
			201
		],
		[
			136,
			137
		],
		[
			155,
			161
		],
		[
			160,
			161
		],
		[
			155,
			160
		],
		[
			159,
			190
		],
		[
			158,
			190
		],
		[
			158,
			159
		],
		[
			75,
			76
		],
		[
			76,
			196
		],
		[
			170,
			190
		],
		[
			158,
			170
		],
		[
			165,
			166
		],
		[
			165,
			167
		],
		[
			166,
			167
		],
		[
			186,
			190
		],
		[
			170,
			186
		],
		[
			168,
			178
		],
		[
			168,
			185
		],
		[
			178,
			185
		],
		[
			126,
			128
		],
		[
			126,
			129
		],
		[
			128,
			129
		],
		[
			68,
			154
		],
		[
			69,
			154
		],
		[
			68,
			69
		],
		[
			153,
			164
		],
		[
			100,
			153
		],
		[
			100,
			164
		],
		[
			96,
			164
		],
		[
			98,
			164
		],
		[
			96,
			98
		],
		[
			40,
			191
		],
		[
			14,
			191
		],
		[
			14,
			40
		],
		[
			135,
			138
		],
		[
			135,
			139
		],
		[
			138,
			139
		],
		[
			21,
			26
		],
		[
			22,
			26
		],
		[
			21,
			22
		],
		[
			62,
			65
		],
		[
			62,
			66
		],
		[
			65,
			66
		],
		[
			82,
			179
		],
		[
			83,
			179
		],
		[
			82,
			83
		],
		[
			82,
			180
		],
		[
			73,
			82
		],
		[
			73,
			180
		],
		[
			74,
			78
		],
		[
			74,
			79
		],
		[
			78,
			79
		],
		[
			135,
			201
		],
		[
			138,
			201
		],
		[
			130,
			131
		],
		[
			130,
			151
		],
		[
			131,
			151
		],
		[
			18,
			27
		],
		[
			21,
			27
		],
		[
			18,
			21
		],
		[
			132,
			133
		],
		[
			9,
			132
		],
		[
			9,
			133
		],
		[
			151,
			152
		],
		[
			131,
			152
		],
		[
			17,
			27
		],
		[
			17,
			18
		],
		[
			116,
			200
		],
		[
			117,
			200
		],
		[
			116,
			117
		],
		[
			80,
			81
		],
		[
			80,
			82
		],
		[
			81,
			82
		],
		[
			93,
			178
		],
		[
			94,
			178
		],
		[
			93,
			94
		],
		[
			89,
			197
		],
		[
			85,
			89
		],
		[
			85,
			197
		],
		[
			114,
			175
		],
		[
			174,
			175
		],
		[
			114,
			174
		],
		[
			102,
			169
		],
		[
			103,
			169
		],
		[
			102,
			103
		],
		[
			107,
			108
		],
		[
			107,
			109
		],
		[
			108,
			109
		],
		[
			17,
			192
		],
		[
			27,
			192
		],
		[
			130,
			173
		],
		[
			13,
			173
		],
		[
			13,
			130
		],
		[
			8,
			133
		],
		[
			8,
			134
		],
		[
			133,
			134
		],
		[
			169,
			185
		],
		[
			96,
			169
		],
		[
			96,
			185
		],
		[
			28,
			192
		],
		[
			27,
			28
		],
		[
			137,
			138
		],
		[
			2,
			7
		],
		[
			2,
			134
		],
		[
			7,
			134
		],
		[
			1,
			140
		],
		[
			0,
			1
		],
		[
			0,
			140
		],
		[
			112,
			175
		],
		[
			113,
			175
		],
		[
			112,
			113
		],
		[
			135,
			140
		],
		[
			139,
			140
		],
		[
			125,
			174
		],
		[
			114,
			125
		],
		[
			179,
			181
		],
		[
			179,
			182
		],
		[
			181,
			182
		],
		[
			142,
			144
		],
		[
			142,
			145
		],
		[
			144,
			145
		],
		[
			36,
			37
		],
		[
			29,
			36
		],
		[
			29,
			37
		],
		[
			14,
			192
		],
		[
			14,
			28
		],
		[
			39,
			191
		],
		[
			39,
			40
		],
		[
			146,
			148
		],
		[
			147,
			148
		],
		[
			146,
			147
		],
		[
			106,
			109
		],
		[
			106,
			110
		],
		[
			109,
			110
		],
		[
			11,
			132
		],
		[
			9,
			11
		],
		[
			70,
			154
		],
		[
			69,
			70
		],
		[
			28,
			191
		],
		[
			37,
			191
		],
		[
			28,
			37
		],
		[
			59,
			66
		],
		[
			59,
			67
		],
		[
			66,
			67
		],
		[
			179,
			180
		],
		[
			104,
			111
		],
		[
			104,
			112
		],
		[
			111,
			112
		],
		[
			105,
			110
		],
		[
			105,
			111
		],
		[
			110,
			111
		],
		[
			70,
			71
		],
		[
			70,
			187
		],
		[
			71,
			187
		],
		[
			70,
			176
		],
		[
			176,
			183
		],
		[
			70,
			183
		],
		[
			86,
			198
		],
		[
			85,
			86
		],
		[
			85,
			198
		],
		[
			113,
			114
		],
		[
			28,
			29
		],
		[
			142,
			143
		],
		[
			143,
			144
		],
		[
			95,
			178
		],
		[
			94,
			95
		],
		[
			118,
			120
		],
		[
			119,
			120
		],
		[
			118,
			119
		],
		[
			120,
			122
		],
		[
			121,
			122
		],
		[
			120,
			121
		],
		[
			72,
			182
		],
		[
			182,
			188
		],
		[
			72,
			188
		],
		[
			141,
			145
		],
		[
			141,
			146
		],
		[
			145,
			146
		],
		[
			46,
			160
		],
		[
			47,
			160
		],
		[
			46,
			47
		],
		[
			7,
			8
		],
		[
			83,
			181
		],
		[
			158,
			181
		],
		[
			83,
			158
		],
		[
			57,
			154
		],
		[
			57,
			68
		],
		[
			118,
			200
		],
		[
			120,
			200
		],
		[
			59,
			62
		],
		[
			89,
			90
		],
		[
			90,
			197
		],
		[
			141,
			142
		],
		[
			122,
			200
		],
		[
			55,
			161
		],
		[
			56,
			161
		],
		[
			55,
			56
		],
		[
			90,
			177
		],
		[
			91,
			177
		],
		[
			90,
			91
		],
		[
			74,
			75
		],
		[
			72,
			187
		],
		[
			71,
			72
		],
		[
			117,
			118
		],
		[
			42,
			43
		],
		[
			42,
			46
		],
		[
			43,
			46
		],
		[
			141,
			148
		],
		[
			48,
			49
		],
		[
			48,
			54
		],
		[
			49,
			54
		],
		[
			57,
			176
		],
		[
			154,
			176
		],
		[
			134,
			135
		],
		[
			2,
			135
		],
		[
			98,
			199
		],
		[
			97,
			98
		],
		[
			97,
			199
		],
		[
			148,
			149
		],
		[
			0,
			148
		],
		[
			0,
			149
		],
		[
			2,
			6
		],
		[
			6,
			7
		],
		[
			73,
			74
		],
		[
			73,
			80
		],
		[
			74,
			80
		],
		[
			2,
			3
		],
		[
			3,
			6
		],
		[
			126,
			174
		],
		[
			173,
			174
		],
		[
			126,
			173
		],
		[
			86,
			87
		],
		[
			86,
			88
		],
		[
			87,
			88
		],
		[
			123,
			200
		],
		[
			122,
			123
		],
		[
			59,
			195
		],
		[
			59,
			61
		],
		[
			61,
			195
		],
		[
			125,
			126
		],
		[
			79,
			80
		],
		[
			9,
			10
		],
		[
			10,
			11
		],
		[
			1,
			135
		],
		[
			77,
			196
		],
		[
			76,
			77
		],
		[
			116,
			123
		],
		[
			116,
			124
		],
		[
			123,
			124
		],
		[
			140,
			148
		],
		[
			126,
			127
		],
		[
			127,
			128
		],
		[
			15,
			192
		],
		[
			15,
			17
		],
		[
			116,
			125
		],
		[
			124,
			125
		],
		[
			8,
			9
		],
		[
			140,
			141
		],
		[
			155,
			162
		],
		[
			162,
			190
		],
		[
			155,
			190
		],
		[
			169,
			170
		],
		[
			168,
			169
		],
		[
			168,
			170
		],
		[
			182,
			184
		],
		[
			184,
			188
		],
		[
			67,
			68
		],
		[
			57,
			67
		],
		[
			88,
			198
		],
		[
			30,
			33
		],
		[
			30,
			34
		],
		[
			33,
			34
		],
		[
			101,
			153
		],
		[
			100,
			101
		],
		[
			179,
			184
		],
		[
			180,
			184
		],
		[
			30,
			32
		],
		[
			32,
			33
		],
		[
			153,
			169
		],
		[
			96,
			153
		],
		[
			84,
			197
		],
		[
			84,
			90
		],
		[
			163,
			174
		],
		[
			163,
			173
		],
		[
			36,
			193
		],
		[
			29,
			193
		],
		[
			41,
			160
		],
		[
			41,
			46
		],
		[
			166,
			177
		],
		[
			165,
			177
		],
		[
			132,
			151
		],
		[
			12,
			151
		],
		[
			12,
			132
		],
		[
			105,
			106
		],
		[
			50,
			194
		],
		[
			52,
			194
		],
		[
			50,
			52
		],
		[
			53,
			54
		],
		[
			49,
			53
		],
		[
			13,
			151
		],
		[
			163,
			175
		],
		[
			84,
			177
		],
		[
			84,
			165
		],
		[
			114,
			115
		],
		[
			115,
			125
		],
		[
			169,
			186
		],
		[
			103,
			186
		],
		[
			26,
			27
		],
		[
			159,
			161
		],
		[
			159,
			176
		],
		[
			161,
			176
		],
		[
			167,
			189
		],
		[
			165,
			189
		],
		[
			182,
			187
		],
		[
			19,
			21
		],
		[
			20,
			21
		],
		[
			19,
			20
		],
		[
			158,
			167
		],
		[
			158,
			189
		],
		[
			99,
			164
		],
		[
			99,
			100
		],
		[
			49,
			52
		],
		[
			52,
			53
		],
		[
			129,
			130
		],
		[
			129,
			173
		],
		[
			41,
			155
		],
		[
			15,
			16
		],
		[
			16,
			17
		],
		[
			47,
			161
		],
		[
			162,
			163
		],
		[
			155,
			163
		],
		[
			183,
			187
		],
		[
			182,
			183
		],
		[
			91,
			92
		],
		[
			91,
			172
		],
		[
			92,
			172
		],
		[
			13,
			155
		],
		[
			155,
			171
		],
		[
			13,
			171
		],
		[
			157,
			181
		],
		[
			157,
			158
		],
		[
			132,
			150
		],
		[
			12,
			150
		],
		[
			34,
			36
		],
		[
			35,
			36
		],
		[
			34,
			35
		],
		[
			103,
			112
		],
		[
			103,
			104
		],
		[
			58,
			67
		],
		[
			58,
			59
		],
		[
			155,
			156
		],
		[
			156,
			171
		],
		[
			12,
			13
		],
		[
			89,
			198
		],
		[
			167,
			168
		],
		[
			166,
			168
		],
		[
			155,
			173
		],
		[
			91,
			166
		],
		[
			91,
			168
		],
		[
			23,
			25
		],
		[
			24,
			25
		],
		[
			23,
			24
		],
		[
			104,
			105
		],
		[
			102,
			153
		],
		[
			101,
			102
		],
		[
			155,
			159
		],
		[
			30,
			31
		],
		[
			31,
			32
		],
		[
			106,
			107
		],
		[
			172,
			178
		],
		[
			93,
			172
		],
		[
			30,
			36
		],
		[
			115,
			116
		],
		[
			167,
			170
		],
		[
			157,
			183
		],
		[
			157,
			182
		],
		[
			103,
			163
		],
		[
			103,
			162
		],
		[
			96,
			199
		],
		[
			92,
			93
		],
		[
			103,
			175
		],
		[
			47,
			55
		],
		[
			51,
			52
		],
		[
			50,
			51
		],
		[
			40,
			155
		],
		[
			40,
			156
		],
		[
			43,
			44
		],
		[
			43,
			45
		],
		[
			44,
			45
		],
		[
			57,
			161
		],
		[
			56,
			57
		],
		[
			132,
			152
		],
		[
			30,
			193
		],
		[
			45,
			46
		],
		[
			14,
			156
		],
		[
			18,
			19
		],
		[
			38,
			191
		],
		[
			38,
			39
		],
		[
			48,
			55
		],
		[
			54,
			55
		],
		[
			11,
			150
		],
		[
			61,
			62
		],
		[
			159,
			183
		],
		[
			157,
			159
		],
		[
			37,
			38
		],
		[
			49,
			194
		],
		[
			41,
			42
		],
		[
			1,
			2
		],
		[
			95,
			96
		],
		[
			95,
			185
		],
		[
			4,
			6
		],
		[
			3,
			4
		],
		[
			168,
			172
		],
		[
			60,
			195
		],
		[
			60,
			61
		],
		[
			4,
			5
		],
		[
			5,
			6
		],
		[
			22,
			23
		],
		[
			22,
			25
		],
		[
			47,
			48
		],
		[
			57,
			58
		],
		[
			62,
			63
		],
		[
			63,
			65
		],
		[
			40,
			41
		],
		[
			162,
			186
		],
		[
			25,
			26
		],
		[
			64,
			65
		],
		[
			63,
			64
		],
		[
			98,
			99
		]
	],
	"score": 0.5094339622641509
}