{
	"content_type": "CG_SHOP_2025_Solution",
	"instance_uid": "ortho_60_f744490d",
	"steiner_points_x": [
		0,
		582073,
		435548,
		378774,
		1110790,
		745512,
		487712,
		804686,
		194531,
		842583,
		842965,
		909475,
		909475,
		64770,
		26567,
		0,
		1017003,
		15047,
		997440
	],
	"steiner_points_y": [
		"16500000/17",
		1042681,
		1790150,
		1328510,
		103218,
		1737655,
		393248,
		462681,
		607526,
		591356,
		607525,
		287929,
		218323,
		607525,
		607525,
		607525,
		479083,
		971109,
		103184
	],
	"edges": [
		[
			0,
			74
		],
		[
			1,
			74
		],
		[
			0,
			1
		],
		[
			1,
			2
		],
		[
			1,
			3
		],
		[
			2,
			3
		],
		[
			29,
			69
		],
		[
			69,
			70
		],
		[
			29,
			70
		],
		[
			1,
			4
		],
		[
			3,
			4
		],
		[
			25,
			28
		],
		[
			26,
			28
		],
		[
			25,
			26
		],
		[
			41,
			65
		],
		[
			41,
			62
		],
		[
			62,
			65
		],
		[
			9,
			78
		],
		[
			10,
			78
		],
		[
			9,
			10
		],
		[
			5,
			6
		],
		[
			5,
			7
		],
		[
			6,
			7
		],
		[
			5,
			8
		],
		[
			7,
			8
		],
		[
			44,
			63
		],
		[
			46,
			63
		],
		[
			44,
			46
		],
		[
			31,
			32
		],
		[
			31,
			68
		],
		[
			32,
			68
		],
		[
			31,
			69
		],
		[
			67,
			69
		],
		[
			31,
			67
		],
		[
			8,
			78
		],
		[
			8,
			9
		],
		[
			19,
			66
		],
		[
			8,
			19
		],
		[
			8,
			66
		],
		[
			20,
			67
		],
		[
			20,
			69
		],
		[
			10,
			13
		],
		[
			13,
			64
		],
		[
			10,
			64
		],
		[
			4,
			68
		],
		[
			5,
			68
		],
		[
			4,
			5
		],
		[
			41,
			42
		],
		[
			42,
			65
		],
		[
			71,
			72
		],
		[
			19,
			72
		],
		[
			19,
			71
		],
		[
			52,
			73
		],
		[
			52,
			68
		],
		[
			68,
			73
		],
		[
			32,
			33
		],
		[
			32,
			35
		],
		[
			33,
			35
		],
		[
			1,
			73
		],
		[
			4,
			73
		],
		[
			32,
			61
		],
		[
			35,
			61
		],
		[
			22,
			76
		],
		[
			22,
			29
		],
		[
			29,
			76
		],
		[
			42,
			63
		],
		[
			42,
			44
		],
		[
			73,
			74
		],
		[
			19,
			67
		],
		[
			19,
			20
		],
		[
			29,
			30
		],
		[
			30,
			70
		],
		[
			60,
			77
		],
		[
			74,
			77
		],
		[
			60,
			74
		],
		[
			10,
			16
		],
		[
			13,
			16
		],
		[
			50,
			51
		],
		[
			50,
			52
		],
		[
			51,
			52
		],
		[
			38,
			62
		],
		[
			38,
			65
		],
		[
			37,
			42
		],
		[
			37,
			63
		],
		[
			39,
			41
		],
		[
			39,
			62
		],
		[
			46,
			47
		],
		[
			46,
			48
		],
		[
			47,
			48
		],
		[
			39,
			40
		],
		[
			40,
			41
		],
		[
			28,
			76
		],
		[
			25,
			76
		],
		[
			58,
			59
		],
		[
			58,
			60
		],
		[
			59,
			60
		],
		[
			49,
			63
		],
		[
			61,
			63
		],
		[
			49,
			61
		],
		[
			16,
			78
		],
		[
			17,
			78
		],
		[
			16,
			17
		],
		[
			8,
			72
		],
		[
			72,
			78
		],
		[
			23,
			25
		],
		[
			24,
			25
		],
		[
			23,
			24
		],
		[
			22,
			69
		],
		[
			17,
			72
		],
		[
			55,
			56
		],
		[
			55,
			57
		],
		[
			56,
			57
		],
		[
			37,
			61
		],
		[
			28,
			29
		],
		[
			17,
			71
		],
		[
			44,
			45
		],
		[
			45,
			46
		],
		[
			12,
			64
		],
		[
			12,
			13
		],
		[
			13,
			15
		],
		[
			15,
			16
		],
		[
			34,
			35
		],
		[
			33,
			34
		],
		[
			11,
			64
		],
		[
			11,
			12
		],
		[
			58,
			77
		],
		[
			17,
			18
		],
		[
			18,
			71
		],
		[
			55,
			58
		],
		[
			57,
			58
		],
		[
			32,
			52
		],
		[
			32,
			50
		],
		[
			46,
			49
		],
		[
			48,
			49
		],
		[
			74,
			75
		],
		[
			60,
			75
		],
		[
			42,
			43
		],
		[
			43,
			44
		],
		[
			66,
			68
		],
		[
			5,
			66
		],
		[
			49,
			50
		],
		[
			50,
			61
		],
		[
			53,
			54
		],
		[
			53,
			55
		],
		[
			54,
			55
		],
		[
			53,
			73
		],
		[
			53,
			74
		],
		[
			37,
			65
		],
		[
			35,
			37
		],
		[
			36,
			37
		],
		[
			35,
			36
		],
		[
			52,
			53
		],
		[
			26,
			27
		],
		[
			27,
			28
		],
		[
			53,
			77
		],
		[
			31,
			66
		],
		[
			23,
			76
		],
		[
			13,
			14
		],
		[
			14,
			15
		],
		[
			0,
			75
		],
		[
			55,
			77
		],
		[
			20,
			21
		],
		[
			20,
			22
		],
		[
			21,
			22
		],
		[
			66,
			67
		],
		[
			31,
			70
		]
	],
	"score": 0.525,
	"obtuse num": 0,
	"steiner num": 79
}