{
	"content_type": "CG_SHOP_2025_Solution",
	"instance_uid": "ortho_250_3b977f7e",
	"steiner_points_x": [
		568437,
		1579632,
		281381,
		1464438,
		76684,
		1244913,
		"3481969/2",
		1369187,
		981439,
		1427876,
		1059503,
		883325,
		895961,
		1459550,
		1066309,
		201729,
		502871,
		699853,
		1362495,
		1464438,
		76684,
		48799,
		579388,
		1000245,
		1501136,
		1070657,
		797908,
		384077,
		1093508,
		1349462,
		1501136,
		1334339,
		985079,
		218925,
		74826,
		1741058,
		1466142,
		1042353,
		500030,
		283721,
		1870200,
		725490,
		1472173,
		1736334,
		1528082,
		1429728,
		1054724,
		981439,
		432039,
		1264049,
		1338927,
		1013380,
		1338927,
		1459550,
		579388,
		895961,
		1785352,
		1305764,
		346108,
		224036,
		0,
		1000000,
		201875,
		1148510,
		1212632,
		"3752933/3",
		845374,
		1054724,
		1579790,
		459978,
		586852,
		1476213,
		1264049,
		725490,
		443005,
		725490,
		1870200,
		586852,
		845374,
		280227,
		1361429,
		1334339,
		270004,
		479319,
		602312,
		602312
	],
	"steiner_points_y": [
		409582,
		681570,
		126620,
		335788,
		1000000,
		956489,
		859335,
		682544,
		826442,
		970228,
		1138801,
		291336,
		1133664,
		645037,
		832796,
		126620,
		299087,
		1242880,
		250218,
		317704,
		804943,
		836721,
		733989,
		1056336,
		65910,
		831964,
		1242880,
		-203918,
		790947,
		1060777,
		185474,
		-1355,
		826442,
		875370,
		838899,
		1384189,
		316780,
		70296,
		-55923,
		733990,
		1384189,
		299087,
		208323,
		983151,
		1060776,
		111852,
		635527,
		"5977306706/7177",
		658985,
		604299,
		542151,
		1189144,
		600939,
		635527,
		748486,
		748486,
		1142762,
		956489,
		1211611,
		-239947,
		793898,
		305340,
		699810,
		1146080,
		-44556,
		508220,
		607082,
		607082,
		810928,
		1242880,
		-203918,
		89689,
		553243,
		409582,
		1168377,
		607082,
		1073466,
		-55923,
		291336,
		396509,
		910183,
		"378951/2",
		-176321,
		8722,
		311004,
		-2053
	],
	"edges": [
		[
			218,
			310
		],
		[
			96,
			259
		],
		[
			127,
			259
		],
		[
			96,
			127
		],
		[
			24,
			266
		],
		[
			24,
			333
		],
		[
			266,
			333
		],
		[
			39,
			287
		],
		[
			39,
			311
		],
		[
			287,
			311
		],
		[
			288,
			327
		],
		[
			24,
			288
		],
		[
			39,
			41
		],
		[
			41,
			287
		],
		[
			231,
			250
		],
		[
			232,
			250
		],
		[
			225,
			289
		],
		[
			202,
			225
		],
		[
			175,
			264
		],
		[
			264,
			275
		],
		[
			175,
			275
		],
		[
			291,
			334
		],
		[
			323,
			334
		],
		[
			60,
			253
		],
		[
			60,
			269
		],
		[
			48,
			287
		],
		[
			41,
			48
		],
		[
			89,
			169
		],
		[
			89,
			278
		],
		[
			169,
			278
		],
		[
			92,
			94
		],
		[
			92,
			330
		],
		[
			94,
			330
		],
		[
			7,
			252
		],
		[
			252,
			333
		],
		[
			7,
			333
		],
		[
			29,
			31
		],
		[
			252,
			266
		],
		[
			246,
			252
		],
		[
			246,
			266
		],
		[
			173,
			264
		],
		[
			174,
			264
		],
		[
			241,
			266
		],
		[
			245,
			266
		],
		[
			241,
			245
		],
		[
			54,
			57
		],
		[
			55,
			57
		],
		[
			91,
			307
		],
		[
			92,
			307
		],
		[
			32,
			291
		],
		[
			250,
			323
		],
		[
			250,
			334
		],
		[
			215,
			310
		],
		[
			85,
			296
		],
		[
			85,
			181
		],
		[
			181,
			296
		],
		[
			199,
			272
		],
		[
			272,
			304
		],
		[
			34,
			230
		],
		[
			34,
			231
		],
		[
			26,
			28
		],
		[
			270,
			310
		],
		[
			218,
			270
		],
		[
			248,
			252
		],
		[
			5,
			252
		],
		[
			5,
			248
		],
		[
			199,
			305
		],
		[
			199,
			262
		],
		[
			117,
			251
		],
		[
			120,
			251
		],
		[
			117,
			120
		],
		[
			201,
			226
		],
		[
			226,
			289
		],
		[
			120,
			123
		],
		[
			123,
			318
		],
		[
			250,
			266
		],
		[
			266,
			334
		],
		[
			182,
			199
		],
		[
			218,
			220
		],
		[
			226,
			298
		],
		[
			227,
			298
		],
		[
			235,
			250
		],
		[
			232,
			235
		],
		[
			52,
			274
		],
		[
			53,
			274
		],
		[
			245,
			329
		],
		[
			115,
			257
		],
		[
			257,
			263
		],
		[
			115,
			263
		],
		[
			212,
			215
		],
		[
			212,
			271
		],
		[
			215,
			271
		],
		[
			123,
			251
		],
		[
			192,
			194
		],
		[
			138,
			306
		],
		[
			141,
			306
		],
		[
			138,
			141
		],
		[
			198,
			262
		],
		[
			158,
			160
		],
		[
			158,
			161
		],
		[
			279,
			313
		],
		[
			166,
			279
		],
		[
			166,
			313
		],
		[
			195,
			319
		],
		[
			196,
			319
		],
		[
			170,
			173
		],
		[
			170,
			264
		],
		[
			157,
			273
		],
		[
			157,
			164
		],
		[
			188,
			190
		],
		[
			105,
			315
		],
		[
			105,
			112
		],
		[
			112,
			315
		],
		[
			141,
			290
		],
		[
			96,
			126
		],
		[
			135,
			306
		],
		[
			135,
			145
		],
		[
			145,
			306
		],
		[
			185,
			308
		],
		[
			187,
			308
		],
		[
			185,
			187
		],
		[
			113,
			299
		],
		[
			102,
			113
		],
		[
			231,
			323
		],
		[
			101,
			302
		],
		[
			101,
			114
		],
		[
			201,
			272
		],
		[
			201,
			304
		],
		[
			206,
			284
		],
		[
			211,
			284
		],
		[
			206,
			211
		],
		[
			203,
			205
		],
		[
			203,
			206
		],
		[
			270,
			284
		],
		[
			206,
			270
		],
		[
			97,
			251
		],
		[
			97,
			124
		],
		[
			124,
			251
		],
		[
			210,
			283
		],
		[
			211,
			283
		],
		[
			148,
			313
		],
		[
			151,
			313
		],
		[
			148,
			151
		],
		[
			28,
			335
		],
		[
			153,
			313
		],
		[
			151,
			153
		],
		[
			135,
			138
		],
		[
			212,
			284
		],
		[
			105,
			322
		],
		[
			153,
			260
		],
		[
			156,
			260
		],
		[
			153,
			156
		],
		[
			25,
			334
		],
		[
			32,
			334
		],
		[
			25,
			32
		],
		[
			104,
			322
		],
		[
			104,
			113
		],
		[
			164,
			166
		],
		[
			176,
			178
		],
		[
			176,
			282
		],
		[
			178,
			282
		],
		[
			194,
			324
		],
		[
			195,
			324
		],
		[
			148,
			279
		],
		[
			161,
			163
		],
		[
			271,
			284
		],
		[
			270,
			271
		],
		[
			97,
			263
		],
		[
			263,
			303
		],
		[
			299,
			302
		],
		[
			89,
			255
		],
		[
			169,
			255
		],
		[
			187,
			190
		],
		[
			293,
			294
		],
		[
			132,
			294
		],
		[
			132,
			293
		],
		[
			210,
			254
		],
		[
			208,
			210
		],
		[
			100,
			115
		],
		[
			100,
			257
		],
		[
			240,
			250
		],
		[
			237,
			240
		],
		[
			237,
			250
		],
		[
			192,
			308
		],
		[
			308,
			324
		],
		[
			192,
			324
		],
		[
			158,
			273
		],
		[
			161,
			273
		],
		[
			235,
			237
		],
		[
			196,
			198
		],
		[
			36,
			261
		],
		[
			38,
			261
		],
		[
			36,
			38
		],
		[
			97,
			126
		],
		[
			124,
			126
		],
		[
			127,
			293
		],
		[
			256,
			293
		],
		[
			42,
			48
		],
		[
			28,
			31
		],
		[
			96,
			330
		],
		[
			94,
			96
		],
		[
			7,
			288
		],
		[
			8,
			288
		],
		[
			202,
			270
		],
		[
			203,
			270
		],
		[
			228,
			272
		],
		[
			230,
			272
		],
		[
			228,
			230
		],
		[
			138,
			326
		],
		[
			133,
			145
		],
		[
			133,
			146
		],
		[
			246,
			248
		],
		[
			191,
			308
		],
		[
			207,
			210
		],
		[
			185,
			324
		],
		[
			38,
			311
		],
		[
			4,
			248
		],
		[
			4,
			265
		],
		[
			251,
			263
		],
		[
			241,
			250
		],
		[
			156,
			301
		],
		[
			64,
			286
		],
		[
			57,
			286
		],
		[
			57,
			64
		],
		[
			64,
			292
		],
		[
			67,
			292
		],
		[
			64,
			67
		],
		[
			130,
			293
		],
		[
			130,
			256
		],
		[
			105,
			107
		],
		[
			12,
			309
		],
		[
			15,
			309
		],
		[
			12,
			15
		],
		[
			69,
			280
		],
		[
			54,
			69
		],
		[
			92,
			167
		],
		[
			108,
			111
		],
		[
			108,
			300
		],
		[
			176,
			296
		],
		[
			175,
			296
		],
		[
			16,
			332
		],
		[
			277,
			332
		],
		[
			68,
			292
		],
		[
			201,
			298
		],
		[
			85,
			182
		],
		[
			87,
			296
		],
		[
			87,
			175
		],
		[
			87,
			278
		],
		[
			87,
			89
		],
		[
			108,
			112
		],
		[
			70,
			280
		],
		[
			296,
			317
		],
		[
			87,
			317
		],
		[
			73,
			76
		],
		[
			76,
			268
		],
		[
			182,
			316
		],
		[
			199,
			316
		],
		[
			72,
			295
		],
		[
			73,
			295
		],
		[
			16,
			309
		],
		[
			73,
			331
		],
		[
			76,
			331
		],
		[
			35,
			83
		],
		[
			35,
			84
		],
		[
			142,
			306
		],
		[
			228,
			298
		],
		[
			272,
			298
		],
		[
			117,
			303
		],
		[
			59,
			269
		],
		[
			8,
			277
		],
		[
			8,
			17
		],
		[
			81,
			287
		],
		[
			81,
			311
		],
		[
			89,
			91
		],
		[
			91,
			255
		],
		[
			34,
			316
		],
		[
			35,
			316
		],
		[
			108,
			110
		],
		[
			21,
			288
		],
		[
			20,
			288
		],
		[
			35,
			261
		],
		[
			83,
			261
		],
		[
			117,
			119
		],
		[
			78,
			295
		],
		[
			73,
			78
		],
		[
			101,
			115
		],
		[
			142,
			145
		],
		[
			85,
			316
		],
		[
			84,
			316
		],
		[
			146,
			279
		],
		[
			146,
			148
		],
		[
			42,
			314
		],
		[
			260,
			313
		],
		[
			164,
			313
		],
		[
			164,
			260
		],
		[
			50,
			281
		],
		[
			133,
			135
		],
		[
			117,
			263
		],
		[
			45,
			47
		],
		[
			157,
			260
		],
		[
			50,
			321
		],
		[
			50,
			295
		],
		[
			295,
			321
		],
		[
			281,
			295
		],
		[
			78,
			281
		],
		[
			79,
			281
		],
		[
			176,
			181
		],
		[
			38,
			83
		],
		[
			48,
			79
		],
		[
			72,
			321
		],
		[
			70,
			72
		],
		[
			70,
			321
		],
		[
			59,
			286
		],
		[
			58,
			286
		],
		[
			259,
			294
		],
		[
			259,
			279
		],
		[
			279,
			294
		],
		[
			169,
			275
		],
		[
			170,
			275
		],
		[
			127,
			294
		],
		[
			42,
			44
		],
		[
			167,
			330
		],
		[
			45,
			314
		],
		[
			42,
			45
		],
		[
			261,
			328
		],
		[
			237,
			239
		],
		[
			222,
			224
		],
		[
			222,
			225
		],
		[
			218,
			221
		],
		[
			316,
			325
		],
		[
			199,
			325
		],
		[
			225,
			312
		],
		[
			202,
			312
		],
		[
			128,
			130
		],
		[
			190,
			308
		],
		[
			222,
			312
		],
		[
			212,
			214
		],
		[
			130,
			132
		],
		[
			232,
			234
		],
		[
			122,
			318
		],
		[
			178,
			180
		],
		[
			178,
			297
		],
		[
			102,
			104
		],
		[
			54,
			64
		],
		[
			79,
			287
		],
		[
			79,
			81
		],
		[
			244,
			329
		],
		[
			269,
			286
		],
		[
			17,
			288
		],
		[
			17,
			20
		],
		[
			166,
			259
		],
		[
			167,
			259
		],
		[
			242,
			244
		],
		[
			21,
			327
		],
		[
			270,
			312
		],
		[
			1,
			265
		],
		[
			1,
			249
		],
		[
			258,
			282
		],
		[
			181,
			282
		],
		[
			183,
			198
		],
		[
			198,
			276
		],
		[
			31,
			335
		],
		[
			282,
			297
		],
		[
			98,
			100
		],
		[
			5,
			7
		],
		[
			196,
			267
		],
		[
			275,
			278
		],
		[
			133,
			294
		],
		[
			146,
			294
		],
		[
			288,
			333
		],
		[
			1,
			4
		],
		[
			9,
			16
		],
		[
			75,
			268
		],
		[
			196,
			276
		],
		[
			274,
			321
		],
		[
			53,
			321
		],
		[
			25,
			31
		],
		[
			69,
			292
		],
		[
			54,
			292
		],
		[
			175,
			278
		],
		[
			221,
			312
		],
		[
			185,
			319
		],
		[
			185,
			195
		],
		[
			21,
			320
		],
		[
			60,
			62
		],
		[
			170,
			172
		],
		[
			24,
			334
		],
		[
			221,
			270
		],
		[
			272,
			325
		],
		[
			53,
			70
		],
		[
			17,
			19
		],
		[
			142,
			285
		],
		[
			60,
			63
		],
		[
			137,
			326
		],
		[
			64,
			66
		],
		[
			142,
			144
		],
		[
			140,
			290
		],
		[
			10,
			12
		],
		[
			12,
			14
		],
		[
			259,
			330
		],
		[
			155,
			301
		],
		[
			1,
			3
		],
		[
			230,
			325
		],
		[
			34,
			325
		],
		[
			21,
			23
		],
		[
			271,
			310
		],
		[
			148,
			150
		]
	],
	"score": 0.5057471264367817,
	"obtuse num": 0,
	"steiner num": 336
}