{
	"content_type": "CG_SHOP_2025_Solution",
	"instance_uid": "ortho_250_6e6a66c2",
	"steiner_points_x": [
		875532,
		342704,
		-162195,
		-349021,
		49036,
		218522,
		557624,
		49036,
		-29928,
		7081,
		-337828,
		419376,
		226687,
		667121,
		665689,
		289709,
		459987,
		934820,
		0,
		829823,
		464539,
		248255,
		298199,
		-102761,
		876386,
		876386,
		218522,
		-249161,
		1031195,
		-114937,
		411629,
		450285,
		880009,
		557470,
		-303257,
		-677978,
		364129,
		661683,
		545090,
		730719,
		900516,
		-413006,
		"21020629779/23060",
		236108,
		417302,
		911561,
		-184640,
		289771,
		761545,
		242469,
		489698,
		404254,
		676437,
		709544,
		1123520,
		381172,
		833012,
		126317,
		880008,
		-469612,
		801376,
		-491174,
		293082,
		1031195,
		-523672,
		-526632,
		265868,
		242469,
		-5041,
		-115900,
		-115900,
		-526632,
		-526632,
		-491173,
		-526632,
		1109849,
		846213,
		833012,
		-184640,
		-29928,
		-184640,
		900516,
		435017,
		-337711,
		841722,
		412363,
		876386,
		429955,
		-382087,
		445736,
		436115,
		432277,
		"628964021/1455",
		365183,
		380666
	],
	"steiner_points_y": [
		1317603,
		144806,
		950664,
		460059,
		923928,
		368885,
		157001,
		879064,
		768210,
		327976,
		751241,
		1090186,
		368885,
		618866,
		0,
		1127731,
		152670,
		117565,
		316044,
		-1,
		1125120,
		1148841,
		1125357,
		680003,
		1282887,
		1289342,
		316044,
		573777,
		406256,
		658032,
		1027223,
		805040,
		1067804,
		1115577,
		290290,
		359561,
		127699,
		811023,
		1020979,
		1009783,
		1291041,
		842552,
		811022,
		1153780,
		660562,
		648101,
		464831,
		958869,
		1125766,
		1000000,
		316044,
		422789,
		1155436,
		348268,
		504255,
		1291041,
		1177417,
		645286,
		1071330,
		359561,
		290751,
		861551,
		523665,
		574469,
		851653,
		627076,
		559561,
		939946,
		688359,
		672665,
		677237,
		861551,
		851653,
		792340,
		"1584681/2",
		586068,
		1282887,
		1291041,
		446088,
		672665,
		486285,
		1282887,
		1291041,
		596480,
		1053482,
		1153318,
		1317604,
		1175059,
		584709,
		965804,
		1169055,
		1181369,
		1182736,
		1148077,
		1218361
	],
	"edges": [
		[
			261,
			343
		],
		[
			138,
			261
		],
		[
			138,
			343
		],
		[
			21,
			23
		],
		[
			21,
			24
		],
		[
			23,
			24
		],
		[
			50,
			304
		],
		[
			45,
			50
		],
		[
			45,
			304
		],
		[
			73,
			331
		],
		[
			74,
			331
		],
		[
			73,
			74
		],
		[
			154,
			281
		],
		[
			155,
			281
		],
		[
			154,
			155
		],
		[
			158,
			257
		],
		[
			158,
			165
		],
		[
			165,
			257
		],
		[
			287,
			339
		],
		[
			288,
			339
		],
		[
			287,
			288
		],
		[
			11,
			12
		],
		[
			11,
			14
		],
		[
			12,
			14
		],
		[
			176,
			333
		],
		[
			181,
			333
		],
		[
			176,
			181
		],
		[
			34,
			35
		],
		[
			34,
			36
		],
		[
			35,
			36
		],
		[
			196,
			338
		],
		[
			197,
			338
		],
		[
			196,
			197
		],
		[
			46,
			47
		],
		[
			46,
			48
		],
		[
			47,
			48
		],
		[
			182,
			184
		],
		[
			182,
			315
		],
		[
			184,
			315
		],
		[
			184,
			323
		],
		[
			187,
			323
		],
		[
			184,
			187
		],
		[
			255,
			262
		],
		[
			248,
			262
		],
		[
			248,
			255
		],
		[
			134,
			265
		],
		[
			137,
			265
		],
		[
			134,
			137
		],
		[
			233,
			307
		],
		[
			234,
			307
		],
		[
			233,
			234
		],
		[
			252,
			273
		],
		[
			273,
			320
		],
		[
			252,
			320
		],
		[
			243,
			244
		],
		[
			243,
			312
		],
		[
			244,
			312
		],
		[
			21,
			22
		],
		[
			22,
			23
		],
		[
			154,
			280
		],
		[
			143,
			154
		],
		[
			143,
			280
		],
		[
			261,
			335
		],
		[
			335,
			343
		],
		[
			266,
			300
		],
		[
			256,
			300
		],
		[
			256,
			266
		],
		[
			40,
			51
		],
		[
			40,
			295
		],
		[
			51,
			295
		],
		[
			80,
			82
		],
		[
			80,
			83
		],
		[
			82,
			83
		],
		[
			137,
			272
		],
		[
			138,
			272
		],
		[
			137,
			138
		],
		[
			40,
			278
		],
		[
			51,
			278
		],
		[
			31,
			32
		],
		[
			31,
			33
		],
		[
			32,
			33
		],
		[
			40,
			263
		],
		[
			263,
			295
		],
		[
			52,
			295
		],
		[
			51,
			52
		],
		[
			60,
			62
		],
		[
			61,
			62
		],
		[
			60,
			61
		],
		[
			108,
			109
		],
		[
			108,
			117
		],
		[
			109,
			117
		],
		[
			57,
			287
		],
		[
			287,
			289
		],
		[
			57,
			289
		],
		[
			17,
			18
		],
		[
			17,
			269
		],
		[
			18,
			269
		],
		[
			37,
			38
		],
		[
			37,
			39
		],
		[
			38,
			39
		],
		[
			69,
			298
		],
		[
			69,
			302
		],
		[
			298,
			302
		],
		[
			270,
			340
		],
		[
			101,
			340
		],
		[
			101,
			270
		],
		[
			283,
			288
		],
		[
			270,
			288
		],
		[
			270,
			283
		],
		[
			261,
			280
		],
		[
			139,
			280
		],
		[
			139,
			261
		],
		[
			104,
			337
		],
		[
			337,
			341
		],
		[
			104,
			341
		],
		[
			14,
			266
		],
		[
			15,
			266
		],
		[
			14,
			15
		],
		[
			96,
			97
		],
		[
			96,
			98
		],
		[
			97,
			98
		],
		[
			117,
			344
		],
		[
			118,
			344
		],
		[
			117,
			118
		],
		[
			45,
			313
		],
		[
			50,
			313
		],
		[
			108,
			344
		],
		[
			57,
			58
		],
		[
			57,
			60
		],
		[
			58,
			60
		],
		[
			108,
			343
		],
		[
			343,
			344
		],
		[
			294,
			316
		],
		[
			157,
			316
		],
		[
			157,
			294
		],
		[
			142,
			143
		],
		[
			142,
			280
		],
		[
			69,
			283
		],
		[
			96,
			283
		],
		[
			69,
			96
		],
		[
			139,
			142
		],
		[
			126,
			271
		],
		[
			130,
			271
		],
		[
			126,
			130
		],
		[
			72,
			331
		],
		[
			72,
			73
		],
		[
			230,
			273
		],
		[
			168,
			273
		],
		[
			168,
			230
		],
		[
			46,
			325
		],
		[
			46,
			49
		],
		[
			49,
			325
		],
		[
			85,
			87
		],
		[
			85,
			88
		],
		[
			87,
			88
		],
		[
			15,
			256
		],
		[
			263,
			301
		],
		[
			263,
			300
		],
		[
			300,
			301
		],
		[
			231,
			233
		],
		[
			231,
			318
		],
		[
			233,
			318
		],
		[
			62,
			282
		],
		[
			282,
			308
		],
		[
			62,
			308
		],
		[
			20,
			269
		],
		[
			27,
			269
		],
		[
			20,
			27
		],
		[
			244,
			301
		],
		[
			247,
			301
		],
		[
			244,
			247
		],
		[
			68,
			288
		],
		[
			68,
			283
		],
		[
			230,
			329
		],
		[
			168,
			329
		],
		[
			13,
			14
		],
		[
			12,
			13
		],
		[
			205,
			253
		],
		[
			210,
			253
		],
		[
			205,
			210
		],
		[
			213,
			214
		],
		[
			213,
			330
		],
		[
			214,
			330
		],
		[
			53,
			55
		],
		[
			53,
			292
		],
		[
			55,
			292
		],
		[
			56,
			287
		],
		[
			56,
			57
		],
		[
			155,
			157
		],
		[
			155,
			294
		],
		[
			27,
			28
		],
		[
			27,
			29
		],
		[
			28,
			29
		],
		[
			78,
			275
		],
		[
			89,
			275
		],
		[
			78,
			89
		],
		[
			34,
			300
		],
		[
			34,
			256
		],
		[
			96,
			270
		],
		[
			33,
			256
		],
		[
			15,
			33
		],
		[
			98,
			270
		],
		[
			212,
			277
		],
		[
			213,
			277
		],
		[
			212,
			213
		],
		[
			198,
			201
		],
		[
			198,
			309
		],
		[
			201,
			309
		],
		[
			40,
			303
		],
		[
			263,
			303
		],
		[
			274,
			275
		],
		[
			74,
			275
		],
		[
			74,
			274
		],
		[
			197,
			205
		],
		[
			197,
			253
		],
		[
			24,
			26
		],
		[
			24,
			267
		],
		[
			26,
			267
		],
		[
			197,
			198
		],
		[
			198,
			205
		],
		[
			3,
			262
		],
		[
			3,
			248
		],
		[
			3,
			4
		],
		[
			3,
			300
		],
		[
			4,
			300
		],
		[
			6,
			266
		],
		[
			11,
			266
		],
		[
			6,
			11
		],
		[
			263,
			281
		],
		[
			281,
			287
		],
		[
			263,
			287
		],
		[
			48,
			325
		],
		[
			83,
			84
		],
		[
			83,
			85
		],
		[
			84,
			85
		],
		[
			7,
			251
		],
		[
			7,
			10
		],
		[
			10,
			251
		],
		[
			4,
			5
		],
		[
			4,
			6
		],
		[
			5,
			6
		],
		[
			294,
			301
		],
		[
			263,
			294
		],
		[
			0,
			268
		],
		[
			1,
			268
		],
		[
			0,
			1
		],
		[
			68,
			69
		],
		[
			281,
			339
		],
		[
			53,
			54
		],
		[
			54,
			55
		],
		[
			281,
			294
		],
		[
			154,
			339
		],
		[
			289,
			334
		],
		[
			57,
			334
		],
		[
			4,
			266
		],
		[
			3,
			301
		],
		[
			36,
			300
		],
		[
			300,
			303
		],
		[
			36,
			303
		],
		[
			301,
			312
		],
		[
			294,
			312
		],
		[
			56,
			295
		],
		[
			56,
			263
		],
		[
			37,
			303
		],
		[
			36,
			37
		],
		[
			37,
			310
		],
		[
			37,
			40
		],
		[
			40,
			310
		],
		[
			212,
			333
		],
		[
			277,
			333
		],
		[
			292,
			295
		],
		[
			56,
			292
		],
		[
			91,
			93
		],
		[
			91,
			94
		],
		[
			93,
			94
		],
		[
			41,
			278
		],
		[
			278,
			304
		],
		[
			41,
			304
		],
		[
			80,
			81
		],
		[
			81,
			82
		],
		[
			75,
			76
		],
		[
			75,
			77
		],
		[
			76,
			77
		],
		[
			39,
			310
		],
		[
			147,
			297
		],
		[
			153,
			297
		],
		[
			147,
			153
		],
		[
			19,
			269
		],
		[
			19,
			20
		],
		[
			20,
			267
		],
		[
			27,
			267
		],
		[
			79,
			336
		],
		[
			80,
			336
		],
		[
			79,
			80
		],
		[
			154,
			297
		],
		[
			143,
			297
		],
		[
			85,
			86
		],
		[
			86,
			87
		],
		[
			262,
			301
		],
		[
			27,
			30
		],
		[
			29,
			30
		],
		[
			18,
			19
		],
		[
			280,
			339
		],
		[
			280,
			288
		],
		[
			31,
			264
		],
		[
			17,
			31
		],
		[
			17,
			264
		],
		[
			60,
			334
		],
		[
			282,
			334
		],
		[
			60,
			282
		],
		[
			64,
			308
		],
		[
			65,
			308
		],
		[
			64,
			65
		],
		[
			181,
			338
		],
		[
			182,
			338
		],
		[
			181,
			182
		],
		[
			243,
			316
		],
		[
			312,
			316
		],
		[
			46,
			313
		],
		[
			49,
			313
		],
		[
			307,
			318
		],
		[
			288,
			289
		],
		[
			168,
			252
		],
		[
			7,
			286
		],
		[
			10,
			286
		],
		[
			91,
			306
		],
		[
			71,
			91
		],
		[
			71,
			306
		],
		[
			175,
			333
		],
		[
			175,
			176
		],
		[
			91,
			92
		],
		[
			92,
			93
		],
		[
			247,
			255
		],
		[
			247,
			262
		],
		[
			131,
			271
		],
		[
			265,
			271
		],
		[
			131,
			265
		],
		[
			75,
			290
		],
		[
			75,
			78
		],
		[
			78,
			290
		],
		[
			175,
			220
		],
		[
			220,
			277
		],
		[
			175,
			277
		],
		[
			41,
			43
		],
		[
			42,
			43
		],
		[
			41,
			42
		],
		[
			7,
			8
		],
		[
			7,
			9
		],
		[
			8,
			9
		],
		[
			212,
			253
		],
		[
			253,
			333
		],
		[
			9,
			251
		],
		[
			24,
			25
		],
		[
			25,
			26
		],
		[
			213,
			220
		],
		[
			167,
			329
		],
		[
			167,
			231
		],
		[
			231,
			329
		],
		[
			15,
			16
		],
		[
			15,
			264
		],
		[
			16,
			264
		],
		[
			80,
			250
		],
		[
			83,
			250
		],
		[
			6,
			286
		],
		[
			11,
			286
		],
		[
			77,
			290
		],
		[
			2,
			268
		],
		[
			1,
			2
		],
		[
			319,
			320
		],
		[
			223,
			320
		],
		[
			223,
			319
		],
		[
			68,
			289
		],
		[
			223,
			273
		],
		[
			223,
			230
		],
		[
			43,
			304
		],
		[
			222,
			320
		],
		[
			222,
			319
		],
		[
			220,
			222
		],
		[
			175,
			222
		],
		[
			261,
			288
		],
		[
			261,
			270
		],
		[
			45,
			46
		],
		[
			66,
			67
		],
		[
			66,
			68
		],
		[
			67,
			68
		],
		[
			270,
			335
		],
		[
			59,
			60
		],
		[
			58,
			59
		],
		[
			265,
			272
		],
		[
			63,
			308
		],
		[
			62,
			63
		],
		[
			71,
			90
		],
		[
			90,
			91
		],
		[
			170,
			252
		],
		[
			173,
			252
		],
		[
			170,
			173
		],
		[
			175,
			252
		],
		[
			173,
			175
		],
		[
			53,
			295
		],
		[
			52,
			53
		],
		[
			70,
			95
		],
		[
			95,
			306
		],
		[
			70,
			306
		],
		[
			85,
			250
		],
		[
			272,
			343
		],
		[
			111,
			112
		],
		[
			111,
			113
		],
		[
			112,
			113
		],
		[
			244,
			245
		],
		[
			244,
			246
		],
		[
			245,
			246
		],
		[
			188,
			324
		],
		[
			188,
			323
		],
		[
			323,
			324
		],
		[
			109,
			110
		],
		[
			109,
			111
		],
		[
			110,
			111
		],
		[
			239,
			241
		],
		[
			239,
			242
		],
		[
			241,
			242
		],
		[
			307,
			316
		],
		[
			157,
			307
		],
		[
			182,
			196
		],
		[
			196,
			315
		],
		[
			111,
			332
		],
		[
			113,
			332
		],
		[
			246,
			247
		],
		[
			237,
			238
		],
		[
			237,
			239
		],
		[
			238,
			239
		],
		[
			152,
			317
		],
		[
			153,
			317
		],
		[
			152,
			153
		],
		[
			222,
			252
		],
		[
			151,
			317
		],
		[
			151,
			152
		],
		[
			111,
			116
		],
		[
			116,
			332
		],
		[
			118,
			120
		],
		[
			118,
			121
		],
		[
			120,
			121
		],
		[
			2,
			259
		],
		[
			259,
			276
		],
		[
			2,
			276
		],
		[
			167,
			318
		],
		[
			114,
			115
		],
		[
			114,
			116
		],
		[
			115,
			116
		],
		[
			249,
			259
		],
		[
			259,
			268
		],
		[
			249,
			268
		],
		[
			231,
			232
		],
		[
			232,
			233
		],
		[
			123,
			124
		],
		[
			123,
			125
		],
		[
			124,
			125
		],
		[
			121,
			122
		],
		[
			121,
			123
		],
		[
			122,
			123
		],
		[
			248,
			276
		],
		[
			3,
			276
		],
		[
			118,
			119
		],
		[
			119,
			120
		],
		[
			6,
			7
		],
		[
			314,
			324
		],
		[
			188,
			314
		],
		[
			63,
			64
		],
		[
			130,
			293
		],
		[
			129,
			130
		],
		[
			129,
			293
		],
		[
			126,
			128
		],
		[
			126,
			293
		],
		[
			128,
			293
		],
		[
			17,
			30
		],
		[
			30,
			269
		],
		[
			315,
			323
		],
		[
			126,
			127
		],
		[
			127,
			128
		],
		[
			21,
			267
		],
		[
			333,
			338
		],
		[
			253,
			338
		],
		[
			20,
			21
		],
		[
			65,
			334
		],
		[
			66,
			334
		],
		[
			65,
			66
		],
		[
			130,
			131
		],
		[
			43,
			45
		],
		[
			44,
			45
		],
		[
			43,
			44
		],
		[
			116,
			305
		],
		[
			114,
			305
		],
		[
			75,
			275
		],
		[
			65,
			282
		],
		[
			66,
			289
		],
		[
			234,
			236
		],
		[
			234,
			237
		],
		[
			236,
			237
		],
		[
			335,
			340
		],
		[
			335,
			337
		],
		[
			337,
			340
		],
		[
			139,
			140
		],
		[
			139,
			141
		],
		[
			140,
			141
		],
		[
			234,
			235
		],
		[
			235,
			236
		],
		[
			131,
			132
		],
		[
			131,
			133
		],
		[
			132,
			133
		],
		[
			30,
			31
		],
		[
			108,
			335
		],
		[
			131,
			134
		],
		[
			133,
			134
		],
		[
			33,
			264
		],
		[
			134,
			135
		],
		[
			134,
			136
		],
		[
			135,
			136
		],
		[
			201,
			202
		],
		[
			201,
			285
		],
		[
			202,
			285
		],
		[
			108,
			337
		],
		[
			102,
			337
		],
		[
			102,
			104
		],
		[
			136,
			137
		],
		[
			141,
			142
		],
		[
			239,
			240
		],
		[
			240,
			241
		],
		[
			144,
			299
		],
		[
			145,
			299
		],
		[
			144,
			145
		],
		[
			146,
			299
		],
		[
			145,
			146
		],
		[
			147,
			148
		],
		[
			147,
			150
		],
		[
			148,
			150
		],
		[
			50,
			278
		],
		[
			50,
			51
		],
		[
			33,
			34
		],
		[
			105,
			341
		],
		[
			341,
			342
		],
		[
			105,
			342
		],
		[
			150,
			317
		],
		[
			150,
			151
		],
		[
			149,
			150
		],
		[
			148,
			149
		],
		[
			147,
			317
		],
		[
			102,
			340
		],
		[
			108,
			341
		],
		[
			153,
			154
		],
		[
			274,
			331
		],
		[
			125,
			343
		],
		[
			125,
			272
		],
		[
			158,
			258
		],
		[
			158,
			167
		],
		[
			167,
			258
		],
		[
			138,
			139
		],
		[
			155,
			156
		],
		[
			156,
			157
		],
		[
			159,
			254
		],
		[
			160,
			254
		],
		[
			159,
			160
		],
		[
			188,
			311
		],
		[
			188,
			191
		],
		[
			191,
			311
		],
		[
			121,
			344
		],
		[
			121,
			343
		],
		[
			161,
			254
		],
		[
			160,
			161
		],
		[
			275,
			326
		],
		[
			274,
			326
		],
		[
			94,
			95
		],
		[
			94,
			306
		],
		[
			161,
			162
		],
		[
			161,
			163
		],
		[
			162,
			163
		],
		[
			89,
			326
		],
		[
			254,
			257
		],
		[
			161,
			257
		],
		[
			158,
			307
		],
		[
			158,
			318
		],
		[
			98,
			100
		],
		[
			98,
			101
		],
		[
			100,
			101
		],
		[
			89,
			327
		],
		[
			326,
			327
		],
		[
			157,
			158
		],
		[
			105,
			107
		],
		[
			107,
			342
		],
		[
			123,
			343
		],
		[
			161,
			164
		],
		[
			163,
			164
		],
		[
			125,
			271
		],
		[
			125,
			265
		],
		[
			178,
			260
		],
		[
			179,
			260
		],
		[
			178,
			179
		],
		[
			243,
			307
		],
		[
			125,
			126
		],
		[
			108,
			342
		],
		[
			167,
			168
		],
		[
			98,
			99
		],
		[
			99,
			100
		],
		[
			143,
			146
		],
		[
			146,
			297
		],
		[
			170,
			171
		],
		[
			170,
			172
		],
		[
			171,
			172
		],
		[
			165,
			166
		],
		[
			165,
			258
		],
		[
			166,
			258
		],
		[
			102,
			103
		],
		[
			103,
			104
		],
		[
			305,
			332
		],
		[
			143,
			299
		],
		[
			105,
			106
		],
		[
			106,
			107
		],
		[
			164,
			257
		],
		[
			146,
			147
		],
		[
			169,
			252
		],
		[
			169,
			170
		],
		[
			71,
			327
		],
		[
			90,
			327
		],
		[
			109,
			116
		],
		[
			116,
			117
		],
		[
			172,
			173
		],
		[
			74,
			75
		],
		[
			192,
			321
		],
		[
			192,
			322
		],
		[
			321,
			322
		],
		[
			195,
			196
		],
		[
			195,
			315
		],
		[
			95,
			298
		],
		[
			70,
			298
		],
		[
			182,
			183
		],
		[
			183,
			184
		],
		[
			96,
			302
		],
		[
			185,
			291
		],
		[
			186,
			291
		],
		[
			185,
			186
		],
		[
			242,
			307
		],
		[
			242,
			243
		],
		[
			88,
			250
		],
		[
			250,
			336
		],
		[
			192,
			193
		],
		[
			192,
			194
		],
		[
			193,
			194
		],
		[
			78,
			336
		],
		[
			78,
			250
		],
		[
			314,
			322
		],
		[
			322,
			324
		],
		[
			95,
			302
		],
		[
			190,
			311
		],
		[
			190,
			191
		],
		[
			78,
			88
		],
		[
			315,
			324
		],
		[
			194,
			321
		],
		[
			198,
			199
		],
		[
			198,
			200
		],
		[
			199,
			200
		],
		[
			88,
			89
		],
		[
			200,
			201
		],
		[
			101,
			102
		],
		[
			217,
			219
		],
		[
			217,
			328
		],
		[
			219,
			328
		],
		[
			104,
			105
		],
		[
			202,
			203
		],
		[
			202,
			204
		],
		[
			203,
			204
		],
		[
			71,
			326
		],
		[
			204,
			285
		],
		[
			205,
			209
		],
		[
			209,
			210
		],
		[
			214,
			296
		],
		[
			296,
			330
		],
		[
			239,
			307
		],
		[
			285,
			309
		],
		[
			214,
			216
		],
		[
			214,
			217
		],
		[
			216,
			217
		],
		[
			210,
			212
		],
		[
			210,
			211
		],
		[
			211,
			212
		],
		[
			217,
			296
		],
		[
			296,
			328
		],
		[
			206,
			209
		],
		[
			209,
			284
		],
		[
			206,
			284
		],
		[
			248,
			259
		],
		[
			205,
			309
		],
		[
			229,
			279
		],
		[
			226,
			229
		],
		[
			226,
			279
		],
		[
			207,
			208
		],
		[
			207,
			209
		],
		[
			208,
			209
		],
		[
			237,
			307
		],
		[
			205,
			206
		],
		[
			214,
			215
		],
		[
			215,
			216
		],
		[
			173,
			174
		],
		[
			174,
			175
		],
		[
			220,
			221
		],
		[
			221,
			222
		],
		[
			207,
			284
		],
		[
			226,
			227
		],
		[
			226,
			228
		],
		[
			227,
			228
		],
		[
			223,
			279
		],
		[
			223,
			229
		],
		[
			177,
			260
		],
		[
			177,
			178
		],
		[
			229,
			230
		],
		[
			225,
			279
		],
		[
			225,
			226
		],
		[
			220,
			330
		],
		[
			164,
			165
		],
		[
			217,
			218
		],
		[
			218,
			219
		],
		[
			224,
			279
		],
		[
			224,
			225
		],
		[
			176,
			179
		],
		[
			179,
			181
		],
		[
			168,
			169
		],
		[
			189,
			311
		],
		[
			189,
			190
		],
		[
			187,
			291
		],
		[
			186,
			187
		],
		[
			184,
			291
		],
		[
			179,
			180
		],
		[
			180,
			181
		],
		[
			187,
			188
		],
		[
			176,
			260
		],
		[
			191,
			314
		],
		[
			192,
			314
		],
		[
			228,
			229
		],
		[
			191,
			192
		]
	],
	"score": 0.5052083333333334,
	"obtuse num": 0,
	"steiner num": 345
}