{
	"content_type": "CG_SHOP_2025_Solution",
	"instance_uid": "point-set_60_27bc003d",
	"steiner_points_x": [
		6127,
		"203653919/15529",
		"190045750/15529",
		10050,
		2793,
		2400,
		11233,
		200,
		10759,
		9671,
		2400,
		8400,
		10151,
		9063,
		"22200970/1769",
		3104,
		749,
		8278,
		6988,
		9926,
		10310,
		10195,
		12900,
		8965,
		1776,
		"59193819044/78637551",
		9350,
		11490,
		"99519493115904/47637537803",
		3006,
		"474853120959876400/42140746798321",
		12510,
		"20255180/1769",
		10650,
		2400,
		14491,
		8085,
		12535,
		4451,
		"7364100/1601",
		"73330871/8845",
		3267,
		3286,
		10628,
		3500,
		8900,
		"13479625/1033",
		1699,
		6119,
		10654,
		10466,
		999,
		12535,
		"412396421/31058",
		6120,
		"73778188/52093",
		4336,
		12550,
		9367,
		2228,
		"186144428/52093",
		2625,
		2213,
		"17956940/1769",
		4100,
		7034,
		8343,
		"69531326/52093",
		12942,
		10521,
		3486,
		8090,
		8404,
		"202966400/52093",
		7034
	],
	"steiner_points_y": [
		814,
		"91945259/15529",
		"125051700/15529",
		"27565964069300/2713680649",
		5411,
		10310,
		6894,
		"417400/41",
		5555,
		5493,
		7300,
		10157,
		5351,
		2886,
		"85790/1769",
		5750,
		10309,
		1700,
		7555,
		2506,
		10187,
		5750,
		5366,
		6941,
		8584,
		"229220747118/26212517",
		9959,
		773,
		"251213702861764/47637537803",
		9132,
		"438781237789029450/42140746798321",
		2192,
		"71160/1769",
		"27565964069300/2713680649",
		7700,
		2250,
		5741,
		2445,
		1756,
		"60050/1601",
		"145687/8845",
		7317,
		10036,
		2451,
		7800,
		10158,
		"307575/1033",
		10340,
		1700,
		5354,
		8075,
		10309,
		2549,
		"171510831/31058",
		5551,
		"365751758/52093",
		9604,
		900,
		2149,
		8732,
		"73873598/52093",
		5651,
		7571,
		"53880/1769",
		10309,
		8227,
		3055,
		"376783241/52093",
		5850,
		6177,
		7600,
		10137,
		8407,
		"30177500/52093",
		10700
	],
	"edges": [
		[
			80,
			110
		],
		[
			80,
			93
		],
		[
			93,
			110
		],
		[
			32,
			129
		],
		[
			66,
			129
		],
		[
			32,
			66
		],
		[
			1,
			23
		],
		[
			23,
			87
		],
		[
			1,
			87
		],
		[
			28,
			32
		],
		[
			32,
			128
		],
		[
			28,
			128
		],
		[
			65,
			89
		],
		[
			89,
			119
		],
		[
			65,
			119
		],
		[
			34,
			60
		],
		[
			60,
			100
		],
		[
			34,
			100
		],
		[
			12,
			132
		],
		[
			83,
			132
		],
		[
			12,
			83
		],
		[
			26,
			95
		],
		[
			18,
			26
		],
		[
			18,
			95
		],
		[
			28,
			30
		],
		[
			30,
			32
		],
		[
			116,
			134
		],
		[
			125,
			134
		],
		[
			116,
			125
		],
		[
			22,
			117
		],
		[
			36,
			117
		],
		[
			22,
			36
		],
		[
			9,
			101
		],
		[
			43,
			101
		],
		[
			9,
			43
		],
		[
			46,
			65
		],
		[
			48,
			65
		],
		[
			46,
			48
		],
		[
			88,
			121
		],
		[
			64,
			121
		],
		[
			64,
			88
		],
		[
			66,
			128
		],
		[
			27,
			70
		],
		[
			27,
			121
		],
		[
			70,
			121
		],
		[
			22,
			92
		],
		[
			22,
			74
		],
		[
			74,
			92
		],
		[
			94,
			119
		],
		[
			84,
			94
		],
		[
			84,
			119
		],
		[
			20,
			109
		],
		[
			56,
			109
		],
		[
			20,
			56
		],
		[
			91,
			103
		],
		[
			97,
			103
		],
		[
			91,
			97
		],
		[
			6,
			19
		],
		[
			19,
			99
		],
		[
			6,
			99
		],
		[
			54,
			100
		],
		[
			54,
			77
		],
		[
			77,
			100
		],
		[
			108,
			114
		],
		[
			55,
			114
		],
		[
			55,
			108
		],
		[
			81,
			129
		],
		[
			81,
			83
		],
		[
			83,
			129
		],
		[
			45,
			75
		],
		[
			27,
			45
		],
		[
			27,
			75
		],
		[
			65,
			107
		],
		[
			53,
			107
		],
		[
			53,
			65
		],
		[
			51,
			123
		],
		[
			10,
			51
		],
		[
			10,
			123
		],
		[
			107,
			111
		],
		[
			49,
			111
		],
		[
			49,
			107
		],
		[
			110,
			132
		],
		[
			83,
			110
		],
		[
			17,
			52
		],
		[
			52,
			67
		],
		[
			17,
			67
		],
		[
			55,
			126
		],
		[
			77,
			126
		],
		[
			55,
			77
		],
		[
			94,
			122
		],
		[
			84,
			122
		],
		[
			50,
			63
		],
		[
			11,
			63
		],
		[
			11,
			50
		],
		[
			39,
			54
		],
		[
			39,
			77
		],
		[
			69,
			96
		],
		[
			69,
			126
		],
		[
			96,
			126
		],
		[
			29,
			71
		],
		[
			15,
			71
		],
		[
			15,
			29
		],
		[
			41,
			97
		],
		[
			26,
			41
		],
		[
			26,
			97
		],
		[
			102,
			116
		],
		[
			89,
			116
		],
		[
			89,
			102
		],
		[
			73,
			126
		],
		[
			73,
			77
		],
		[
			82,
			112
		],
		[
			4,
			82
		],
		[
			4,
			112
		],
		[
			72,
			109
		],
		[
			56,
			72
		],
		[
			115,
			121
		],
		[
			70,
			115
		],
		[
			36,
			74
		],
		[
			28,
			68
		],
		[
			68,
			128
		],
		[
			37,
			71
		],
		[
			15,
			37
		],
		[
			8,
			28
		],
		[
			8,
			30
		],
		[
			24,
			64
		],
		[
			24,
			121
		],
		[
			62,
			66
		],
		[
			62,
			128
		],
		[
			1,
			79
		],
		[
			1,
			118
		],
		[
			79,
			118
		],
		[
			107,
			119
		],
		[
			84,
			107
		],
		[
			4,
			41
		],
		[
			41,
			112
		],
		[
			115,
			122
		],
		[
			70,
			122
		],
		[
			47,
			104
		],
		[
			47,
			89
		],
		[
			89,
			104
		],
		[
			38,
			40
		],
		[
			33,
			40
		],
		[
			33,
			38
		],
		[
			75,
			101
		],
		[
			43,
			75
		],
		[
			42,
			62
		],
		[
			42,
			110
		],
		[
			62,
			110
		],
		[
			6,
			38
		],
		[
			19,
			38
		],
		[
			65,
			102
		],
		[
			35,
			76
		],
		[
			52,
			76
		],
		[
			35,
			52
		],
		[
			95,
			97
		],
		[
			91,
			95
		],
		[
			24,
			45
		],
		[
			24,
			27
		],
		[
			57,
			112
		],
		[
			57,
			82
		],
		[
			97,
			112
		],
		[
			103,
			112
		],
		[
			10,
			25
		],
		[
			22,
			25
		],
		[
			10,
			22
		],
		[
			69,
			73
		],
		[
			69,
			72
		],
		[
			72,
			73
		],
		[
			43,
			70
		],
		[
			27,
			43
		],
		[
			113,
			128
		],
		[
			61,
			128
		],
		[
			61,
			113
		],
		[
			114,
			130
		],
		[
			78,
			130
		],
		[
			78,
			114
		],
		[
			69,
			81
		],
		[
			72,
			81
		],
		[
			46,
			102
		],
		[
			70,
			94
		],
		[
			114,
			126
		],
		[
			42,
			129
		],
		[
			42,
			83
		],
		[
			124,
			134
		],
		[
			59,
			124
		],
		[
			59,
			134
		],
		[
			86,
			105
		],
		[
			14,
			105
		],
		[
			14,
			86
		],
		[
			5,
			95
		],
		[
			5,
			18
		],
		[
			67,
			76
		],
		[
			33,
			98
		],
		[
			33,
			120
		],
		[
			98,
			120
		],
		[
			10,
			92
		],
		[
			92,
			123
		],
		[
			1,
			51
		],
		[
			51,
			87
		],
		[
			21,
			102
		],
		[
			21,
			124
		],
		[
			102,
			124
		],
		[
			0,
			105
		],
		[
			29,
			105
		],
		[
			0,
			29
		],
		[
			106,
			117
		],
		[
			36,
			106
		],
		[
			105,
			132
		],
		[
			86,
			132
		],
		[
			33,
			60
		],
		[
			38,
			60
		],
		[
			44,
			86
		],
		[
			14,
			44
		],
		[
			39,
			55
		],
		[
			79,
			103
		],
		[
			1,
			103
		],
		[
			2,
			80
		],
		[
			16,
			80
		],
		[
			2,
			16
		],
		[
			6,
			40
		],
		[
			16,
			63
		],
		[
			16,
			50
		],
		[
			48,
			53
		],
		[
			9,
			130
		],
		[
			101,
			130
		],
		[
			60,
			108
		],
		[
			54,
			108
		],
		[
			54,
			60
		],
		[
			7,
			104
		],
		[
			7,
			47
		],
		[
			23,
			91
		],
		[
			23,
			103
		],
		[
			73,
			118
		],
		[
			77,
			118
		],
		[
			8,
			81
		],
		[
			30,
			81
		],
		[
			72,
			79
		],
		[
			73,
			79
		],
		[
			96,
			114
		],
		[
			37,
			131
		],
		[
			131,
			134
		],
		[
			37,
			134
		],
		[
			76,
			111
		],
		[
			85,
			111
		],
		[
			76,
			85
		],
		[
			49,
			53
		],
		[
			30,
			129
		],
		[
			56,
			68
		],
		[
			28,
			56
		],
		[
			0,
			14
		],
		[
			64,
			98
		],
		[
			3,
			64
		],
		[
			3,
			98
		],
		[
			71,
			131
		],
		[
			104,
			130
		],
		[
			7,
			130
		],
		[
			71,
			132
		],
		[
			131,
			132
		],
		[
			78,
			96
		],
		[
			98,
			108
		],
		[
			98,
			114
		],
		[
			21,
			46
		],
		[
			39,
			108
		],
		[
			42,
			66
		],
		[
			20,
			68
		],
		[
			63,
			80
		],
		[
			75,
			114
		],
		[
			45,
			114
		],
		[
			68,
			82
		],
		[
			20,
			82
		],
		[
			47,
			94
		],
		[
			7,
			94
		],
		[
			33,
			108
		],
		[
			64,
			120
		],
		[
			51,
			118
		],
		[
			51,
			77
		],
		[
			5,
			117
		],
		[
			5,
			106
		],
		[
			116,
			124
		],
		[
			86,
			110
		],
		[
			13,
			93
		],
		[
			2,
			93
		],
		[
			2,
			13
		],
		[
			11,
			86
		],
		[
			11,
			44
		],
		[
			84,
			111
		],
		[
			125,
			131
		],
		[
			125,
			132
		],
		[
			8,
			56
		],
		[
			56,
			81
		],
		[
			35,
			111
		],
		[
			35,
			49
		],
		[
			9,
			94
		],
		[
			9,
			70
		],
		[
			71,
			105
		],
		[
			61,
			62
		],
		[
			21,
			59
		],
		[
			3,
			24
		],
		[
			47,
			119
		],
		[
			122,
			127
		],
		[
			84,
			127
		],
		[
			3,
			45
		],
		[
			12,
			125
		],
		[
			57,
			109
		],
		[
			20,
			57
		],
		[
			31,
			93
		],
		[
			13,
			31
		],
		[
			90,
			93
		],
		[
			31,
			90
		],
		[
			7,
			9
		],
		[
			84,
			85
		],
		[
			101,
			114
		],
		[
			12,
			78
		],
		[
			78,
			125
		],
		[
			104,
			125
		],
		[
			104,
			116
		],
		[
			17,
			58
		],
		[
			58,
			67
		],
		[
			40,
			120
		],
		[
			82,
			113
		],
		[
			4,
			113
		],
		[
			19,
			34
		],
		[
			19,
			60
		],
		[
			69,
			83
		],
		[
			62,
			93
		],
		[
			62,
			90
		],
		[
			63,
			86
		],
		[
			63,
			110
		],
		[
			51,
			100
		],
		[
			88,
			120
		],
		[
			82,
			128
		],
		[
			83,
			96
		],
		[
			10,
			87
		],
		[
			12,
			96
		],
		[
			91,
			117
		],
		[
			5,
			91
		],
		[
			34,
			99
		],
		[
			3,
			114
		],
		[
			25,
			87
		],
		[
			23,
			25
		],
		[
			23,
			117
		],
		[
			57,
			103
		],
		[
			100,
			123
		],
		[
			67,
			85
		],
		[
			78,
			104
		],
		[
			85,
			127
		],
		[
			25,
			117
		],
		[
			115,
			127
		],
		[
			72,
			103
		],
		[
			103,
			109
		],
		[
			40,
			133
		],
		[
			120,
			133
		],
		[
			88,
			115
		],
		[
			6,
			133
		]
	],
	"score": 0.506578947368421,
	"obtuse num": 0,
	"steiner num": 135
}