{
	"content_type": "CG_SHOP_2025_Solution",
	"instance_uid": "point-set_80_9a8373fb",
	"steiner_points_x": [
		0,
		180,
		8250,
		266,
		8250,
		0,
		334,
		0,
		7650,
		512,
		0,
		8088,
		599,
		7650,
		"24350/3",
		7650,
		0,
		7650,
		7939,
		0,
		0,
		7649,
		7890,
		0,
		7650,
		7646,
		7649,
		8250,
		7660,
		600,
		363
	],
	"steiner_points_y": [
		5800,
		140,
		4900,
		3300,
		4333,
		2500,
		1482,
		750,
		4900,
		750,
		4000,
		214,
		4001,
		5793,
		"400/3",
		3999,
		"9500/3",
		0,
		4087,
		1566,
		950,
		6600,
		6720,
		4900,
		1500,
		753,
		2301,
		2218,
		2630,
		6000,
		5809
	],
	"edges": [
		[
			1,
			21
		],
		[
			1,
			22
		],
		[
			21,
			22
		],
		[
			60,
			83
		],
		[
			60,
			68
		],
		[
			68,
			83
		],
		[
			40,
			79
		],
		[
			40,
			106
		],
		[
			79,
			106
		],
		[
			73,
			84
		],
		[
			73,
			82
		],
		[
			64,
			97
		],
		[
			13,
			64
		],
		[
			13,
			97
		],
		[
			17,
			86
		],
		[
			11,
			86
		],
		[
			11,
			17
		],
		[
			39,
			104
		],
		[
			31,
			104
		],
		[
			31,
			39
		],
		[
			69,
			86
		],
		[
			63,
			69
		],
		[
			63,
			86
		],
		[
			50,
			87
		],
		[
			5,
			87
		],
		[
			5,
			50
		],
		[
			68,
			90
		],
		[
			3,
			59
		],
		[
			59,
			95
		],
		[
			3,
			95
		],
		[
			12,
			71
		],
		[
			12,
			37
		],
		[
			37,
			71
		],
		[
			58,
			109
		],
		[
			28,
			58
		],
		[
			28,
			109
		],
		[
			15,
			107
		],
		[
			15,
			24
		],
		[
			24,
			107
		],
		[
			34,
			53
		],
		[
			31,
			34
		],
		[
			31,
			53
		],
		[
			56,
			96
		],
		[
			83,
			96
		],
		[
			56,
			83
		],
		[
			65,
			75
		],
		[
			51,
			75
		],
		[
			51,
			65
		],
		[
			24,
			74
		],
		[
			18,
			24
		],
		[
			1,
			55
		],
		[
			1,
			93
		],
		[
			55,
			93
		],
		[
			30,
			47
		],
		[
			47,
			88
		],
		[
			30,
			88
		],
		[
			36,
			68
		],
		[
			2,
			68
		],
		[
			2,
			36
		],
		[
			1,
			10
		],
		[
			1,
			12
		],
		[
			10,
			12
		],
		[
			0,
			1
		],
		[
			0,
			93
		],
		[
			2,
			90
		],
		[
			44,
			69
		],
		[
			54,
			69
		],
		[
			44,
			54
		],
		[
			11,
			63
		],
		[
			56,
			76
		],
		[
			76,
			83
		],
		[
			3,
			108
		],
		[
			3,
			77
		],
		[
			77,
			108
		],
		[
			24,
			108
		],
		[
			18,
			108
		],
		[
			18,
			77
		],
		[
			44,
			106
		],
		[
			43,
			106
		],
		[
			43,
			44
		],
		[
			91,
			94
		],
		[
			26,
			91
		],
		[
			65,
			80
		],
		[
			45,
			65
		],
		[
			45,
			80
		],
		[
			9,
			19
		],
		[
			19,
			66
		],
		[
			9,
			66
		],
		[
			9,
			110
		],
		[
			58,
			110
		],
		[
			9,
			58
		],
		[
			77,
			95
		],
		[
			95,
			98
		],
		[
			77,
			98
		],
		[
			33,
			75
		],
		[
			33,
			103
		],
		[
			75,
			103
		],
		[
			62,
			69
		],
		[
			54,
			62
		],
		[
			4,
			98
		],
		[
			46,
			98
		],
		[
			4,
			46
		],
		[
			7,
			14
		],
		[
			14,
			107
		],
		[
			15,
			106
		],
		[
			15,
			43
		],
		[
			76,
			79
		],
		[
			54,
			79
		],
		[
			54,
			76
		],
		[
			21,
			82
		],
		[
			21,
			25
		],
		[
			35,
			109
		],
		[
			55,
			109
		],
		[
			35,
			55
		],
		[
			50,
			81
		],
		[
			49,
			50
		],
		[
			62,
			86
		],
		[
			65,
			110
		],
		[
			66,
			110
		],
		[
			65,
			66
		],
		[
			38,
			43
		],
		[
			15,
			38
		],
		[
			101,
			109
		],
		[
			55,
			101
		],
		[
			4,
			73
		],
		[
			4,
			84
		],
		[
			32,
			39
		],
		[
			34,
			39
		],
		[
			32,
			34
		],
		[
			14,
			31
		],
		[
			14,
			53
		],
		[
			19,
			23
		],
		[
			9,
			23
		],
		[
			12,
			55
		],
		[
			37,
			102
		],
		[
			45,
			110
		],
		[
			45,
			58
		],
		[
			20,
			95
		],
		[
			20,
			46
		],
		[
			46,
			95
		],
		[
			42,
			91
		],
		[
			37,
			41
		],
		[
			23,
			47
		],
		[
			23,
			88
		],
		[
			20,
			30
		],
		[
			30,
			95
		],
		[
			46,
			73
		],
		[
			17,
			99
		],
		[
			17,
			100
		],
		[
			6,
			94
		],
		[
			6,
			91
		],
		[
			32,
			91
		],
		[
			32,
			42
		],
		[
			39,
			105
		],
		[
			32,
			105
		],
		[
			9,
			35
		],
		[
			35,
			93
		],
		[
			9,
			93
		],
		[
			35,
			58
		],
		[
			44,
			79
		],
		[
			6,
			32
		],
		[
			6,
			13
		],
		[
			13,
			32
		],
		[
			13,
			105
		],
		[
			5,
			89
		],
		[
			50,
			89
		],
		[
			41,
			101
		],
		[
			29,
			101
		],
		[
			38,
			104
		],
		[
			43,
			104
		],
		[
			50,
			64
		],
		[
			49,
			64
		],
		[
			14,
			15
		],
		[
			39,
			61
		],
		[
			61,
			105
		],
		[
			19,
			47
		],
		[
			59,
			92
		],
		[
			92,
			95
		],
		[
			27,
			77
		],
		[
			70,
			77
		],
		[
			70,
			98
		],
		[
			66,
			75
		],
		[
			28,
			45
		],
		[
			8,
			45
		],
		[
			29,
			109
		],
		[
			67,
			89
		],
		[
			61,
			89
		],
		[
			61,
			67
		],
		[
			59,
			76
		],
		[
			3,
			76
		],
		[
			37,
			101
		],
		[
			62,
			72
		],
		[
			62,
			99
		],
		[
			37,
			55
		],
		[
			34,
			42
		],
		[
			4,
			70
		],
		[
			16,
			33
		],
		[
			6,
			48
		],
		[
			21,
			73
		],
		[
			56,
			85
		],
		[
			33,
			36
		],
		[
			33,
			47
		],
		[
			36,
			47
		],
		[
			50,
			67
		],
		[
			59,
			83
		],
		[
			68,
			92
		],
		[
			36,
			92
		],
		[
			39,
			63
		],
		[
			63,
			104
		],
		[
			62,
			85
		],
		[
			0,
			73
		],
		[
			73,
			88
		],
		[
			0,
			88
		],
		[
			30,
			92
		],
		[
			30,
			36
		],
		[
			50,
			78
		],
		[
			45,
			57
		],
		[
			64,
			67
		],
		[
			13,
			67
		],
		[
			0,
			21
		],
		[
			61,
			63
		],
		[
			11,
			61
		],
		[
			83,
			92
		],
		[
			17,
			87
		],
		[
			5,
			11
		],
		[
			5,
			17
		],
		[
			0,
			23
		],
		[
			86,
			99
		],
		[
			76,
			108
		],
		[
			40,
			108
		],
		[
			40,
			76
		],
		[
			31,
			38
		],
		[
			14,
			38
		],
		[
			44,
			63
		],
		[
			67,
			105
		],
		[
			33,
			66
		],
		[
			13,
			48
		],
		[
			23,
			93
		],
		[
			43,
			63
		],
		[
			54,
			85
		],
		[
			47,
			66
		],
		[
			11,
			89
		],
		[
			2,
			16
		],
		[
			20,
			73
		],
		[
			54,
			56
		],
		[
			15,
			40
		],
		[
			2,
			33
		],
		[
			20,
			88
		],
		[
			8,
			57
		],
		[
			24,
			40
		]
	],
	"score": 0.515625,
	"obtuse num": 0,
	"steiner num": 111
}