{
	"content_type": "CG_SHOP_2025_Solution",
	"instance_uid": "point-set_20_54ab0b47",
	"steiner_points_x": [
		"2233/41",
		"14673/443",
		29,
		0,
		"4535/82",
		0,
		46,
		37,
		21,
		0,
		23
	],
	"steiner_points_y": [
		"1401/41",
		"5257/443",
		41,
		36,
		"3423/82",
		8,
		47,
		30,
		23,
		21,
		56
	],
	"edges": [
		[
			7,
			20
		],
		[
			7,
			24
		],
		[
			7,
			11
		],
		[
			7,
			26
		],
		[
			11,
			26
		],
		[
			4,
			5
		],
		[
			4,
			8
		],
		[
			5,
			8
		],
		[
			9,
			26
		],
		[
			9,
			17
		],
		[
			17,
			26
		],
		[
			16,
			23
		],
		[
			16,
			29
		],
		[
			6,
			16
		],
		[
			4,
			16
		],
		[
			8,
			16
		],
		[
			0,
			29
		],
		[
			0,
			25
		],
		[
			8,
			22
		],
		[
			8,
			15
		],
		[
			15,
			22
		],
		[
			9,
			15
		],
		[
			15,
			30
		],
		[
			9,
			30
		],
		[
			3,
			22
		],
		[
			19,
			22
		],
		[
			3,
			19
		],
		[
			19,
			27
		],
		[
			13,
			19
		],
		[
			13,
			27
		],
		[
			5,
			22
		],
		[
			4,
			28
		],
		[
			0,
			28
		],
		[
			0,
			4
		],
		[
			6,
			8
		],
		[
			3,
			5
		],
		[
			9,
			22
		],
		[
			13,
			20
		],
		[
			7,
			13
		],
		[
			3,
			27
		],
		[
			2,
			27
		],
		[
			2,
			3
		],
		[
			9,
			19
		],
		[
			1,
			30
		],
		[
			6,
			30
		],
		[
			5,
			28
		],
		[
			19,
			26
		],
		[
			13,
			26
		],
		[
			17,
			30
		],
		[
			0,
			18
		],
		[
			18,
			28
		],
		[
			3,
			28
		],
		[
			4,
			29
		],
		[
			2,
			18
		],
		[
			2,
			28
		],
		[
			10,
			25
		],
		[
			2,
			21
		],
		[
			2,
			12
		],
		[
			12,
			27
		],
		[
			12,
			13
		],
		[
			6,
			15
		],
		[
			10,
			18
		],
		[
			18,
			21
		],
		[
			0,
			10
		]
	],
	"score": 0.5416666666666666,
	"obtuse num": 0,
	"steiner num": 31
}