{
	"content_type": "CG_SHOP_2025_Solution",
	"instance_uid": "point-set_80_837b0f11",
	"steiner_points_x": [
		692,
		1435,
		2268,
		1799,
		1488,
		441,
		291,
		571,
		"5326180240/1771817",
		"432385953/3622645",
		572,
		"3480084960/2238017",
		623,
		704,
		"23258906/8033",
		2319,
		"3748729/278665",
		480,
		611,
		1205,
		2881,
		211,
		867,
		151,
		615,
		"5341459696/1771817",
		578,
		319,
		"470712525891267713/4236315891154723",
		1645,
		2059,
		2470,
		528,
		1244,
		542,
		2174,
		"5189870840/2238017",
		1344,
		1525,
		630,
		"32656024/724529",
		1409,
		2016,
		990,
		"23753368/8033",
		1747,
		990,
		2330,
		"1638518038066/17289213957",
		2272,
		1244,
		827,
		2725,
		"5315367552/1771817",
		2525,
		570,
		493,
		"90371782/3622645",
		1216,
		"7740124479/15666119",
		2259,
		411,
		885,
		748,
		2180,
		"28189769/724529",
		"1427747992/2238017",
		2057,
		"5329583296/1771817",
		"256303113/3622645",
		889,
		"5355269392/1771817",
		844,
		"20992/7",
		772,
		804,
		"319491029077880/140415424597",
		2441,
		2208,
		"710/11",
		1319,
		"2587064216/2238017",
		1425,
		1062,
		2727,
		2792
	],
	"steiner_points_y": [
		2774,
		3325,
		958,
		1393,
		422,
		3806,
		3193,
		3088,
		"2071682866/1771817",
		"11590316876/3622645",
		246,
		"2149774/2238017",
		475,
		2438,
		"26730550/8033",
		61,
		"100981028/278665",
		2341,
		148,
		1255,
		1260,
		355,
		3041,
		1823,
		2810,
		"3342742612/1771817",
		2726,
		2993,
		"12618264522559650152/4236315891154723",
		2251,
		1799,
		353,
		974,
		3806,
		1417,
		2770,
		"1006869/2238017",
		2388,
		2785,
		2002,
		"876262546/724529",
		2804,
		838,
		2682,
		"24170982/8033",
		2999,
		2008,
		2676,
		"14642799891002/5763071319",
		3104,
		3299,
		1468,
		1924,
		"1172202383/1771817",
		3267,
		3234,
		73,
		"2428190774/3622645",
		1850,
		"39132903569/23436514024",
		3038,
		958,
		3806,
		"3/2",
		3040,
		"756617236/724529",
		"3521657/2238017",
		3806,
		"2354774587/1771817",
		"6873280796/3622645",
		721,
		"4491536698/1771817",
		3230,
		"3993/7",
		3365,
		217,
		"1143544560413/2387062218149",
		3330,
		1084,
		"19042/11",
		442,
		"2746713/2238017",
		"1567/1496",
		328,
		2667,
		2443
	],
	"edges": [
		[
			33,
			39
		],
		[
			39,
			125
		],
		[
			33,
			125
		],
		[
			112,
			150
		],
		[
			0,
			112
		],
		[
			0,
			150
		],
		[
			33,
			81
		],
		[
			38,
			81
		],
		[
			33,
			38
		],
		[
			10,
			141
		],
		[
			68,
			141
		],
		[
			10,
			68
		],
		[
			41,
			141
		],
		[
			52,
			141
		],
		[
			41,
			52
		],
		[
			43,
			63
		],
		[
			43,
			78
		],
		[
			63,
			78
		],
		[
			16,
			111
		],
		[
			21,
			111
		],
		[
			16,
			21
		],
		[
			27,
			130
		],
		[
			81,
			130
		],
		[
			27,
			81
		],
		[
			30,
			140
		],
		[
			79,
			140
		],
		[
			30,
			79
		],
		[
			41,
			101
		],
		[
			96,
			101
		],
		[
			41,
			96
		],
		[
			24,
			160
		],
		[
			84,
			160
		],
		[
			24,
			84
		],
		[
			23,
			156
		],
		[
			23,
			95
		],
		[
			95,
			156
		],
		[
			52,
			101
		],
		[
			51,
			104
		],
		[
			34,
			104
		],
		[
			34,
			51
		],
		[
			125,
			144
		],
		[
			39,
			144
		],
		[
			73,
			82
		],
		[
			31,
			82
		],
		[
			31,
			73
		],
		[
			104,
			106
		],
		[
			49,
			106
		],
		[
			49,
			104
		],
		[
			109,
			118
		],
		[
			66,
			118
		],
		[
			66,
			109
		],
		[
			11,
			115
		],
		[
			115,
			140
		],
		[
			11,
			140
		],
		[
			35,
			155
		],
		[
			35,
			58
		],
		[
			58,
			155
		],
		[
			43,
			138
		],
		[
			37,
			43
		],
		[
			37,
			138
		],
		[
			48,
			130
		],
		[
			27,
			48
		],
		[
			24,
			162
		],
		[
			24,
			29
		],
		[
			29,
			162
		],
		[
			9,
			102
		],
		[
			48,
			102
		],
		[
			9,
			48
		],
		[
			115,
			144
		],
		[
			140,
			144
		],
		[
			40,
			63
		],
		[
			57,
			63
		],
		[
			40,
			57
		],
		[
			58,
			150
		],
		[
			150,
			163
		],
		[
			58,
			163
		],
		[
			76,
			125
		],
		[
			33,
			76
		],
		[
			33,
			147
		],
		[
			7,
			40
		],
		[
			7,
			57
		],
		[
			43,
			45
		],
		[
			45,
			138
		],
		[
			63,
			83
		],
		[
			43,
			83
		],
		[
			72,
			90
		],
		[
			90,
			101
		],
		[
			72,
			101
		],
		[
			18,
			164
		],
		[
			50,
			164
		],
		[
			18,
			50
		],
		[
			21,
			153
		],
		[
			21,
			47
		],
		[
			47,
			153
		],
		[
			22,
			73
		],
		[
			22,
			82
		],
		[
			31,
			88
		],
		[
			31,
			100
		],
		[
			88,
			100
		],
		[
			60,
			134
		],
		[
			134,
			157
		],
		[
			60,
			157
		],
		[
			66,
			75
		],
		[
			66,
			115
		],
		[
			75,
			115
		],
		[
			39,
			147
		],
		[
			36,
			152
		],
		[
			102,
			152
		],
		[
			36,
			102
		],
		[
			9,
			80
		],
		[
			59,
			80
		],
		[
			9,
			59
		],
		[
			8,
			165
		],
		[
			8,
			61
		],
		[
			61,
			165
		],
		[
			117,
			121
		],
		[
			118,
			121
		],
		[
			117,
			118
		],
		[
			7,
			42
		],
		[
			7,
			28
		],
		[
			28,
			42
		],
		[
			73,
			111
		],
		[
			21,
			73
		],
		[
			39,
			157
		],
		[
			147,
			157
		],
		[
			25,
			122
		],
		[
			82,
			122
		],
		[
			25,
			82
		],
		[
			105,
			132
		],
		[
			132,
			165
		],
		[
			105,
			165
		],
		[
			7,
			158
		],
		[
			40,
			158
		],
		[
			119,
			126
		],
		[
			126,
			131
		],
		[
			119,
			131
		],
		[
			93,
			97
		],
		[
			93,
			119
		],
		[
			97,
			119
		],
		[
			15,
			117
		],
		[
			15,
			121
		],
		[
			129,
			134
		],
		[
			129,
			157
		],
		[
			5,
			161
		],
		[
			5,
			162
		],
		[
			95,
			116
		],
		[
			155,
			163
		],
		[
			22,
			111
		],
		[
			56,
			111
		],
		[
			22,
			56
		],
		[
			51,
			87
		],
		[
			36,
			87
		],
		[
			36,
			51
		],
		[
			1,
			12
		],
		[
			12,
			103
		],
		[
			1,
			103
		],
		[
			71,
			118
		],
		[
			66,
			71
		],
		[
			20,
			109
		],
		[
			64,
			109
		],
		[
			20,
			64
		],
		[
			87,
			135
		],
		[
			36,
			135
		],
		[
			1,
			128
		],
		[
			1,
			149
		],
		[
			25,
			56
		],
		[
			22,
			25
		],
		[
			67,
			135
		],
		[
			67,
			87
		],
		[
			103,
			149
		],
		[
			103,
			159
		],
		[
			100,
			148
		],
		[
			19,
			57
		],
		[
			7,
			19
		],
		[
			55,
			150
		],
		[
			92,
			150
		],
		[
			55,
			92
		],
		[
			126,
			138
		],
		[
			131,
			138
		],
		[
			18,
			151
		],
		[
			4,
			18
		],
		[
			44,
			71
		],
		[
			44,
			76
		],
		[
			71,
			76
		],
		[
			10,
			112
		],
		[
			10,
			114
		],
		[
			112,
			114
		],
		[
			2,
			140
		],
		[
			2,
			144
		],
		[
			32,
			123
		],
		[
			48,
			123
		],
		[
			32,
			48
		],
		[
			69,
			139
		],
		[
			69,
			146
		],
		[
			8,
			53
		],
		[
			53,
			165
		],
		[
			37,
			131
		],
		[
			29,
			84
		],
		[
			87,
			107
		],
		[
			67,
			107
		],
		[
			93,
			106
		],
		[
			80,
			106
		],
		[
			80,
			93
		],
		[
			58,
			92
		],
		[
			25,
			84
		],
		[
			56,
			84
		],
		[
			68,
			159
		],
		[
			10,
			159
		],
		[
			85,
			135
		],
		[
			67,
			85
		],
		[
			65,
			130
		],
		[
			65,
			81
		],
		[
			42,
			100
		],
		[
			28,
			100
		],
		[
			2,
			39
		],
		[
			28,
			148
		],
		[
			28,
			105
		],
		[
			35,
			98
		],
		[
			98,
			155
		],
		[
			59,
			104
		],
		[
			51,
			59
		],
		[
			70,
			106
		],
		[
			49,
			70
		],
		[
			66,
			125
		],
		[
			115,
			125
		],
		[
			32,
			44
		],
		[
			27,
			32
		],
		[
			27,
			44
		],
		[
			109,
			117
		],
		[
			45,
			126
		],
		[
			142,
			154
		],
		[
			85,
			154
		],
		[
			0,
			114
		],
		[
			35,
			90
		],
		[
			35,
			72
		],
		[
			12,
			114
		],
		[
			10,
			12
		],
		[
			19,
			132
		],
		[
			19,
			53
		],
		[
			53,
			132
		],
		[
			117,
			126
		],
		[
			15,
			126
		],
		[
			11,
			127
		],
		[
			115,
			127
		],
		[
			78,
			109
		],
		[
			78,
			117
		],
		[
			50,
			134
		],
		[
			74,
			134
		],
		[
			50,
			74
		],
		[
			93,
			126
		],
		[
			93,
			123
		],
		[
			15,
			123
		],
		[
			15,
			93
		],
		[
			8,
			64
		],
		[
			64,
			127
		],
		[
			8,
			127
		],
		[
			151,
			165
		],
		[
			61,
			151
		],
		[
			55,
			112
		],
		[
			36,
			54
		],
		[
			54,
			152
		],
		[
			17,
			152
		],
		[
			152,
			154
		],
		[
			17,
			154
		],
		[
			12,
			131
		],
		[
			114,
			131
		],
		[
			75,
			109
		],
		[
			79,
			134
		],
		[
			30,
			134
		],
		[
			112,
			141
		],
		[
			55,
			141
		],
		[
			28,
			132
		],
		[
			42,
			158
		],
		[
			42,
			82
		],
		[
			82,
			158
		],
		[
			68,
			120
		],
		[
			68,
			145
		],
		[
			30,
			50
		],
		[
			81,
			113
		],
		[
			65,
			113
		],
		[
			30,
			164
		],
		[
			5,
			163
		],
		[
			160,
			163
		],
		[
			5,
			160
		],
		[
			2,
			79
		],
		[
			2,
			129
		],
		[
			79,
			129
		],
		[
			1,
			119
		],
		[
			1,
			97
		],
		[
			23,
			56
		],
		[
			46,
			56
		],
		[
			23,
			46
		],
		[
			44,
			121
		],
		[
			44,
			118
		],
		[
			8,
			164
		],
		[
			61,
			164
		],
		[
			27,
			76
		],
		[
			76,
			81
		],
		[
			83,
			158
		],
		[
			40,
			83
		],
		[
			34,
			87
		],
		[
			150,
			160
		],
		[
			62,
			150
		],
		[
			62,
			160
		],
		[
			47,
			73
		],
		[
			41,
			145
		],
		[
			41,
			137
		],
		[
			23,
			91
		],
		[
			54,
			135
		],
		[
			80,
			104
		],
		[
			45,
			117
		],
		[
			45,
			78
		],
		[
			90,
			98
		],
		[
			136,
			139
		],
		[
			69,
			136
		],
		[
			46,
			95
		],
		[
			57,
			110
		],
		[
			20,
			110
		],
		[
			20,
			57
		],
		[
			47,
			133
		],
		[
			7,
			132
		],
		[
			14,
			102
		],
		[
			14,
			152
		],
		[
			122,
			158
		],
		[
			18,
			61
		],
		[
			13,
			107
		],
		[
			13,
			108
		],
		[
			107,
			108
		],
		[
			13,
			70
		],
		[
			70,
			97
		],
		[
			13,
			97
		],
		[
			62,
			84
		],
		[
			62,
			122
		],
		[
			84,
			122
		],
		[
			60,
			74
		],
		[
			161,
			163
		],
		[
			59,
			102
		],
		[
			155,
			161
		],
		[
			16,
			46
		],
		[
			46,
			111
		],
		[
			86,
			107
		],
		[
			86,
			108
		],
		[
			12,
			119
		],
		[
			99,
			150
		],
		[
			0,
			99
		],
		[
			86,
			89
		],
		[
			31,
			47
		],
		[
			6,
			69
		],
		[
			6,
			98
		],
		[
			69,
			98
		],
		[
			14,
			17
		],
		[
			62,
			99
		],
		[
			18,
			124
		],
		[
			5,
			24
		],
		[
			50,
			124
		],
		[
			14,
			48
		],
		[
			11,
			164
		],
		[
			127,
			164
		],
		[
			75,
			127
		],
		[
			54,
			85
		],
		[
			15,
			32
		],
		[
			141,
			145
		],
		[
			0,
			131
		],
		[
			63,
			110
		],
		[
			78,
			110
		],
		[
			11,
			30
		],
		[
			83,
			122
		],
		[
			49,
			107
		],
		[
			34,
			107
		],
		[
			34,
			49
		],
		[
			99,
			131
		],
		[
			37,
			99
		],
		[
			58,
			72
		],
		[
			54,
			154
		],
		[
			74,
			94
		],
		[
			67,
			86
		],
		[
			85,
			86
		],
		[
			6,
			101
		],
		[
			6,
			136
		],
		[
			101,
			136
		],
		[
			97,
			106
		],
		[
			3,
			98
		],
		[
			3,
			69
		],
		[
			64,
			75
		],
		[
			37,
			83
		],
		[
			32,
			121
		],
		[
			29,
			56
		],
		[
			52,
			55
		],
		[
			17,
			65
		],
		[
			17,
			113
		],
		[
			17,
			142
		],
		[
			70,
			107
		],
		[
			6,
			90
		],
		[
			31,
			42
		],
		[
			3,
			143
		],
		[
			3,
			155
		],
		[
			143,
			155
		],
		[
			39,
			129
		],
		[
			52,
			92
		],
		[
			72,
			92
		],
		[
			52,
			72
		],
		[
			83,
			99
		],
		[
			62,
			83
		],
		[
			16,
			95
		],
		[
			19,
			20
		],
		[
			20,
			53
		],
		[
			109,
			110
		],
		[
			14,
			130
		],
		[
			3,
			146
		],
		[
			56,
			91
		],
		[
			17,
			130
		],
		[
			26,
			101
		],
		[
			26,
			136
		],
		[
			74,
			124
		],
		[
			9,
			93
		],
		[
			9,
			123
		],
		[
			77,
			86
		],
		[
			8,
			20
		],
		[
			71,
			125
		],
		[
			97,
			128
		],
		[
			29,
			91
		],
		[
			51,
			102
		],
		[
			47,
			88
		],
		[
			10,
			103
		],
		[
			13,
			128
		]
	],
	"score": 0.5057471264367817,
	"obtuse num": 0,
	"steiner num": 166
}