{
	"content_type": "CG_SHOP_2025_Solution",
	"instance_uid": "point-set_60_2ff8f975",
	"steiner_points_x": [
		681,
		2379,
		"769560783/205049",
		"925065618/436501",
		"3803008/1352633",
		"2671249702/682601",
		2283,
		"7856639341/13040690",
		3797,
		"38832830087/13040690",
		"4701592/1352633",
		1356,
		3490,
		316,
		3599,
		3392,
		"2683884297/682601",
		"19000/63",
		354,
		2928,
		"26657390283/13040690",
		3148,
		2583,
		3599,
		"428174821/2608138",
		604,
		849,
		"29015769468278661/11115153877360",
		"783534020/205049",
		3787,
		"768368/1352633",
		203,
		"6139473994/6520345",
		"15/2",
		"14965181721/13040690",
		285,
		2318,
		1145,
		"77679155/84913",
		3141,
		2777,
		2804,
		"633219149/163717",
		2155,
		1017,
		3607,
		538,
		1437,
		"2643313405/682601",
		3675,
		"785891872/205049",
		"88658/163",
		"1555379429/873002",
		770
	],
	"steiner_points_y": [
		1564,
		1285,
		"114721093/205049",
		"815152123/436501",
		"1158841872/1352633",
		"1032387957/682601",
		880,
		"78498497/13040690",
		1519,
		"395895079/13040690",
		"1289473521/1352633",
		1348,
		581,
		1442,
		1676,
		1036,
		"1134965857/682601",
		"185/63",
		720,
		1903,
		"271139811/13040690",
		1654,
		490,
		1536,
		"3986417/2608138",
		1304,
		1453,
		"295600819696587/11115153877360",
		"172181133/205049",
		844,
		"717681082/1352633",
		301,
		"61905773/6520345",
		224,
		"151335957/13040690",
		400,
		812,
		263,
		"149628600/84913",
		1903,
		1054,
		764,
		"289770101/163717",
		1694,
		863,
		595,
		975,
		1263,
		"805578417/682601",
		1137,
		"181876973/205049",
		"281826/163",
		"1605293083/873002",
		549
	],
	"edges": [
		[
			71,
			86
		],
		[
			12,
			86
		],
		[
			12,
			71
		],
		[
			0,
			38
		],
		[
			38,
			101
		],
		[
			0,
			101
		],
		[
			52,
			100
		],
		[
			24,
			52
		],
		[
			24,
			100
		],
		[
			10,
			56
		],
		[
			56,
			70
		],
		[
			10,
			70
		],
		[
			9,
			16
		],
		[
			16,
			30
		],
		[
			9,
			30
		],
		[
			0,
			72
		],
		[
			0,
			39
		],
		[
			39,
			72
		],
		[
			28,
			52
		],
		[
			28,
			34
		],
		[
			34,
			52
		],
		[
			4,
			101
		],
		[
			4,
			38
		],
		[
			15,
			35
		],
		[
			35,
			55
		],
		[
			15,
			55
		],
		[
			34,
			79
		],
		[
			34,
			99
		],
		[
			60,
			111
		],
		[
			44,
			60
		],
		[
			44,
			111
		],
		[
			94,
			97
		],
		[
			80,
			97
		],
		[
			58,
			86
		],
		[
			58,
			60
		],
		[
			60,
			86
		],
		[
			17,
			90
		],
		[
			8,
			17
		],
		[
			2,
			81
		],
		[
			81,
			99
		],
		[
			2,
			99
		],
		[
			17,
			40
		],
		[
			8,
			40
		],
		[
			12,
			111
		],
		[
			12,
			98
		],
		[
			2,
			74
		],
		[
			2,
			51
		],
		[
			51,
			74
		],
		[
			36,
			46
		],
		[
			36,
			63
		],
		[
			6,
			96
		],
		[
			50,
			96
		],
		[
			6,
			50
		],
		[
			18,
			50
		],
		[
			18,
			96
		],
		[
			13,
			89
		],
		[
			13,
			48
		],
		[
			48,
			89
		],
		[
			40,
			91
		],
		[
			14,
			40
		],
		[
			14,
			91
		],
		[
			62,
			89
		],
		[
			88,
			89
		],
		[
			48,
			88
		],
		[
			52,
			57
		],
		[
			28,
			57
		],
		[
			25,
			58
		],
		[
			25,
			60
		],
		[
			23,
			48
		],
		[
			48,
			109
		],
		[
			23,
			109
		],
		[
			71,
			107
		],
		[
			27,
			71
		],
		[
			27,
			107
		],
		[
			54,
			95
		],
		[
			78,
			95
		],
		[
			54,
			78
		],
		[
			9,
			104
		],
		[
			104,
			107
		],
		[
			9,
			107
		],
		[
			10,
			78
		],
		[
			10,
			106
		],
		[
			78,
			106
		],
		[
			8,
			91
		],
		[
			4,
			82
		],
		[
			18,
			82
		],
		[
			4,
			18
		],
		[
			35,
			97
		],
		[
			21,
			97
		],
		[
			21,
			35
		],
		[
			15,
			30
		],
		[
			30,
			35
		],
		[
			29,
			81
		],
		[
			2,
			29
		],
		[
			36,
			112
		],
		[
			42,
			91
		],
		[
			42,
			93
		],
		[
			91,
			93
		],
		[
			29,
			75
		],
		[
			24,
			75
		],
		[
			24,
			29
		],
		[
			31,
			61
		],
		[
			61,
			100
		],
		[
			31,
			100
		],
		[
			5,
			68
		],
		[
			5,
			7
		],
		[
			7,
			68
		],
		[
			92,
			97
		],
		[
			21,
			113
		],
		[
			21,
			43
		],
		[
			43,
			113
		],
		[
			0,
			75
		],
		[
			39,
			75
		],
		[
			17,
			56
		],
		[
			56,
			78
		],
		[
			17,
			78
		],
		[
			38,
			72
		],
		[
			56,
			64
		],
		[
			17,
			64
		],
		[
			57,
			100
		],
		[
			7,
			76
		],
		[
			7,
			20
		],
		[
			53,
			73
		],
		[
			49,
			73
		],
		[
			13,
			41
		],
		[
			41,
			109
		],
		[
			13,
			109
		],
		[
			11,
			57
		],
		[
			11,
			28
		],
		[
			66,
			96
		],
		[
			6,
			66
		],
		[
			5,
			74
		],
		[
			5,
			51
		],
		[
			59,
			105
		],
		[
			62,
			105
		],
		[
			30,
			97
		],
		[
			5,
			20
		],
		[
			19,
			93
		],
		[
			19,
			33
		],
		[
			3,
			109
		],
		[
			83,
			109
		],
		[
			3,
			83
		],
		[
			19,
			42
		],
		[
			14,
			77
		],
		[
			14,
			67
		],
		[
			34,
			81
		],
		[
			54,
			113
		],
		[
			43,
			54
		],
		[
			47,
			100
		],
		[
			100,
			101
		],
		[
			47,
			101
		],
		[
			55,
			113
		],
		[
			35,
			113
		],
		[
			39,
			105
		],
		[
			72,
			105
		],
		[
			13,
			105
		],
		[
			13,
			39
		],
		[
			7,
			65
		],
		[
			65,
			68
		],
		[
			41,
			75
		],
		[
			39,
			41
		],
		[
			4,
			87
		],
		[
			4,
			22
		],
		[
			22,
			87
		],
		[
			108,
			109
		],
		[
			68,
			109
		],
		[
			68,
			108
		],
		[
			55,
			104
		],
		[
			15,
			104
		],
		[
			32,
			106
		],
		[
			1,
			106
		],
		[
			1,
			32
		],
		[
			10,
			73
		],
		[
			26,
			73
		],
		[
			10,
			26
		],
		[
			1,
			85
		],
		[
			58,
			85
		],
		[
			1,
			58
		],
		[
			26,
			106
		],
		[
			85,
			106
		],
		[
			1,
			86
		],
		[
			32,
			86
		],
		[
			14,
			95
		],
		[
			43,
			95
		],
		[
			14,
			43
		],
		[
			50,
			82
		],
		[
			16,
			61
		],
		[
			16,
			103
		],
		[
			61,
			103
		],
		[
			59,
			72
		],
		[
			32,
			71
		],
		[
			12,
			37
		],
		[
			37,
			71
		],
		[
			14,
			42
		],
		[
			70,
			73
		],
		[
			27,
			36
		],
		[
			27,
			112
		],
		[
			52,
			81
		],
		[
			27,
			37
		],
		[
			89,
			105
		],
		[
			31,
			47
		],
		[
			48,
			110
		],
		[
			47,
			96
		],
		[
			18,
			47
		],
		[
			18,
			101
		],
		[
			28,
			46
		],
		[
			11,
			46
		],
		[
			12,
			60
		],
		[
			29,
			109
		],
		[
			29,
			83
		],
		[
			71,
			104
		],
		[
			32,
			104
		],
		[
			3,
			5
		],
		[
			3,
			74
		],
		[
			82,
			87
		],
		[
			46,
			103
		],
		[
			36,
			103
		],
		[
			24,
			101
		],
		[
			0,
			24
		],
		[
			44,
			53
		],
		[
			29,
			41
		],
		[
			29,
			52
		],
		[
			16,
			27
		],
		[
			16,
			107
		],
		[
			31,
			66
		],
		[
			61,
			66
		],
		[
			9,
			15
		],
		[
			42,
			77
		],
		[
			25,
			44
		],
		[
			32,
			45
		],
		[
			45,
			104
		],
		[
			25,
			85
		],
		[
			26,
			85
		],
		[
			25,
			26
		],
		[
			26,
			44
		],
		[
			22,
			38
		],
		[
			74,
			83
		],
		[
			17,
			95
		],
		[
			40,
			95
		],
		[
			43,
			67
		],
		[
			22,
			59
		],
		[
			38,
			59
		],
		[
			44,
			73
		],
		[
			11,
			103
		],
		[
			54,
			106
		],
		[
			21,
			92
		],
		[
			80,
			82
		],
		[
			50,
			80
		],
		[
			28,
			79
		],
		[
			19,
			84
		],
		[
			27,
			103
		],
		[
			31,
			96
		],
		[
			57,
			61
		],
		[
			45,
			55
		],
		[
			54,
			55
		],
		[
			45,
			54
		],
		[
			11,
			61
		],
		[
			3,
			68
		],
		[
			6,
			16
		],
		[
			16,
			66
		],
		[
			19,
			77
		],
		[
			22,
			69
		],
		[
			6,
			30
		],
		[
			6,
			80
		],
		[
			30,
			80
		],
		[
			5,
			102
		],
		[
			2,
			83
		],
		[
			45,
			106
		],
		[
			21,
			67
		]
	],
	"score": 0.509090909090909,
	"obtuse num": 0,
	"steiner num": 114
}