{
	"content_type": "CG_SHOP_2025_Solution",
	"instance_uid": "point-set_40_9451c229",
	"steiner_points_x": [
		"7478825/457",
		16425,
		8780,
		"2447075/293",
		15842,
		8175,
		8175,
		8175,
		15825,
		8175,
		15825,
		8763,
		8756,
		8175,
		"77977445/4933",
		16425,
		8796,
		16425,
		"11389825/1377",
		15827,
		15825,
		16425,
		8768,
		16425,
		15825,
		15825,
		15825,
		16425,
		8375,
		"43285155/4933"
	],
	"steiner_points_y": [
		"4919500/457",
		9800,
		11310,
		"3311700/293",
		9971,
		6469,
		8700,
		8050,
		5632,
		5450,
		7000,
		5839,
		9661,
		6200,
		"23212460/4933",
		5400,
		10541,
		8900,
		"860225/81",
		10698,
		5400,
		7000,
		6462,
		6400,
		8000,
		8700,
		7200,
		8700,
		5399,
		"24096340/4933"
	],
	"edges": [
		[
			64,
			66
		],
		[
			10,
			66
		],
		[
			10,
			64
		],
		[
			19,
			64
		],
		[
			23,
			64
		],
		[
			19,
			23
		],
		[
			17,
			44
		],
		[
			5,
			17
		],
		[
			5,
			44
		],
		[
			64,
			65
		],
		[
			37,
			64
		],
		[
			37,
			65
		],
		[
			10,
			37
		],
		[
			50,
			62
		],
		[
			10,
			62
		],
		[
			10,
			50
		],
		[
			9,
			48
		],
		[
			9,
			51
		],
		[
			48,
			51
		],
		[
			5,
			21
		],
		[
			21,
			44
		],
		[
			0,
			51
		],
		[
			0,
			35
		],
		[
			35,
			51
		],
		[
			15,
			60
		],
		[
			1,
			60
		],
		[
			31,
			51
		],
		[
			31,
			48
		],
		[
			8,
			51
		],
		[
			8,
			9
		],
		[
			6,
			50
		],
		[
			19,
			50
		],
		[
			6,
			19
		],
		[
			51,
			62
		],
		[
			31,
			62
		],
		[
			7,
			37
		],
		[
			7,
			26
		],
		[
			26,
			37
		],
		[
			22,
			28
		],
		[
			22,
			47
		],
		[
			28,
			47
		],
		[
			21,
			32
		],
		[
			32,
			44
		],
		[
			2,
			13
		],
		[
			13,
			69
		],
		[
			14,
			52
		],
		[
			26,
			52
		],
		[
			14,
			26
		],
		[
			7,
			28
		],
		[
			26,
			28
		],
		[
			7,
			10
		],
		[
			4,
			32
		],
		[
			24,
			32
		],
		[
			4,
			24
		],
		[
			26,
			65
		],
		[
			28,
			46
		],
		[
			33,
			43
		],
		[
			33,
			58
		],
		[
			17,
			40
		],
		[
			19,
			66
		],
		[
			50,
			66
		],
		[
			24,
			65
		],
		[
			4,
			65
		],
		[
			14,
			38
		],
		[
			38,
			52
		],
		[
			16,
			22
		],
		[
			8,
			20
		],
		[
			20,
			51
		],
		[
			35,
			62
		],
		[
			10,
			36
		],
		[
			7,
			36
		],
		[
			14,
			27
		],
		[
			14,
			46
		],
		[
			21,
			24
		],
		[
			21,
			25
		],
		[
			24,
			25
		],
		[
			23,
			29
		],
		[
			23,
			67
		],
		[
			0,
			53
		],
		[
			0,
			20
		],
		[
			13,
			68
		],
		[
			9,
			68
		],
		[
			9,
			13
		],
		[
			19,
			61
		],
		[
			19,
			30
		],
		[
			17,
			34
		],
		[
			17,
			39
		],
		[
			11,
			33
		],
		[
			56,
			58
		],
		[
			33,
			56
		],
		[
			44,
			59
		],
		[
			44,
			56
		],
		[
			56,
			59
		],
		[
			8,
			68
		],
		[
			52,
			56
		],
		[
			38,
			56
		],
		[
			12,
			64
		],
		[
			12,
			23
		],
		[
			48,
			60
		],
		[
			9,
			60
		],
		[
			4,
			26
		],
		[
			55,
			60
		],
		[
			48,
			55
		],
		[
			23,
			30
		],
		[
			42,
			56
		],
		[
			33,
			42
		],
		[
			12,
			67
		],
		[
			32,
			52
		],
		[
			32,
			56
		],
		[
			49,
			68
		],
		[
			8,
			49
		],
		[
			17,
			18
		],
		[
			22,
			36
		],
		[
			7,
			22
		],
		[
			3,
			42
		],
		[
			3,
			33
		],
		[
			54,
			60
		],
		[
			4,
			52
		],
		[
			48,
			63
		],
		[
			31,
			63
		],
		[
			6,
			63
		],
		[
			6,
			61
		],
		[
			16,
			36
		],
		[
			35,
			45
		],
		[
			0,
			45
		],
		[
			2,
			68
		],
		[
			13,
			54
		],
		[
			17,
			59
		],
		[
			34,
			59
		],
		[
			35,
			36
		],
		[
			36,
			62
		],
		[
			14,
			28
		],
		[
			13,
			60
		],
		[
			12,
			65
		],
		[
			12,
			24
		],
		[
			21,
			41
		],
		[
			42,
			59
		],
		[
			34,
			42
		],
		[
			25,
			67
		],
		[
			25,
			57
		],
		[
			12,
			25
		],
		[
			25,
			41
		],
		[
			31,
			50
		],
		[
			6,
			31
		],
		[
			36,
			45
		]
	],
	"score": 0.5161290322580645,
	"obtuse num": 0,
	"steiner num": 70
}