{
	"content_type": "CG_SHOP_2025_Solution",
	"instance_uid": "simple-polygon-exterior-20_10_ce9152de",
	"steiner_points_x": [
		"2482247061/812410",
		"19297979044/7455661",
		2689,
		1260,
		2587,
		"238127351/190313",
		"1751415926286356/1418909211893",
		"18252779782/7455661",
		2972,
		"791418077/241933"
	],
	"steiner_points_y": [
		"988360417/812410",
		"10519320092/7455661",
		1367,
		975,
		1115,
		"206478090/190313",
		"1684609259255316/1418909211893",
		"10346672107/7455661",
		1085,
		"183799591/241933"
	],
	"edges": [
		[
			8,
			12
		],
		[
			8,
			11
		],
		[
			11,
			12
		],
		[
			7,
			14
		],
		[
			8,
			14
		],
		[
			10,
			18
		],
		[
			12,
			18
		],
		[
			10,
			12
		],
		[
			7,
			17
		],
		[
			6,
			17
		],
		[
			7,
			11
		],
		[
			2,
			6
		],
		[
			6,
			14
		],
		[
			2,
			14
		],
		[
			6,
			13
		],
		[
			13,
			15
		],
		[
			5,
			13
		],
		[
			4,
			13
		],
		[
			18,
			19
		],
		[
			1,
			18
		],
		[
			1,
			14
		],
		[
			14,
			18
		],
		[
			3,
			13
		],
		[
			2,
			13
		],
		[
			8,
			18
		],
		[
			0,
			18
		],
		[
			15,
			17
		],
		[
			15,
			16
		],
		[
			9,
			12
		]
	],
	"score": 0.5454545454545454,
	"obtuse num": 0,
	"steiner num": 20
}