{
	"content_type": "CG_SHOP_2025_Solution",
	"instance_uid": "simple-polygon_150_c0cf1e9c",
	"steiner_points_x": [
		"324498448/51701",
		4636,
		7384,
		"770798133/97826",
		"55406690/6773",
		"341015846/51701",
		6601,
		7608,
		"871825510/110233",
		4151,
		"38216/5",
		"2297067/3625",
		6504,
		5455,
		5935,
		"426138318/59597",
		"1202/3",
		5148,
		7874,
		"735654660/94709",
		6449,
		4991,
		7760,
		1200,
		"11528626374/4401589",
		6705,
		6555,
		7210,
		7037,
		7505,
		4473,
		7134,
		4605,
		"1654231883/356009",
		1049,
		4657,
		6888,
		"8994533/45985",
		"2365811468/412681",
		"350150154/47921",
		7868,
		206,
		2190,
		6898,
		1337,
		"1484747858/189229",
		7847,
		"1142275907/201290"
	],
	"steiner_points_y": [
		"68278023/51701",
		2561,
		4599,
		"530332793/97826",
		"13236397/6773",
		"77408243/51701",
		3757,
		3845,
		"430425068/110233",
		3259,
		"9526/5",
		"4423819/3625",
		3534,
		3681,
		3144,
		"137622361/59597",
		"8693/3",
		3079,
		3905,
		"458611931/94709",
		3789,
		3593,
		4845,
		1204,
		"17315791139/4401589",
		3990,
		3777,
		3939,
		2131,
		3199,
		"5385/2",
		4173,
		3148,
		"737057444/356009",
		1376,
		"1501/2",
		2883,
		"138682221/45985",
		"1726454938/412681",
		"148162674/47921",
		5418,
		3013,
		2079,
		1796,
		647,
		"943998837/189229",
		"10281/2",
		"636675991/201290"
	],
	"edges": [
		[
			125,
			129
		],
		[
			126,
			129
		],
		[
			107,
			111
		],
		[
			107,
			112
		],
		[
			113,
			186
		],
		[
			114,
			186
		],
		[
			3,
			190
		],
		[
			153,
			190
		],
		[
			40,
			171
		],
		[
			42,
			171
		],
		[
			40,
			42
		],
		[
			75,
			81
		],
		[
			76,
			81
		],
		[
			134,
			157
		],
		[
			135,
			157
		],
		[
			23,
			170
		],
		[
			162,
			170
		],
		[
			23,
			162
		],
		[
			6,
			196
		],
		[
			2,
			6
		],
		[
			91,
			197
		],
		[
			27,
			197
		],
		[
			27,
			91
		],
		[
			138,
			141
		],
		[
			138,
			157
		],
		[
			141,
			157
		],
		[
			44,
			182
		],
		[
			45,
			182
		],
		[
			20,
			176
		],
		[
			170,
			176
		],
		[
			20,
			170
		],
		[
			55,
			161
		],
		[
			55,
			57
		],
		[
			65,
			192
		],
		[
			67,
			192
		],
		[
			65,
			67
		],
		[
			95,
			186
		],
		[
			95,
			116
		],
		[
			116,
			186
		],
		[
			27,
			29
		],
		[
			54,
			184
		],
		[
			55,
			184
		],
		[
			7,
			195
		],
		[
			7,
			196
		],
		[
			45,
			72
		],
		[
			72,
			159
		],
		[
			45,
			159
		],
		[
			4,
			190
		],
		[
			5,
			190
		],
		[
			148,
			152
		],
		[
			149,
			152
		],
		[
			122,
			179
		],
		[
			124,
			179
		],
		[
			122,
			124
		],
		[
			1,
			7
		],
		[
			64,
			194
		],
		[
			63,
			194
		],
		[
			110,
			160
		],
		[
			111,
			160
		],
		[
			52,
			191
		],
		[
			166,
			191
		],
		[
			58,
			60
		],
		[
			58,
			194
		],
		[
			60,
			194
		],
		[
			145,
			181
		],
		[
			146,
			181
		],
		[
			101,
			150
		],
		[
			0,
			172
		],
		[
			8,
			172
		],
		[
			0,
			8
		],
		[
			10,
			152
		],
		[
			11,
			152
		],
		[
			138,
			168
		],
		[
			158,
			168
		],
		[
			76,
			185
		],
		[
			76,
			79
		],
		[
			79,
			185
		],
		[
			125,
			179
		],
		[
			129,
			179
		],
		[
			71,
			159
		],
		[
			162,
			176
		],
		[
			62,
			194
		],
		[
			159,
			174
		],
		[
			70,
			159
		],
		[
			70,
			174
		],
		[
			142,
			157
		],
		[
			29,
			89
		],
		[
			89,
			167
		],
		[
			29,
			167
		],
		[
			50,
			166
		],
		[
			48,
			50
		],
		[
			48,
			166
		],
		[
			64,
			173
		],
		[
			65,
			173
		],
		[
			119,
			175
		],
		[
			18,
			119
		],
		[
			18,
			175
		],
		[
			61,
			194
		],
		[
			149,
			172
		],
		[
			169,
			172
		],
		[
			141,
			168
		],
		[
			2,
			190
		],
		[
			2,
			5
		],
		[
			134,
			177
		],
		[
			145,
			177
		],
		[
			134,
			145
		],
		[
			134,
			144
		],
		[
			120,
			132
		],
		[
			120,
			133
		],
		[
			53,
			70
		],
		[
			47,
			53
		],
		[
			47,
			70
		],
		[
			69,
			192
		],
		[
			70,
			192
		],
		[
			126,
			128
		],
		[
			22,
			170
		],
		[
			24,
			93
		],
		[
			24,
			94
		],
		[
			117,
			162
		],
		[
			118,
			162
		],
		[
			108,
			154
		],
		[
			118,
			156
		],
		[
			119,
			156
		],
		[
			9,
			152
		],
		[
			9,
			149
		],
		[
			68,
			192
		],
		[
			74,
			151
		],
		[
			86,
			151
		],
		[
			74,
			86
		],
		[
			143,
			157
		],
		[
			144,
			157
		],
		[
			136,
			138
		],
		[
			136,
			157
		],
		[
			119,
			177
		],
		[
			119,
			181
		],
		[
			177,
			181
		],
		[
			24,
			162
		],
		[
			94,
			162
		],
		[
			12,
			152
		],
		[
			146,
			152
		],
		[
			12,
			146
		],
		[
			57,
			184
		],
		[
			87,
			151
		],
		[
			35,
			39
		],
		[
			35,
			188
		],
		[
			26,
			164
		],
		[
			91,
			164
		],
		[
			26,
			91
		],
		[
			107,
			178
		],
		[
			112,
			178
		],
		[
			13,
			17
		],
		[
			14,
			17
		],
		[
			29,
			197
		],
		[
			89,
			197
		],
		[
			58,
			173
		],
		[
			58,
			64
		],
		[
			187,
			191
		],
		[
			72,
			182
		],
		[
			87,
			182
		],
		[
			72,
			87
		],
		[
			131,
			179
		],
		[
			129,
			131
		],
		[
			9,
			172
		],
		[
			87,
			180
		],
		[
			13,
			175
		],
		[
			17,
			175
		],
		[
			82,
			85
		],
		[
			83,
			85
		],
		[
			25,
			93
		],
		[
			93,
			164
		],
		[
			25,
			164
		],
		[
			122,
			189
		],
		[
			13,
			181
		],
		[
			175,
			181
		],
		[
			97,
			178
		],
		[
			98,
			178
		],
		[
			173,
			184
		],
		[
			57,
			173
		],
		[
			121,
			179
		],
		[
			121,
			131
		],
		[
			99,
			155
		],
		[
			99,
			103
		],
		[
			46,
			159
		],
		[
			139,
			168
		],
		[
			140,
			168
		],
		[
			12,
			181
		],
		[
			79,
			81
		],
		[
			94,
			117
		],
		[
			43,
			171
		],
		[
			44,
			171
		],
		[
			105,
			107
		],
		[
			165,
			178
		],
		[
			88,
			182
		],
		[
			104,
			193
		],
		[
			178,
			193
		],
		[
			104,
			178
		],
		[
			19,
			176
		],
		[
			95,
			117
		],
		[
			133,
			177
		],
		[
			108,
			110
		],
		[
			30,
			40
		],
		[
			30,
			171
		],
		[
			88,
			167
		],
		[
			54,
			192
		],
		[
			184,
			192
		],
		[
			167,
			171
		],
		[
			44,
			167
		],
		[
			121,
			132
		],
		[
			100,
			155
		],
		[
			101,
			155
		],
		[
			115,
			186
		],
		[
			96,
			113
		],
		[
			97,
			113
		],
		[
			95,
			113
		],
		[
			74,
			85
		],
		[
			85,
			183
		],
		[
			50,
			191
		],
		[
			51,
			191
		],
		[
			119,
			133
		],
		[
			156,
			176
		],
		[
			156,
			162
		],
		[
			167,
			182
		],
		[
			53,
			192
		],
		[
			105,
			178
		],
		[
			34,
			39
		],
		[
			98,
			193
		],
		[
			99,
			193
		],
		[
			90,
			197
		],
		[
			30,
			167
		],
		[
			48,
			53
		],
		[
			31,
			163
		],
		[
			34,
			163
		],
		[
			31,
			34
		],
		[
			32,
			34
		],
		[
			103,
			193
		],
		[
			92,
			164
		],
		[
			20,
			22
		],
		[
			39,
			163
		],
		[
			151,
			180
		],
		[
			73,
			151
		],
		[
			30,
			163
		],
		[
			173,
			192
		],
		[
			36,
			188
		],
		[
			40,
			163
		],
		[
			0,
			7
		],
		[
			15,
			17
		],
		[
			18,
			156
		],
		[
			18,
			176
		],
		[
			37,
			188
		],
		[
			113,
			178
		],
		[
			82,
			183
		],
		[
			75,
			82
		],
		[
			146,
			148
		]
	],
	"score": 0.5102040816326531,
	"obtuse num": 0,
	"steiner num": 198
}