{
	"content_type": "CG_SHOP_2025_Solution",
	"instance_uid": "simple-polygon-exterior_10_8b098f5e",
	"steiner_points_x": [
		"2436075/661",
		"3868884/3505",
		"12775401/6610",
		"10007064/3305",
		3261,
		13200,
		"29449035/2074",
		"8722890/661",
		"73708643400/5002897",
		"4752973625400/305176717"
	],
	"steiner_points_y": [
		"5168025/661",
		"21236457/3505",
		"50679047/6610",
		"25652308/3305",
		6588,
		8600,
		"5940407/2074",
		"5711330/661",
		"35522406200/5002897",
		"2077304088200/305176717"
	],
	"edges": [
		[
			5,
			14
		],
		[
			4,
			14
		],
		[
			15,
			18
		],
		[
			1,
			15
		],
		[
			8,
			13
		],
		[
			8,
			12
		],
		[
			8,
			14
		],
		[
			9,
			14
		],
		[
			2,
			9
		],
		[
			2,
			15
		],
		[
			16,
			18
		],
		[
			18,
			19
		],
		[
			5,
			7
		],
		[
			7,
			14
		],
		[
			15,
			17
		],
		[
			10,
			15
		],
		[
			9,
			10
		],
		[
			2,
			14
		],
		[
			9,
			13
		],
		[
			2,
			16
		],
		[
			7,
			11
		],
		[
			2,
			4
		],
		[
			7,
			12
		]
	],
	"score": 0.5454545454545454,
	"obtuse num": 0,
	"steiner num": 20
}