{
	"content_type": "CG_SHOP_2025_Solution",
	"instance_uid": "simple-polygon-exterior_20_92dcd467",
	"steiner_points_x": [
		1105,
		"297075921872/56905138585",
		"1209481821893420408/2500607386685077",
		"75575259677701/158461860314",
		"1926544/231317",
		835,
		"103292511/492010",
		"151984959/462634",
		704,
		298,
		"75525003/63122",
		"43323281/31561",
		1304,
		"369504285/206557",
		1906,
		"439976238560/526721529",
		1246,
		1124,
		"1089019063/513085",
		"61574634207053/26164974809"
	],
	"steiner_points_y": [
		743,
		"860093171184/56905138585",
		"49498351556631384/2500607386685077",
		"27525095362443/158461860314",
		"3247920/231317",
		511,
		"299052117/492010",
		"256228245/462634",
		1033,
		628,
		"3221339/63122",
		"1854369/31561",
		426,
		"240200614/206557",
		414,
		"18543157952/526721529",
		602,
		188,
		"321242421/513085",
		"47752724310687/130824874045"
	],
	"edges": [
		[
			35,
			37
		],
		[
			14,
			35
		],
		[
			14,
			37
		],
		[
			8,
			31
		],
		[
			5,
			32
		],
		[
			32,
			36
		],
		[
			5,
			36
		],
		[
			3,
			5
		],
		[
			3,
			38
		],
		[
			30,
			37
		],
		[
			13,
			37
		],
		[
			9,
			13
		],
		[
			9,
			37
		],
		[
			7,
			34
		],
		[
			6,
			34
		],
		[
			13,
			25
		],
		[
			14,
			25
		],
		[
			11,
			20
		],
		[
			20,
			36
		],
		[
			11,
			36
		],
		[
			10,
			32
		],
		[
			10,
			36
		],
		[
			18,
			26
		],
		[
			18,
			24
		],
		[
			24,
			26
		],
		[
			2,
			33
		],
		[
			18,
			29
		],
		[
			19,
			29
		],
		[
			18,
			27
		],
		[
			9,
			30
		],
		[
			8,
			32
		],
		[
			9,
			32
		],
		[
			15,
			27
		],
		[
			15,
			24
		],
		[
			17,
			29
		],
		[
			12,
			28
		],
		[
			20,
			28
		],
		[
			12,
			20
		],
		[
			2,
			20
		],
		[
			1,
			20
		],
		[
			6,
			38
		],
		[
			22,
			23
		],
		[
			23,
			35
		],
		[
			32,
			34
		],
		[
			5,
			34
		],
		[
			8,
			34
		],
		[
			1,
			28
		],
		[
			10,
			13
		],
		[
			2,
			5
		],
		[
			2,
			36
		],
		[
			23,
			27
		],
		[
			14,
			27
		],
		[
			11,
			13
		],
		[
			12,
			25
		],
		[
			17,
			28
		],
		[
			28,
			29
		],
		[
			0,
			28
		],
		[
			8,
			30
		],
		[
			25,
			28
		],
		[
			0,
			29
		],
		[
			17,
			25
		],
		[
			6,
			39
		],
		[
			38,
			39
		],
		[
			14,
			17
		],
		[
			21,
			24
		]
	],
	"score": 0.5238095238095238,
	"obtuse num": 0,
	"steiner num": 40
}