{
	"content_type": "CG_SHOP_2025_Solution",
	"instance_uid": "simple-polygon-exterior_60_ba2c82c0",
	"steiner_points_x": [
		36,
		15,
		"2783/61",
		"86739600/40714781",
		"1530/113",
		"38465/629",
		31,
		48,
		"5054/89",
		"15468/8077",
		"37765/629",
		56,
		"53/82",
		"453/197",
		52,
		10,
		"270323/5882",
		25,
		26,
		"999/53",
		43,
		"1750/221",
		37,
		"38999/629",
		34,
		"119/82",
		8,
		21,
		"37311/629",
		"38015/629",
		"4152/137",
		"9929/193",
		8,
		32,
		"2129/43",
		"185/3",
		31,
		43,
		"1545/34",
		"100/17",
		9,
		"2050/701",
		"23283/1226",
		16,
		7,
		"264450/168941",
		30,
		"501/13",
		"18379/613"
	],
	"steiner_points_y": [
		33,
		34,
		"2004/61",
		"1262602959/40714781",
		"3853/113",
		"23215/629",
		34,
		"81/2",
		"3227/89",
		"454215/8077",
		"14465/629",
		48,
		"3675/82",
		"11070/197",
		0,
		55,
		"201817/2941",
		23,
		35,
		"3738/53",
		38,
		"9244/221",
		70,
		"29890/629",
		30,
		"4269/82",
		39,
		41,
		"8790/629",
		"17590/629",
		"5938/137",
		"3263/193",
		48,
		48,
		"1043/43",
		"130/3",
		37,
		54,
		"2219/34",
		"161/17",
		23,
		"16679/701",
		"841/1226",
		22,
		28,
		"5213559/168941",
		1,
		"87/13",
		"228/613"
	],
	"edges": [
		[
			82,
			98
		],
		[
			76,
			98
		],
		[
			10,
			95
		],
		[
			10,
			71
		],
		[
			71,
			95
		],
		[
			31,
			66
		],
		[
			30,
			66
		],
		[
			64,
			86
		],
		[
			64,
			104
		],
		[
			86,
			104
		],
		[
			23,
			75
		],
		[
			22,
			75
		],
		[
			12,
			97
		],
		[
			13,
			97
		],
		[
			11,
			71
		],
		[
			50,
			54
		],
		[
			50,
			55
		],
		[
			37,
			103
		],
		[
			36,
			103
		],
		[
			19,
			21
		],
		[
			67,
			68
		],
		[
			10,
			67
		],
		[
			10,
			68
		],
		[
			73,
			75
		],
		[
			26,
			75
		],
		[
			26,
			73
		],
		[
			3,
			55
		],
		[
			3,
			56
		],
		[
			8,
			62
		],
		[
			4,
			8
		],
		[
			27,
			75
		],
		[
			32,
			66
		],
		[
			33,
			66
		],
		[
			14,
			16
		],
		[
			14,
			98
		],
		[
			52,
			62
		],
		[
			53,
			62
		],
		[
			50,
			57
		],
		[
			50,
			56
		],
		[
			9,
			95
		],
		[
			35,
			78
		],
		[
			18,
			97
		],
		[
			17,
			97
		],
		[
			17,
			19
		],
		[
			19,
			82
		],
		[
			17,
			82
		],
		[
			23,
			79
		],
		[
			22,
			79
		],
		[
			51,
			54
		],
		[
			69,
			73
		],
		[
			21,
			93
		],
		[
			18,
			21
		],
		[
			18,
			93
		],
		[
			12,
			93
		],
		[
			93,
			97
		],
		[
			63,
			86
		],
		[
			40,
			86
		],
		[
			4,
			68
		],
		[
			38,
			61
		],
		[
			61,
			64
		],
		[
			28,
			93
		],
		[
			90,
			93
		],
		[
			34,
			96
		],
		[
			78,
			96
		],
		[
			25,
			85
		],
		[
			25,
			72
		],
		[
			30,
			60
		],
		[
			31,
			60
		],
		[
			12,
			80
		],
		[
			6,
			12
		],
		[
			0,
			58
		],
		[
			0,
			74
		],
		[
			12,
			29
		],
		[
			29,
			93
		],
		[
			55,
			91
		],
		[
			73,
			85
		],
		[
			53,
			94
		],
		[
			4,
			53
		],
		[
			58,
			106
		],
		[
			106,
			107
		],
		[
			6,
			60
		],
		[
			5,
			60
		],
		[
			13,
			71
		],
		[
			13,
			15
		],
		[
			15,
			71
		],
		[
			14,
			17
		],
		[
			59,
			107
		],
		[
			35,
			87
		],
		[
			34,
			87
		],
		[
			21,
			28
		],
		[
			22,
			28
		],
		[
			34,
			90
		],
		[
			90,
			96
		],
		[
			33,
			35
		],
		[
			33,
			36
		],
		[
			7,
			12
		],
		[
			66,
			78
		],
		[
			37,
			100
		],
		[
			100,
			103
		],
		[
			49,
			51
		],
		[
			28,
			34
		],
		[
			28,
			87
		],
		[
			14,
			97
		],
		[
			33,
			77
		],
		[
			36,
			77
		],
		[
			88,
			91
		],
		[
			70,
			91
		],
		[
			37,
			61
		],
		[
			22,
			27
		],
		[
			42,
			100
		],
		[
			41,
			100
		],
		[
			25,
			92
		],
		[
			72,
			92
		],
		[
			52,
			84
		],
		[
			51,
			84
		],
		[
			3,
			88
		],
		[
			63,
			105
		],
		[
			41,
			105
		],
		[
			51,
			53
		],
		[
			32,
			51
		],
		[
			51,
			77
		],
		[
			32,
			77
		],
		[
			0,
			3
		],
		[
			0,
			2
		],
		[
			48,
			77
		],
		[
			49,
			77
		],
		[
			27,
			39
		],
		[
			28,
			39
		],
		[
			48,
			57
		],
		[
			57,
			106
		],
		[
			48,
			106
		],
		[
			23,
			73
		],
		[
			63,
			104
		],
		[
			41,
			104
		],
		[
			66,
			96
		],
		[
			32,
			84
		],
		[
			31,
			84
		],
		[
			60,
			84
		],
		[
			35,
			61
		],
		[
			61,
			87
		],
		[
			45,
			47
		],
		[
			5,
			8
		],
		[
			5,
			7
		],
		[
			36,
			47
		],
		[
			47,
			77
		],
		[
			37,
			104
		],
		[
			55,
			94
		],
		[
			56,
			59
		],
		[
			3,
			59
		],
		[
			26,
			92
		],
		[
			27,
			92
		],
		[
			5,
			52
		],
		[
			52,
			60
		],
		[
			6,
			30
		],
		[
			11,
			13
		],
		[
			21,
			79
		],
		[
			71,
			83
		],
		[
			41,
			101
		],
		[
			46,
			103
		],
		[
			46,
			100
		],
		[
			54,
			94
		],
		[
			38,
			86
		],
		[
			81,
			86
		],
		[
			38,
			81
		],
		[
			56,
			107
		],
		[
			100,
			104
		],
		[
			47,
			103
		],
		[
			81,
			92
		],
		[
			39,
			92
		],
		[
			43,
			99
		],
		[
			106,
			108
		],
		[
			11,
			67
		],
		[
			49,
			57
		],
		[
			8,
			67
		],
		[
			7,
			67
		],
		[
			39,
			87
		],
		[
			38,
			87
		],
		[
			102,
			106
		],
		[
			12,
			67
		],
		[
			72,
			81
		],
		[
			45,
			48
		],
		[
			4,
			89
		],
		[
			89,
			94
		],
		[
			5,
			80
		],
		[
			36,
			61
		],
		[
			43,
			45
		],
		[
			68,
			89
		],
		[
			9,
			89
		],
		[
			43,
			46
		],
		[
			30,
			96
		],
		[
			29,
			96
		],
		[
			70,
			94
		],
		[
			6,
			29
		],
		[
			45,
			102
		],
		[
			9,
			65
		],
		[
			42,
			46
		],
		[
			45,
			106
		]
	],
	"score": 0.51,
	"obtuse num": 0,
	"steiner num": 109
}