{
	"content_type": "CG_SHOP_2025_Solution",
	"instance_uid": "simple-polygon_100_cb23308c",
	"steiner_points_x": [
		5675,
		12429,
		15184,
		13859,
		8125,
		14605,
		8385,
		15202,
		8233,
		14235,
		12470,
		8124,
		15082,
		12323,
		8465,
		14829,
		15143,
		"33814646/6959",
		15199,
		15173,
		"14522004/1721",
		8438,
		14560,
		"12864775/879",
		8472,
		12866,
		15120,
		14744,
		"23201808/1565",
		8525,
		"4062050/733",
		4950,
		14780,
		14794,
		"919940/61",
		8124,
		15013,
		"734300/149",
		5550,
		12320,
		14744,
		13182,
		14983,
		"3483700/773",
		"1054681/122",
		14510,
		14741,
		8260,
		12425,
		"110769451/13385",
		15207,
		5675,
		14707,
		8511,
		8501,
		8497,
		12281,
		8365,
		"121888675/15826",
		5223,
		13978,
		14837,
		8125,
		8239,
		"454121/37",
		"114057659/13385",
		8501,
		4972,
		11674,
		12259,
		15207,
		"30951599/5353",
		15009,
		8125,
		11674,
		4950,
		8221,
		8525,
		8496,
		"1839711/122",
		"18382250/1717",
		11512,
		11499,
		5207,
		5558,
		5229,
		"117425/9",
		13022
	],
	"steiner_points_y": [
		5075,
		8907,
		8000,
		4261,
		3857,
		8500,
		3650,
		8105,
		8237,
		7308,
		6925,
		6925,
		3515,
		9132,
		3460,
		10061,
		7878,
		"58660897/6959",
		3650,
		4036,
		"11769260/1721",
		8812,
		3326,
		"881325/293",
		8001,
		4186,
		3410,
		5657,
		"9733814/1565",
		7718,
		"4755450/733",
		4975,
		3944,
		5624,
		"615135/61",
		7719,
		10078,
		"1573400/149",
		9337,
		8902,
		5700,
		5738,
		3788,
		"4110450/773",
		"1077359/122",
		8212,
		10009,
		3307,
		7859,
		"43455667/13385",
		8300,
		6333,
		10076,
		3350,
		8400,
		3939,
		9125,
		5074,
		"155558125/15826",
		9454,
		6465,
		10036,
		5075,
		3467,
		"289849/37",
		"44307078/13385",
		8200,
		10536,
		9225,
		9280,
		8201,
		"16805769/5353",
		10093,
		4923,
		9425,
		4950,
		8655,
		7900,
		3850,
		"1232129/122",
		"10360050/1717",
		4950,
		4775,
		8865,
		8577,
		9337,
		2625,
		2844
	],
	"edges": [
		[
			99,
			172
		],
		[
			0,
			172
		],
		[
			27,
			166
		],
		[
			28,
			166
		],
		[
			136,
			179
		],
		[
			136,
			172
		],
		[
			172,
			179
		],
		[
			139,
			156
		],
		[
			14,
			139
		],
		[
			14,
			156
		],
		[
			7,
			174
		],
		[
			8,
			174
		],
		[
			103,
			127
		],
		[
			127,
			133
		],
		[
			103,
			133
		],
		[
			134,
			136
		],
		[
			95,
			107
		],
		[
			107,
			170
		],
		[
			95,
			170
		],
		[
			117,
			183
		],
		[
			183,
			184
		],
		[
			117,
			184
		],
		[
			101,
			105
		],
		[
			101,
			146
		],
		[
			105,
			146
		],
		[
			37,
			159
		],
		[
			38,
			159
		],
		[
			6,
			168
		],
		[
			7,
			168
		],
		[
			74,
			181
		],
		[
			75,
			181
		],
		[
			106,
			114
		],
		[
			62,
			106
		],
		[
			62,
			114
		],
		[
			67,
			157
		],
		[
			19,
			157
		],
		[
			19,
			67
		],
		[
			109,
			116
		],
		[
			109,
			145
		],
		[
			116,
			145
		],
		[
			159,
			167
		],
		[
			38,
			167
		],
		[
			23,
			129
		],
		[
			129,
			177
		],
		[
			23,
			177
		],
		[
			46,
			55
		],
		[
			55,
			131
		],
		[
			46,
			131
		],
		[
			121,
			176
		],
		[
			158,
			176
		],
		[
			121,
			158
		],
		[
			147,
			149
		],
		[
			59,
			147
		],
		[
			15,
			110
		],
		[
			16,
			110
		],
		[
			31,
			121
		],
		[
			32,
			121
		],
		[
			34,
			183
		],
		[
			183,
			185
		],
		[
			34,
			185
		],
		[
			123,
			126
		],
		[
			81,
			126
		],
		[
			64,
			106
		],
		[
			63,
			106
		],
		[
			162,
			173
		],
		[
			56,
			173
		],
		[
			56,
			162
		],
		[
			46,
			151
		],
		[
			55,
			151
		],
		[
			33,
			183
		],
		[
			83,
			118
		],
		[
			84,
			118
		],
		[
			5,
			168
		],
		[
			15,
			148
		],
		[
			110,
			148
		],
		[
			89,
			127
		],
		[
			127,
			140
		],
		[
			28,
			154
		],
		[
			29,
			154
		],
		[
			42,
			183
		],
		[
			77,
			125
		],
		[
			78,
			125
		],
		[
			148,
			164
		],
		[
			72,
			182
		],
		[
			73,
			182
		],
		[
			98,
			146
		],
		[
			98,
			105
		],
		[
			35,
			138
		],
		[
			36,
			138
		],
		[
			69,
			182
		],
		[
			69,
			181
		],
		[
			181,
			182
		],
		[
			145,
			150
		],
		[
			150,
			170
		],
		[
			145,
			170
		],
		[
			124,
			177
		],
		[
			135,
			177
		],
		[
			124,
			135
		],
		[
			107,
			145
		],
		[
			16,
			160
		],
		[
			110,
			160
		],
		[
			43,
			184
		],
		[
			4,
			169
		],
		[
			3,
			169
		],
		[
			113,
			156
		],
		[
			113,
			139
		],
		[
			79,
			186
		],
		[
			74,
			182
		],
		[
			50,
			175
		],
		[
			51,
			175
		],
		[
			97,
			105
		],
		[
			108,
			154
		],
		[
			108,
			176
		],
		[
			154,
			176
		],
		[
			96,
			150
		],
		[
			97,
			150
		],
		[
			37,
			185
		],
		[
			159,
			185
		],
		[
			122,
			187
		],
		[
			122,
			123
		],
		[
			123,
			187
		],
		[
			86,
			142
		],
		[
			85,
			142
		],
		[
			71,
			182
		],
		[
			136,
			161
		],
		[
			161,
			172
		],
		[
			10,
			168
		],
		[
			11,
			168
		],
		[
			14,
			148
		],
		[
			91,
			116
		],
		[
			91,
			109
		],
		[
			109,
			148
		],
		[
			145,
			148
		],
		[
			57,
			104
		],
		[
			58,
			104
		],
		[
			103,
			122
		],
		[
			103,
			187
		],
		[
			121,
			154
		],
		[
			122,
			126
		],
		[
			101,
			113
		],
		[
			101,
			139
		],
		[
			121,
			144
		],
		[
			9,
			174
		],
		[
			10,
			174
		],
		[
			37,
			138
		],
		[
			138,
			185
		],
		[
			54,
			131
		],
		[
			141,
			160
		],
		[
			16,
			141
		],
		[
			105,
			145
		],
		[
			101,
			145
		],
		[
			119,
			142
		],
		[
			86,
			119
		],
		[
			66,
			155
		],
		[
			155,
			173
		],
		[
			66,
			173
		],
		[
			30,
			121
		],
		[
			39,
			167
		],
		[
			40,
			167
		],
		[
			45,
			111
		],
		[
			44,
			111
		],
		[
			132,
			142
		],
		[
			122,
			142
		],
		[
			122,
			132
		],
		[
			108,
			184
		],
		[
			176,
			184
		],
		[
			108,
			135
		],
		[
			108,
			124
		],
		[
			125,
			141
		],
		[
			76,
			125
		],
		[
			76,
			141
		],
		[
			98,
			161
		],
		[
			146,
			161
		],
		[
			104,
			173
		],
		[
			104,
			155
		],
		[
			149,
			153
		],
		[
			153,
			165
		],
		[
			115,
			172
		],
		[
			0,
			115
		],
		[
			128,
			160
		],
		[
			90,
			160
		],
		[
			17,
			181
		],
		[
			17,
			75
		],
		[
			45,
			151
		],
		[
			130,
			151
		],
		[
			147,
			163
		],
		[
			147,
			171
		],
		[
			163,
			171
		],
		[
			68,
			181
		],
		[
			33,
			184
		],
		[
			33,
			176
		],
		[
			112,
			122
		],
		[
			112,
			126
		],
		[
			1,
			115
		],
		[
			92,
			116
		],
		[
			90,
			141
		],
		[
			98,
			136
		],
		[
			103,
			141
		],
		[
			90,
			103
		],
		[
			94,
			102
		],
		[
			102,
			107
		],
		[
			94,
			107
		],
		[
			66,
			157
		],
		[
			5,
			156
		],
		[
			5,
			14
		],
		[
			47,
			131
		],
		[
			131,
			143
		],
		[
			101,
			148
		],
		[
			60,
			153
		],
		[
			26,
			124
		],
		[
			124,
			166
		],
		[
			26,
			166
		],
		[
			87,
			119
		],
		[
			109,
			110
		],
		[
			65,
			178
		],
		[
			155,
			178
		],
		[
			65,
			155
		],
		[
			105,
			150
		],
		[
			12,
			168
		],
		[
			2,
			152
		],
		[
			113,
			152
		],
		[
			2,
			113
		],
		[
			157,
			173
		],
		[
			61,
			114
		],
		[
			56,
			100
		],
		[
			100,
			162
		],
		[
			83,
			112
		],
		[
			112,
			118
		],
		[
			30,
			154
		],
		[
			43,
			111
		],
		[
			25,
			124
		],
		[
			57,
			173
		],
		[
			48,
			131
		],
		[
			78,
			186
		],
		[
			78,
			187
		],
		[
			186,
			187
		],
		[
			82,
			112
		],
		[
			108,
			166
		],
		[
			92,
			102
		],
		[
			93,
			102
		],
		[
			43,
			135
		],
		[
			135,
			184
		],
		[
			18,
			181
		],
		[
			111,
			129
		],
		[
			111,
			135
		],
		[
			129,
			135
		],
		[
			2,
			169
		],
		[
			88,
			133
		],
		[
			89,
			133
		],
		[
			18,
			67
		],
		[
			67,
			180
		],
		[
			55,
			100
		],
		[
			101,
			152
		],
		[
			146,
			152
		],
		[
			96,
			170
		],
		[
			64,
			178
		],
		[
			20,
			157
		],
		[
			114,
			153
		],
		[
			61,
			153
		],
		[
			103,
			132
		],
		[
			132,
			133
		],
		[
			147,
			153
		],
		[
			13,
			168
		],
		[
			111,
			120
		],
		[
			120,
			129
		],
		[
			5,
			13
		],
		[
			17,
			141
		],
		[
			21,
			100
		],
		[
			21,
			162
		],
		[
			139,
			148
		],
		[
			113,
			169
		],
		[
			41,
			159
		],
		[
			41,
			167
		],
		[
			109,
			160
		],
		[
			109,
			128
		],
		[
			75,
			141
		],
		[
			24,
			177
		],
		[
			157,
			162
		],
		[
			20,
			162
		],
		[
			125,
			187
		],
		[
			103,
			125
		],
		[
			102,
			116
		],
		[
			154,
			166
		],
		[
			119,
			132
		],
		[
			4,
			156
		],
		[
			106,
			163
		],
		[
			114,
			163
		],
		[
			104,
			163
		],
		[
			104,
			106
		],
		[
			52,
			175
		],
		[
			112,
			142
		],
		[
			115,
			152
		],
		[
			1,
			152
		],
		[
			137,
			167
		],
		[
			104,
			171
		],
		[
			104,
			178
		],
		[
			106,
			178
		],
		[
			67,
			181
		],
		[
			87,
			133
		],
		[
			168,
			174
		],
		[
			102,
			145
		],
		[
			25,
			177
		],
		[
			70,
			182
		],
		[
			115,
			161
		],
		[
			115,
			146
		],
		[
			100,
			151
		],
		[
			21,
			151
		],
		[
			156,
			169
		],
		[
			118,
			142
		],
		[
			90,
			127
		],
		[
			21,
			111
		],
		[
			42,
			185
		],
		[
			85,
			118
		],
		[
			53,
			175
		],
		[
			114,
			147
		],
		[
			34,
			138
		],
		[
			21,
			45
		],
		[
			119,
			133
		],
		[
			22,
			129
		],
		[
			82,
			126
		],
		[
			131,
			175
		],
		[
			54,
			175
		],
		[
			48,
			175
		],
		[
			49,
			175
		],
		[
			41,
			185
		]
	],
	"score": 0.5056179775280899,
	"obtuse num": 0,
	"steiner num": 188
}