{
	"content_type": "CG_SHOP_2025_Solution",
	"instance_uid": "simple-polygon_100_6101abad",
	"steiner_points_x": [
		9774,
		10243,
		9575,
		"651985/169",
		10025,
		"3251763/845",
		"3179125/289",
		3625,
		9626,
		6950,
		7275,
		9715,
		9954,
		"3034375/289",
		3983,
		9974,
		"129175/13",
		9749,
		"6661395/697",
		3825,
		9501,
		"47425/13",
		9747,
		4025,
		4008,
		4207,
		3525,
		3777,
		3924,
		"68055/17"
	],
	"steiner_points_y": [
		7500,
		5864,
		5692,
		"1119970/169",
		5200,
		"5481501/845",
		"1151250/289",
		6050,
		8096,
		4650,
		7200,
		4250,
		3590,
		"987350/289",
		8006,
		4183,
		"113000/13",
		5668,
		"5747480/697",
		5400,
		5851,
		"99250/13",
		7717,
		3700,
		4527,
		4516,
		4150,
		4379,
		3851,
		"67712/17"
	],
	"edges": [
		[
			56,
			127
		],
		[
			57,
			127
		],
		[
			79,
			98
		],
		[
			3,
			79
		],
		[
			3,
			98
		],
		[
			72,
			124
		],
		[
			72,
			127
		],
		[
			124,
			127
		],
		[
			66,
			128
		],
		[
			123,
			128
		],
		[
			66,
			123
		],
		[
			73,
			125
		],
		[
			74,
			125
		],
		[
			93,
			95
		],
		[
			30,
			51
		],
		[
			30,
			52
		],
		[
			28,
			56
		],
		[
			28,
			124
		],
		[
			56,
			124
		],
		[
			37,
			107
		],
		[
			37,
			49
		],
		[
			47,
			103
		],
		[
			38,
			47
		],
		[
			110,
			120
		],
		[
			109,
			120
		],
		[
			109,
			110
		],
		[
			62,
			66
		],
		[
			63,
			66
		],
		[
			32,
			35
		],
		[
			33,
			35
		],
		[
			28,
			109
		],
		[
			27,
			109
		],
		[
			5,
			104
		],
		[
			7,
			104
		],
		[
			5,
			7
		],
		[
			21,
			23
		],
		[
			68,
			123
		],
		[
			70,
			123
		],
		[
			68,
			70
		],
		[
			17,
			19
		],
		[
			28,
			55
		],
		[
			87,
			92
		],
		[
			88,
			92
		],
		[
			11,
			101
		],
		[
			12,
			101
		],
		[
			2,
			99
		],
		[
			0,
			2
		],
		[
			36,
			49
		],
		[
			38,
			46
		],
		[
			38,
			121
		],
		[
			80,
			111
		],
		[
			108,
			118
		],
		[
			108,
			110
		],
		[
			15,
			100
		],
		[
			16,
			100
		],
		[
			31,
			36
		],
		[
			32,
			36
		],
		[
			67,
			123
		],
		[
			13,
			101
		],
		[
			96,
			115
		],
		[
			97,
			115
		],
		[
			31,
			49
		],
		[
			47,
			105
		],
		[
			4,
			104
		],
		[
			59,
			71
		],
		[
			71,
			126
		],
		[
			59,
			126
		],
		[
			109,
			125
		],
		[
			82,
			96
		],
		[
			82,
			115
		],
		[
			30,
			54
		],
		[
			30,
			53
		],
		[
			83,
			112
		],
		[
			85,
			112
		],
		[
			83,
			85
		],
		[
			124,
			125
		],
		[
			28,
			125
		],
		[
			93,
			112
		],
		[
			86,
			93
		],
		[
			86,
			112
		],
		[
			39,
			43
		],
		[
			39,
			44
		],
		[
			50,
			119
		],
		[
			31,
			50
		],
		[
			102,
			120
		],
		[
			102,
			109
		],
		[
			21,
			24
		],
		[
			21,
			26
		],
		[
			24,
			26
		],
		[
			75,
			102
		],
		[
			102,
			117
		],
		[
			75,
			117
		],
		[
			30,
			55
		],
		[
			2,
			98
		],
		[
			20,
			26
		],
		[
			14,
			117
		],
		[
			14,
			102
		],
		[
			37,
			48
		],
		[
			59,
			127
		],
		[
			71,
			127
		],
		[
			57,
			59
		],
		[
			3,
			77
		],
		[
			4,
			77
		],
		[
			77,
			79
		],
		[
			76,
			104
		],
		[
			77,
			104
		],
		[
			8,
			104
		],
		[
			39,
			41
		],
		[
			41,
			43
		],
		[
			98,
			115
		],
		[
			24,
			116
		],
		[
			110,
			122
		],
		[
			100,
			122
		],
		[
			100,
			110
		],
		[
			8,
			101
		],
		[
			9,
			101
		],
		[
			19,
			100
		],
		[
			19,
			122
		],
		[
			48,
			105
		],
		[
			14,
			120
		],
		[
			15,
			120
		],
		[
			80,
			98
		],
		[
			20,
			108
		],
		[
			26,
			108
		],
		[
			88,
			91
		],
		[
			91,
			113
		],
		[
			15,
			110
		],
		[
			17,
			100
		],
		[
			29,
			55
		],
		[
			62,
			128
		],
		[
			108,
			122
		],
		[
			128,
			129
		],
		[
			71,
			128
		],
		[
			8,
			13
		],
		[
			73,
			124
		],
		[
			61,
			71
		],
		[
			82,
			112
		],
		[
			13,
			117
		],
		[
			89,
			91
		],
		[
			10,
			101
		],
		[
			93,
			96
		],
		[
			51,
			119
		],
		[
			64,
			66
		],
		[
			89,
			106
		],
		[
			8,
			75
		],
		[
			8,
			117
		],
		[
			20,
			122
		],
		[
			96,
			112
		],
		[
			111,
			115
		],
		[
			80,
			115
		],
		[
			44,
			114
		],
		[
			45,
			114
		],
		[
			70,
			128
		],
		[
			87,
			93
		],
		[
			46,
			114
		],
		[
			8,
			76
		],
		[
			61,
			128
		]
	],
	"score": 0.5161290322580645,
	"obtuse num": 0,
	"steiner num": 130
}