{
	"content_type": "CG_SHOP_2025_Solution",
	"instance_uid": "simple-polygon-exterior-20_40_b9ab4f03",
	"steiner_points_x": [
		319,
		2914,
		372,
		"958164086/1399553",
		1569,
		3421,
		"343154945/1383317",
		3332,
		2624,
		458,
		"40961682/60509",
		"2247964477/772253",
		686,
		"7286/3",
		487,
		"297622787/1383317",
		"314559081/692953",
		2621,
		1747,
		"16387/5",
		"2505569677/772253",
		1070,
		"1739211444/1399553",
		"3325673655/939506",
		"523255430/1399553",
		371,
		"1769838505/510317",
		"583939531/162425",
		"3341/14",
		"2797864975/939506",
		"593547267/164587",
		"522599087583035/181100116066",
		"3480687999/1399553",
		"847525772/215585",
		"843842249/692953",
		973,
		"615193641/692953",
		"2554307908/1399553"
	],
	"steiner_points_y": [
		850,
		1902,
		263,
		"46402964/1399553",
		930,
		1354,
		"414247754/1383317",
		1844,
		1006,
		238,
		"20437703/60509",
		"1525320116/772253",
		237,
		"11729/6",
		420,
		"1167131606/1383317",
		"924314137/692953",
		630,
		746,
		"9953/5",
		"1536175916/772253",
		634,
		"41121156/1399553",
		"99395645/939506",
		"49344020/1399553",
		303,
		"1010137750/510317",
		"20211017/162425",
		"3187/7",
		"49623013/939506",
		"20461827/164587",
		"17288550322834/90550058033",
		"29344476/1399553",
		"150762596/215585",
		"1175582875/692953",
		1165,
		"1067035597/692953",
		"35609092/1399553"
	],
	"edges": [
		[
			35,
			37
		],
		[
			37,
			38
		],
		[
			35,
			38
		],
		[
			4,
			6
		],
		[
			1,
			69
		],
		[
			2,
			69
		],
		[
			69,
			71
		],
		[
			7,
			47
		],
		[
			9,
			47
		],
		[
			7,
			9
		],
		[
			17,
			48
		],
		[
			36,
			48
		],
		[
			17,
			36
		],
		[
			30,
			52
		],
		[
			29,
			52
		],
		[
			12,
			45
		],
		[
			13,
			45
		],
		[
			27,
			30
		],
		[
			30,
			65
		],
		[
			27,
			65
		],
		[
			16,
			18
		],
		[
			18,
			74
		],
		[
			16,
			74
		],
		[
			11,
			47
		],
		[
			10,
			47
		],
		[
			39,
			72
		],
		[
			0,
			39
		],
		[
			2,
			63
		],
		[
			23,
			26
		],
		[
			26,
			40
		],
		[
			23,
			40
		],
		[
			19,
			61
		],
		[
			20,
			61
		],
		[
			14,
			16
		],
		[
			11,
			45
		],
		[
			4,
			13
		],
		[
			4,
			45
		],
		[
			9,
			66
		],
		[
			2,
			67
		],
		[
			2,
			4
		],
		[
			34,
			58
		],
		[
			35,
			58
		],
		[
			41,
			53
		],
		[
			41,
			51
		],
		[
			24,
			56
		],
		[
			22,
			61
		],
		[
			23,
			61
		],
		[
			42,
			64
		],
		[
			42,
			49
		],
		[
			49,
			64
		],
		[
			10,
			41
		],
		[
			41,
			60
		],
		[
			10,
			60
		],
		[
			20,
			22
		],
		[
			30,
			54
		],
		[
			27,
			54
		],
		[
			34,
			44
		],
		[
			19,
			34
		],
		[
			19,
			44
		],
		[
			9,
			59
		],
		[
			18,
			21
		],
		[
			21,
			74
		],
		[
			7,
			45
		],
		[
			45,
			47
		],
		[
			13,
			48
		],
		[
			12,
			48
		],
		[
			4,
			70
		],
		[
			23,
			75
		],
		[
			22,
			75
		],
		[
			25,
			40
		],
		[
			40,
			55
		],
		[
			10,
			59
		],
		[
			31,
			62
		],
		[
			31,
			33
		],
		[
			33,
			62
		],
		[
			6,
			45
		],
		[
			1,
			4
		],
		[
			33,
			35
		],
		[
			35,
			77
		],
		[
			33,
			77
		],
		[
			32,
			34
		],
		[
			33,
			34
		],
		[
			38,
			77
		],
		[
			38,
			72
		],
		[
			27,
			68
		],
		[
			27,
			46
		],
		[
			67,
			70
		],
		[
			11,
			41
		],
		[
			43,
			49
		],
		[
			49,
			52
		],
		[
			43,
			52
		],
		[
			14,
			48
		],
		[
			12,
			14
		],
		[
			37,
			57
		],
		[
			38,
			57
		],
		[
			75,
			76
		],
		[
			21,
			76
		],
		[
			21,
			75
		],
		[
			1,
			13
		],
		[
			1,
			57
		],
		[
			57,
			71
		],
		[
			12,
			41
		],
		[
			14,
			41
		],
		[
			50,
			52
		],
		[
			31,
			52
		],
		[
			6,
			73
		],
		[
			37,
			58
		],
		[
			18,
			19
		],
		[
			18,
			20
		],
		[
			14,
			17
		],
		[
			13,
			57
		],
		[
			24,
			75
		],
		[
			24,
			76
		],
		[
			29,
			65
		],
		[
			40,
			68
		],
		[
			26,
			68
		],
		[
			44,
			58
		],
		[
			29,
			42
		],
		[
			42,
			65
		],
		[
			48,
			57
		],
		[
			36,
			57
		],
		[
			29,
			49
		],
		[
			23,
			54
		],
		[
			23,
			50
		],
		[
			50,
			54
		],
		[
			24,
			40
		],
		[
			17,
			18
		],
		[
			17,
			44
		],
		[
			18,
			44
		],
		[
			26,
			54
		],
		[
			42,
			46
		],
		[
			28,
			42
		],
		[
			39,
			57
		],
		[
			14,
			53
		],
		[
			17,
			58
		],
		[
			31,
			61
		],
		[
			32,
			61
		],
		[
			46,
			65
		],
		[
			19,
			32
		],
		[
			52,
			62
		],
		[
			36,
			58
		],
		[
			36,
			37
		],
		[
			50,
			61
		],
		[
			39,
			71
		]
	],
	"score": 0.5128205128205128,
	"obtuse num": 0,
	"steiner num": 78
}