{
	"content_type": "CG_SHOP_2025_Solution",
	"instance_uid": "point-set_80_1675b331",
	"steiner_points_x": [
		9,
		"13221/257",
		"7221/257",
		24,
		21,
		"77/113",
		"10325/257",
		1,
		57,
		"12181/257",
		30,
		"31/226",
		"1011/82",
		43,
		49,
		63,
		56,
		35,
		47,
		54,
		40,
		29,
		63,
		13,
		13,
		4,
		14,
		13,
		"379/226",
		"273/226",
		15,
		23,
		48,
		38,
		57,
		"921/17",
		46,
		"749/17",
		63,
		48,
		56,
		"20121/493",
		32,
		"297989/10897"
	],
	"steiner_points_y": [
		61,
		"489/257",
		"114/257",
		60,
		38,
		"3930/113",
		"308/257",
		43,
		34,
		"424/257",
		48,
		"9705/226",
		"79/82",
		22,
		25,
		20,
		39,
		25,
		14,
		15,
		9,
		26,
		39,
		52,
		24,
		20,
		14,
		35,
		"4485/226",
		"6075/226",
		12,
		12,
		36,
		39,
		59,
		"1083/17",
		50,
		"1126/17",
		45,
		46,
		42,
		"33054/493",
		60,
		"767296/10897"
	],
	"edges": [
		[
			57,
			80
		],
		[
			21,
			57
		],
		[
			21,
			80
		],
		[
			32,
			101
		],
		[
			32,
			50
		],
		[
			50,
			101
		],
		[
			6,
			53
		],
		[
			11,
			53
		],
		[
			6,
			11
		],
		[
			51,
			82
		],
		[
			51,
			86
		],
		[
			18,
			30
		],
		[
			30,
			67
		],
		[
			18,
			67
		],
		[
			42,
			93
		],
		[
			42,
			98
		],
		[
			93,
			98
		],
		[
			58,
			104
		],
		[
			71,
			104
		],
		[
			58,
			71
		],
		[
			53,
			84
		],
		[
			53,
			107
		],
		[
			84,
			107
		],
		[
			34,
			110
		],
		[
			37,
			110
		],
		[
			34,
			37
		],
		[
			20,
			51
		],
		[
			20,
			86
		],
		[
			21,
			72
		],
		[
			72,
			74
		],
		[
			21,
			74
		],
		[
			19,
			65
		],
		[
			19,
			99
		],
		[
			65,
			99
		],
		[
			8,
			78
		],
		[
			78,
			119
		],
		[
			8,
			119
		],
		[
			33,
			44
		],
		[
			6,
			33
		],
		[
			6,
			44
		],
		[
			21,
			63
		],
		[
			63,
			80
		],
		[
			67,
			107
		],
		[
			18,
			107
		],
		[
			4,
			105
		],
		[
			56,
			105
		],
		[
			4,
			56
		],
		[
			10,
			25
		],
		[
			25,
			50
		],
		[
			10,
			50
		],
		[
			97,
			101
		],
		[
			41,
			97
		],
		[
			41,
			101
		],
		[
			22,
			62
		],
		[
			62,
			118
		],
		[
			22,
			118
		],
		[
			18,
			58
		],
		[
			18,
			104
		],
		[
			66,
			96
		],
		[
			66,
			120
		],
		[
			96,
			120
		],
		[
			3,
			110
		],
		[
			3,
			34
		],
		[
			2,
			15
		],
		[
			2,
			26
		],
		[
			15,
			26
		],
		[
			77,
			98
		],
		[
			77,
			93
		],
		[
			61,
			80
		],
		[
			39,
			80
		],
		[
			39,
			61
		],
		[
			24,
			36
		],
		[
			24,
			40
		],
		[
			36,
			40
		],
		[
			41,
			46
		],
		[
			46,
			52
		],
		[
			41,
			52
		],
		[
			17,
			100
		],
		[
			14,
			17
		],
		[
			14,
			100
		],
		[
			47,
			116
		],
		[
			78,
			116
		],
		[
			47,
			78
		],
		[
			52,
			54
		],
		[
			23,
			52
		],
		[
			23,
			54
		],
		[
			38,
			75
		],
		[
			7,
			75
		],
		[
			7,
			38
		],
		[
			24,
			97
		],
		[
			24,
			101
		],
		[
			59,
			70
		],
		[
			70,
			73
		],
		[
			59,
			73
		],
		[
			56,
			71
		],
		[
			56,
			58
		],
		[
			27,
			54
		],
		[
			44,
			54
		],
		[
			27,
			44
		],
		[
			87,
			91
		],
		[
			85,
			87
		],
		[
			13,
			73
		],
		[
			49,
			73
		],
		[
			13,
			49
		],
		[
			35,
			37
		],
		[
			37,
			51
		],
		[
			35,
			51
		],
		[
			33,
			71
		],
		[
			33,
			75
		],
		[
			71,
			75
		],
		[
			25,
			48
		],
		[
			10,
			48
		],
		[
			2,
			29
		],
		[
			29,
			115
		],
		[
			2,
			115
		],
		[
			10,
			90
		],
		[
			48,
			90
		],
		[
			28,
			102
		],
		[
			28,
			118
		],
		[
			69,
			79
		],
		[
			79,
			123
		],
		[
			69,
			123
		],
		[
			59,
			94
		],
		[
			73,
			94
		],
		[
			22,
			26
		],
		[
			26,
			62
		],
		[
			70,
			88
		],
		[
			1,
			70
		],
		[
			1,
			88
		],
		[
			106,
			110
		],
		[
			38,
			106
		],
		[
			38,
			110
		],
		[
			116,
			119
		],
		[
			23,
			51
		],
		[
			20,
			23
		],
		[
			46,
			77
		],
		[
			46,
			93
		],
		[
			55,
			93
		],
		[
			55,
			94
		],
		[
			93,
			94
		],
		[
			39,
			79
		],
		[
			45,
			83
		],
		[
			43,
			45
		],
		[
			43,
			83
		],
		[
			45,
			69
		],
		[
			69,
			122
		],
		[
			45,
			122
		],
		[
			47,
			48
		],
		[
			47,
			90
		],
		[
			5,
			114
		],
		[
			9,
			114
		],
		[
			47,
			122
		],
		[
			29,
			122
		],
		[
			29,
			47
		],
		[
			32,
			53
		],
		[
			50,
			53
		],
		[
			67,
			87
		],
		[
			67,
			85
		],
		[
			26,
			114
		],
		[
			62,
			114
		],
		[
			45,
			47
		],
		[
			45,
			90
		],
		[
			42,
			99
		],
		[
			98,
			99
		],
		[
			34,
			35
		],
		[
			30,
			85
		],
		[
			30,
			109
		],
		[
			30,
			58
		],
		[
			46,
			55
		],
		[
			68,
			84
		],
		[
			68,
			107
		],
		[
			5,
			62
		],
		[
			110,
			111
		],
		[
			37,
			111
		],
		[
			105,
			108
		],
		[
			57,
			103
		],
		[
			21,
			103
		],
		[
			52,
			77
		],
		[
			0,
			72
		],
		[
			72,
			103
		],
		[
			0,
			103
		],
		[
			121,
			122
		],
		[
			29,
			121
		],
		[
			57,
			61
		],
		[
			13,
			60
		],
		[
			13,
			95
		],
		[
			0,
			90
		],
		[
			0,
			43
		],
		[
			43,
			90
		],
		[
			44,
			111
		],
		[
			54,
			111
		],
		[
			22,
			120
		],
		[
			118,
			120
		],
		[
			52,
			100
		],
		[
			23,
			100
		],
		[
			36,
			113
		],
		[
			25,
			36
		],
		[
			25,
			113
		],
		[
			43,
			103
		],
		[
			40,
			101
		],
		[
			20,
			100
		],
		[
			14,
			20
		],
		[
			11,
			32
		],
		[
			58,
			105
		],
		[
			2,
			114
		],
		[
			2,
			116
		],
		[
			15,
			116
		],
		[
			2,
			47
		],
		[
			8,
			36
		],
		[
			8,
			112
		],
		[
			36,
			112
		],
		[
			18,
			53
		],
		[
			114,
			115
		],
		[
			61,
			83
		],
		[
			61,
			79
		],
		[
			79,
			83
		],
		[
			14,
			89
		],
		[
			14,
			16
		],
		[
			16,
			89
		],
		[
			69,
			83
		],
		[
			67,
			68
		],
		[
			73,
			88
		],
		[
			64,
			96
		],
		[
			1,
			96
		],
		[
			1,
			64
		],
		[
			20,
			89
		],
		[
			23,
			111
		],
		[
			55,
			59
		],
		[
			53,
			104
		],
		[
			6,
			104
		],
		[
			56,
			106
		],
		[
			3,
			106
		],
		[
			3,
			56
		],
		[
			8,
			113
		],
		[
			88,
			96
		],
		[
			28,
			96
		],
		[
			28,
			88
		],
		[
			0,
			68
		],
		[
			0,
			84
		],
		[
			10,
			84
		],
		[
			0,
			10
		],
		[
			48,
			113
		],
		[
			23,
			37
		],
		[
			46,
			97
		],
		[
			55,
			97
		],
		[
			33,
			104
		],
		[
			36,
			59
		],
		[
			36,
			55
		],
		[
			50,
			84
		],
		[
			19,
			81
		],
		[
			12,
			19
		],
		[
			77,
			100
		],
		[
			43,
			61
		],
		[
			44,
			75
		],
		[
			7,
			44
		],
		[
			74,
			87
		],
		[
			43,
			57
		],
		[
			59,
			112
		],
		[
			3,
			76
		],
		[
			34,
			76
		],
		[
			11,
			27
		],
		[
			27,
			32
		],
		[
			28,
			120
		],
		[
			69,
			121
		],
		[
			42,
			94
		],
		[
			22,
			66
		],
		[
			7,
			111
		],
		[
			68,
			72
		],
		[
			68,
			87
		],
		[
			72,
			87
		],
		[
			42,
			73
		],
		[
			31,
			80
		],
		[
			71,
			106
		],
		[
			38,
			71
		],
		[
			60,
			99
		],
		[
			13,
			99
		],
		[
			29,
			117
		],
		[
			64,
			119
		],
		[
			66,
			119
		],
		[
			64,
			66
		],
		[
			13,
			42
		],
		[
			27,
			101
		],
		[
			28,
			49
		],
		[
			8,
			64
		],
		[
			48,
			78
		],
		[
			24,
			55
		],
		[
			22,
			119
		],
		[
			78,
			113
		],
		[
			16,
			81
		],
		[
			30,
			108
		],
		[
			38,
			111
		],
		[
			40,
			50
		],
		[
			25,
			40
		],
		[
			70,
			112
		],
		[
			27,
			41
		],
		[
			27,
			52
		],
		[
			16,
			19
		],
		[
			15,
			22
		],
		[
			1,
			112
		],
		[
			34,
			92
		],
		[
			17,
			98
		],
		[
			17,
			77
		],
		[
			64,
			112
		],
		[
			19,
			98
		],
		[
			16,
			98
		],
		[
			16,
			17
		],
		[
			3,
			4
		],
		[
			30,
			105
		],
		[
			15,
			119
		],
		[
			49,
			88
		],
		[
			11,
			44
		]
	],
	"score": 0.5111111111111111,
	"obtuse num": 0,
	"steiner num": 124
}