{
	"content_type": "CG_SHOP_2025_Solution",
	"instance_uid": "point-set_60_ac318d72",
	"steiner_points_x": [
		5,
		51,
		"3350/37",
		20,
		"329/4",
		83,
		"1496/19",
		27,
		"13770/277",
		83,
		"40878/1385",
		"8041/1370",
		"607469/6250",
		"7713/1370",
		20,
		78,
		20,
		60,
		"952951724/9765625",
		37,
		"4101/370",
		71,
		"95600977/987500",
		56,
		34,
		"103654/3041",
		"1867504/20827",
		65,
		82,
		54,
		33,
		68,
		"3263/50",
		27,
		"298744/3125",
		66,
		"174549/3041",
		"600623/6250",
		"300658/3125",
		41,
		87,
		"7669/1105",
		49,
		"127909/3041",
		72,
		92,
		"604187/6250",
		"1349/221",
		85,
		"29506/353",
		55,
		41,
		39
	],
	"steiner_points_y": [
		55,
		7,
		"213/37",
		24,
		92,
		22,
		"72/19",
		23,
		"645/277",
		16,
		"6249/1385",
		"17583/1370",
		"176233/6250",
		"29719/1370",
		62,
		86,
		45,
		23,
		"175786893/9765625",
		19,
		"2663/370",
		73,
		"478841/12500",
		82,
		52,
		"298552/3041",
		"1843386/20827",
		94,
		54,
		87,
		49,
		28,
		"4791/50",
		51,
		"219533/3125",
		48,
		"293396/3041",
		"356511/6250",
		"169131/3125",
		83,
		82,
		"91723/1105",
		46,
		"296788/3041",
		35,
		41,
		"262659/6250",
		"16820/221",
		87,
		"32254/353",
		73,
		63,
		67
	],
	"edges": [
		[
			0,
			1
		],
		[
			1,
			81
		],
		[
			0,
			81
		],
		[
			20,
			47
		],
		[
			20,
			99
		],
		[
			47,
			99
		],
		[
			84,
			102
		],
		[
			90,
			102
		],
		[
			84,
			90
		],
		[
			108,
			109
		],
		[
			37,
			108
		],
		[
			37,
			109
		],
		[
			20,
			110
		],
		[
			20,
			83
		],
		[
			83,
			110
		],
		[
			22,
			95
		],
		[
			88,
			95
		],
		[
			22,
			88
		],
		[
			45,
			90
		],
		[
			52,
			90
		],
		[
			45,
			52
		],
		[
			41,
			73
		],
		[
			41,
			71
		],
		[
			71,
			73
		],
		[
			55,
			72
		],
		[
			55,
			82
		],
		[
			72,
			82
		],
		[
			105,
			106
		],
		[
			42,
			105
		],
		[
			42,
			106
		],
		[
			100,
			108
		],
		[
			86,
			108
		],
		[
			86,
			100
		],
		[
			94,
			100
		],
		[
			23,
			100
		],
		[
			23,
			94
		],
		[
			53,
			67
		],
		[
			40,
			67
		],
		[
			40,
			53
		],
		[
			26,
			66
		],
		[
			26,
			69
		],
		[
			66,
			69
		],
		[
			81,
			83
		],
		[
			6,
			83
		],
		[
			6,
			81
		],
		[
			0,
			94
		],
		[
			0,
			100
		],
		[
			0,
			75
		],
		[
			75,
			81
		],
		[
			7,
			27
		],
		[
			7,
			77
		],
		[
			27,
			77
		],
		[
			48,
			95
		],
		[
			48,
			88
		],
		[
			14,
			94
		],
		[
			1,
			14
		],
		[
			1,
			94
		],
		[
			9,
			110
		],
		[
			81,
			110
		],
		[
			9,
			81
		],
		[
			30,
			95
		],
		[
			9,
			30
		],
		[
			9,
			95
		],
		[
			51,
			65
		],
		[
			65,
			72
		],
		[
			51,
			72
		],
		[
			16,
			99
		],
		[
			16,
			85
		],
		[
			85,
			99
		],
		[
			3,
			87
		],
		[
			87,
			92
		],
		[
			3,
			92
		],
		[
			36,
			61
		],
		[
			7,
			61
		],
		[
			7,
			36
		],
		[
			23,
			86
		],
		[
			38,
			46
		],
		[
			46,
			77
		],
		[
			38,
			77
		],
		[
			58,
			104
		],
		[
			57,
			104
		],
		[
			57,
			58
		],
		[
			65,
			69
		],
		[
			51,
			69
		],
		[
			55,
			65
		],
		[
			41,
			80
		],
		[
			56,
			80
		],
		[
			41,
			56
		],
		[
			0,
			12
		],
		[
			12,
			100
		],
		[
			44,
			73
		],
		[
			41,
			44
		],
		[
			11,
			74
		],
		[
			11,
			13
		],
		[
			13,
			74
		],
		[
			18,
			69
		],
		[
			18,
			66
		],
		[
			8,
			76
		],
		[
			63,
			76
		],
		[
			8,
			63
		],
		[
			18,
			62
		],
		[
			18,
			50
		],
		[
			50,
			62
		],
		[
			12,
			75
		],
		[
			77,
			91
		],
		[
			43,
			77
		],
		[
			43,
			91
		],
		[
			2,
			84
		],
		[
			31,
			84
		],
		[
			2,
			31
		],
		[
			15,
			103
		],
		[
			15,
			89
		],
		[
			89,
			103
		],
		[
			102,
			111
		],
		[
			84,
			111
		],
		[
			61,
			68
		],
		[
			36,
			68
		],
		[
			49,
			90
		],
		[
			49,
			102
		],
		[
			4,
			33
		],
		[
			4,
			112
		],
		[
			33,
			112
		],
		[
			28,
			95
		],
		[
			28,
			30
		],
		[
			38,
			79
		],
		[
			46,
			79
		],
		[
			63,
			67
		],
		[
			19,
			63
		],
		[
			19,
			67
		],
		[
			86,
			109
		],
		[
			57,
			65
		],
		[
			55,
			57
		],
		[
			38,
			61
		],
		[
			61,
			79
		],
		[
			15,
			87
		],
		[
			15,
			59
		],
		[
			59,
			87
		],
		[
			54,
			97
		],
		[
			54,
			94
		],
		[
			94,
			97
		],
		[
			11,
			21
		],
		[
			11,
			107
		],
		[
			21,
			107
		],
		[
			39,
			46
		],
		[
			46,
			102
		],
		[
			39,
			102
		],
		[
			8,
			44
		],
		[
			8,
			73
		],
		[
			47,
			103
		],
		[
			47,
			89
		],
		[
			55,
			105
		],
		[
			82,
			105
		],
		[
			33,
			110
		],
		[
			4,
			110
		],
		[
			2,
			112
		],
		[
			2,
			16
		],
		[
			16,
			112
		],
		[
			34,
			49
		],
		[
			34,
			52
		],
		[
			49,
			52
		],
		[
			30,
			43
		],
		[
			39,
			43
		],
		[
			30,
			39
		],
		[
			16,
			33
		],
		[
			33,
			99
		],
		[
			17,
			74
		],
		[
			31,
			74
		],
		[
			17,
			31
		],
		[
			62,
			66
		],
		[
			40,
			79
		],
		[
			40,
			61
		],
		[
			11,
			35
		],
		[
			35,
			60
		],
		[
			11,
			60
		],
		[
			111,
			112
		],
		[
			4,
			111
		],
		[
			53,
			63
		],
		[
			9,
			102
		],
		[
			30,
			102
		],
		[
			88,
			105
		],
		[
			42,
			88
		],
		[
			21,
			32
		],
		[
			21,
			101
		],
		[
			32,
			101
		],
		[
			27,
			91
		],
		[
			58,
			91
		],
		[
			27,
			58
		],
		[
			5,
			88
		],
		[
			5,
			105
		],
		[
			29,
			37
		],
		[
			29,
			64
		],
		[
			37,
			64
		],
		[
			26,
			58
		],
		[
			26,
			27
		],
		[
			101,
			107
		],
		[
			47,
			83
		],
		[
			18,
			78
		],
		[
			50,
			78
		],
		[
			10,
			75
		],
		[
			10,
			81
		],
		[
			8,
			35
		],
		[
			35,
			76
		],
		[
			85,
			103
		],
		[
			99,
			103
		],
		[
			56,
			71
		],
		[
			18,
			51
		],
		[
			13,
			21
		],
		[
			15,
			96
		],
		[
			59,
			96
		],
		[
			7,
			38
		],
		[
			52,
			93
		],
		[
			45,
			93
		],
		[
			58,
			65
		],
		[
			26,
			65
		],
		[
			51,
			78
		],
		[
			19,
			52
		],
		[
			52,
			67
		],
		[
			34,
			67
		],
		[
			82,
			106
		],
		[
			59,
			92
		],
		[
			2,
			111
		],
		[
			17,
			93
		],
		[
			76,
			93
		],
		[
			17,
			76
		],
		[
			14,
			88
		],
		[
			14,
			42
		],
		[
			12,
			108
		],
		[
			28,
			43
		],
		[
			83,
			89
		],
		[
			6,
			89
		],
		[
			6,
			15
		],
		[
			42,
			54
		],
		[
			54,
			98
		],
		[
			42,
			98
		],
		[
			37,
			75
		],
		[
			12,
			37
		],
		[
			22,
			28
		],
		[
			28,
			104
		],
		[
			22,
			104
		],
		[
			40,
			70
		],
		[
			40,
			68
		],
		[
			68,
			70
		],
		[
			9,
			48
		],
		[
			46,
			49
		],
		[
			91,
			104
		],
		[
			13,
			16
		],
		[
			16,
			74
		],
		[
			57,
			105
		],
		[
			64,
			109
		],
		[
			25,
			40
		],
		[
			25,
			70
		],
		[
			5,
			104
		],
		[
			5,
			57
		],
		[
			13,
			32
		],
		[
			5,
			22
		],
		[
			3,
			29
		],
		[
			29,
			87
		],
		[
			9,
			111
		],
		[
			6,
			10
		],
		[
			10,
			15
		],
		[
			32,
			85
		],
		[
			24,
			32
		],
		[
			24,
			85
		],
		[
			1,
			48
		],
		[
			48,
			81
		],
		[
			17,
			35
		],
		[
			24,
			101
		],
		[
			8,
			60
		],
		[
			25,
			41
		],
		[
			41,
			53
		],
		[
			25,
			53
		],
		[
			7,
			26
		],
		[
			3,
			64
		],
		[
			7,
			66
		],
		[
			43,
			104
		],
		[
			29,
			75
		],
		[
			25,
			80
		],
		[
			36,
			66
		],
		[
			39,
			77
		],
		[
			1,
			88
		],
		[
			49,
			79
		],
		[
			34,
			79
		],
		[
			45,
			84
		],
		[
			16,
			31
		],
		[
			96,
			103
		],
		[
			10,
			29
		],
		[
			10,
			87
		],
		[
			20,
			33
		],
		[
			31,
			45
		],
		[
			34,
			40
		],
		[
			35,
			74
		],
		[
			72,
			78
		],
		[
			16,
			32
		],
		[
			4,
			9
		],
		[
			44,
			63
		],
		[
			44,
			53
		],
		[
			19,
			93
		],
		[
			14,
			54
		],
		[
			31,
			93
		],
		[
			97,
			98
		],
		[
			19,
			76
		],
		[
			98,
			106
		]
	],
	"score": 0.5092592592592593,
	"obtuse num": 0,
	"steiner num": 113
}