{
	"content_type": "CG_SHOP_2025_Solution",
	"instance_uid": "point-set_80_d77fb670",
	"steiner_points_x": [
		"27696516377/10062749",
		"258318190/67283",
		9350,
		0,
		10465,
		4175,
		7180,
		7150,
		1643,
		2565,
		6919,
		7987,
		8168,
		882,
		7195,
		7787,
		8720,
		2753,
		3723,
		3460,
		11325,
		2200,
		9985,
		9985,
		4534,
		10610,
		9350,
		7200,
		"122129630039695/43819916949",
		"40462/5",
		8792,
		1018,
		"68772385/6866",
		7151,
		4503,
		3460,
		1643,
		3784,
		8793,
		3974,
		1471,
		"47091880/53441",
		"85769200/53441",
		"1427375/533",
		3243,
		"1967125571962307/1000408317333",
		2285,
		1965,
		2204,
		10234,
		9350
	],
	"steiner_points_y": [
		"1405699340/10062749",
		"2218050/67283",
		1110,
		2860,
		4397,
		424,
		0,
		9070,
		3175,
		2419,
		4837,
		5388,
		9070,
		1170,
		219,
		3785,
		5099,
		146,
		2325,
		9070,
		1985,
		3660,
		0,
		8275,
		3109,
		0,
		2860,
		7047,
		"5972043775400/43819916949",
		0,
		7296,
		3183,
		"60826745/6866",
		1420,
		3661,
		3175,
		1267,
		7971,
		9070,
		594,
		7650,
		"461964594/53441",
		"474446820/53441",
		9070,
		6520,
		"6998983696240/32271236043",
		794,
		625,
		1111,
		7260,
		6210
	],
	"edges": [
		[
			44,
			125
		],
		[
			44,
			97
		],
		[
			97,
			125
		],
		[
			19,
			69
		],
		[
			19,
			30
		],
		[
			30,
			69
		],
		[
			45,
			129
		],
		[
			20,
			45
		],
		[
			20,
			129
		],
		[
			71,
			127
		],
		[
			26,
			71
		],
		[
			26,
			127
		],
		[
			77,
			89
		],
		[
			79,
			89
		],
		[
			77,
			79
		],
		[
			71,
			128
		],
		[
			26,
			128
		],
		[
			32,
			38
		],
		[
			32,
			101
		],
		[
			38,
			101
		],
		[
			29,
			106
		],
		[
			1,
			106
		],
		[
			1,
			29
		],
		[
			19,
			38
		],
		[
			19,
			101
		],
		[
			25,
			56
		],
		[
			48,
			56
		],
		[
			25,
			48
		],
		[
			69,
			120
		],
		[
			61,
			69
		],
		[
			61,
			120
		],
		[
			35,
			84
		],
		[
			1,
			84
		],
		[
			1,
			35
		],
		[
			30,
			88
		],
		[
			28,
			30
		],
		[
			28,
			88
		],
		[
			71,
			75
		],
		[
			75,
			127
		],
		[
			78,
			103
		],
		[
			55,
			103
		],
		[
			19,
			120
		],
		[
			79,
			88
		],
		[
			77,
			88
		],
		[
			0,
			126
		],
		[
			21,
			126
		],
		[
			0,
			21
		],
		[
			9,
			14
		],
		[
			14,
			60
		],
		[
			9,
			60
		],
		[
			89,
			116
		],
		[
			79,
			116
		],
		[
			73,
			91
		],
		[
			90,
			91
		],
		[
			73,
			90
		],
		[
			59,
			65
		],
		[
			54,
			65
		],
		[
			54,
			59
		],
		[
			8,
			14
		],
		[
			8,
			72
		],
		[
			14,
			72
		],
		[
			2,
			31
		],
		[
			31,
			70
		],
		[
			2,
			70
		],
		[
			104,
			113
		],
		[
			4,
			113
		],
		[
			4,
			104
		],
		[
			27,
			130
		],
		[
			17,
			130
		],
		[
			17,
			27
		],
		[
			41,
			46
		],
		[
			43,
			46
		],
		[
			41,
			43
		],
		[
			61,
			121
		],
		[
			61,
			76
		],
		[
			6,
			107
		],
		[
			3,
			6
		],
		[
			3,
			107
		],
		[
			45,
			78
		],
		[
			9,
			82
		],
		[
			8,
			82
		],
		[
			8,
			9
		],
		[
			83,
			93
		],
		[
			12,
			93
		],
		[
			0,
			44
		],
		[
			0,
			97
		],
		[
			9,
			53
		],
		[
			53,
			60
		],
		[
			11,
			104
		],
		[
			4,
			11
		],
		[
			42,
			98
		],
		[
			4,
			98
		],
		[
			4,
			42
		],
		[
			33,
			93
		],
		[
			33,
			116
		],
		[
			93,
			116
		],
		[
			27,
			129
		],
		[
			67,
			129
		],
		[
			27,
			67
		],
		[
			5,
			123
		],
		[
			5,
			43
		],
		[
			43,
			123
		],
		[
			39,
			50
		],
		[
			50,
			68
		],
		[
			39,
			68
		],
		[
			46,
			120
		],
		[
			46,
			61
		],
		[
			24,
			56
		],
		[
			24,
			95
		],
		[
			56,
			95
		],
		[
			3,
			124
		],
		[
			117,
			124
		],
		[
			3,
			117
		],
		[
			44,
			127
		],
		[
			26,
			44
		],
		[
			28,
			32
		],
		[
			28,
			101
		],
		[
			6,
			15
		],
		[
			6,
			73
		],
		[
			15,
			73
		],
		[
			5,
			70
		],
		[
			70,
			123
		],
		[
			40,
			84
		],
		[
			64,
			84
		],
		[
			40,
			64
		],
		[
			64,
			66
		],
		[
			9,
			48
		],
		[
			48,
			53
		],
		[
			37,
			65
		],
		[
			37,
			59
		],
		[
			14,
			105
		],
		[
			72,
			105
		],
		[
			56,
			113
		],
		[
			25,
			113
		],
		[
			70,
			99
		],
		[
			29,
			100
		],
		[
			29,
			57
		],
		[
			4,
			16
		],
		[
			11,
			16
		],
		[
			54,
			118
		],
		[
			59,
			118
		],
		[
			32,
			114
		],
		[
			38,
			114
		],
		[
			11,
			114
		],
		[
			11,
			32
		],
		[
			6,
			124
		],
		[
			14,
			102
		],
		[
			22,
			55
		],
		[
			22,
			112
		],
		[
			7,
			130
		],
		[
			7,
			27
		],
		[
			3,
			31
		],
		[
			31,
			117
		],
		[
			3,
			34
		],
		[
			34,
			107
		],
		[
			70,
			117
		],
		[
			5,
			117
		],
		[
			43,
			47
		],
		[
			43,
			49
		],
		[
			47,
			49
		],
		[
			89,
			128
		],
		[
			21,
			89
		],
		[
			21,
			128
		],
		[
			30,
			111
		],
		[
			69,
			111
		],
		[
			46,
			49
		],
		[
			5,
			124
		],
		[
			51,
			63
		],
		[
			37,
			63
		],
		[
			37,
			51
		],
		[
			107,
			110
		],
		[
			39,
			110
		],
		[
			39,
			107
		],
		[
			22,
			74
		],
		[
			37,
			110
		],
		[
			65,
			110
		],
		[
			28,
			77
		],
		[
			59,
			74
		],
		[
			91,
			96
		],
		[
			95,
			96
		],
		[
			91,
			95
		],
		[
			7,
			84
		],
		[
			7,
			64
		],
		[
			54,
			92
		],
		[
			54,
			87
		],
		[
			30,
			101
		],
		[
			77,
			115
		],
		[
			16,
			115
		],
		[
			16,
			77
		],
		[
			64,
			67
		],
		[
			66,
			67
		],
		[
			65,
			107
		],
		[
			7,
			67
		],
		[
			44,
			126
		],
		[
			17,
			50
		],
		[
			50,
			110
		],
		[
			17,
			110
		],
		[
			41,
			120
		],
		[
			19,
			41
		],
		[
			90,
			114
		],
		[
			24,
			90
		],
		[
			24,
			114
		],
		[
			26,
			126
		],
		[
			90,
			95
		],
		[
			49,
			122
		],
		[
			49,
			61
		],
		[
			88,
			111
		],
		[
			29,
			84
		],
		[
			15,
			90
		],
		[
			86,
			94
		],
		[
			94,
			109
		],
		[
			52,
			94
		],
		[
			85,
			94
		],
		[
			52,
			85
		],
		[
			45,
			103
		],
		[
			25,
			53
		],
		[
			52,
			53
		],
		[
			25,
			52
		],
		[
			15,
			38
		],
		[
			15,
			114
		],
		[
			41,
			124
		],
		[
			19,
			124
		],
		[
			68,
			130
		],
		[
			35,
			130
		],
		[
			35,
			68
		],
		[
			33,
			79
		],
		[
			33,
			88
		],
		[
			82,
			106
		],
		[
			8,
			106
		],
		[
			62,
			129
		],
		[
			62,
			67
		],
		[
			0,
			108
		],
		[
			97,
			108
		],
		[
			63,
			129
		],
		[
			45,
			63
		],
		[
			81,
			119
		],
		[
			85,
			119
		],
		[
			81,
			85
		],
		[
			80,
			97
		],
		[
			51,
			59
		],
		[
			51,
			74
		],
		[
			23,
			72
		],
		[
			58,
			72
		],
		[
			23,
			58
		],
		[
			13,
			119
		],
		[
			13,
			85
		],
		[
			49,
			121
		],
		[
			33,
			111
		],
		[
			83,
			111
		],
		[
			33,
			83
		],
		[
			13,
			52
		],
		[
			126,
			128
		],
		[
			71,
			116
		],
		[
			116,
			128
		],
		[
			75,
			93
		],
		[
			39,
			73
		],
		[
			39,
			91
		],
		[
			21,
			42
		],
		[
			13,
			42
		],
		[
			13,
			21
		],
		[
			22,
			51
		],
		[
			89,
			98
		],
		[
			21,
			98
		],
		[
			125,
			127
		],
		[
			18,
			96
		],
		[
			1,
			96
		],
		[
			1,
			18
		],
		[
			11,
			115
		],
		[
			56,
			106
		],
		[
			18,
			56
		],
		[
			18,
			106
		],
		[
			7,
			35
		],
		[
			16,
			89
		],
		[
			104,
			114
		],
		[
			71,
			93
		],
		[
			53,
			109
		],
		[
			24,
			104
		],
		[
			24,
			113
		],
		[
			45,
			51
		],
		[
			51,
			103
		],
		[
			17,
			63
		],
		[
			17,
			129
		],
		[
			28,
			115
		],
		[
			48,
			82
		],
		[
			0,
			81
		],
		[
			34,
			65
		],
		[
			34,
			54
		],
		[
			58,
			100
		],
		[
			57,
			84
		],
		[
			34,
			87
		],
		[
			31,
			34
		],
		[
			31,
			87
		],
		[
			13,
			113
		],
		[
			52,
			113
		],
		[
			63,
			110
		],
		[
			18,
			95
		],
		[
			32,
			115
		],
		[
			10,
			85
		],
		[
			50,
			130
		],
		[
			16,
			98
		],
		[
			0,
			119
		],
		[
			42,
			113
		],
		[
			36,
			72
		],
		[
			68,
			91
		],
		[
			22,
			103
		],
		[
			15,
			124
		],
		[
			48,
			106
		],
		[
			53,
			94
		],
		[
			85,
			86
		],
		[
			35,
			96
		],
		[
			68,
			96
		],
		[
			8,
			58
		],
		[
			5,
			41
		],
		[
			73,
			107
		],
		[
			21,
			119
		],
		[
			38,
			124
		],
		[
			8,
			29
		],
		[
			29,
			58
		]
	],
	"score": 0.5096153846153846,
	"obtuse num": 0,
	"steiner num": 131
}