{
	"content_type": "CG_SHOP_2025_Solution",
	"instance_uid": "point-set_20_5868538a",
	"steiner_points_x": [
		2775,
		"1768901509/1943317",
		"4157817431/1943317",
		"3195015087/1943317",
		"6188368/250841",
		"3288774/250841",
		1876,
		484,
		"273706125/395453",
		"792127075/457213",
		582,
		"492570/313",
		119,
		985,
		1380
	],
	"steiner_points_y": [
		1008,
		"3205501061/1943317",
		"3190077644/1943317",
		"3196293728/1943317",
		"158870928/250841",
		"108877928/250841",
		434,
		582,
		"32517911/395453",
		"2286977/457213",
		1208,
		"4116/313",
		416,
		581,
		729
	],
	"edges": [
		[
			19,
			30
		],
		[
			13,
			19
		],
		[
			13,
			30
		],
		[
			9,
			32
		],
		[
			18,
			32
		],
		[
			9,
			18
		],
		[
			6,
			10
		],
		[
			10,
			28
		],
		[
			6,
			28
		],
		[
			3,
			17
		],
		[
			15,
			17
		],
		[
			3,
			15
		],
		[
			2,
			16
		],
		[
			16,
			33
		],
		[
			2,
			33
		],
		[
			18,
			19
		],
		[
			18,
			24
		],
		[
			19,
			24
		],
		[
			24,
			25
		],
		[
			18,
			25
		],
		[
			9,
			30
		],
		[
			9,
			19
		],
		[
			9,
			27
		],
		[
			27,
			30
		],
		[
			5,
			17
		],
		[
			5,
			20
		],
		[
			17,
			20
		],
		[
			10,
			27
		],
		[
			10,
			32
		],
		[
			27,
			32
		],
		[
			7,
			8
		],
		[
			7,
			23
		],
		[
			8,
			23
		],
		[
			5,
			8
		],
		[
			8,
			17
		],
		[
			11,
			20
		],
		[
			14,
			20
		],
		[
			11,
			14
		],
		[
			33,
			34
		],
		[
			2,
			34
		],
		[
			20,
			22
		],
		[
			14,
			22
		],
		[
			0,
			21
		],
		[
			0,
			13
		],
		[
			13,
			21
		],
		[
			25,
			32
		],
		[
			6,
			32
		],
		[
			6,
			25
		],
		[
			0,
			23
		],
		[
			21,
			23
		],
		[
			7,
			34
		],
		[
			8,
			34
		],
		[
			10,
			16
		],
		[
			16,
			28
		],
		[
			5,
			22
		],
		[
			5,
			23
		],
		[
			22,
			23
		],
		[
			4,
			12
		],
		[
			12,
			26
		],
		[
			4,
			26
		],
		[
			30,
			33
		],
		[
			27,
			33
		],
		[
			3,
			26
		],
		[
			17,
			26
		],
		[
			12,
			31
		],
		[
			12,
			29
		],
		[
			29,
			31
		],
		[
			7,
			30
		],
		[
			7,
			33
		],
		[
			15,
			20
		],
		[
			11,
			15
		],
		[
			2,
			26
		],
		[
			2,
			12
		],
		[
			0,
			7
		],
		[
			8,
			26
		],
		[
			26,
			34
		],
		[
			0,
			30
		],
		[
			2,
			31
		],
		[
			16,
			31
		],
		[
			10,
			33
		],
		[
			3,
			4
		],
		[
			4,
			29
		],
		[
			1,
			14
		],
		[
			1,
			11
		]
	],
	"score": 0.53125,
	"obtuse num": 0,
	"steiner num": 35
}