{
	"content_type": "CG_SHOP_2025_Solution",
	"instance_uid": "point-set_60_27bc003d",
	"steiner_points_x": [
		3097,
		8400,
		3006,
		"24600/11",
		"73778188/52093",
		2400,
		4451,
		3286,
		3500,
		12550,
		"15394695/1769",
		"202966400/52093",
		"22200970/1769",
		3485,
		9434,
		7179,
		10050,
		"13479625/1033",
		10650,
		8900,
		"17956940/1769",
		12535,
		2536,
		4749,
		"190045750/15529",
		7680,
		2400,
		3486,
		10197,
		4100,
		2400,
		999,
		7594,
		"20255180/1769",
		11233,
		2213,
		12940,
		"129054470/52093",
		12536,
		1776,
		2174,
		10057,
		10310,
		"12118240/1769",
		9350,
		6039,
		10596,
		6936,
		2228,
		12510,
		6097,
		6119,
		10596,
		4270,
		"59193819044/78637551",
		8397,
		8090,
		"7364100/1601",
		8403,
		8391,
		4295,
		9356,
		3751,
		"190451396/52093",
		1699,
		"69531326/52093",
		4336,
		"474853120959876400/42140746798321",
		12967,
		749,
		12938,
		"105668234/52093",
		10195,
		10151,
		"202835179/15529",
		"412396421/31058",
		10521,
		12531,
		10654,
		10759,
		12937,
		200,
		10466,
		8343,
		2404,
		8062,
		6252,
		8966,
		8828,
		5375
	],
	"steiner_points_y": [
		5750,
		10157,
		9132,
		"53800/11",
		"365751758/52093",
		7700,
		1756,
		10036,
		7800,
		900,
		"34615/1769",
		"30177500/52093",
		"85790/1769",
		7288,
		1798,
		8684,
		"27565964069300/2713680649",
		"307575/1033",
		"27565964069300/2713680649",
		10158,
		"53880/1769",
		2445,
		4987,
		7512,
		"125051700/15529",
		10267,
		7300,
		7600,
		750,
		10309,
		10310,
		10309,
		10700,
		"71160/1769",
		6894,
		7571,
		2275,
		"222168245/52093",
		5350,
		8584,
		5487,
		2339,
		10187,
		"9980/1769",
		9959,
		3601,
		2150,
		1244,
		8732,
		2192,
		1049,
		1700,
		2388,
		5784,
		"229220747118/26212517",
		1601,
		10137,
		"60050/1601",
		9029,
		1759,
		5551,
		815,
		4592,
		"62685986/52093",
		10340,
		"376783241/52093",
		9604,
		"438781237789029450/42140746798321",
		2055,
		10309,
		2450,
		"282915419/52093",
		5750,
		5351,
		"93937119/15529",
		"171510831/31058",
		6177,
		5831,
		5354,
		5555,
		5382,
		"417400/41",
		8075,
		3055,
		5651,
		5582,
		5762,
		6941,
		8831,
		6883
	],
	"edges": [
		[
			81,
			112
		],
		[
			81,
			109
		],
		[
			109,
			112
		],
		[
			133,
			143
		],
		[
			101,
			133
		],
		[
			101,
			143
		],
		[
			100,
			131
		],
		[
			63,
			100
		],
		[
			12,
			147
		],
		[
			145,
			147
		],
		[
			12,
			145
		],
		[
			106,
			112
		],
		[
			106,
			109
		],
		[
			116,
			118
		],
		[
			75,
			118
		],
		[
			75,
			116
		],
		[
			108,
			124
		],
		[
			99,
			108
		],
		[
			99,
			124
		],
		[
			63,
			82
		],
		[
			82,
			97
		],
		[
			43,
			60
		],
		[
			27,
			60
		],
		[
			27,
			43
		],
		[
			81,
			98
		],
		[
			98,
			130
		],
		[
			81,
			130
		],
		[
			55,
			105
		],
		[
			55,
			111
		],
		[
			105,
			111
		],
		[
			12,
			118
		],
		[
			12,
			75
		],
		[
			145,
			146
		],
		[
			105,
			145
		],
		[
			105,
			146
		],
		[
			137,
			140
		],
		[
			134,
			137
		],
		[
			134,
			140
		],
		[
			56,
			138
		],
		[
			133,
			138
		],
		[
			56,
			133
		],
		[
			129,
			141
		],
		[
			114,
			129
		],
		[
			1,
			101
		],
		[
			1,
			74
		],
		[
			74,
			101
		],
		[
			57,
			138
		],
		[
			20,
			138
		],
		[
			20,
			57
		],
		[
			132,
			133
		],
		[
			56,
			132
		],
		[
			142,
			148
		],
		[
			142,
			147
		],
		[
			147,
			148
		],
		[
			99,
			114
		],
		[
			99,
			125
		],
		[
			92,
			126
		],
		[
			85,
			92
		],
		[
			85,
			126
		],
		[
			47,
			108
		],
		[
			47,
			65
		],
		[
			65,
			108
		],
		[
			13,
			78
		],
		[
			2,
			78
		],
		[
			100,
			144
		],
		[
			64,
			100
		],
		[
			64,
			144
		],
		[
			61,
			116
		],
		[
			37,
			116
		],
		[
			37,
			61
		],
		[
			89,
			92
		],
		[
			59,
			89
		],
		[
			21,
			67
		],
		[
			21,
			89
		],
		[
			67,
			89
		],
		[
			9,
			86
		],
		[
			9,
			43
		],
		[
			43,
			86
		],
		[
			75,
			85
		],
		[
			85,
			116
		],
		[
			30,
			32
		],
		[
			30,
			136
		],
		[
			32,
			136
		],
		[
			5,
			128
		],
		[
			18,
			128
		],
		[
			105,
			122
		],
		[
			66,
			105
		],
		[
			66,
			122
		],
		[
			132,
			136
		],
		[
			30,
			132
		],
		[
			65,
			99
		],
		[
			79,
			104
		],
		[
			14,
			79
		],
		[
			14,
			104
		],
		[
			64,
			95
		],
		[
			86,
			95
		],
		[
			64,
			86
		],
		[
			68,
			83
		],
		[
			68,
			126
		],
		[
			83,
			126
		],
		[
			90,
			124
		],
		[
			90,
			108
		],
		[
			81,
			96
		],
		[
			96,
			109
		],
		[
			54,
			111
		],
		[
			54,
			110
		],
		[
			110,
			111
		],
		[
			94,
			137
		],
		[
			84,
			94
		],
		[
			84,
			137
		],
		[
			57,
			81
		],
		[
			57,
			112
		],
		[
			75,
			126
		],
		[
			51,
			80
		],
		[
			10,
			51
		],
		[
			10,
			80
		],
		[
			23,
			109
		],
		[
			69,
			109
		],
		[
			23,
			69
		],
		[
			50,
			76
		],
		[
			11,
			76
		],
		[
			19,
			38
		],
		[
			6,
			19
		],
		[
			6,
			38
		],
		[
			120,
			122
		],
		[
			105,
			120
		],
		[
			52,
			129
		],
		[
			52,
			141
		],
		[
			83,
			113
		],
		[
			83,
			149
		],
		[
			113,
			149
		],
		[
			132,
			147
		],
		[
			136,
			147
		],
		[
			35,
			91
		],
		[
			91,
			129
		],
		[
			35,
			129
		],
		[
			37,
			85
		],
		[
			83,
			87
		],
		[
			73,
			83
		],
		[
			73,
			87
		],
		[
			112,
			133
		],
		[
			112,
			138
		],
		[
			68,
			87
		],
		[
			23,
			106
		],
		[
			94,
			136
		],
		[
			32,
			94
		],
		[
			98,
			140
		],
		[
			130,
			140
		],
		[
			44,
			104
		],
		[
			55,
			143
		],
		[
			105,
			143
		],
		[
			17,
			141
		],
		[
			118,
			148
		],
		[
			12,
			148
		],
		[
			29,
			61
		],
		[
			15,
			61
		],
		[
			7,
			68
		],
		[
			7,
			47
		],
		[
			47,
			68
		],
		[
			103,
			110
		],
		[
			107,
			110
		],
		[
			103,
			107
		],
		[
			82,
			122
		],
		[
			97,
			122
		],
		[
			67,
			126
		],
		[
			89,
			126
		],
		[
			39,
			119
		],
		[
			115,
			119
		],
		[
			39,
			115
		],
		[
			4,
			140
		],
		[
			135,
			140
		],
		[
			43,
			87
		],
		[
			43,
			73
		],
		[
			22,
			36
		],
		[
			22,
			69
		],
		[
			36,
			69
		],
		[
			42,
			84
		],
		[
			42,
			142
		],
		[
			84,
			142
		],
		[
			113,
			146
		],
		[
			120,
			146
		],
		[
			113,
			120
		],
		[
			76,
			104
		],
		[
			76,
			142
		],
		[
			104,
			142
		],
		[
			62,
			126
		],
		[
			62,
			68
		],
		[
			1,
			88
		],
		[
			74,
			88
		],
		[
			11,
			104
		],
		[
			2,
			102
		],
		[
			16,
			102
		],
		[
			69,
			77
		],
		[
			5,
			69
		],
		[
			53,
			124
		],
		[
			49,
			124
		],
		[
			86,
			144
		],
		[
			16,
			76
		],
		[
			88,
			121
		],
		[
			74,
			121
		],
		[
			65,
			95
		],
		[
			95,
			99
		],
		[
			66,
			111
		],
		[
			66,
			110
		],
		[
			69,
			128
		],
		[
			10,
			93
		],
		[
			82,
			144
		],
		[
			82,
			100
		],
		[
			74,
			115
		],
		[
			115,
			121
		],
		[
			40,
			123
		],
		[
			40,
			71
		],
		[
			19,
			34
		],
		[
			19,
			110
		],
		[
			34,
			110
		],
		[
			3,
			24
		],
		[
			3,
			82
		],
		[
			24,
			82
		],
		[
			66,
			123
		],
		[
			33,
			66
		],
		[
			33,
			123
		],
		[
			78,
			127
		],
		[
			31,
			78
		],
		[
			61,
			79
		],
		[
			79,
			118
		],
		[
			61,
			118
		],
		[
			45,
			120
		],
		[
			45,
			113
		],
		[
			51,
			70
		],
		[
			75,
			83
		],
		[
			75,
			149
		],
		[
			78,
			142
		],
		[
			78,
			84
		],
		[
			96,
			128
		],
		[
			18,
			96
		],
		[
			66,
			97
		],
		[
			46,
			90
		],
		[
			48,
			90
		],
		[
			51,
			88
		],
		[
			10,
			88
		],
		[
			26,
			130
		],
		[
			26,
			96
		],
		[
			96,
			130
		],
		[
			76,
			102
		],
		[
			95,
			125
		],
		[
			28,
			139
		],
		[
			56,
			139
		],
		[
			28,
			56
		],
		[
			137,
			139
		],
		[
			98,
			137
		],
		[
			98,
			139
		],
		[
			53,
			90
		],
		[
			91,
			124
		],
		[
			49,
			91
		],
		[
			1,
			106
		],
		[
			88,
			106
		],
		[
			65,
			86
		],
		[
			91,
			114
		],
		[
			33,
			110
		],
		[
			27,
			86
		],
		[
			109,
			128
		],
		[
			102,
			142
		],
		[
			78,
			102
		],
		[
			28,
			30
		],
		[
			28,
			32
		],
		[
			62,
			90
		],
		[
			67,
			90
		],
		[
			62,
			67
		],
		[
			104,
			118
		],
		[
			8,
			56
		],
		[
			8,
			132
		],
		[
			22,
			72
		],
		[
			57,
			98
		],
		[
			28,
			137
		],
		[
			60,
			73
		],
		[
			1,
			112
		],
		[
			91,
			99
		],
		[
			20,
			56
		],
		[
			7,
			87
		],
		[
			42,
			94
		],
		[
			27,
			144
		],
		[
			3,
			122
		],
		[
			3,
			120
		],
		[
			38,
			110
		],
		[
			10,
			25
		],
		[
			22,
			25
		],
		[
			10,
			22
		],
		[
			12,
			149
		],
		[
			39,
			55
		],
		[
			39,
			111
		],
		[
			33,
			38
		],
		[
			47,
			62
		],
		[
			62,
			108
		],
		[
			7,
			9
		],
		[
			9,
			65
		],
		[
			7,
			65
		],
		[
			32,
			137
		],
		[
			20,
			98
		],
		[
			24,
			144
		],
		[
			101,
			112
		],
		[
			33,
			40
		],
		[
			42,
			147
		],
		[
			8,
			28
		],
		[
			146,
			149
		],
		[
			12,
			146
		],
		[
			143,
			145
		],
		[
			24,
			60
		],
		[
			24,
			27
		],
		[
			70,
			121
		],
		[
			51,
			121
		],
		[
			74,
			119
		],
		[
			0,
			79
		],
		[
			46,
			67
		],
		[
			20,
			139
		],
		[
			45,
			60
		],
		[
			24,
			45
		],
		[
			29,
			79
		],
		[
			39,
			54
		],
		[
			54,
			115
		],
		[
			8,
			30
		],
		[
			70,
			107
		],
		[
			107,
			115
		],
		[
			54,
			107
		],
		[
			74,
			143
		],
		[
			119,
			143
		],
		[
			4,
			130
		],
		[
			41,
			130
		],
		[
			9,
			87
		],
		[
			3,
			45
		],
		[
			60,
			113
		],
		[
			73,
			113
		],
		[
			104,
			148
		],
		[
			22,
			93
		],
		[
			25,
			88
		],
		[
			42,
			136
		],
		[
			38,
			40
		],
		[
			132,
			145
		],
		[
			70,
			115
		],
		[
			19,
			117
		],
		[
			55,
			119
		],
		[
			25,
			69
		],
		[
			23,
			88
		],
		[
			133,
			145
		],
		[
			6,
			40
		],
		[
			23,
			25
		]
	],
	"score": 0.5054945054945055,
	"obtuse num": 0,
	"steiner num": 150
}