{
	"content_type": "CG_SHOP_2025_Solution",
	"instance_uid": "simple-polygon-exterior-20_100_512f0fc4",
	"steiner_points_x": [
		25,
		8,
		"1481/23",
		35,
		48,
		"25717/485",
		63,
		26,
		"1450/53",
		"1380193/31525",
		"7529/193",
		41,
		"185/113",
		"8998351743/144062945",
		"23717/485",
		"19969/313",
		30,
		33,
		7,
		"77/113",
		"2831/65",
		"40213/626",
		10,
		50,
		"17489/485",
		55,
		"273/226",
		"37103489/594074",
		47,
		29,
		"40539/626",
		"30381/493",
		11,
		40,
		46,
		"119941/1878",
		48,
		39,
		51,
		53,
		55,
		35,
		57,
		36,
		22,
		39,
		36,
		49,
		59,
		"5933/101",
		"1097/29",
		59,
		17,
		20,
		"99/2",
		"19881/313",
		"19781/313",
		18,
		"1247/71",
		"68296/5525",
		20,
		"97377/5822",
		"1011/82",
		10,
		"203/17",
		"13617/485",
		7,
		18,
		11,
		"3122/89",
		40,
		29,
		39,
		47,
		41
	],
	"steiner_points_y": [
		74,
		47,
		"396/23",
		25,
		12,
		"706/485",
		21,
		63,
		"1047/53",
		"32644/31525",
		"158/193",
		9,
		"2310/113",
		"271501359/144062945",
		"6766/5335",
		"10026/313",
		19,
		74,
		23,
		"3930/113",
		"392/65",
		"13177/626",
		60,
		42,
		"332/485",
		13,
		"6075/226",
		2,
		14,
		69,
		"5027/626",
		"30608/493",
		31,
		42,
		49,
		"56981/1878",
		35,
		53,
		45,
		49,
		39,
		57,
		43,
		10,
		40,
		14,
		5,
		59,
		35,
		"5209/101",
		"1858/29",
		29,
		39,
		30,
		"41/2",
		"12226/313",
		"14726/313",
		51,
		"569/71",
		"71387/5525",
		15,
		"2765/5822",
		"79/82",
		15,
		"302/17",
		"156/485",
		19,
		27,
		23,
		"1542/89",
		16,
		27,
		67,
		74,
		74
	],
	"edges": [
		[
			8,
			138
		],
		[
			8,
			139
		],
		[
			138,
			139
		],
		[
			158,
			160
		],
		[
			39,
			160
		],
		[
			39,
			158
		],
		[
			14,
			15
		],
		[
			15,
			16
		],
		[
			14,
			16
		],
		[
			7,
			133
		],
		[
			6,
			7
		],
		[
			6,
			133
		],
		[
			21,
			23
		],
		[
			21,
			22
		],
		[
			22,
			23
		],
		[
			17,
			172
		],
		[
			172,
			174
		],
		[
			17,
			174
		],
		[
			11,
			12
		],
		[
			12,
			13
		],
		[
			11,
			13
		],
		[
			51,
			108
		],
		[
			56,
			108
		],
		[
			51,
			56
		],
		[
			16,
			17
		],
		[
			17,
			173
		],
		[
			16,
			173
		],
		[
			12,
			147
		],
		[
			13,
			147
		],
		[
			158,
			161
		],
		[
			36,
			158
		],
		[
			36,
			161
		],
		[
			29,
			90
		],
		[
			28,
			29
		],
		[
			28,
			90
		],
		[
			55,
			160
		],
		[
			55,
			56
		],
		[
			56,
			160
		],
		[
			27,
			32
		],
		[
			27,
			28
		],
		[
			28,
			32
		],
		[
			26,
			32
		],
		[
			26,
			27
		],
		[
			11,
			139
		],
		[
			9,
			11
		],
		[
			9,
			139
		],
		[
			36,
			37
		],
		[
			37,
			165
		],
		[
			36,
			165
		],
		[
			92,
			94
		],
		[
			94,
			157
		],
		[
			92,
			157
		],
		[
			89,
			144
		],
		[
			89,
			90
		],
		[
			90,
			144
		],
		[
			32,
			119
		],
		[
			26,
			119
		],
		[
			71,
			130
		],
		[
			71,
			127
		],
		[
			127,
			130
		],
		[
			8,
			134
		],
		[
			134,
			138
		],
		[
			19,
			129
		],
		[
			19,
			20
		],
		[
			20,
			129
		],
		[
			18,
			147
		],
		[
			17,
			18
		],
		[
			17,
			147
		],
		[
			24,
			122
		],
		[
			23,
			24
		],
		[
			23,
			122
		],
		[
			44,
			166
		],
		[
			44,
			164
		],
		[
			164,
			166
		],
		[
			15,
			17
		],
		[
			15,
			147
		],
		[
			14,
			131
		],
		[
			16,
			131
		],
		[
			32,
			132
		],
		[
			31,
			132
		],
		[
			31,
			32
		],
		[
			20,
			21
		],
		[
			21,
			129
		],
		[
			4,
			87
		],
		[
			4,
			86
		],
		[
			86,
			87
		],
		[
			9,
			156
		],
		[
			9,
			10
		],
		[
			10,
			156
		],
		[
			37,
			38
		],
		[
			38,
			146
		],
		[
			37,
			146
		],
		[
			84,
			103
		],
		[
			85,
			103
		],
		[
			84,
			85
		],
		[
			99,
			141
		],
		[
			20,
			99
		],
		[
			20,
			141
		],
		[
			30,
			46
		],
		[
			46,
			168
		],
		[
			30,
			168
		],
		[
			22,
			122
		],
		[
			22,
			94
		],
		[
			94,
			122
		],
		[
			4,
			6
		],
		[
			4,
			133
		],
		[
			25,
			93
		],
		[
			25,
			122
		],
		[
			93,
			122
		],
		[
			3,
			97
		],
		[
			3,
			88
		],
		[
			88,
			97
		],
		[
			82,
			83
		],
		[
			74,
			82
		],
		[
			74,
			83
		],
		[
			1,
			97
		],
		[
			97,
			99
		],
		[
			1,
			99
		],
		[
			35,
			40
		],
		[
			40,
			162
		],
		[
			35,
			162
		],
		[
			31,
			33
		],
		[
			32,
			33
		],
		[
			8,
			11
		],
		[
			8,
			12
		],
		[
			95,
			144
		],
		[
			144,
			152
		],
		[
			95,
			152
		],
		[
			88,
			96
		],
		[
			96,
			97
		],
		[
			22,
			107
		],
		[
			98,
			107
		],
		[
			22,
			98
		],
		[
			40,
			161
		],
		[
			40,
			158
		],
		[
			11,
			149
		],
		[
			13,
			149
		],
		[
			4,
			136
		],
		[
			6,
			136
		],
		[
			161,
			162
		],
		[
			81,
			136
		],
		[
			80,
			136
		],
		[
			80,
			81
		],
		[
			19,
			141
		],
		[
			13,
			14
		],
		[
			14,
			149
		],
		[
			9,
			149
		],
		[
			10,
			149
		],
		[
			1,
			3
		],
		[
			26,
			101
		],
		[
			27,
			101
		],
		[
			96,
			98
		],
		[
			96,
			157
		],
		[
			98,
			157
		],
		[
			42,
			159
		],
		[
			42,
			158
		],
		[
			158,
			159
		],
		[
			94,
			98
		],
		[
			81,
			82
		],
		[
			81,
			151
		],
		[
			82,
			151
		],
		[
			44,
			168
		],
		[
			44,
			118
		],
		[
			118,
			168
		],
		[
			37,
			124
		],
		[
			124,
			146
		],
		[
			34,
			41
		],
		[
			35,
			41
		],
		[
			34,
			35
		],
		[
			31,
			118
		],
		[
			33,
			118
		],
		[
			48,
			49
		],
		[
			49,
			50
		],
		[
			48,
			50
		],
		[
			28,
			132
		],
		[
			80,
			140
		],
		[
			140,
			148
		],
		[
			80,
			148
		],
		[
			58,
			171
		],
		[
			50,
			58
		],
		[
			50,
			171
		],
		[
			20,
			107
		],
		[
			21,
			107
		],
		[
			7,
			134
		],
		[
			7,
			138
		],
		[
			10,
			14
		],
		[
			10,
			131
		],
		[
			87,
			133
		],
		[
			3,
			87
		],
		[
			3,
			133
		],
		[
			0,
			1
		],
		[
			1,
			141
		],
		[
			0,
			141
		],
		[
			33,
			126
		],
		[
			33,
			112
		],
		[
			112,
			126
		],
		[
			21,
			100
		],
		[
			23,
			100
		],
		[
			33,
			119
		],
		[
			117,
			174
		],
		[
			117,
			172
		],
		[
			112,
			166
		],
		[
			34,
			166
		],
		[
			34,
			112
		],
		[
			24,
			25
		],
		[
			119,
			126
		],
		[
			31,
			168
		],
		[
			30,
			31
		],
		[
			19,
			150
		],
		[
			19,
			172
		],
		[
			150,
			172
		],
		[
			5,
			82
		],
		[
			5,
			81
		],
		[
			124,
			165
		],
		[
			45,
			53
		],
		[
			42,
			53
		],
		[
			42,
			45
		],
		[
			112,
			118
		],
		[
			118,
			166
		],
		[
			123,
			138
		],
		[
			78,
			138
		],
		[
			78,
			123
		],
		[
			40,
			41
		],
		[
			13,
			15
		],
		[
			54,
			55
		],
		[
			54,
			160
		],
		[
			43,
			45
		],
		[
			42,
			43
		],
		[
			91,
			152
		],
		[
			27,
			152
		],
		[
			27,
			91
		],
		[
			65,
			66
		],
		[
			65,
			68
		],
		[
			66,
			68
		],
		[
			92,
			93
		],
		[
			93,
			94
		],
		[
			72,
			125
		],
		[
			73,
			125
		],
		[
			72,
			73
		],
		[
			95,
			96
		],
		[
			95,
			157
		],
		[
			42,
			160
		],
		[
			42,
			54
		],
		[
			47,
			167
		],
		[
			48,
			167
		],
		[
			47,
			48
		],
		[
			7,
			123
		],
		[
			60,
			103
		],
		[
			60,
			84
		],
		[
			69,
			72
		],
		[
			70,
			72
		],
		[
			69,
			70
		],
		[
			60,
			169
		],
		[
			59,
			169
		],
		[
			59,
			60
		],
		[
			69,
			114
		],
		[
			70,
			114
		],
		[
			30,
			47
		],
		[
			30,
			167
		],
		[
			105,
			127
		],
		[
			113,
			127
		],
		[
			105,
			113
		],
		[
			63,
			84
		],
		[
			60,
			63
		],
		[
			59,
			171
		],
		[
			58,
			59
		],
		[
			141,
			150
		],
		[
			29,
			167
		],
		[
			29,
			30
		],
		[
			87,
			88
		],
		[
			53,
			54
		],
		[
			53,
			55
		],
		[
			87,
			89
		],
		[
			88,
			89
		],
		[
			51,
			58
		],
		[
			58,
			108
		],
		[
			2,
			134
		],
		[
			2,
			7
		],
		[
			70,
			105
		],
		[
			105,
			114
		],
		[
			143,
			146
		],
		[
			111,
			143
		],
		[
			111,
			146
		],
		[
			92,
			101
		],
		[
			93,
			101
		],
		[
			66,
			67
		],
		[
			66,
			120
		],
		[
			67,
			120
		],
		[
			92,
			95
		],
		[
			57,
			160
		],
		[
			39,
			57
		],
		[
			110,
			146
		],
		[
			110,
			124
		],
		[
			57,
			108
		],
		[
			108,
			116
		],
		[
			57,
			116
		],
		[
			89,
			171
		],
		[
			86,
			89
		],
		[
			86,
			171
		],
		[
			163,
			164
		],
		[
			163,
			166
		],
		[
			76,
			140
		],
		[
			76,
			148
		],
		[
			81,
			148
		],
		[
			106,
			151
		],
		[
			135,
			151
		],
		[
			106,
			135
		],
		[
			85,
			86
		],
		[
			85,
			171
		],
		[
			96,
			99
		],
		[
			98,
			99
		],
		[
			79,
			80
		],
		[
			79,
			140
		],
		[
			2,
			3
		],
		[
			2,
			133
		],
		[
			65,
			111
		],
		[
			66,
			111
		],
		[
			63,
			64
		],
		[
			63,
			128
		],
		[
			64,
			128
		],
		[
			57,
			61
		],
		[
			38,
			61
		],
		[
			38,
			57
		],
		[
			143,
			145
		],
		[
			111,
			145
		],
		[
			76,
			142
		],
		[
			142,
			156
		],
		[
			76,
			156
		],
		[
			75,
			76
		],
		[
			76,
			155
		],
		[
			75,
			155
		],
		[
			38,
			39
		],
		[
			9,
			77
		],
		[
			9,
			142
		],
		[
			77,
			142
		],
		[
			71,
			113
		],
		[
			140,
			142
		],
		[
			2,
			137
		],
		[
			134,
			137
		],
		[
			38,
			143
		],
		[
			49,
			171
		],
		[
			49,
			89
		],
		[
			29,
			132
		],
		[
			70,
			127
		],
		[
			77,
			139
		],
		[
			45,
			46
		],
		[
			45,
			168
		],
		[
			155,
			156
		],
		[
			75,
			148
		],
		[
			91,
			95
		],
		[
			103,
			171
		],
		[
			43,
			164
		],
		[
			43,
			163
		],
		[
			73,
			74
		],
		[
			74,
			106
		],
		[
			73,
			106
		],
		[
			77,
			138
		],
		[
			59,
			103
		],
		[
			88,
			144
		],
		[
			109,
			120
		],
		[
			114,
			120
		],
		[
			109,
			114
		],
		[
			30,
			132
		],
		[
			50,
			51
		],
		[
			77,
			78
		],
		[
			63,
			154
		],
		[
			84,
			154
		],
		[
			75,
			115
		],
		[
			115,
			155
		],
		[
			60,
			170
		],
		[
			63,
			170
		],
		[
			5,
			136
		],
		[
			4,
			5
		],
		[
			34,
			163
		],
		[
			74,
			125
		],
		[
			83,
			125
		],
		[
			79,
			136
		],
		[
			96,
			144
		],
		[
			89,
			153
		],
		[
			90,
			153
		],
		[
			67,
			110
		],
		[
			67,
			109
		],
		[
			109,
			110
		],
		[
			102,
			106
		],
		[
			106,
			121
		],
		[
			102,
			121
		],
		[
			26,
			93
		],
		[
			25,
			26
		],
		[
			44,
			45
		],
		[
			45,
			164
		],
		[
			12,
			137
		],
		[
			0,
			137
		],
		[
			0,
			12
		],
		[
			62,
			145
		],
		[
			62,
			111
		],
		[
			68,
			120
		],
		[
			68,
			114
		],
		[
			40,
			159
		],
		[
			75,
			135
		],
		[
			115,
			135
		],
		[
			46,
			53
		],
		[
			78,
			79
		],
		[
			78,
			140
		],
		[
			49,
			167
		],
		[
			128,
			154
		],
		[
			75,
			151
		],
		[
			12,
			134
		],
		[
			91,
			101
		],
		[
			73,
			130
		],
		[
			73,
			102
		],
		[
			102,
			130
		],
		[
			46,
			47
		],
		[
			47,
			52
		],
		[
			46,
			52
		],
		[
			52,
			53
		],
		[
			52,
			55
		],
		[
			51,
			55
		],
		[
			91,
			92
		],
		[
			72,
			127
		],
		[
			121,
			135
		],
		[
			69,
			125
		],
		[
			0,
			150
		],
		[
			100,
			117
		],
		[
			117,
			129
		],
		[
			100,
			129
		],
		[
			41,
			159
		],
		[
			104,
			125
		],
		[
			83,
			104
		],
		[
			61,
			143
		],
		[
			48,
			52
		],
		[
			6,
			123
		],
		[
			99,
			107
		],
		[
			4,
			85
		],
		[
			74,
			151
		],
		[
			62,
			63
		],
		[
			62,
			170
		],
		[
			1,
			2
		],
		[
			1,
			137
		],
		[
			78,
			142
		],
		[
			43,
			159
		],
		[
			159,
			163
		],
		[
			61,
			145
		],
		[
			67,
			111
		],
		[
			67,
			146
		],
		[
			37,
			39
		],
		[
			49,
			153
		],
		[
			83,
			154
		],
		[
			82,
			154
		],
		[
			90,
			152
		],
		[
			104,
			128
		],
		[
			64,
			104
		],
		[
			28,
			152
		],
		[
			61,
			169
		],
		[
			61,
			116
		],
		[
			116,
			169
		],
		[
			6,
			79
		],
		[
			145,
			169
		],
		[
			68,
			69
		],
		[
			58,
			116
		],
		[
			148,
			151
		],
		[
			41,
			163
		],
		[
			19,
			117
		],
		[
			5,
			84
		],
		[
			5,
			154
		],
		[
			51,
			52
		],
		[
			48,
			51
		],
		[
			145,
			170
		],
		[
			64,
			65
		],
		[
			65,
			104
		],
		[
			79,
			123
		],
		[
			18,
			150
		],
		[
			0,
			18
		],
		[
			59,
			116
		],
		[
			4,
			84
		],
		[
			36,
			39
		],
		[
			72,
			130
		],
		[
			68,
			104
		],
		[
			69,
			104
		],
		[
			18,
			172
		],
		[
			12,
			18
		],
		[
			153,
			167
		],
		[
			83,
			128
		],
		[
			29,
			153
		],
		[
			173,
			174
		],
		[
			169,
			170
		],
		[
			56,
			57
		],
		[
			62,
			65
		],
		[
			62,
			64
		]
	],
	"score": 0.506578947368421,
	"obtuse num": 0,
	"steiner num": 175
}