{
	"content_type": "CG_SHOP_2025_Solution",
	"instance_uid": "simple-polygon_100_cb23308c",
	"steiner_points_x": [
		8221,
		"1054681/122",
		"172398289/13273",
		8501,
		8385,
		5732,
		4972,
		"1839711/122",
		8124,
		8233,
		"33814646/6959",
		8525,
		"12864775/879",
		"110769451/13385",
		8465,
		8245,
		8125,
		8124,
		11674,
		8260,
		8239,
		8501,
		4950,
		8472,
		8241,
		5675,
		"734300/149",
		8357,
		15143,
		15184,
		12985,
		14741,
		14837,
		5229,
		5223,
		11674,
		"3483700/773",
		"919940/61",
		8365,
		8125,
		8465,
		12985,
		14707,
		15202,
		"121888675/15826",
		4950,
		5675,
		8525,
		8438,
		15009,
		"4062050/733",
		14829,
		"14522004/1721",
		15013,
		13978,
		14235,
		"23201808/1565",
		13182,
		14744,
		14744,
		14794,
		12470,
		14510,
		5550,
		8511,
		"114057659/13385",
		12425,
		15207,
		14605,
		"454121/37",
		13859,
		15207,
		12866,
		14780,
		15173,
		14861,
		12429,
		11512,
		14344,
		12320,
		11499,
		15222,
		15201,
		12323,
		15225,
		12281,
		15112,
		15127,
		15225,
		12259,
		"18382250/1717",
		14563,
		5558,
		5207,
		8116,
		8183,
		"30951599/5353"
	],
	"steiner_points_y": [
		8655,
		"1077359/122",
		"34654194/13273",
		8400,
		3650,
		4452,
		10536,
		"1232129/122",
		6925,
		8237,
		"58660897/6959",
		7900,
		"881325/293",
		"43455667/13385",
		3460,
		3834,
		5075,
		7719,
		9225,
		3307,
		3588,
		8200,
		4950,
		8001,
		4325,
		5075,
		"1573400/149",
		3850,
		7878,
		8000,
		2626,
		10009,
		10036,
		9337,
		9454,
		9425,
		"4110450/773",
		"615135/61",
		5074,
		4923,
		4507,
		2610,
		10076,
		8105,
		"155558125/15826",
		4975,
		6333,
		7718,
		8812,
		10093,
		"4755450/733",
		10061,
		"11769260/1721",
		10078,
		6465,
		7308,
		"9733814/1565",
		5738,
		5700,
		5657,
		5624,
		6925,
		8212,
		9337,
		3350,
		"44307078/13385",
		7859,
		8201,
		8500,
		"289849/37",
		4261,
		8300,
		4186,
		3944,
		4036,
		3751,
		8907,
		4950,
		3541,
		8902,
		4775,
		3650,
		3575,
		9132,
		3575,
		9125,
		3451,
		3412,
		3412,
		9280,
		"10360050/1717",
		3214,
		8577,
		8865,
		3837,
		3573,
		"16805769/5353"
	],
	"edges": [
		[
			13,
			118
		],
		[
			5,
			118
		],
		[
			5,
			13
		],
		[
			96,
			167
		],
		[
			167,
			171
		],
		[
			96,
			171
		],
		[
			4,
			185
		],
		[
			5,
			185
		],
		[
			112,
			187
		],
		[
			81,
			187
		],
		[
			38,
			134
		],
		[
			106,
			134
		],
		[
			38,
			106
		],
		[
			74,
			180
		],
		[
			177,
			180
		],
		[
			74,
			177
		],
		[
			93,
			129
		],
		[
			94,
			129
		],
		[
			128,
			155
		],
		[
			155,
			162
		],
		[
			128,
			162
		],
		[
			23,
			111
		],
		[
			24,
			111
		],
		[
			104,
			115
		],
		[
			115,
			127
		],
		[
			104,
			127
		],
		[
			160,
			174
		],
		[
			87,
			160
		],
		[
			87,
			174
		],
		[
			34,
			163
		],
		[
			34,
			133
		],
		[
			133,
			163
		],
		[
			83,
			182
		],
		[
			182,
			184
		],
		[
			75,
			157
		],
		[
			76,
			157
		],
		[
			100,
			192
		],
		[
			33,
			192
		],
		[
			33,
			100
		],
		[
			109,
			123
		],
		[
			109,
			121
		],
		[
			121,
			123
		],
		[
			130,
			141
		],
		[
			102,
			130
		],
		[
			21,
			108
		],
		[
			108,
			152
		],
		[
			64,
			104
		],
		[
			63,
			104
		],
		[
			92,
			129
		],
		[
			42,
			193
		],
		[
			110,
			193
		],
		[
			195,
			196
		],
		[
			59,
			195
		],
		[
			31,
			148
		],
		[
			32,
			148
		],
		[
			64,
			127
		],
		[
			166,
			179
		],
		[
			14,
			166
		],
		[
			14,
			179
		],
		[
			30,
			103
		],
		[
			103,
			148
		],
		[
			30,
			148
		],
		[
			17,
			157
		],
		[
			16,
			157
		],
		[
			91,
			155
		],
		[
			155,
			156
		],
		[
			113,
			119
		],
		[
			119,
			164
		],
		[
			113,
			164
		],
		[
			78,
			130
		],
		[
			79,
			130
		],
		[
			131,
			151
		],
		[
			131,
			142
		],
		[
			142,
			151
		],
		[
			66,
			124
		],
		[
			124,
			140
		],
		[
			66,
			140
		],
		[
			149,
			151
		],
		[
			0,
			151
		],
		[
			0,
			149
		],
		[
			166,
			176
		],
		[
			162,
			176
		],
		[
			162,
			166
		],
		[
			33,
			193
		],
		[
			34,
			193
		],
		[
			27,
			121
		],
		[
			28,
			121
		],
		[
			98,
			153
		],
		[
			137,
			153
		],
		[
			12,
			118
		],
		[
			88,
			160
		],
		[
			89,
			160
		],
		[
			2,
			183
		],
		[
			183,
			189
		],
		[
			2,
			189
		],
		[
			192,
			193
		],
		[
			110,
			192
		],
		[
			101,
			148
		],
		[
			136,
			145
		],
		[
			47,
			145
		],
		[
			162,
			171
		],
		[
			162,
			167
		],
		[
			187,
			188
		],
		[
			154,
			156
		],
		[
			90,
			154
		],
		[
			122,
			145
		],
		[
			54,
			145
		],
		[
			54,
			122
		],
		[
			57,
			139
		],
		[
			105,
			139
		],
		[
			57,
			105
		],
		[
			1,
			151
		],
		[
			124,
			194
		],
		[
			115,
			124
		],
		[
			115,
			194
		],
		[
			176,
			183
		],
		[
			142,
			183
		],
		[
			142,
			176
		],
		[
			179,
			185
		],
		[
			14,
			185
		],
		[
			170,
			178
		],
		[
			130,
			178
		],
		[
			130,
			170
		],
		[
			84,
			181
		],
		[
			85,
			181
		],
		[
			124,
			139
		],
		[
			105,
			124
		],
		[
			45,
			108
		],
		[
			44,
			108
		],
		[
			37,
			134
		],
		[
			178,
			191
		],
		[
			175,
			178
		],
		[
			175,
			191
		],
		[
			82,
			187
		],
		[
			186,
			187
		],
		[
			82,
			186
		],
		[
			114,
			120
		],
		[
			104,
			120
		],
		[
			104,
			114
		],
		[
			7,
			135
		],
		[
			8,
			135
		],
		[
			129,
			143
		],
		[
			129,
			162
		],
		[
			143,
			162
		],
		[
			173,
			175
		],
		[
			173,
			174
		],
		[
			174,
			175
		],
		[
			114,
			164
		],
		[
			61,
			114
		],
		[
			61,
			164
		],
		[
			162,
			168
		],
		[
			168,
			171
		],
		[
			118,
			135
		],
		[
			10,
			118
		],
		[
			10,
			135
		],
		[
			86,
			175
		],
		[
			86,
			174
		],
		[
			99,
			149
		],
		[
			67,
			177
		],
		[
			68,
			177
		],
		[
			67,
			140
		],
		[
			138,
			140
		],
		[
			67,
			138
		],
		[
			42,
			133
		],
		[
			133,
			193
		],
		[
			16,
			154
		],
		[
			154,
			157
		],
		[
			147,
			152
		],
		[
			22,
			147
		],
		[
			98,
			131
		],
		[
			98,
			168
		],
		[
			131,
			168
		],
		[
			166,
			169
		],
		[
			75,
			177
		],
		[
			17,
			177
		],
		[
			17,
			75
		],
		[
			6,
			118
		],
		[
			46,
			145
		],
		[
			125,
			146
		],
		[
			55,
			125
		],
		[
			55,
			146
		],
		[
			155,
			166
		],
		[
			155,
			161
		],
		[
			161,
			166
		],
		[
			28,
			103
		],
		[
			29,
			103
		],
		[
			21,
			45
		],
		[
			21,
			146
		],
		[
			45,
			146
		],
		[
			79,
			141
		],
		[
			46,
			146
		],
		[
			46,
			55
		],
		[
			85,
			175
		],
		[
			103,
			121
		],
		[
			103,
			109
		],
		[
			143,
			167
		],
		[
			194,
			196
		],
		[
			105,
			196
		],
		[
			105,
			194
		],
		[
			9,
			135
		],
		[
			73,
			180
		],
		[
			194,
			195
		],
		[
			120,
			194
		],
		[
			120,
			195
		],
		[
			69,
			180
		],
		[
			70,
			180
		],
		[
			43,
			108
		],
		[
			76,
			172
		],
		[
			77,
			172
		],
		[
			109,
			117
		],
		[
			117,
			123
		],
		[
			97,
			171
		],
		[
			25,
			123
		],
		[
			25,
			111
		],
		[
			111,
			123
		],
		[
			139,
			140
		],
		[
			138,
			139
		],
		[
			40,
			106
		],
		[
			106,
			126
		],
		[
			108,
			147
		],
		[
			98,
			132
		],
		[
			131,
			132
		],
		[
			65,
			127
		],
		[
			100,
			144
		],
		[
			107,
			153
		],
		[
			149,
			153
		],
		[
			107,
			149
		],
		[
			119,
			120
		],
		[
			119,
			195
		],
		[
			62,
			114
		],
		[
			181,
			184
		],
		[
			48,
			145
		],
		[
			132,
			149
		],
		[
			132,
			151
		],
		[
			41,
			133
		],
		[
			91,
			128
		],
		[
			56,
			116
		],
		[
			116,
			139
		],
		[
			56,
			139
		],
		[
			175,
			186
		],
		[
			186,
			191
		],
		[
			36,
			163
		],
		[
			37,
			163
		],
		[
			146,
			150
		],
		[
			4,
			189
		],
		[
			185,
			189
		],
		[
			62,
			104
		],
		[
			1,
			142
		],
		[
			2,
			142
		],
		[
			26,
			123
		],
		[
			20,
			116
		],
		[
			21,
			116
		],
		[
			37,
			133
		],
		[
			133,
			134
		],
		[
			19,
			138
		],
		[
			20,
			138
		],
		[
			53,
			122
		],
		[
			164,
			165
		],
		[
			60,
			164
		],
		[
			23,
			147
		],
		[
			83,
			186
		],
		[
			41,
			106
		],
		[
			157,
			172
		],
		[
			49,
			122
		],
		[
			48,
			122
		],
		[
			182,
			186
		],
		[
			16,
			161
		],
		[
			154,
			161
		],
		[
			21,
			125
		],
		[
			39,
			106
		],
		[
			43,
			192
		],
		[
			41,
			134
		],
		[
			95,
			143
		],
		[
			95,
			167
		],
		[
			19,
			67
		],
		[
			111,
			147
		],
		[
			3,
			189
		],
		[
			130,
			172
		],
		[
			170,
			172
		],
		[
			131,
			176
		],
		[
			187,
			191
		],
		[
			154,
			155
		],
		[
			59,
			119
		],
		[
			15,
			166
		],
		[
			15,
			161
		],
		[
			58,
			105
		],
		[
			112,
			130
		],
		[
			97,
			168
		],
		[
			7,
			118
		],
		[
			132,
			153
		],
		[
			183,
			185
		],
		[
			168,
			176
		],
		[
			112,
			191
		],
		[
			181,
			182
		],
		[
			115,
			120
		],
		[
			11,
			118
		],
		[
			116,
			138
		],
		[
			176,
			179
		],
		[
			179,
			183
		],
		[
			157,
			170
		],
		[
			117,
			192
		],
		[
			109,
			192
		],
		[
			50,
			122
		],
		[
			51,
			122
		],
		[
			72,
			180
		],
		[
			18,
			177
		],
		[
			92,
			128
		],
		[
			128,
			129
		],
		[
			100,
			109
		],
		[
			114,
			119
		],
		[
			94,
			143
		],
		[
			173,
			178
		],
		[
			170,
			173
		],
		[
			71,
			180
		],
		[
			90,
			157
		],
		[
			100,
			148
		],
		[
			144,
			148
		],
		[
			111,
			117
		],
		[
			26,
			121
		],
		[
			18,
			67
		],
		[
			100,
			103
		],
		[
			56,
			125
		],
		[
			78,
			172
		],
		[
			5,
			14
		],
		[
			90,
			170
		],
		[
			55,
			145
		],
		[
			124,
			127
		],
		[
			66,
			127
		],
		[
			52,
			122
		],
		[
			159,
			170
		],
		[
			159,
			160
		],
		[
			160,
			170
		],
		[
			175,
			181
		],
		[
			175,
			182
		],
		[
			69,
			177
		],
		[
			116,
			125
		],
		[
			89,
			159
		],
		[
			130,
			191
		],
		[
			43,
			117
		],
		[
			108,
			117
		],
		[
			117,
			147
		],
		[
			67,
			190
		],
		[
			90,
			159
		],
		[
			35,
			163
		],
		[
			158,
			159
		],
		[
			160,
			173
		]
	],
	"score": 0.5051020408163265,
	"obtuse num": 0,
	"steiner num": 197
}