{
	"content_type": "CG_SHOP_2025_Solution",
	"instance_uid": "simple-polygon-exterior-20_20_52abeef5",
	"steiner_points_x": [
		"70237059603/20711282",
		1982,
		"49411222057/6151657",
		2307,
		"1348537447/165610",
		"57169/13",
		"9163956283/4040909",
		"91613639/13220",
		"23776049217/4040909",
		6178,
		"13686727/1853",
		"52361423/6737",
		7269,
		"278169543/33122",
		5507,
		"854177068/140233",
		4580,
		"33414555319/7202401",
		"109751125105/20711282",
		6765,
		6272,
		5933,
		"348204673/47747"
	],
	"steiner_points_y": [
		"21975998137/20711282",
		2771,
		"8761478671/6151657",
		3470,
		"448856391/165610",
		"52724/13",
		"15397459872/4040909",
		"4358924/3305",
		"17080374932/4040909",
		4063,
		"7442628/1853",
		"24912177/6737",
		3929,
		"67225527/33122",
		2274,
		"228748099/140233",
		2052,
		"20251220162/7202401",
		"24595186359/20711282",
		1872,
		3577,
		3800,
		"199289472/47747"
	],
	"edges": [
		[
			16,
			41
		],
		[
			15,
			41
		],
		[
			23,
			25
		],
		[
			9,
			25
		],
		[
			21,
			23
		],
		[
			10,
			21
		],
		[
			16,
			34
		],
		[
			15,
			34
		],
		[
			35,
			38
		],
		[
			0,
			35
		],
		[
			3,
			39
		],
		[
			2,
			39
		],
		[
			4,
			32
		],
		[
			5,
			32
		],
		[
			4,
			5
		],
		[
			34,
			36
		],
		[
			34,
			38
		],
		[
			36,
			38
		],
		[
			34,
			37
		],
		[
			7,
			42
		],
		[
			32,
			40
		],
		[
			4,
			40
		],
		[
			2,
			22
		],
		[
			11,
			21
		],
		[
			36,
			37
		],
		[
			28,
			41
		],
		[
			28,
			29
		],
		[
			29,
			41
		],
		[
			30,
			42
		],
		[
			9,
			37
		],
		[
			9,
			15
		],
		[
			29,
			40
		],
		[
			29,
			32
		],
		[
			14,
			36
		],
		[
			13,
			21
		],
		[
			14,
			21
		],
		[
			7,
			29
		],
		[
			8,
			29
		],
		[
			23,
			26
		],
		[
			14,
			23
		],
		[
			18,
			39
		],
		[
			17,
			39
		],
		[
			25,
			41
		],
		[
			2,
			33
		],
		[
			3,
			33
		],
		[
			4,
			24
		],
		[
			4,
			31
		],
		[
			7,
			32
		],
		[
			5,
			7
		],
		[
			0,
			27
		],
		[
			0,
			39
		],
		[
			27,
			39
		],
		[
			16,
			18
		],
		[
			5,
			30
		],
		[
			34,
			35
		],
		[
			18,
			34
		],
		[
			16,
			40
		],
		[
			17,
			40
		],
		[
			0,
			18
		],
		[
			5,
			31
		],
		[
			5,
			6
		],
		[
			9,
			14
		],
		[
			12,
			21
		],
		[
			4,
			17
		],
		[
			14,
			20
		],
		[
			15,
			25
		],
		[
			20,
			36
		],
		[
			3,
			24
		],
		[
			2,
			27
		],
		[
			3,
			17
		],
		[
			40,
			41
		]
	],
	"score": 0.5208333333333334,
	"obtuse num": 0,
	"steiner num": 43
}