{
	"content_type": "CG_SHOP_2025_Solution",
	"instance_uid": "simple-polygon-exterior_20_7520a1da",
	"steiner_points_x": [
		2907,
		"1387368629/377045",
		"5813767495/2456581",
		2902,
		"2650007547/782801",
		3006,
		"252803649/84461",
		2627,
		"96563344/580297",
		"37620586/82949",
		"215703287/429013",
		"2699341607/1451441",
		1672,
		"79260378469007/42673816841",
		"1509629919/1205441",
		1254,
		"16657945331941091583/12647649490761061"
	],
	"steiner_points_y": [
		954,
		"446861818/377045",
		"4146149321/2456581",
		1144,
		"258163723/782801",
		256,
		"14025964/84461",
		400,
		"370359728/580297",
		"516871459/497694",
		"432555938/429013",
		"311949175/1451441",
		1388,
		"7435484251615/42673816841",
		"253288310/1205441",
		238,
		"5217961061033937875/25295298981522122"
	],
	"edges": [
		[
			6,
			27
		],
		[
			25,
			27
		],
		[
			6,
			25
		],
		[
			9,
			15
		],
		[
			8,
			15
		],
		[
			16,
			18
		],
		[
			15,
			32
		],
		[
			16,
			32
		],
		[
			16,
			23
		],
		[
			18,
			23
		],
		[
			0,
			21
		],
		[
			1,
			21
		],
		[
			19,
			23
		],
		[
			20,
			25
		],
		[
			4,
			20
		],
		[
			4,
			25
		],
		[
			14,
			30
		],
		[
			10,
			12
		],
		[
			9,
			12
		],
		[
			1,
			3
		],
		[
			1,
			4
		],
		[
			17,
			32
		],
		[
			0,
			20
		],
		[
			0,
			4
		],
		[
			13,
			32
		],
		[
			7,
			27
		],
		[
			5,
			25
		],
		[
			35,
			36
		],
		[
			8,
			35
		],
		[
			8,
			36
		],
		[
			29,
			30
		],
		[
			12,
			29
		],
		[
			31,
			33
		],
		[
			9,
			30
		],
		[
			4,
			24
		],
		[
			9,
			35
		],
		[
			18,
			22
		],
		[
			12,
			28
		],
		[
			14,
			32
		],
		[
			7,
			15
		],
		[
			15,
			27
		],
		[
			16,
			20
		],
		[
			20,
			23
		],
		[
			31,
			36
		],
		[
			20,
			27
		],
		[
			6,
			26
		],
		[
			15,
			31
		],
		[
			9,
			14
		],
		[
			16,
			27
		],
		[
			34,
			35
		],
		[
			10,
			35
		],
		[
			0,
			23
		]
	],
	"score": 0.5277777777777778,
	"obtuse num": 0,
	"steiner num": 37
}