{
	"content_type": "CG_SHOP_2025_Solution",
	"instance_uid": "simple-polygon-exterior_40_785575e7",
	"steiner_points_x": [
		3462,
		416,
		"2516239971/915865",
		1426,
		"25107440/7193",
		"392432513/144241",
		"617278/197",
		1385,
		"780202509696/470434301",
		"551646/197",
		510,
		3453,
		"347358354/793285",
		3041,
		3322,
		"152031036/86461",
		3054,
		"50181205/14386",
		"3685626063/4519957",
		1948,
		"23676489/6850",
		"5543221194/4519957",
		"231399795/89641",
		3417,
		1474,
		3217,
		2937,
		"184030226/86593",
		"8363970/9953",
		1992,
		"1723407319/546905",
		"4397164/1943",
		"14908275/9484",
		"142025261/129533",
		2430,
		2237,
		2373,
		2218
	],
	"steiner_points_y": [
		372,
		580,
		"2076312/915865",
		559,
		"2785621/7193",
		"172050811/144241",
		"347404/197",
		898,
		"849335714616/470434301",
		"352092/197",
		1140,
		1090,
		"978737532/793285",
		1032,
		548,
		"125434947/86461",
		1065,
		"5304087/14386",
		"432347172/4519957",
		589,
		"10300723/6850",
		"304478766/4519957",
		"55987994/89641",
		1497,
		798,
		837,
		477,
		"142121384/86593",
		"12896848/9953",
		1159,
		"654563593/546905",
		"3547213/1943",
		"1446495/33194",
		"107784732/129533",
		1102,
		829,
		538,
		537
	],
	"edges": [
		[
			14,
			54
		],
		[
			54,
			65
		],
		[
			14,
			65
		],
		[
			13,
			54
		],
		[
			28,
			39
		],
		[
			28,
			68
		],
		[
			36,
			73
		],
		[
			17,
			60
		],
		[
			62,
			66
		],
		[
			21,
			66
		],
		[
			13,
			40
		],
		[
			13,
			44
		],
		[
			40,
			44
		],
		[
			5,
			59
		],
		[
			6,
			59
		],
		[
			7,
			76
		],
		[
			9,
			76
		],
		[
			7,
			9
		],
		[
			32,
			59
		],
		[
			32,
			77
		],
		[
			59,
			77
		],
		[
			1,
			41
		],
		[
			2,
			41
		],
		[
			38,
			64
		],
		[
			34,
			64
		],
		[
			34,
			38
		],
		[
			37,
			50
		],
		[
			1,
			37
		],
		[
			1,
			50
		],
		[
			35,
			38
		],
		[
			35,
			73
		],
		[
			10,
			12
		],
		[
			33,
			64
		],
		[
			45,
			56
		],
		[
			53,
			56
		],
		[
			45,
			53
		],
		[
			31,
			69
		],
		[
			30,
			69
		],
		[
			26,
			55
		],
		[
			26,
			29
		],
		[
			19,
			24
		],
		[
			24,
			70
		],
		[
			32,
			75
		],
		[
			75,
			77
		],
		[
			19,
			63
		],
		[
			18,
			63
		],
		[
			35,
			43
		],
		[
			34,
			43
		],
		[
			30,
			55
		],
		[
			47,
			64
		],
		[
			31,
			47
		],
		[
			31,
			64
		],
		[
			12,
			54
		],
		[
			25,
			29
		],
		[
			29,
			67
		],
		[
			6,
			72
		],
		[
			6,
			8
		],
		[
			33,
			43
		],
		[
			36,
			41
		],
		[
			3,
			36
		],
		[
			3,
			41
		],
		[
			15,
			51
		],
		[
			16,
			51
		],
		[
			4,
			61
		],
		[
			4,
			72
		],
		[
			28,
			47
		],
		[
			39,
			47
		],
		[
			3,
			58
		],
		[
			4,
			58
		],
		[
			40,
			57
		],
		[
			19,
			46
		],
		[
			19,
			49
		],
		[
			39,
			73
		],
		[
			37,
			39
		],
		[
			38,
			47
		],
		[
			20,
			56
		],
		[
			56,
			70
		],
		[
			23,
			74
		],
		[
			45,
			74
		],
		[
			5,
			72
		],
		[
			5,
			43
		],
		[
			4,
			43
		],
		[
			32,
			64
		],
		[
			10,
			66
		],
		[
			9,
			66
		],
		[
			48,
			55
		],
		[
			23,
			62
		],
		[
			27,
			68
		],
		[
			15,
			65
		],
		[
			28,
			48
		],
		[
			54,
			66
		],
		[
			12,
			66
		],
		[
			17,
			63
		],
		[
			25,
			69
		],
		[
			29,
			69
		],
		[
			50,
			52
		],
		[
			21,
			23
		],
		[
			23,
			53
		],
		[
			21,
			53
		],
		[
			20,
			65
		],
		[
			21,
			65
		],
		[
			37,
			41
		],
		[
			0,
			50
		],
		[
			20,
			51
		],
		[
			51,
			65
		],
		[
			24,
			56
		],
		[
			67,
			71
		],
		[
			25,
			71
		],
		[
			22,
			76
		],
		[
			9,
			22
		],
		[
			9,
			62
		],
		[
			12,
			40
		],
		[
			9,
			42
		],
		[
			21,
			54
		],
		[
			28,
			30
		],
		[
			25,
			49
		],
		[
			25,
			45
		],
		[
			20,
			53
		],
		[
			50,
			68
		],
		[
			63,
			70
		],
		[
			51,
			63
		],
		[
			17,
			51
		],
		[
			43,
			59
		],
		[
			32,
			69
		],
		[
			69,
			75
		],
		[
			28,
			31
		],
		[
			24,
			49
		],
		[
			7,
			77
		],
		[
			6,
			77
		],
		[
			51,
			70
		],
		[
			37,
			68
		],
		[
			69,
			74
		],
		[
			25,
			74
		],
		[
			22,
			75
		],
		[
			23,
			75
		],
		[
			75,
			76
		],
		[
			76,
			77
		],
		[
			74,
			75
		],
		[
			11,
			40
		],
		[
			33,
			59
		],
		[
			4,
			35
		],
		[
			4,
			36
		]
	],
	"score": 0.5128205128205128,
	"obtuse num": 0,
	"steiner num": 78
}