{
	"content_type": "CG_SHOP_2025_Solution",
	"instance_uid": "simple-polygon_100_4ee8f447",
	"steiner_points_x": [
		"44276/5",
		7096,
		1100,
		8769,
		9063,
		8925,
		8846,
		8511,
		8941,
		"12152367860/1355929",
		3557,
		8473,
		8331,
		8844,
		8157,
		407,
		8014,
		6051,
		5153,
		5794,
		6148,
		"34703300/6961",
		5525,
		6460,
		5394,
		5231,
		6933,
		7105,
		5071,
		"1144110564/226409",
		7901,
		"10766685485/1355929",
		7708,
		7860,
		2166,
		"1494999/233",
		2654,
		"1391000/601",
		"961900/613",
		1526,
		950,
		"2197400/949",
		"59170029/17449",
		2165,
		9037
	],
	"steiner_points_y": [
		331,
		2859,
		150,
		8751,
		955,
		548,
		8595,
		1267,
		8367,
		"10782463731/1355929",
		6416,
		9377,
		9309,
		798,
		9355,
		7607,
		9370,
		8056,
		8337,
		9071,
		9160,
		"52201725/6961",
		9253,
		9307,
		9322,
		9365,
		9328,
		9281,
		9378,
		"2123499950/226409",
		8129,
		"10604904431/1355929",
		9375,
		9384,
		3680,
		"377432/233",
		6320,
		"1012375/601",
		"1039575/613",
		900,
		900,
		"79350/949",
		"50928590/17449",
		3475,
		9063
	],
	"edges": [
		[
			12,
			133
		],
		[
			132,
			133
		],
		[
			12,
			132
		],
		[
			55,
			58
		],
		[
			55,
			57
		],
		[
			24,
			122
		],
		[
			24,
			124
		],
		[
			122,
			124
		],
		[
			48,
			143
		],
		[
			49,
			143
		],
		[
			70,
			113
		],
		[
			104,
			113
		],
		[
			70,
			104
		],
		[
			57,
			141
		],
		[
			117,
			120
		],
		[
			117,
			119
		],
		[
			119,
			120
		],
		[
			50,
			84
		],
		[
			50,
			85
		],
		[
			34,
			115
		],
		[
			35,
			115
		],
		[
			72,
			107
		],
		[
			73,
			107
		],
		[
			49,
			86
		],
		[
			49,
			85
		],
		[
			98,
			130
		],
		[
			98,
			127
		],
		[
			127,
			130
		],
		[
			71,
			104
		],
		[
			72,
			104
		],
		[
			64,
			107
		],
		[
			64,
			75
		],
		[
			75,
			107
		],
		[
			100,
			105
		],
		[
			68,
			105
		],
		[
			68,
			100
		],
		[
			4,
			144
		],
		[
			5,
			144
		],
		[
			10,
			114
		],
		[
			114,
			116
		],
		[
			10,
			116
		],
		[
			130,
			132
		],
		[
			130,
			133
		],
		[
			86,
			143
		],
		[
			87,
			143
		],
		[
			30,
			39
		],
		[
			31,
			39
		],
		[
			106,
			130
		],
		[
			103,
			130
		],
		[
			103,
			106
		],
		[
			74,
			107
		],
		[
			9,
			114
		],
		[
			116,
			133
		],
		[
			116,
			130
		],
		[
			6,
			111
		],
		[
			7,
			111
		],
		[
			2,
			106
		],
		[
			3,
			106
		],
		[
			104,
			107
		],
		[
			75,
			79
		],
		[
			76,
			79
		],
		[
			112,
			130
		],
		[
			103,
			112
		],
		[
			114,
			130
		],
		[
			112,
			114
		],
		[
			35,
			37
		],
		[
			3,
			103
		],
		[
			65,
			107
		],
		[
			107,
			113
		],
		[
			65,
			113
		],
		[
			76,
			78
		],
		[
			106,
			108
		],
		[
			1,
			106
		],
		[
			1,
			108
		],
		[
			4,
			103
		],
		[
			118,
			121
		],
		[
			96,
			118
		],
		[
			13,
			126
		],
		[
			14,
			126
		],
		[
			98,
			120
		],
		[
			98,
			117
		],
		[
			123,
			126
		],
		[
			14,
			123
		],
		[
			31,
			115
		],
		[
			32,
			115
		],
		[
			127,
			132
		],
		[
			99,
			130
		],
		[
			130,
			131
		],
		[
			75,
			101
		],
		[
			79,
			101
		],
		[
			103,
			144
		],
		[
			29,
			40
		],
		[
			30,
			40
		],
		[
			8,
			111
		],
		[
			119,
			122
		],
		[
			24,
			119
		],
		[
			64,
			101
		],
		[
			108,
			130
		],
		[
			33,
			115
		],
		[
			98,
			123
		],
		[
			98,
			126
		],
		[
			25,
			118
		],
		[
			25,
			121
		],
		[
			82,
			101
		],
		[
			81,
			101
		],
		[
			18,
			119
		],
		[
			19,
			119
		],
		[
			80,
			101
		],
		[
			120,
			123
		],
		[
			16,
			120
		],
		[
			16,
			123
		],
		[
			18,
			120
		],
		[
			64,
			82
		],
		[
			95,
			110
		],
		[
			27,
			110
		],
		[
			27,
			95
		],
		[
			69,
			113
		],
		[
			111,
			112
		],
		[
			8,
			112
		],
		[
			9,
			112
		],
		[
			63,
			82
		],
		[
			63,
			142
		],
		[
			103,
			111
		],
		[
			111,
			144
		],
		[
			92,
			110
		],
		[
			93,
			110
		],
		[
			11,
			116
		],
		[
			11,
			133
		],
		[
			0,
			108
		],
		[
			126,
			127
		],
		[
			31,
			37
		],
		[
			37,
			115
		],
		[
			21,
			125
		],
		[
			22,
			125
		],
		[
			62,
			84
		],
		[
			62,
			83
		],
		[
			31,
			38
		],
		[
			62,
			142
		],
		[
			94,
			110
		],
		[
			6,
			144
		],
		[
			118,
			119
		],
		[
			24,
			118
		],
		[
			90,
			134
		],
		[
			89,
			134
		],
		[
			29,
			41
		],
		[
			88,
			134
		],
		[
			43,
			45
		],
		[
			20,
			122
		],
		[
			20,
			124
		],
		[
			21,
			124
		],
		[
			19,
			122
		],
		[
			97,
			117
		],
		[
			43,
			46
		],
		[
			96,
			117
		],
		[
			46,
			90
		],
		[
			47,
			90
		],
		[
			24,
			125
		],
		[
			24,
			128
		],
		[
			125,
			128
		],
		[
			52,
			139
		],
		[
			139,
			140
		],
		[
			41,
			136
		],
		[
			42,
			136
		],
		[
			22,
			128
		],
		[
			42,
			91
		],
		[
			43,
			91
		],
		[
			53,
			102
		],
		[
			53,
			55
		],
		[
			28,
			41
		],
		[
			17,
			120
		],
		[
			55,
			140
		],
		[
			124,
			125
		],
		[
			23,
			128
		],
		[
			55,
			139
		],
		[
			51,
			139
		],
		[
			43,
			90
		],
		[
			15,
			123
		],
		[
			108,
			109
		],
		[
			47,
			143
		],
		[
			58,
			139
		],
		[
			91,
			136
		],
		[
			92,
			136
		],
		[
			59,
			139
		],
		[
			60,
			139
		],
		[
			13,
			127
		],
		[
			88,
			143
		],
		[
			110,
			136
		],
		[
			128,
			129
		],
		[
			61,
			138
		],
		[
			51,
			61
		],
		[
			61,
			139
		],
		[
			134,
			143
		],
		[
			50,
			61
		],
		[
			50,
			137
		],
		[
			28,
			136
		],
		[
			28,
			110
		],
		[
			84,
			137
		],
		[
			109,
			130
		],
		[
			65,
			105
		],
		[
			117,
			118
		],
		[
			82,
			135
		],
		[
			67,
			100
		],
		[
			13,
			132
		],
		[
			26,
			121
		],
		[
			69,
			105
		],
		[
			105,
			113
		],
		[
			47,
			134
		],
		[
			26,
			95
		]
	],
	"score": 0.5108695652173914,
	"obtuse num": 0,
	"steiner num": 145
}