{
	"content_type": "CG_SHOP_2025_Solution",
	"instance_uid": "simple-polygon-exterior_60_1a49dffa",
	"steiner_points_x": [
		1035,
		"12630896716/6752153",
		1868,
		178,
		138,
		"20988814025/6752153",
		2356,
		2461,
		"801261659/377756",
		1801,
		182,
		"14091924767/6752153",
		2094,
		"27792762/669433",
		"40579014/669433",
		3222,
		3231,
		1802,
		"5203193287427/1432535770",
		"55994989/123149",
		"7515135901937/21945767545",
		"21836095663/6752153",
		1756,
		"182368241/88465",
		"1558005309/434365",
		"1184879603/770933",
		2017,
		2487,
		2411,
		"3045180094/1710805",
		3571,
		"1433825405/673649",
		"2785969/799",
		"4097627872847889/2637832062130",
		3289,
		3817,
		"639572483/212050",
		"15651940070/6752153",
		2506,
		2428,
		985,
		"5817603/20813",
		"19394/5",
		"1128106241/289145",
		"3478767797/1347298",
		"1671496977/1710805",
		"1117777512/289145",
		"11145871/3298",
		2749,
		"16515315317/6752153",
		"9180847141/6752153",
		629,
		"2463578121/3421610",
		"63512072/27529",
		"4361745/1642",
		"604519/262",
		558,
		"1327350/2273",
		"430882002689599/142847270450",
		1174,
		"52157794/87327",
		"669172012/346501",
		2082,
		1366,
		2273,
		"15611702152/6752153",
		2318,
		1830,
		3538,
		1153,
		"626638/589",
		1168,
		894,
		767,
		741
	],
	"steiner_points_y": [
		565,
		"13282330045/6752153",
		1889,
		599,
		424,
		"12999119909/6752153",
		474,
		523,
		"184971833/94439",
		1711,
		889,
		"13232822741/6752153",
		1921,
		"466705507/669433",
		"579697060/669433",
		1694,
		1834,
		121,
		"679535532209/1432535770",
		"193735734/123149",
		"37119991153494/21945767545",
		"12970409557/6752153",
		606,
		"57372807/88465",
		"242493903/434365",
		"220696936/770933",
		1778,
		1689,
		1658,
		"96130183/1710805",
		1442,
		"53306458/673649",
		"1163657/799",
		"131089258128023/2637832062130",
		1323,
		1410,
		"32553981/212050",
		"13179961229/6752153",
		1419,
		1170,
		196,
		"13391994/20813",
		"6952/5",
		"320123728/289145",
		"155734679/1347298",
		"56754734/1710805",
		"448872536/289145",
		"1114773/3298",
		971,
		"13150705541/6752153",
		"13399235845/6752153",
		422,
		"88301767/3421610",
		"53585621/27529",
		"2322671/1642",
		"255755/131",
		253,
		"228350/2273",
		"21499016680801/142847270450",
		1760,
		"1946429/87327",
		"485539754/346501",
		1400,
		1384,
		1281,
		"13181324701/6752153",
		1950,
		919,
		1251,
		810,
		"489570/589",
		991,
		883,
		667,
		609
	],
	"edges": [
		[
			93,
			100
		],
		[
			85,
			100
		],
		[
			85,
			93
		],
		[
			15,
			106
		],
		[
			37,
			40
		],
		[
			40,
			79
		],
		[
			47,
			120
		],
		[
			47,
			112
		],
		[
			55,
			57
		],
		[
			41,
			54
		],
		[
			54,
			133
		],
		[
			41,
			133
		],
		[
			43,
			63
		],
		[
			44,
			63
		],
		[
			52,
			130
		],
		[
			53,
			130
		],
		[
			19,
			94
		],
		[
			92,
			94
		],
		[
			123,
			127
		],
		[
			127,
			131
		],
		[
			123,
			131
		],
		[
			18,
			75
		],
		[
			75,
			76
		],
		[
			18,
			76
		],
		[
			58,
			129
		],
		[
			129,
			130
		],
		[
			2,
			122
		],
		[
			122,
			124
		],
		[
			2,
			124
		],
		[
			20,
			84
		],
		[
			11,
			20
		],
		[
			11,
			84
		],
		[
			22,
			114
		],
		[
			75,
			114
		],
		[
			22,
			75
		],
		[
			116,
			117
		],
		[
			47,
			116
		],
		[
			44,
			73
		],
		[
			56,
			123
		],
		[
			33,
			56
		],
		[
			33,
			123
		],
		[
			25,
			114
		],
		[
			6,
			8
		],
		[
			8,
			96
		],
		[
			99,
			124
		],
		[
			2,
			99
		],
		[
			121,
			123
		],
		[
			83,
			127
		],
		[
			2,
			127
		],
		[
			26,
			122
		],
		[
			27,
			122
		],
		[
			87,
			88
		],
		[
			28,
			88
		],
		[
			28,
			87
		],
		[
			35,
			119
		],
		[
			37,
			119
		],
		[
			35,
			37
		],
		[
			37,
			56
		],
		[
			56,
			119
		],
		[
			25,
			87
		],
		[
			25,
			88
		],
		[
			22,
			108
		],
		[
			23,
			108
		],
		[
			40,
			55
		],
		[
			41,
			55
		],
		[
			27,
			30
		],
		[
			28,
			30
		],
		[
			34,
			110
		],
		[
			95,
			106
		],
		[
			15,
			95
		],
		[
			31,
			122
		],
		[
			32,
			122
		],
		[
			96,
			104
		],
		[
			96,
			118
		],
		[
			61,
			62
		],
		[
			62,
			110
		],
		[
			12,
			128
		],
		[
			13,
			128
		],
		[
			53,
			133
		],
		[
			130,
			131
		],
		[
			57,
			131
		],
		[
			68,
			72
		],
		[
			71,
			72
		],
		[
			5,
			8
		],
		[
			5,
			9
		],
		[
			17,
			76
		],
		[
			76,
			81
		],
		[
			26,
			88
		],
		[
			58,
			60
		],
		[
			52,
			60
		],
		[
			52,
			58
		],
		[
			60,
			85
		],
		[
			50,
			85
		],
		[
			50,
			60
		],
		[
			9,
			107
		],
		[
			8,
			107
		],
		[
			41,
			43
		],
		[
			43,
			101
		],
		[
			69,
			121
		],
		[
			33,
			69
		],
		[
			36,
			79
		],
		[
			79,
			80
		],
		[
			29,
			126
		],
		[
			29,
			125
		],
		[
			125,
			126
		],
		[
			82,
			129
		],
		[
			58,
			82
		],
		[
			51,
			60
		],
		[
			64,
			116
		],
		[
			46,
			116
		],
		[
			46,
			64
		],
		[
			111,
			134
		],
		[
			49,
			134
		],
		[
			49,
			111
		],
		[
			15,
			18
		],
		[
			16,
			18
		],
		[
			49,
			100
		],
		[
			50,
			100
		],
		[
			101,
			111
		],
		[
			42,
			111
		],
		[
			130,
			132
		],
		[
			53,
			132
		],
		[
			41,
			134
		],
		[
			101,
			134
		],
		[
			54,
			132
		],
		[
			55,
			132
		],
		[
			34,
			119
		],
		[
			82,
			127
		],
		[
			82,
			83
		],
		[
			6,
			91
		],
		[
			6,
			104
		],
		[
			41,
			70
		],
		[
			43,
			70
		],
		[
			117,
			120
		],
		[
			59,
			93
		],
		[
			44,
			74
		],
		[
			70,
			74
		],
		[
			44,
			70
		],
		[
			51,
			134
		],
		[
			49,
			51
		],
		[
			33,
			119
		],
		[
			6,
			66
		],
		[
			66,
			67
		],
		[
			6,
			67
		],
		[
			100,
			105
		],
		[
			45,
			63
		],
		[
			63,
			64
		],
		[
			45,
			64
		],
		[
			99,
			108
		],
		[
			23,
			99
		],
		[
			29,
			115
		],
		[
			24,
			87
		],
		[
			3,
			67
		],
		[
			3,
			66
		],
		[
			14,
			95
		],
		[
			13,
			95
		],
		[
			48,
			105
		],
		[
			48,
			100
		],
		[
			39,
			70
		],
		[
			30,
			68
		],
		[
			68,
			113
		],
		[
			1,
			66
		],
		[
			66,
			91
		],
		[
			1,
			91
		],
		[
			40,
			70
		],
		[
			52,
			133
		],
		[
			87,
			109
		],
		[
			24,
			109
		],
		[
			13,
			102
		],
		[
			95,
			102
		],
		[
			34,
			69
		],
		[
			34,
			62
		],
		[
			62,
			69
		],
		[
			90,
			92
		],
		[
			90,
			128
		],
		[
			92,
			128
		],
		[
			24,
			75
		],
		[
			24,
			76
		],
		[
			56,
			131
		],
		[
			27,
			88
		],
		[
			4,
			99
		],
		[
			4,
			108
		],
		[
			32,
			127
		],
		[
			121,
			127
		],
		[
			48,
			112
		],
		[
			42,
			116
		],
		[
			111,
			116
		],
		[
			23,
			124
		],
		[
			3,
			99
		],
		[
			75,
			94
		],
		[
			22,
			94
		],
		[
			28,
			113
		],
		[
			3,
			83
		],
		[
			59,
			77
		],
		[
			0,
			77
		],
		[
			30,
			72
		],
		[
			48,
			111
		],
		[
			14,
			90
		],
		[
			14,
			128
		],
		[
			18,
			90
		],
		[
			15,
			90
		],
		[
			42,
			63
		],
		[
			26,
			124
		],
		[
			13,
			103
		],
		[
			2,
			32
		],
		[
			31,
			72
		],
		[
			21,
			108
		],
		[
			9,
			21
		],
		[
			9,
			108
		],
		[
			19,
			128
		],
		[
			20,
			128
		],
		[
			51,
			133
		],
		[
			28,
			109
		],
		[
			28,
			126
		],
		[
			109,
			126
		],
		[
			21,
			94
		],
		[
			11,
			128
		],
		[
			32,
			86
		],
		[
			31,
			86
		],
		[
			62,
			71
		],
		[
			5,
			108
		],
		[
			86,
			121
		],
		[
			27,
			31
		],
		[
			129,
			131
		],
		[
			4,
			67
		],
		[
			66,
			83
		],
		[
			42,
			64
		],
		[
			69,
			86
		],
		[
			24,
			65
		],
		[
			127,
			129
		],
		[
			1,
			82
		],
		[
			38,
			40
		],
		[
			5,
			67
		],
		[
			84,
			107
		],
		[
			75,
			92
		],
		[
			77,
			85
		],
		[
			72,
			86
		],
		[
			65,
			76
		],
		[
			97,
			126
		],
		[
			113,
			115
		],
		[
			10,
			12
		],
		[
			26,
			98
		],
		[
			25,
			98
		],
		[
			19,
			21
		],
		[
			9,
			20
		],
		[
			59,
			89
		],
		[
			78,
			84
		],
		[
			1,
			77
		],
		[
			48,
			116
		],
		[
			77,
			82
		],
		[
			98,
			114
		],
		[
			12,
			103
		],
		[
			82,
			85
		],
		[
			37,
			55
		],
		[
			98,
			124
		],
		[
			23,
			98
		],
		[
			133,
			134
		],
		[
			57,
			132
		],
		[
			62,
			86
		],
		[
			62,
			72
		]
	],
	"score": 0.506578947368421,
	"obtuse num": 0,
	"steiner num": 135
}