{
	"content_type": "CG_SHOP_2025_Solution",
	"instance_uid": "simple-polygon-exterior-20_10_15783346",
	"steiner_points_x": [
		"1735412185/808273",
		"1621969/673",
		"552311109/1574765",
		2168,
		1644,
		"5024/3",
		"1489390969/808273",
		"2119212917/938209",
		"1808464969/808273",
		"3118607580/2562629",
		"17275568535637/8545870429",
		1664,
		1467,
		1512
	],
	"steiner_points_y": [
		"1256849899/808273",
		"1652645/673",
		"3743053938/1574765",
		"7840/3",
		2476,
		"1685/3",
		"1242974585/2424819",
		"2564255796/938209",
		"1507026695/808273",
		"1083015207/2562629",
		"17518885758635/8545870429",
		1734,
		1678,
		1762
	],
	"edges": [
		[
			7,
			23
		],
		[
			21,
			23
		],
		[
			7,
			21
		],
		[
			2,
			3
		],
		[
			1,
			3
		],
		[
			5,
			13
		],
		[
			9,
			19
		],
		[
			14,
			20
		],
		[
			13,
			14
		],
		[
			13,
			20
		],
		[
			6,
			15
		],
		[
			7,
			22
		],
		[
			22,
			23
		],
		[
			0,
			9
		],
		[
			5,
			18
		],
		[
			5,
			11
		],
		[
			12,
			14
		],
		[
			3,
			12
		],
		[
			3,
			14
		],
		[
			6,
			10
		],
		[
			10,
			15
		],
		[
			2,
			13
		],
		[
			18,
			20
		],
		[
			6,
			18
		],
		[
			15,
			22
		],
		[
			9,
			22
		],
		[
			9,
			15
		],
		[
			6,
			21
		],
		[
			0,
			22
		],
		[
			13,
			17
		],
		[
			12,
			22
		],
		[
			15,
			16
		],
		[
			14,
			23
		],
		[
			14,
			21
		],
		[
			12,
			23
		],
		[
			20,
			21
		]
	],
	"score": 0.5333333333333333,
	"obtuse num": 0,
	"steiner num": 24
}