{
	"content_type": "CG_SHOP_2025_Solution",
	"instance_uid": "simple-polygon-exterior_40_7685a35e",
	"steiner_points_x": [
		"3126966051/923689",
		"89711375/23029",
		1036,
		"3992851986/1204433",
		"4164736/2797",
		"414232019/120625",
		882,
		"12596094940667/3657591250",
		545,
		"1040340691/652754",
		"150094477154797/2643041365381",
		"97512821/1022573",
		2436,
		"4900379211/1749289",
		"15454419/15661",
		1481,
		2671,
		"62515078/33509",
		"271512534/2584697",
		2707,
		2631,
		684,
		596,
		467,
		2887,
		"251379144/2584697",
		1695,
		"11401669/15661",
		"3477311351/1204433",
		2138,
		1910,
		"3387933051/923689",
		"4717/5",
		"316154215/297757",
		1000,
		"1465904801/1105637",
		1335,
		"93372151/111901",
		1529,
		1058,
		467,
		"1649148382/913961",
		3689,
		"1690066364406796527/452661123375056",
		"8287143/2224",
		3767,
		3489,
		3418,
		"57135655/15161",
		3349
	],
	"steiner_points_y": [
		"306821939/923689",
		"17843882/23029",
		939,
		"2312196077/1204433",
		"2974199/2797",
		"221304958/120625",
		297,
		"6726373514457/3657591250",
		942,
		"456460225/652754",
		"1096664020708174/2643041365381",
		"421610822/1022573",
		1443,
		"269888062/1749289",
		"813978/15661",
		665,
		470,
		"6281641/4787",
		"2907951658/2584697",
		1369,
		1281,
		314,
		644,
		823,
		1929,
		"2611676818/2584697",
		907,
		"619446/15661",
		"2327234637/1204433",
		1695,
		706,
		"451907164/923689",
		"9143/5",
		"500441467/297757",
		1514,
		"2099875893/1105637",
		1883,
		"141284860/111901",
		1697,
		1211,
		1208,
		"1759935229/913961",
		982,
		"538678266797648985/452661123375056",
		"2683425/2224",
		1111,
		1063,
		1179,
		"16854663/15161",
		1826
	],
	"edges": [
		[
			87,
			89
		],
		[
			5,
			87
		],
		[
			5,
			89
		],
		[
			29,
			70
		],
		[
			28,
			70
		],
		[
			44,
			66
		],
		[
			26,
			66
		],
		[
			36,
			82
		],
		[
			37,
			82
		],
		[
			31,
			87
		],
		[
			86,
			87
		],
		[
			31,
			86
		],
		[
			49,
			55
		],
		[
			26,
			55
		],
		[
			21,
			23
		],
		[
			57,
			78
		],
		[
			78,
			81
		],
		[
			57,
			81
		],
		[
			44,
			57
		],
		[
			53,
			56
		],
		[
			33,
			56
		],
		[
			33,
			53
		],
		[
			24,
			55
		],
		[
			23,
			55
		],
		[
			32,
			36
		],
		[
			32,
			35
		],
		[
			69,
			81
		],
		[
			57,
			69
		],
		[
			27,
			78
		],
		[
			46,
			54
		],
		[
			24,
			46
		],
		[
			24,
			54
		],
		[
			36,
			71
		],
		[
			37,
			71
		],
		[
			52,
			69
		],
		[
			8,
			69
		],
		[
			8,
			52
		],
		[
			29,
			33
		],
		[
			29,
			32
		],
		[
			42,
			79
		],
		[
			13,
			42
		],
		[
			13,
			79
		],
		[
			17,
			48
		],
		[
			17,
			80
		],
		[
			48,
			80
		],
		[
			21,
			46
		],
		[
			20,
			46
		],
		[
			11,
			76
		],
		[
			73,
			76
		],
		[
			7,
			60
		],
		[
			52,
			60
		],
		[
			7,
			52
		],
		[
			22,
			63
		],
		[
			22,
			62
		],
		[
			62,
			63
		],
		[
			21,
			62
		],
		[
			14,
			77
		],
		[
			12,
			14
		],
		[
			51,
			65
		],
		[
			50,
			51
		],
		[
			14,
			80
		],
		[
			14,
			48
		],
		[
			30,
			32
		],
		[
			51,
			61
		],
		[
			19,
			61
		],
		[
			45,
			47
		],
		[
			35,
			71
		],
		[
			18,
			48
		],
		[
			48,
			63
		],
		[
			18,
			63
		],
		[
			36,
			86
		],
		[
			82,
			86
		],
		[
			6,
			60
		],
		[
			52,
			57
		],
		[
			43,
			64
		],
		[
			4,
			43
		],
		[
			4,
			64
		],
		[
			29,
			56
		],
		[
			8,
			59
		],
		[
			7,
			59
		],
		[
			13,
			48
		],
		[
			49,
			66
		],
		[
			66,
			70
		],
		[
			49,
			70
		],
		[
			26,
			42
		],
		[
			42,
			44
		],
		[
			64,
			68
		],
		[
			51,
			62
		],
		[
			61,
			62
		],
		[
			31,
			36
		],
		[
			22,
			48
		],
		[
			10,
			76
		],
		[
			28,
			60
		],
		[
			29,
			60
		],
		[
			23,
			46
		],
		[
			13,
			22
		],
		[
			74,
			77
		],
		[
			74,
			79
		],
		[
			77,
			79
		],
		[
			23,
			42
		],
		[
			42,
			55
		],
		[
			17,
			58
		],
		[
			25,
			55
		],
		[
			72,
			73
		],
		[
			11,
			72
		],
		[
			25,
			56
		],
		[
			20,
			54
		],
		[
			57,
			66
		],
		[
			28,
			66
		],
		[
			2,
			86
		],
		[
			0,
			2
		],
		[
			0,
			86
		],
		[
			22,
			42
		],
		[
			20,
			61
		],
		[
			21,
			61
		],
		[
			27,
			74
		],
		[
			73,
			74
		],
		[
			27,
			73
		],
		[
			33,
			35
		],
		[
			5,
			30
		],
		[
			30,
			87
		],
		[
			4,
			89
		],
		[
			9,
			69
		],
		[
			35,
			40
		],
		[
			37,
			41
		],
		[
			37,
			39
		],
		[
			5,
			59
		],
		[
			59,
			64
		],
		[
			5,
			64
		],
		[
			39,
			82
		],
		[
			9,
			64
		],
		[
			28,
			52
		],
		[
			2,
			87
		],
		[
			18,
			58
		],
		[
			18,
			65
		],
		[
			44,
			79
		],
		[
			56,
			70
		],
		[
			25,
			70
		],
		[
			76,
			78
		],
		[
			10,
			78
		],
		[
			51,
			63
		],
		[
			12,
			74
		],
		[
			6,
			30
		],
		[
			2,
			84
		],
		[
			45,
			84
		],
		[
			27,
			76
		],
		[
			45,
			89
		],
		[
			3,
			89
		],
		[
			20,
			67
		],
		[
			11,
			75
		],
		[
			0,
			82
		],
		[
			12,
			15
		],
		[
			8,
			64
		],
		[
			39,
			85
		],
		[
			85,
			88
		],
		[
			16,
			80
		],
		[
			15,
			80
		],
		[
			45,
			87
		],
		[
			1,
			85
		],
		[
			0,
			85
		],
		[
			27,
			79
		],
		[
			1,
			83
		],
		[
			83,
			85
		],
		[
			1,
			84
		],
		[
			6,
			29
		],
		[
			6,
			59
		],
		[
			12,
			72
		]
	],
	"score": 0.5098039215686274,
	"obtuse num": 0,
	"steiner num": 90
}