{
	"content_type": "CG_SHOP_2025_Solution",
	"instance_uid": "ortho_60_f744490d",
	"steiner_points_x": [
		15047,
		0,
		26567,
		842583,
		842965,
		64770,
		487712,
		0,
		194531,
		804686,
		997441,
		997441,
		909475,
		909475,
		1110790,
		1017003,
		582073,
		378774,
		745512,
		435548
	],
	"steiner_points_y": [
		971109,
		"16500000/17",
		607525,
		591356,
		607525,
		607525,
		393248,
		607525,
		607526,
		462681,
		225077,
		225090,
		287929,
		218323,
		103218,
		479083,
		1042681,
		1328510,
		1737655,
		1790150
	],
	"edges": [
		[
			12,
			74
		],
		[
			13,
			74
		],
		[
			12,
			13
		],
		[
			72,
			73
		],
		[
			19,
			73
		],
		[
			19,
			72
		],
		[
			11,
			74
		],
		[
			11,
			12
		],
		[
			13,
			14
		],
		[
			13,
			15
		],
		[
			14,
			15
		],
		[
			13,
			16
		],
		[
			15,
			16
		],
		[
			17,
			18
		],
		[
			17,
			72
		],
		[
			18,
			72
		],
		[
			22,
			75
		],
		[
			22,
			29
		],
		[
			29,
			75
		],
		[
			8,
			9
		],
		[
			8,
			10
		],
		[
			9,
			10
		],
		[
			20,
			21
		],
		[
			20,
			22
		],
		[
			21,
			22
		],
		[
			5,
			6
		],
		[
			5,
			7
		],
		[
			6,
			7
		],
		[
			1,
			3
		],
		[
			1,
			4
		],
		[
			3,
			4
		],
		[
			0,
			62
		],
		[
			1,
			62
		],
		[
			0,
			1
		],
		[
			1,
			2
		],
		[
			2,
			3
		],
		[
			5,
			8
		],
		[
			7,
			8
		],
		[
			23,
			75
		],
		[
			25,
			75
		],
		[
			23,
			25
		],
		[
			24,
			25
		],
		[
			23,
			24
		],
		[
			65,
			68
		],
		[
			4,
			68
		],
		[
			4,
			65
		],
		[
			29,
			63
		],
		[
			63,
			64
		],
		[
			29,
			64
		],
		[
			26,
			27
		],
		[
			26,
			28
		],
		[
			27,
			28
		],
		[
			41,
			79
		],
		[
			39,
			41
		],
		[
			39,
			79
		],
		[
			25,
			28
		],
		[
			25,
			26
		],
		[
			44,
			45
		],
		[
			44,
			46
		],
		[
			45,
			46
		],
		[
			31,
			66
		],
		[
			31,
			69
		],
		[
			66,
			69
		],
		[
			52,
			65
		],
		[
			52,
			68
		],
		[
			37,
			42
		],
		[
			42,
			78
		],
		[
			37,
			78
		],
		[
			49,
			77
		],
		[
			46,
			49
		],
		[
			46,
			77
		],
		[
			58,
			61
		],
		[
			58,
			60
		],
		[
			60,
			61
		],
		[
			37,
			77
		],
		[
			37,
			76
		],
		[
			76,
			77
		],
		[
			19,
			69
		],
		[
			19,
			66
		],
		[
			31,
			68
		],
		[
			66,
			68
		],
		[
			70,
			71
		],
		[
			17,
			70
		],
		[
			17,
			71
		],
		[
			78,
			79
		],
		[
			38,
			79
		],
		[
			38,
			78
		],
		[
			53,
			65
		],
		[
			52,
			53
		],
		[
			32,
			50
		],
		[
			50,
			76
		],
		[
			32,
			76
		],
		[
			44,
			77
		],
		[
			53,
			60
		],
		[
			53,
			62
		],
		[
			60,
			62
		],
		[
			22,
			63
		],
		[
			28,
			29
		],
		[
			28,
			75
		],
		[
			1,
			65
		],
		[
			8,
			19
		],
		[
			8,
			66
		],
		[
			49,
			76
		],
		[
			42,
			77
		],
		[
			42,
			44
		],
		[
			10,
			73
		],
		[
			70,
			73
		],
		[
			10,
			70
		],
		[
			49,
			50
		],
		[
			32,
			35
		],
		[
			35,
			76
		],
		[
			10,
			13
		],
		[
			10,
			16
		],
		[
			31,
			32
		],
		[
			32,
			68
		],
		[
			62,
			67
		],
		[
			0,
			67
		],
		[
			55,
			60
		],
		[
			55,
			58
		],
		[
			17,
			73
		],
		[
			20,
			63
		],
		[
			39,
			40
		],
		[
			40,
			41
		],
		[
			41,
			42
		],
		[
			41,
			78
		],
		[
			16,
			70
		],
		[
			16,
			71
		],
		[
			62,
			65
		],
		[
			29,
			30
		],
		[
			30,
			64
		],
		[
			53,
			55
		],
		[
			8,
			73
		],
		[
			33,
			35
		],
		[
			34,
			35
		],
		[
			33,
			34
		],
		[
			46,
			48
		],
		[
			48,
			49
		],
		[
			10,
			74
		],
		[
			42,
			43
		],
		[
			43,
			44
		],
		[
			31,
			63
		],
		[
			63,
			69
		],
		[
			61,
			62
		],
		[
			61,
			67
		],
		[
			31,
			64
		],
		[
			35,
			37
		],
		[
			36,
			37
		],
		[
			35,
			36
		],
		[
			5,
			68
		],
		[
			4,
			5
		],
		[
			46,
			47
		],
		[
			47,
			48
		],
		[
			32,
			33
		],
		[
			53,
			54
		],
		[
			54,
			55
		],
		[
			50,
			51
		],
		[
			50,
			52
		],
		[
			51,
			52
		],
		[
			5,
			66
		],
		[
			55,
			56
		],
		[
			55,
			57
		],
		[
			56,
			57
		],
		[
			58,
			59
		],
		[
			59,
			61
		],
		[
			32,
			52
		],
		[
			20,
			69
		],
		[
			19,
			20
		],
		[
			57,
			58
		]
	],
	"score": 0.5238095238095238
}