{
	"content_type": "CG_SHOP_2025_Solution",
	"instance_uid": "point-set_60_2ff8f975",
	"steiner_points_x": [
		"1555379429/873002",
		"925065618/436501",
		849,
		1437,
		1925,
		2661,
		3675,
		3148,
		1428,
		"26746473653/13040690",
		681,
		"4642553239/13040690",
		578,
		"15/2",
		"633219149/163717",
		347,
		715,
		3607,
		"88658/163",
		202,
		"2643313405/682601",
		733,
		3141,
		2401,
		536,
		"783534020/205049",
		2714,
		2271,
		3797,
		3599,
		2533,
		"4701592/1352633",
		"768368/1352633",
		"6139473994/6520345",
		3178,
		2684,
		2533,
		538,
		2858,
		300,
		3599,
		"2671249702/682601",
		"769560783/205049",
		316,
		2928,
		3420,
		1356,
		"3803008/1352633",
		3008,
		2728,
		2355,
		399,
		"38832830087/13040690",
		"20732785233/6520345",
		"17174599719/6520345",
		1145,
		2155,
		3739,
		"9415402082/6520345",
		2283,
		747,
		356,
		"7856639341/13040690",
		2818,
		395,
		597,
		1017,
		"776984978/205049",
		"428174821/2608138",
		"785891872/205049",
		"2683884297/682601",
		"77679155/84913",
		2790,
		3182,
		2688,
		2796,
		3392,
		3148
	],
	"steiner_points_y": [
		"1605293083/873002",
		"815152123/436501",
		1453,
		1263,
		314,
		920,
		1137,
		730,
		286,
		"272052601/13040690",
		1564,
		"45565463/13040690",
		566,
		224,
		"289770101/163717",
		470,
		716,
		595,
		"281826/163",
		287,
		"805578417/682601",
		258,
		1903,
		472,
		1463,
		"172181133/205049",
		1903,
		831,
		1519,
		1536,
		814,
		"1289473521/1352633",
		"717681082/1352633",
		"61905773/6520345",
		199,
		690,
		541,
		975,
		606,
		125,
		1676,
		"1032387957/682601",
		"114721093/205049",
		1442,
		1903,
		588,
		1348,
		"1158841872/1352633",
		456,
		778,
		1183,
		145,
		"395895079/13040690",
		"211435686/6520345",
		"174976848/6520345",
		263,
		1694,
		789,
		"95472469/6520345",
		880,
		559,
		52,
		"78498497/13040690",
		845,
		685,
		1330,
		863,
		"145250493/205049",
		"3986417/2608138",
		"181876973/205049",
		"1134965857/682601",
		"149628600/84913",
		984,
		940,
		1058,
		1082,
		1036,
		1654
	],
	"edges": [
		[
			17,
			40
		],
		[
			17,
			75
		],
		[
			40,
			75
		],
		[
			18,
			50
		],
		[
			18,
			96
		],
		[
			50,
			96
		],
		[
			31,
			134
		],
		[
			65,
			134
		],
		[
			31,
			65
		],
		[
			5,
			100
		],
		[
			51,
			100
		],
		[
			5,
			51
		],
		[
			41,
			136
		],
		[
			29,
			136
		],
		[
			29,
			41
		],
		[
			63,
			106
		],
		[
			27,
			106
		],
		[
			27,
			63
		],
		[
			53,
			103
		],
		[
			49,
			103
		],
		[
			49,
			53
		],
		[
			99,
			121
		],
		[
			99,
			111
		],
		[
			111,
			121
		],
		[
			10,
			103
		],
		[
			26,
			103
		],
		[
			10,
			26
		],
		[
			85,
			117
		],
		[
			13,
			117
		],
		[
			13,
			85
		],
		[
			77,
			117
		],
		[
			117,
			127
		],
		[
			77,
			127
		],
		[
			24,
			29
		],
		[
			24,
			136
		],
		[
			19,
			99
		],
		[
			19,
			121
		],
		[
			57,
			134
		],
		[
			57,
			135
		],
		[
			134,
			135
		],
		[
			52,
			135
		],
		[
			24,
			52
		],
		[
			24,
			135
		],
		[
			25,
			58
		],
		[
			25,
			70
		],
		[
			58,
			70
		],
		[
			133,
			136
		],
		[
			24,
			133
		],
		[
			2,
			82
		],
		[
			51,
			82
		],
		[
			2,
			51
		],
		[
			29,
			52
		],
		[
			52,
			57
		],
		[
			94,
			108
		],
		[
			38,
			108
		],
		[
			38,
			94
		],
		[
			69,
			83
		],
		[
			83,
			114
		],
		[
			69,
			114
		],
		[
			14,
			111
		],
		[
			14,
			99
		],
		[
			34,
			137
		],
		[
			52,
			137
		],
		[
			34,
			52
		],
		[
			32,
			106
		],
		[
			106,
			126
		],
		[
			32,
			126
		],
		[
			38,
			105
		],
		[
			59,
			105
		],
		[
			38,
			59
		],
		[
			45,
			55
		],
		[
			55,
			76
		],
		[
			45,
			76
		],
		[
			0,
			38
		],
		[
			0,
			105
		],
		[
			13,
			48
		],
		[
			48,
			85
		],
		[
			18,
			47
		],
		[
			18,
			90
		],
		[
			47,
			90
		],
		[
			31,
			110
		],
		[
			110,
			134
		],
		[
			24,
			132
		],
		[
			132,
			135
		],
		[
			81,
			122
		],
		[
			81,
			93
		],
		[
			93,
			122
		],
		[
			40,
			79
		],
		[
			14,
			40
		],
		[
			14,
			79
		],
		[
			115,
			118
		],
		[
			68,
			115
		],
		[
			68,
			118
		],
		[
			1,
			32
		],
		[
			1,
			62
		],
		[
			32,
			62
		],
		[
			16,
			27
		],
		[
			16,
			63
		],
		[
			72,
			75
		],
		[
			75,
			124
		],
		[
			72,
			124
		],
		[
			85,
			127
		],
		[
			30,
			115
		],
		[
			35,
			115
		],
		[
			30,
			35
		],
		[
			46,
			116
		],
		[
			36,
			116
		],
		[
			36,
			46
		],
		[
			72,
			120
		],
		[
			81,
			120
		],
		[
			72,
			81
		],
		[
			42,
			79
		],
		[
			42,
			73
		],
		[
			73,
			79
		],
		[
			63,
			126
		],
		[
			9,
			63
		],
		[
			9,
			126
		],
		[
			2,
			100
		],
		[
			1,
			58
		],
		[
			58,
			62
		],
		[
			121,
			122
		],
		[
			111,
			122
		],
		[
			16,
			119
		],
		[
			87,
			119
		],
		[
			16,
			87
		],
		[
			0,
			67
		],
		[
			38,
			67
		],
		[
			0,
			133
		],
		[
			0,
			136
		],
		[
			19,
			33
		],
		[
			19,
			128
		],
		[
			33,
			128
		],
		[
			39,
			136
		],
		[
			39,
			41
		],
		[
			14,
			75
		],
		[
			19,
			73
		],
		[
			33,
			73
		],
		[
			71,
			121
		],
		[
			71,
			122
		],
		[
			6,
			64
		],
		[
			64,
			68
		],
		[
			6,
			68
		],
		[
			67,
			123
		],
		[
			123,
			133
		],
		[
			67,
			133
		],
		[
			39,
			77
		],
		[
			39,
			117
		],
		[
			26,
			125
		],
		[
			97,
			125
		],
		[
			26,
			97
		],
		[
			86,
			104
		],
		[
			28,
			104
		],
		[
			28,
			86
		],
		[
			2,
			137
		],
		[
			82,
			137
		],
		[
			8,
			40
		],
		[
			8,
			79
		],
		[
			21,
			35
		],
		[
			21,
			115
		],
		[
			47,
			65
		],
		[
			31,
			47
		],
		[
			7,
			88
		],
		[
			7,
			101
		],
		[
			88,
			101
		],
		[
			45,
			126
		],
		[
			55,
			126
		],
		[
			132,
			133
		],
		[
			13,
			41
		],
		[
			41,
			66
		],
		[
			13,
			66
		],
		[
			80,
			88
		],
		[
			80,
			101
		],
		[
			25,
			84
		],
		[
			70,
			84
		],
		[
			43,
			75
		],
		[
			14,
			43
		],
		[
			55,
			120
		],
		[
			76,
			120
		],
		[
			66,
			80
		],
		[
			66,
			88
		],
		[
			10,
			97
		],
		[
			44,
			53
		],
		[
			44,
			103
		],
		[
			4,
			22
		],
		[
			4,
			108
		],
		[
			22,
			108
		],
		[
			23,
			66
		],
		[
			23,
			80
		],
		[
			50,
			90
		],
		[
			43,
			72
		],
		[
			6,
			16
		],
		[
			6,
			30
		],
		[
			16,
			30
		],
		[
			19,
			42
		],
		[
			13,
			39
		],
		[
			95,
			109
		],
		[
			98,
			109
		],
		[
			95,
			98
		],
		[
			57,
			110
		],
		[
			67,
			108
		],
		[
			48,
			129
		],
		[
			85,
			129
		],
		[
			31,
			119
		],
		[
			110,
			119
		],
		[
			59,
			77
		],
		[
			77,
			102
		],
		[
			59,
			102
		],
		[
			5,
			74
		],
		[
			51,
			74
		],
		[
			12,
			70
		],
		[
			70,
			78
		],
		[
			12,
			78
		],
		[
			4,
			114
		],
		[
			96,
			114
		],
		[
			4,
			96
		],
		[
			93,
			115
		],
		[
			93,
			118
		],
		[
			45,
			97
		],
		[
			76,
			97
		],
		[
			21,
			93
		],
		[
			77,
			105
		],
		[
			0,
			39
		],
		[
			39,
			105
		],
		[
			10,
			124
		],
		[
			97,
			124
		],
		[
			7,
			130
		],
		[
			7,
			20
		],
		[
			20,
			130
		],
		[
			8,
			17
		],
		[
			10,
			91
		],
		[
			91,
			103
		],
		[
			17,
			92
		],
		[
			8,
			92
		],
		[
			8,
			73
		],
		[
			5,
			88
		],
		[
			5,
			7
		],
		[
			43,
			111
		],
		[
			22,
			114
		],
		[
			22,
			112
		],
		[
			112,
			114
		],
		[
			64,
			118
		],
		[
			64,
			69
		],
		[
			69,
			118
		],
		[
			44,
			70
		],
		[
			44,
			78
		],
		[
			9,
			16
		],
		[
			44,
			84
		],
		[
			43,
			81
		],
		[
			94,
			112
		],
		[
			94,
			113
		],
		[
			112,
			113
		],
		[
			49,
			91
		],
		[
			50,
			87
		],
		[
			87,
			90
		],
		[
			42,
			99
		],
		[
			81,
			111
		],
		[
			54,
			124
		],
		[
			54,
			72
		],
		[
			18,
			95
		],
		[
			18,
			109
		],
		[
			54,
			120
		],
		[
			3,
			88
		],
		[
			3,
			66
		],
		[
			23,
			48
		],
		[
			48,
			66
		],
		[
			54,
			97
		],
		[
			5,
			20
		],
		[
			16,
			110
		],
		[
			20,
			74
		],
		[
			62,
			106
		],
		[
			35,
			55
		],
		[
			35,
			120
		],
		[
			95,
			96
		],
		[
			4,
			95
		],
		[
			29,
			137
		],
		[
			2,
			29
		],
		[
			56,
			124
		],
		[
			10,
			56
		],
		[
			25,
			26
		],
		[
			25,
			125
		],
		[
			53,
			78
		],
		[
			14,
			42
		],
		[
			58,
			125
		],
		[
			30,
			68
		],
		[
			47,
			109
		],
		[
			65,
			109
		],
		[
			65,
			123
		],
		[
			109,
			123
		],
		[
			102,
			127
		],
		[
			11,
			57
		],
		[
			11,
			28
		],
		[
			28,
			57
		],
		[
			84,
			103
		],
		[
			83,
			96
		],
		[
			36,
			61
		],
		[
			46,
			61
		],
		[
			50,
			83
		],
		[
			64,
			83
		],
		[
			50,
			64
		],
		[
			22,
			94
		],
		[
			11,
			116
		],
		[
			11,
			46
		],
		[
			21,
			120
		],
		[
			6,
			87
		],
		[
			6,
			50
		],
		[
			34,
			82
		],
		[
			9,
			15
		],
		[
			15,
			126
		],
		[
			19,
			71
		],
		[
			71,
			128
		],
		[
			98,
			123
		],
		[
			27,
			36
		],
		[
			27,
			60
		],
		[
			36,
			60
		],
		[
			90,
			119
		],
		[
			27,
			116
		],
		[
			16,
			116
		],
		[
			56,
			91
		],
		[
			56,
			107
		],
		[
			91,
			107
		],
		[
			23,
			129
		],
		[
			15,
			55
		],
		[
			92,
			107
		],
		[
			17,
			107
		],
		[
			54,
			76
		],
		[
			15,
			30
		],
		[
			15,
			35
		],
		[
			21,
			81
		],
		[
			67,
			98
		],
		[
			98,
			108
		],
		[
			2,
			89
		],
		[
			89,
			100
		],
		[
			31,
			90
		],
		[
			110,
			116
		],
		[
			32,
			97
		],
		[
			1,
			97
		],
		[
			28,
			46
		],
		[
			65,
			132
		],
		[
			123,
			132
		],
		[
			26,
			84
		],
		[
			3,
			5
		],
		[
			3,
			100
		],
		[
			29,
			89
		],
		[
			132,
			134
		],
		[
			59,
			94
		],
		[
			27,
			37
		],
		[
			37,
			60
		],
		[
			12,
			62
		],
		[
			12,
			106
		],
		[
			3,
			89
		],
		[
			9,
			30
		],
		[
			17,
			124
		],
		[
			17,
			56
		],
		[
			34,
			104
		],
		[
			82,
			104
		],
		[
			12,
			131
		],
		[
			78,
			131
		],
		[
			28,
			34
		],
		[
			1,
			125
		],
		[
			101,
			130
		],
		[
			66,
			89
		],
		[
			46,
			86
		],
		[
			59,
			113
		],
		[
			62,
			70
		],
		[
			12,
			37
		],
		[
			37,
			131
		],
		[
			32,
			45
		],
		[
			37,
			106
		],
		[
			60,
			61
		],
		[
			28,
			52
		],
		[
			29,
			66
		],
		[
			4,
			98
		],
		[
			11,
			110
		]
	],
	"score": 0.5063291139240507
}