{
	"content_type": "CG_SHOP_2025_Solution",
	"instance_uid": "point-set_40_8cbf31aa",
	"steiner_points_x": [
		8885,
		"170426/17",
		9662,
		"2483712315/1205089",
		6258,
		"2039836333/2434706",
		"1162185570/1205089",
		2200,
		"1064561259/102713",
		9009,
		8251,
		11325,
		"109804214621/16040149",
		3460,
		7208,
		4517,
		"2283079850/236681",
		10686,
		6272,
		11325,
		2480,
		"8599902387/1747093",
		6407,
		4494,
		10720,
		2829,
		"1687959000/1205089",
		11325,
		7549,
		3148,
		"1924732475/205426",
		"2206192555/205426",
		"14238836852/1747093",
		5273,
		3294,
		7616,
		2510,
		1986
	],
	"steiner_points_y": [
		2344,
		"8420/17",
		4644,
		"8046208440/1205089",
		3907,
		"2026024485/2434706",
		"5855317540/1205089",
		1110,
		"54351155/102713",
		2743,
		5718,
		5389,
		"3325655820/16040149",
		0,
		3880,
		1893,
		"2096286670/236681",
		1420,
		4398,
		3345,
		5624,
		"14528203648/1747093",
		6282,
		6834,
		763,
		0,
		"6726970140/1205089",
		6210,
		5932,
		4381,
		"88308625/205426",
		"116392225/205426",
		"15488943058/1747093",
		2547,
		2199,
		1906,
		1428,
		1494
	],
	"edges": [
		[
			54,
			68
		],
		[
			54,
			58
		],
		[
			58,
			68
		],
		[
			3,
			21
		],
		[
			21,
			52
		],
		[
			3,
			52
		],
		[
			7,
			31
		],
		[
			23,
			31
		],
		[
			7,
			23
		],
		[
			16,
			63
		],
		[
			16,
			34
		],
		[
			34,
			63
		],
		[
			24,
			59
		],
		[
			24,
			42
		],
		[
			42,
			59
		],
		[
			8,
			28
		],
		[
			8,
			69
		],
		[
			28,
			69
		],
		[
			15,
			65
		],
		[
			11,
			15
		],
		[
			11,
			65
		],
		[
			2,
			23
		],
		[
			2,
			13
		],
		[
			13,
			23
		],
		[
			18,
			69
		],
		[
			0,
			18
		],
		[
			0,
			69
		],
		[
			33,
			62
		],
		[
			33,
			68
		],
		[
			62,
			68
		],
		[
			28,
			66
		],
		[
			60,
			66
		],
		[
			28,
			60
		],
		[
			19,
			42
		],
		[
			19,
			36
		],
		[
			36,
			42
		],
		[
			16,
			43
		],
		[
			34,
			43
		],
		[
			34,
			61
		],
		[
			61,
			63
		],
		[
			16,
			60
		],
		[
			8,
			16
		],
		[
			8,
			60
		],
		[
			22,
			27
		],
		[
			22,
			26
		],
		[
			26,
			27
		],
		[
			50,
			68
		],
		[
			33,
			50
		],
		[
			25,
			46
		],
		[
			28,
			46
		],
		[
			25,
			28
		],
		[
			17,
			31
		],
		[
			17,
			23
		],
		[
			1,
			24
		],
		[
			1,
			59
		],
		[
			2,
			33
		],
		[
			2,
			17
		],
		[
			17,
			33
		],
		[
			46,
			66
		],
		[
			55,
			73
		],
		[
			52,
			73
		],
		[
			52,
			55
		],
		[
			26,
			76
		],
		[
			26,
			74
		],
		[
			74,
			76
		],
		[
			23,
			56
		],
		[
			13,
			56
		],
		[
			43,
			60
		],
		[
			43,
			66
		],
		[
			9,
			15
		],
		[
			4,
			15
		],
		[
			4,
			9
		],
		[
			32,
			42
		],
		[
			19,
			32
		],
		[
			22,
			38
		],
		[
			38,
			55
		],
		[
			22,
			55
		],
		[
			36,
			51
		],
		[
			42,
			51
		],
		[
			21,
			55
		],
		[
			7,
			56
		],
		[
			22,
			74
		],
		[
			24,
			32
		],
		[
			38,
			73
		],
		[
			30,
			53
		],
		[
			3,
			30
		],
		[
			3,
			53
		],
		[
			7,
			36
		],
		[
			31,
			36
		],
		[
			11,
			30
		],
		[
			11,
			21
		],
		[
			21,
			30
		],
		[
			5,
			39
		],
		[
			39,
			41
		],
		[
			5,
			41
		],
		[
			27,
			38
		],
		[
			18,
			58
		],
		[
			18,
			62
		],
		[
			58,
			62
		],
		[
			62,
			63
		],
		[
			18,
			63
		],
		[
			39,
			40
		],
		[
			35,
			40
		],
		[
			35,
			39
		],
		[
			0,
			27
		],
		[
			0,
			38
		],
		[
			1,
			35
		],
		[
			24,
			35
		],
		[
			33,
			61
		],
		[
			2,
			61
		],
		[
			10,
			73
		],
		[
			10,
			75
		],
		[
			73,
			75
		],
		[
			36,
			67
		],
		[
			7,
			67
		],
		[
			57,
			64
		],
		[
			29,
			57
		],
		[
			29,
			64
		],
		[
			61,
			62
		],
		[
			64,
			71
		],
		[
			20,
			64
		],
		[
			20,
			71
		],
		[
			51,
			67
		],
		[
			0,
			58
		],
		[
			51,
			59
		],
		[
			17,
			50
		],
		[
			19,
			54
		],
		[
			32,
			54
		],
		[
			9,
			37
		],
		[
			15,
			37
		],
		[
			35,
			57
		],
		[
			1,
			57
		],
		[
			10,
			54
		],
		[
			10,
			32
		],
		[
			16,
			18
		],
		[
			6,
			77
		],
		[
			37,
			77
		],
		[
			6,
			37
		],
		[
			19,
			50
		],
		[
			31,
			50
		],
		[
			19,
			31
		],
		[
			10,
			49
		],
		[
			32,
			49
		],
		[
			50,
			54
		],
		[
			4,
			65
		],
		[
			8,
			18
		],
		[
			20,
			29
		],
		[
			10,
			40
		],
		[
			40,
			75
		],
		[
			2,
			72
		],
		[
			61,
			72
		],
		[
			39,
			48
		],
		[
			39,
			64
		],
		[
			48,
			64
		],
		[
			24,
			49
		],
		[
			14,
			40
		],
		[
			14,
			75
		],
		[
			5,
			14
		],
		[
			5,
			70
		],
		[
			14,
			70
		],
		[
			39,
			57
		],
		[
			27,
			69
		],
		[
			25,
			27
		],
		[
			25,
			69
		],
		[
			41,
			48
		],
		[
			52,
			75
		],
		[
			37,
			45
		],
		[
			9,
			45
		],
		[
			30,
			65
		],
		[
			44,
			58
		],
		[
			0,
			44
		],
		[
			11,
			76
		],
		[
			11,
			74
		],
		[
			37,
			47
		],
		[
			15,
			47
		],
		[
			47,
			77
		],
		[
			41,
			70
		],
		[
			5,
			40
		],
		[
			44,
			73
		],
		[
			38,
			44
		],
		[
			47,
			76
		],
		[
			11,
			47
		],
		[
			13,
			72
		],
		[
			21,
			74
		],
		[
			55,
			74
		],
		[
			10,
			44
		],
		[
			12,
			57
		],
		[
			12,
			29
		],
		[
			6,
			46
		],
		[
			6,
			25
		],
		[
			25,
			26
		],
		[
			48,
			71
		],
		[
			26,
			77
		],
		[
			76,
			77
		],
		[
			44,
			54
		],
		[
			35,
			49
		],
		[
			6,
			45
		],
		[
			6,
			26
		],
		[
			40,
			49
		],
		[
			53,
			65
		],
		[
			1,
			12
		],
		[
			14,
			52
		]
	],
	"score": 0.5128205128205128
}