{
	"content_type": "CG_SHOP_2025_Solution",
	"instance_uid": "point-set_20_fa3fd7e0",
	"steiner_points_x": [
		"618551669/1735633",
		2196,
		"53292085/1793762",
		"45214089/1772522",
		2067,
		2123,
		2136,
		"8049239739/5005025",
		"79824631/52973",
		"422864309/1735633",
		"4199460773/1791413",
		1560,
		860,
		"3012/7",
		"10958863807/5005025",
		"4433325953/1791413",
		1421,
		439,
		"2206620931/5005025"
	],
	"steiner_points_y": [
		"5443077809/1735633",
		598,
		"2863549337/1793762",
		"417937993/1772522",
		2295,
		255,
		1553,
		"257722777/5005025",
		"173598571/52973",
		"4995739469/1735633",
		"511552137/1791413",
		2526,
		1326,
		"365/28",
		"352714976/5005025",
		"1155321057/1791413",
		1019,
		71,
		"66975383/5005025"
	],
	"edges": [
		[
			11,
			15
		],
		[
			9,
			11
		],
		[
			9,
			15
		],
		[
			2,
			10
		],
		[
			2,
			26
		],
		[
			10,
			26
		],
		[
			10,
			32
		],
		[
			10,
			36
		],
		[
			32,
			36
		],
		[
			2,
			24
		],
		[
			24,
			26
		],
		[
			37,
			38
		],
		[
			27,
			37
		],
		[
			27,
			38
		],
		[
			7,
			21
		],
		[
			18,
			21
		],
		[
			7,
			18
		],
		[
			0,
			24
		],
		[
			24,
			31
		],
		[
			0,
			31
		],
		[
			2,
			9
		],
		[
			9,
			31
		],
		[
			2,
			31
		],
		[
			26,
			36
		],
		[
			18,
			30
		],
		[
			18,
			35
		],
		[
			30,
			35
		],
		[
			19,
			26
		],
		[
			19,
			36
		],
		[
			3,
			4
		],
		[
			3,
			23
		],
		[
			4,
			23
		],
		[
			5,
			25
		],
		[
			7,
			25
		],
		[
			5,
			7
		],
		[
			15,
			22
		],
		[
			11,
			22
		],
		[
			9,
			29
		],
		[
			14,
			29
		],
		[
			9,
			14
		],
		[
			5,
			27
		],
		[
			5,
			34
		],
		[
			27,
			34
		],
		[
			16,
			19
		],
		[
			16,
			18
		],
		[
			18,
			19
		],
		[
			3,
			36
		],
		[
			17,
			36
		],
		[
			3,
			17
		],
		[
			12,
			33
		],
		[
			12,
			37
		],
		[
			33,
			37
		],
		[
			12,
			13
		],
		[
			13,
			33
		],
		[
			17,
			19
		],
		[
			19,
			21
		],
		[
			17,
			21
		],
		[
			17,
			27
		],
		[
			17,
			25
		],
		[
			25,
			27
		],
		[
			1,
			7
		],
		[
			7,
			30
		],
		[
			1,
			30
		],
		[
			1,
			5
		],
		[
			1,
			34
		],
		[
			3,
			12
		],
		[
			12,
			23
		],
		[
			10,
			15
		],
		[
			2,
			15
		],
		[
			4,
			32
		],
		[
			3,
			32
		],
		[
			14,
			20
		],
		[
			20,
			29
		],
		[
			13,
			23
		],
		[
			11,
			29
		],
		[
			3,
			27
		],
		[
			21,
			25
		],
		[
			15,
			32
		],
		[
			8,
			19
		],
		[
			8,
			16
		],
		[
			22,
			32
		],
		[
			33,
			38
		],
		[
			6,
			14
		],
		[
			6,
			20
		],
		[
			4,
			22
		],
		[
			16,
			35
		],
		[
			28,
			31
		],
		[
			14,
			31
		],
		[
			14,
			28
		],
		[
			3,
			37
		],
		[
			0,
			28
		],
		[
			6,
			28
		],
		[
			8,
			26
		],
		[
			8,
			24
		],
		[
			0,
			8
		]
	],
	"score": 0.525
}