{
	"content_type": "CG_SHOP_2025_Solution",
	"instance_uid": "point-set_20_34a047f7",
	"steiner_points_x": [
		5852,
		"20835/4",
		6515,
		"852525/97",
		5889,
		6170,
		6265,
		"7314132/1597",
		7524,
		7594,
		6540,
		"61591408/7985",
		6292,
		4207,
		8370,
		7570,
		7425,
		7497,
		7237,
		6539,
		7810,
		"1780547/205",
		"68275/9",
		4385,
		6073,
		"61439858085/10157701",
		"13086405/1597",
		"9647890/1597",
		"57555792/7985",
		"9981373/1597",
		5947,
		"181275/31",
		"6825255/1597",
		"5075273/1229",
		"943675/221",
		7793,
		4231,
		"5129829/1229"
	],
	"steiner_points_y": [
		3316,
		"4013/2",
		"5302/3",
		"254025/97",
		3093,
		3174,
		3325,
		"5335404/1597",
		3452,
		3058,
		2304,
		"28926076/7985",
		3114,
		3224,
		3190,
		1975,
		3049,
		3193,
		3272,
		2175,
		3268,
		"670646/205",
		"32500/9",
		2365,
		1986,
		"18819463566/10157701",
		"5854260/1597",
		"5545180/1597",
		"28563324/7985",
		"5575156/1597",
		2304,
		"107100/31",
		"5291460/1597",
		"3956860/1229",
		"512825/221",
		3399,
		2446,
		"3002130/1229"
	],
	"edges": [
		[
			1,
			30
		],
		[
			1,
			32
		],
		[
			30,
			32
		],
		[
			7,
			24
		],
		[
			6,
			24
		],
		[
			6,
			7
		],
		[
			0,
			20
		],
		[
			0,
			24
		],
		[
			20,
			24
		],
		[
			43,
			56
		],
		[
			2,
			43
		],
		[
			2,
			56
		],
		[
			26,
			38
		],
		[
			32,
			38
		],
		[
			26,
			32
		],
		[
			7,
			33
		],
		[
			7,
			56
		],
		[
			33,
			56
		],
		[
			2,
			54
		],
		[
			2,
			10
		],
		[
			10,
			54
		],
		[
			37,
			38
		],
		[
			28,
			38
		],
		[
			28,
			37
		],
		[
			7,
			13
		],
		[
			13,
			33
		],
		[
			5,
			46
		],
		[
			5,
			55
		],
		[
			46,
			55
		],
		[
			5,
			12
		],
		[
			12,
			46
		],
		[
			13,
			27
		],
		[
			7,
			27
		],
		[
			9,
			33
		],
		[
			33,
			53
		],
		[
			9,
			53
		],
		[
			9,
			13
		],
		[
			56,
			57
		],
		[
			4,
			56
		],
		[
			4,
			57
		],
		[
			1,
			24
		],
		[
			1,
			6
		],
		[
			30,
			50
		],
		[
			30,
			39
		],
		[
			39,
			50
		],
		[
			1,
			50
		],
		[
			6,
			50
		],
		[
			16,
			18
		],
		[
			14,
			18
		],
		[
			14,
			16
		],
		[
			10,
			43
		],
		[
			6,
			43
		],
		[
			6,
			10
		],
		[
			17,
			35
		],
		[
			19,
			35
		],
		[
			17,
			19
		],
		[
			14,
			19
		],
		[
			14,
			23
		],
		[
			19,
			23
		],
		[
			30,
			38
		],
		[
			3,
			17
		],
		[
			3,
			35
		],
		[
			21,
			44
		],
		[
			44,
			45
		],
		[
			21,
			45
		],
		[
			7,
			20
		],
		[
			11,
			51
		],
		[
			47,
			51
		],
		[
			11,
			47
		],
		[
			13,
			52
		],
		[
			9,
			52
		],
		[
			7,
			43
		],
		[
			31,
			55
		],
		[
			31,
			46
		],
		[
			20,
			51
		],
		[
			20,
			27
		],
		[
			27,
			51
		],
		[
			11,
			20
		],
		[
			28,
			42
		],
		[
			28,
			48
		],
		[
			42,
			48
		],
		[
			11,
			26
		],
		[
			11,
			49
		],
		[
			26,
			49
		],
		[
			21,
			50
		],
		[
			44,
			50
		],
		[
			15,
			28
		],
		[
			15,
			42
		],
		[
			27,
			52
		],
		[
			12,
			34
		],
		[
			5,
			34
		],
		[
			6,
			21
		],
		[
			38,
			48
		],
		[
			8,
			14
		],
		[
			8,
			23
		],
		[
			3,
			22
		],
		[
			17,
			22
		],
		[
			22,
			44
		],
		[
			39,
			44
		],
		[
			22,
			39
		],
		[
			47,
			49
		],
		[
			15,
			37
		],
		[
			15,
			31
		],
		[
			31,
			42
		],
		[
			16,
			35
		],
		[
			14,
			35
		],
		[
			16,
			36
		],
		[
			16,
			30
		],
		[
			30,
			36
		],
		[
			2,
			4
		],
		[
			14,
			34
		],
		[
			8,
			34
		],
		[
			15,
			55
		],
		[
			4,
			54
		],
		[
			40,
			55
		],
		[
			15,
			40
		],
		[
			37,
			40
		],
		[
			1,
			25
		],
		[
			0,
			1
		],
		[
			0,
			25
		],
		[
			16,
			39
		],
		[
			3,
			16
		],
		[
			3,
			39
		],
		[
			16,
			29
		],
		[
			18,
			29
		],
		[
			18,
			34
		],
		[
			26,
			48
		],
		[
			0,
			11
		],
		[
			11,
			25
		],
		[
			25,
			32
		],
		[
			48,
			49
		],
		[
			36,
			37
		],
		[
			29,
			37
		],
		[
			29,
			36
		],
		[
			29,
			40
		],
		[
			18,
			40
		],
		[
			53,
			56
		],
		[
			53,
			57
		],
		[
			34,
			41
		],
		[
			12,
			41
		],
		[
			5,
			18
		],
		[
			36,
			38
		],
		[
			8,
			41
		],
		[
			5,
			40
		],
		[
			25,
			26
		],
		[
			10,
			21
		],
		[
			22,
			45
		]
	],
	"score": 0.5128205128205128
}