{
	"content_type": "CG_SHOP_2025_Solution",
	"instance_uid": "simple-polygon_20_4bd3c2e5",
	"steiner_points_x": [
		"184/5",
		"375/29",
		44,
		24,
		16
	],
	"steiner_points_y": [
		"272/5",
		"1687/29",
		25,
		45,
		41
	],
	"edges": [
		[
			0,
			19
		],
		[
			1,
			19
		],
		[
			0,
			1
		],
		[
			15,
			22
		],
		[
			16,
			22
		],
		[
			15,
			16
		],
		[
			9,
			21
		],
		[
			10,
			21
		],
		[
			9,
			10
		],
		[
			17,
			22
		],
		[
			16,
			17
		],
		[
			12,
			24
		],
		[
			11,
			12
		],
		[
			11,
			24
		],
		[
			5,
			20
		],
		[
			6,
			20
		],
		[
			5,
			6
		],
		[
			2,
			14
		],
		[
			12,
			14
		],
		[
			2,
			12
		],
		[
			3,
			24
		],
		[
			2,
			3
		],
		[
			2,
			24
		],
		[
			13,
			14
		],
		[
			12,
			13
		],
		[
			1,
			2
		],
		[
			1,
			22
		],
		[
			2,
			22
		],
		[
			8,
			10
		],
		[
			8,
			21
		],
		[
			18,
			19
		],
		[
			1,
			18
		],
		[
			7,
			20
		],
		[
			6,
			7
		],
		[
			8,
			23
		],
		[
			23,
			24
		],
		[
			8,
			24
		],
		[
			3,
			23
		],
		[
			4,
			23
		],
		[
			3,
			4
		],
		[
			14,
			22
		],
		[
			14,
			15
		],
		[
			18,
			22
		],
		[
			10,
			24
		],
		[
			10,
			11
		],
		[
			7,
			23
		],
		[
			7,
			8
		],
		[
			4,
			20
		],
		[
			4,
			7
		],
		[
			17,
			18
		]
	],
	"score": 0.5833333333333334
}