{
	"content_type": "CG_SHOP_2025_Solution",
	"instance_uid": "simple-polygon-exterior-20_10_ce9152de",
	"steiner_points_x": [
		"27182/11",
		"5228731301/3045008",
		"739184735/241933",
		"469000751/162482",
		2496,
		"11193641718117897/9932364483251",
		"6823/4",
		"535129268726/673898333",
		2806,
		"3936406905951156086/5024357519313113",
		1098,
		2587,
		"19297979044/7455661",
		80,
		"8185433788/7455661",
		"995387/48989"
	],
	"steiner_points_y": [
		"15307/11",
		"3416683571/3045008",
		"135750688/241933",
		"215093507/162482",
		984,
		"4576150702739098/4256727635679",
		"10121/8",
		"706592730711/673898333",
		1197,
		"5591005464373545531/5024357519313113",
		1164,
		1103,
		"10519320092/7455661",
		811,
		"8683728912/7455661",
		"39758102/48989"
	],
	"edges": [
		[
			4,
			25
		],
		[
			23,
			25
		],
		[
			4,
			23
		],
		[
			3,
			15
		],
		[
			2,
			15
		],
		[
			2,
			3
		],
		[
			20,
			24
		],
		[
			19,
			20
		],
		[
			19,
			24
		],
		[
			10,
			16
		],
		[
			6,
			10
		],
		[
			6,
			16
		],
		[
			7,
			21
		],
		[
			7,
			8
		],
		[
			8,
			21
		],
		[
			1,
			14
		],
		[
			12,
			14
		],
		[
			1,
			12
		],
		[
			12,
			21
		],
		[
			18,
			21
		],
		[
			12,
			18
		],
		[
			6,
			7
		],
		[
			6,
			21
		],
		[
			17,
			20
		],
		[
			17,
			19
		],
		[
			17,
			23
		],
		[
			3,
			17
		],
		[
			3,
			23
		],
		[
			7,
			22
		],
		[
			8,
			22
		],
		[
			14,
			21
		],
		[
			6,
			14
		],
		[
			8,
			18
		],
		[
			0,
			18
		],
		[
			0,
			12
		],
		[
			5,
			23
		],
		[
			5,
			25
		],
		[
			6,
			11
		],
		[
			11,
			14
		],
		[
			2,
			14
		],
		[
			2,
			11
		],
		[
			13,
			18
		],
		[
			0,
			13
		],
		[
			3,
			4
		],
		[
			8,
			9
		],
		[
			9,
			18
		],
		[
			11,
			15
		],
		[
			15,
			16
		],
		[
			11,
			16
		],
		[
			7,
			10
		],
		[
			15,
			20
		],
		[
			16,
			20
		],
		[
			9,
			13
		],
		[
			10,
			22
		],
		[
			1,
			2
		],
		[
			15,
			17
		],
		[
			5,
			17
		],
		[
			5,
			19
		],
		[
			16,
			24
		],
		[
			9,
			22
		]
	],
	"score": 0.5294117647058824
}