{
	"content_type": "CG_SHOP_2025_Solution",
	"instance_uid": "simple-polygon_250_6e9d9c26",
	"steiner_points_x": [
		"127475/13",
		9975,
		10175,
		"2672125/241",
		"134475/13",
		9619,
		9663,
		6020,
		3976,
		3761,
		3626,
		4223,
		3746,
		3926,
		4310,
		4434,
		9520,
		4108,
		4224,
		3788,
		4022,
		4297,
		3924,
		3767,
		5132,
		4504,
		4527,
		4318,
		9092,
		9597,
		3925,
		4125,
		3775,
		9336,
		5159,
		9060,
		4271,
		4225,
		4283,
		4227,
		4225,
		9674,
		4026,
		"9942323/1049",
		"10101075/1049",
		"70620615/11689",
		"9465395/1049",
		"5403411/1049",
		"175125/17",
		"215725/53",
		"220625/53",
		3685,
		3605,
		"60375/17",
		4315,
		4224,
		"2152225/481",
		"2080225/481",
		"52725/13",
		3975,
		4025,
		3825
	],
	"steiner_points_y": [
		"66350/13",
		3200,
		3200,
		"973650/241",
		"53350/13",
		7500,
		7850,
		8301,
		7186,
		6467,
		6451,
		7053,
		6584,
		6489,
		8010,
		7458,
		7187,
		7836,
		8065,
		8082,
		7666,
		8089,
		7907,
		7842,
		6921,
		7343,
		6890,
		7230,
		6243,
		6143,
		8068,
		6209,
		7949,
		6610,
		6108,
		5687,
		8306,
		8306,
		8589,
		8581,
		8581,
		7960,
		8067,
		"5644455/1049",
		"5619650/1049",
		"102491625/11689",
		"5718975/1049",
		"6353660/1049",
		"146950/17",
		"465950/53",
		"467350/53",
		8680,
		8640,
		"140350/17",
		4350,
		3901,
		"2204850/481",
		"2281650/481",
		"57150/13",
		4200,
		3200,
		3200
	],
	"edges": [
		[
			8,
			9
		],
		[
			8,
			15
		],
		[
			9,
			15
		],
		[
			106,
			112
		],
		[
			106,
			113
		],
		[
			112,
			113
		],
		[
			16,
			62
		],
		[
			16,
			63
		],
		[
			62,
			63
		],
		[
			91,
			279
		],
		[
			92,
			279
		],
		[
			91,
			92
		],
		[
			267,
			268
		],
		[
			264,
			268
		],
		[
			264,
			267
		],
		[
			276,
			277
		],
		[
			275,
			277
		],
		[
			275,
			276
		],
		[
			109,
			298
		],
		[
			110,
			298
		],
		[
			109,
			110
		],
		[
			107,
			109
		],
		[
			107,
			111
		],
		[
			109,
			111
		],
		[
			265,
			275
		],
		[
			265,
			277
		],
		[
			131,
			271
		],
		[
			268,
			271
		],
		[
			131,
			268
		],
		[
			265,
			267
		],
		[
			264,
			265
		],
		[
			111,
			298
		],
		[
			274,
			276
		],
		[
			274,
			275
		],
		[
			2,
			69
		],
		[
			2,
			70
		],
		[
			69,
			70
		],
		[
			3,
			67
		],
		[
			2,
			3
		],
		[
			2,
			67
		],
		[
			67,
			69
		],
		[
			63,
			64
		],
		[
			4,
			63
		],
		[
			4,
			64
		],
		[
			25,
			41
		],
		[
			25,
			42
		],
		[
			41,
			42
		],
		[
			1,
			72
		],
		[
			1,
			73
		],
		[
			72,
			73
		],
		[
			107,
			112
		],
		[
			111,
			112
		],
		[
			5,
			63
		],
		[
			4,
			5
		],
		[
			65,
			66
		],
		[
			65,
			67
		],
		[
			66,
			67
		],
		[
			245,
			274
		],
		[
			274,
			284
		],
		[
			245,
			284
		],
		[
			3,
			64
		],
		[
			3,
			4
		],
		[
			2,
			71
		],
		[
			70,
			71
		],
		[
			129,
			300
		],
		[
			129,
			299
		],
		[
			299,
			300
		],
		[
			78,
			279
		],
		[
			78,
			91
		],
		[
			113,
			115
		],
		[
			113,
			116
		],
		[
			115,
			116
		],
		[
			6,
			250
		],
		[
			6,
			8
		],
		[
			8,
			250
		],
		[
			280,
			282
		],
		[
			272,
			280
		],
		[
			272,
			282
		],
		[
			67,
			68
		],
		[
			68,
			69
		],
		[
			265,
			270
		],
		[
			267,
			270
		],
		[
			113,
			114
		],
		[
			114,
			115
		],
		[
			10,
			11
		],
		[
			10,
			12
		],
		[
			11,
			12
		],
		[
			6,
			7
		],
		[
			7,
			250
		],
		[
			125,
			301
		],
		[
			124,
			125
		],
		[
			124,
			301
		],
		[
			120,
			130
		],
		[
			130,
			300
		],
		[
			120,
			300
		],
		[
			64,
			67
		],
		[
			255,
			256
		],
		[
			255,
			257
		],
		[
			256,
			257
		],
		[
			95,
			266
		],
		[
			94,
			95
		],
		[
			94,
			266
		],
		[
			136,
			269
		],
		[
			139,
			269
		],
		[
			136,
			139
		],
		[
			124,
			302
		],
		[
			123,
			124
		],
		[
			123,
			302
		],
		[
			18,
			19
		],
		[
			18,
			20
		],
		[
			19,
			20
		],
		[
			74,
			249
		],
		[
			75,
			249
		],
		[
			74,
			75
		],
		[
			132,
			268
		],
		[
			131,
			132
		],
		[
			142,
			277
		],
		[
			258,
			277
		],
		[
			142,
			258
		],
		[
			264,
			271
		],
		[
			257,
			271
		],
		[
			257,
			264
		],
		[
			0,
			73
		],
		[
			0,
			74
		],
		[
			73,
			74
		],
		[
			122,
			125
		],
		[
			122,
			301
		],
		[
			8,
			16
		],
		[
			15,
			16
		],
		[
			301,
			302
		],
		[
			121,
			122
		],
		[
			121,
			126
		],
		[
			122,
			126
		],
		[
			278,
			285
		],
		[
			278,
			279
		],
		[
			279,
			285
		],
		[
			25,
			26
		],
		[
			25,
			31
		],
		[
			26,
			31
		],
		[
			10,
			13
		],
		[
			12,
			13
		],
		[
			128,
			299
		],
		[
			121,
			128
		],
		[
			121,
			299
		],
		[
			128,
			129
		],
		[
			10,
			14
		],
		[
			13,
			14
		],
		[
			17,
			55
		],
		[
			23,
			55
		],
		[
			17,
			23
		],
		[
			125,
			126
		],
		[
			92,
			278
		],
		[
			9,
			14
		],
		[
			14,
			15
		],
		[
			280,
			292
		],
		[
			272,
			292
		],
		[
			121,
			127
		],
		[
			126,
			127
		],
		[
			127,
			128
		],
		[
			8,
			63
		],
		[
			5,
			8
		],
		[
			2,
			72
		],
		[
			71,
			72
		],
		[
			129,
			130
		],
		[
			31,
			41
		],
		[
			104,
			116
		],
		[
			105,
			116
		],
		[
			104,
			105
		],
		[
			144,
			262
		],
		[
			145,
			262
		],
		[
			144,
			145
		],
		[
			103,
			117
		],
		[
			104,
			117
		],
		[
			103,
			104
		],
		[
			146,
			151
		],
		[
			148,
			151
		],
		[
			146,
			148
		],
		[
			101,
			119
		],
		[
			102,
			119
		],
		[
			101,
			102
		],
		[
			259,
			263
		],
		[
			153,
			263
		],
		[
			153,
			259
		],
		[
			102,
			118
		],
		[
			103,
			118
		],
		[
			102,
			103
		],
		[
			144,
			258
		],
		[
			258,
			262
		],
		[
			261,
			263
		],
		[
			262,
			263
		],
		[
			261,
			262
		],
		[
			258,
			261
		],
		[
			243,
			281
		],
		[
			242,
			243
		],
		[
			242,
			281
		],
		[
			105,
			106
		],
		[
			105,
			113
		],
		[
			142,
			143
		],
		[
			143,
			258
		],
		[
			266,
			283
		],
		[
			257,
			283
		],
		[
			257,
			266
		],
		[
			77,
			293
		],
		[
			77,
			294
		],
		[
			293,
			294
		],
		[
			261,
			277
		],
		[
			261,
			276
		],
		[
			278,
			284
		],
		[
			274,
			278
		],
		[
			257,
			275
		],
		[
			257,
			274
		],
		[
			284,
			297
		],
		[
			245,
			297
		],
		[
			80,
			88
		],
		[
			81,
			88
		],
		[
			80,
			81
		],
		[
			79,
			91
		],
		[
			78,
			79
		],
		[
			79,
			89
		],
		[
			80,
			89
		],
		[
			79,
			80
		],
		[
			270,
			277
		],
		[
			278,
			283
		],
		[
			257,
			278
		],
		[
			236,
			237
		],
		[
			155,
			236
		],
		[
			155,
			237
		],
		[
			155,
			156
		],
		[
			156,
			236
		],
		[
			81,
			82
		],
		[
			81,
			86
		],
		[
			82,
			86
		],
		[
			199,
			310
		],
		[
			199,
			208
		],
		[
			208,
			310
		],
		[
			153,
			242
		],
		[
			154,
			242
		],
		[
			153,
			154
		],
		[
			201,
			311
		],
		[
			201,
			207
		],
		[
			207,
			311
		],
		[
			47,
			49
		],
		[
			49,
			253
		],
		[
			47,
			253
		],
		[
			154,
			238
		],
		[
			154,
			241
		],
		[
			238,
			241
		],
		[
			200,
			207
		],
		[
			200,
			310
		],
		[
			207,
			310
		],
		[
			260,
			262
		],
		[
			259,
			262
		],
		[
			259,
			260
		],
		[
			45,
			49
		],
		[
			46,
			49
		],
		[
			45,
			46
		],
		[
			198,
			211
		],
		[
			198,
			212
		],
		[
			211,
			212
		],
		[
			154,
			237
		],
		[
			154,
			155
		],
		[
			255,
			266
		],
		[
			95,
			255
		],
		[
			77,
			285
		],
		[
			78,
			285
		],
		[
			77,
			78
		],
		[
			101,
			291
		],
		[
			257,
			291
		],
		[
			101,
			257
		],
		[
			237,
			238
		],
		[
			106,
			107
		],
		[
			46,
			47
		],
		[
			223,
			224
		],
		[
			223,
			225
		],
		[
			224,
			225
		],
		[
			199,
			209
		],
		[
			208,
			209
		],
		[
			48,
			253
		],
		[
			47,
			48
		],
		[
			209,
			210
		],
		[
			209,
			211
		],
		[
			210,
			211
		],
		[
			214,
			305
		],
		[
			215,
			305
		],
		[
			214,
			215
		],
		[
			202,
			311
		],
		[
			201,
			202
		],
		[
			212,
			213
		],
		[
			212,
			214
		],
		[
			213,
			214
		],
		[
			199,
			200
		],
		[
			171,
			307
		],
		[
			171,
			216
		],
		[
			216,
			307
		],
		[
			39,
			40
		],
		[
			39,
			251
		],
		[
			40,
			251
		],
		[
			200,
			201
		],
		[
			215,
			304
		],
		[
			304,
			306
		],
		[
			215,
			306
		],
		[
			202,
			203
		],
		[
			202,
			206
		],
		[
			203,
			206
		],
		[
			175,
			215
		],
		[
			175,
			304
		],
		[
			246,
			294
		],
		[
			77,
			246
		],
		[
			44,
			50
		],
		[
			44,
			51
		],
		[
			50,
			51
		],
		[
			98,
			256
		],
		[
			98,
			255
		],
		[
			218,
			219
		],
		[
			218,
			220
		],
		[
			219,
			220
		],
		[
			171,
			217
		],
		[
			216,
			217
		],
		[
			221,
			226
		],
		[
			222,
			226
		],
		[
			221,
			222
		],
		[
			174,
			304
		],
		[
			174,
			175
		],
		[
			44,
			45
		],
		[
			44,
			49
		],
		[
			99,
			256
		],
		[
			98,
			99
		],
		[
			190,
			191
		],
		[
			190,
			194
		],
		[
			191,
			194
		],
		[
			218,
			221
		],
		[
			220,
			221
		],
		[
			230,
			231
		],
		[
			166,
			230
		],
		[
			166,
			231
		],
		[
			222,
			225
		],
		[
			222,
			223
		],
		[
			171,
			173
		],
		[
			173,
			308
		],
		[
			171,
			308
		],
		[
			225,
			226
		],
		[
			177,
			309
		],
		[
			177,
			186
		],
		[
			186,
			309
		],
		[
			171,
			304
		],
		[
			171,
			174
		],
		[
			273,
			282
		],
		[
			272,
			273
		],
		[
			269,
			282
		],
		[
			139,
			282
		],
		[
			285,
			296
		],
		[
			285,
			293
		],
		[
			293,
			296
		],
		[
			134,
			280
		],
		[
			135,
			280
		],
		[
			134,
			135
		],
		[
			140,
			273
		],
		[
			141,
			273
		],
		[
			140,
			141
		],
		[
			92,
			283
		],
		[
			94,
			283
		],
		[
			92,
			94
		],
		[
			269,
			280
		],
		[
			135,
			269
		],
		[
			137,
			303
		],
		[
			137,
			139
		],
		[
			139,
			303
		],
		[
			88,
			89
		],
		[
			137,
			138
		],
		[
			138,
			303
		],
		[
			9,
			10
		],
		[
			5,
			6
		],
		[
			76,
			247
		],
		[
			77,
			247
		],
		[
			76,
			77
		],
		[
			146,
			260
		],
		[
			145,
			146
		],
		[
			145,
			260
		],
		[
			82,
			85
		],
		[
			85,
			86
		],
		[
			24,
			43
		],
		[
			24,
			51
		],
		[
			43,
			51
		],
		[
			55,
			56
		],
		[
			17,
			56
		],
		[
			142,
			273
		],
		[
			141,
			142
		],
		[
			143,
			144
		],
		[
			43,
			44
		],
		[
			146,
			147
		],
		[
			147,
			148
		],
		[
			148,
			149
		],
		[
			148,
			150
		],
		[
			149,
			150
		],
		[
			150,
			151
		],
		[
			75,
			248
		],
		[
			76,
			248
		],
		[
			75,
			76
		],
		[
			16,
			17
		],
		[
			16,
			56
		],
		[
			244,
			281
		],
		[
			276,
			281
		],
		[
			244,
			276
		],
		[
			24,
			42
		],
		[
			42,
			43
		],
		[
			82,
			84
		],
		[
			84,
			85
		],
		[
			161,
			234
		],
		[
			162,
			234
		],
		[
			161,
			162
		],
		[
			81,
			87
		],
		[
			87,
			88
		],
		[
			79,
			90
		],
		[
			89,
			90
		],
		[
			16,
			57
		],
		[
			57,
			62
		],
		[
			159,
			160
		],
		[
			159,
			161
		],
		[
			160,
			161
		],
		[
			82,
			83
		],
		[
			83,
			84
		],
		[
			24,
			25
		],
		[
			156,
			157
		],
		[
			156,
			158
		],
		[
			157,
			158
		],
		[
			56,
			57
		],
		[
			24,
			55
		],
		[
			23,
			24
		],
		[
			162,
			233
		],
		[
			163,
			233
		],
		[
			162,
			163
		],
		[
			17,
			18
		],
		[
			17,
			22
		],
		[
			18,
			22
		],
		[
			86,
			87
		],
		[
			245,
			276
		],
		[
			163,
			231
		],
		[
			164,
			231
		],
		[
			163,
			164
		],
		[
			64,
			65
		],
		[
			31,
			32
		],
		[
			31,
			40
		],
		[
			32,
			40
		],
		[
			51,
			55
		],
		[
			96,
			97
		],
		[
			96,
			98
		],
		[
			97,
			98
		],
		[
			167,
			230
		],
		[
			166,
			167
		],
		[
			243,
			244
		],
		[
			167,
			229
		],
		[
			168,
			229
		],
		[
			167,
			168
		],
		[
			51,
			254
		],
		[
			51,
			53
		],
		[
			53,
			254
		],
		[
			26,
			27
		],
		[
			27,
			31
		],
		[
			284,
			296
		],
		[
			284,
			285
		],
		[
			90,
			91
		],
		[
			168,
			228
		],
		[
			169,
			228
		],
		[
			168,
			169
		],
		[
			270,
			273
		],
		[
			142,
			270
		],
		[
			100,
			291
		],
		[
			100,
			101
		],
		[
			231,
			233
		],
		[
			232,
			233
		],
		[
			231,
			232
		],
		[
			57,
			58
		],
		[
			58,
			62
		],
		[
			107,
			108
		],
		[
			108,
			109
		],
		[
			165,
			231
		],
		[
			165,
			166
		],
		[
			92,
			93
		],
		[
			93,
			94
		],
		[
			164,
			165
		],
		[
			96,
			255
		],
		[
			95,
			96
		],
		[
			296,
			297
		],
		[
			169,
			227
		],
		[
			170,
			227
		],
		[
			169,
			170
		],
		[
			256,
			291
		],
		[
			99,
			291
		],
		[
			18,
			21
		],
		[
			21,
			22
		],
		[
			22,
			23
		],
		[
			263,
			281
		],
		[
			242,
			263
		],
		[
			267,
			292
		],
		[
			267,
			272
		],
		[
			257,
			286
		],
		[
			271,
			286
		],
		[
			131,
			286
		],
		[
			20,
			21
		],
		[
			152,
			259
		],
		[
			152,
			153
		],
		[
			34,
			40
		],
		[
			34,
			251
		],
		[
			27,
			29
		],
		[
			27,
			30
		],
		[
			29,
			30
		],
		[
			152,
			260
		],
		[
			27,
			28
		],
		[
			28,
			29
		],
		[
			32,
			34
		],
		[
			33,
			34
		],
		[
			32,
			33
		],
		[
			151,
			260
		],
		[
			51,
			54
		],
		[
			54,
			55
		],
		[
			30,
			31
		],
		[
			58,
			59
		],
		[
			58,
			60
		],
		[
			59,
			60
		],
		[
			263,
			276
		],
		[
			257,
			265
		],
		[
			133,
			292
		],
		[
			133,
			280
		],
		[
			58,
			61
		],
		[
			60,
			61
		],
		[
			49,
			50
		],
		[
			286,
			288
		],
		[
			257,
			288
		],
		[
			175,
			305
		],
		[
			270,
			272
		],
		[
			158,
			159
		],
		[
			158,
			234
		],
		[
			159,
			234
		],
		[
			217,
			227
		],
		[
			170,
			217
		],
		[
			218,
			226
		],
		[
			212,
			305
		],
		[
			268,
			292
		],
		[
			132,
			292
		],
		[
			61,
			62
		],
		[
			198,
			209
		],
		[
			133,
			134
		],
		[
			218,
			227
		],
		[
			217,
			218
		],
		[
			116,
			117
		],
		[
			171,
			306
		],
		[
			198,
			199
		],
		[
			187,
			305
		],
		[
			176,
			187
		],
		[
			176,
			305
		],
		[
			226,
			227
		],
		[
			228,
			229
		],
		[
			227,
			228
		],
		[
			229,
			230
		],
		[
			135,
			136
		],
		[
			187,
			198
		],
		[
			187,
			212
		],
		[
			120,
			288
		],
		[
			130,
			288
		],
		[
			132,
			133
		],
		[
			117,
			118
		],
		[
			118,
			119
		],
		[
			189,
			190
		],
		[
			189,
			195
		],
		[
			190,
			195
		],
		[
			306,
			307
		],
		[
			119,
			257
		],
		[
			257,
			295
		],
		[
			119,
			295
		],
		[
			140,
			282
		],
		[
			139,
			140
		],
		[
			187,
			197
		],
		[
			188,
			197
		],
		[
			187,
			188
		],
		[
			288,
			295
		],
		[
			175,
			176
		],
		[
			177,
			187
		],
		[
			176,
			177
		],
		[
			120,
			295
		],
		[
			188,
			189
		],
		[
			188,
			196
		],
		[
			189,
			196
		],
		[
			136,
			137
		],
		[
			248,
			249
		],
		[
			183,
			184
		],
		[
			179,
			183
		],
		[
			179,
			184
		],
		[
			0,
			249
		],
		[
			170,
			171
		],
		[
			173,
			174
		],
		[
			286,
			289
		],
		[
			288,
			289
		],
		[
			172,
			308
		],
		[
			172,
			173
		],
		[
			99,
			100
		],
		[
			180,
			182
		],
		[
			181,
			182
		],
		[
			180,
			181
		],
		[
			130,
			289
		],
		[
			289,
			290
		],
		[
			130,
			290
		],
		[
			233,
			234
		],
		[
			182,
			183
		],
		[
			180,
			183
		],
		[
			239,
			241
		],
		[
			240,
			241
		],
		[
			239,
			240
		],
		[
			238,
			239
		],
		[
			247,
			248
		],
		[
			286,
			287
		],
		[
			131,
			287
		],
		[
			179,
			180
		],
		[
			287,
			289
		],
		[
			178,
			184
		],
		[
			178,
			179
		],
		[
			178,
			185
		],
		[
			184,
			185
		],
		[
			158,
			235
		],
		[
			158,
			236
		],
		[
			235,
			236
		],
		[
			0,
			1
		],
		[
			178,
			186
		],
		[
			185,
			186
		],
		[
			195,
			196
		],
		[
			191,
			192
		],
		[
			191,
			193
		],
		[
			192,
			193
		],
		[
			178,
			309
		],
		[
			194,
			195
		],
		[
			186,
			187
		],
		[
			203,
			205
		],
		[
			205,
			206
		],
		[
			193,
			194
		],
		[
			287,
			290
		],
		[
			203,
			204
		],
		[
			204,
			205
		],
		[
			241,
			242
		],
		[
			246,
			247
		],
		[
			234,
			235
		],
		[
			197,
			198
		],
		[
			196,
			197
		],
		[
			1,
			2
		],
		[
			206,
			311
		],
		[
			35,
			38
		],
		[
			35,
			39
		],
		[
			38,
			39
		],
		[
			52,
			254
		],
		[
			52,
			53
		],
		[
			53,
			54
		],
		[
			151,
			152
		],
		[
			37,
			252
		],
		[
			36,
			37
		],
		[
			36,
			252
		],
		[
			244,
			245
		],
		[
			40,
			41
		],
		[
			38,
			252
		],
		[
			37,
			38
		],
		[
			35,
			252
		],
		[
			35,
			251
		]
	],
	"score": 0.5079365079365079
}