{
	"content_type": "CG_SHOP_2025_Solution",
	"instance_uid": "simple-polygon-exterior-20_100_8d1c2e30",
	"steiner_points_x": [
		31,
		10,
		"415/113",
		"20880/313",
		"3387/1130",
		"1760/53",
		27,
		"20744/313",
		"282/17",
		43,
		8,
		41,
		20,
		35,
		"6009/125",
		59,
		42,
		"355/8",
		"1395/29",
		39,
		59,
		37,
		"725/226",
		16,
		17,
		48,
		12,
		16,
		"41565/626",
		19,
		27,
		52,
		34,
		41,
		"27/5",
		"362/25",
		"383/10",
		50,
		22,
		40,
		"1470/101",
		8,
		"14587/485",
		31,
		36,
		52,
		51,
		37,
		57,
		"11/4",
		"79/2",
		34,
		42,
		11,
		21,
		2,
		"31640/493",
		"196/5",
		45,
		38,
		"3577765313/56535625",
		51,
		62,
		"31820/493",
		49,
		"1544/53",
		"723/65",
		57,
		43,
		42,
		9,
		50,
		"24751/485",
		"348052/5321",
		"243/5",
		29,
		30,
		50,
		33,
		22,
		40,
		"2311/50",
		38,
		41,
		6,
		54,
		"1540/53",
		60,
		"3882/59",
		27,
		6,
		"154/5",
		"899/14",
		"2961/65",
		"232/5",
		"5319/89",
		"20507/313",
		61,
		"31367/493",
		37,
		"259/5",
		"8620381/133025",
		29,
		45,
		35,
		27,
		"2723035/43877",
		45,
		"228/5",
		47,
		41,
		65,
		34,
		48,
		"581/50",
		14,
		39,
		"7/2",
		"26687/485",
		"20545/313",
		"2710645153/41636825",
		"13707911/219385",
		32,
		38,
		"6876688847/108156805",
		55,
		"2663/97",
		31,
		50,
		29,
		"1650/53",
		21,
		"2795/97",
		34,
		"16501/485"
	],
	"steiner_points_y": [
		19,
		34,
		"2589/113",
		"3840/313",
		"7467/226",
		"3486/53",
		77,
		"7240/313",
		"176/17",
		72,
		29,
		56,
		30,
		63,
		"6612/125",
		45,
		12,
		77,
		"1283/29",
		34,
		57,
		75,
		"6753/226",
		55,
		"11/3",
		39,
		63,
		13,
		"12555/626",
		44,
		65,
		39,
		30,
		45,
		"166/5",
		"841/25",
		"361/10",
		45,
		16,
		66,
		"4297/101",
		61,
		"1611/485",
		71,
		20,
		48,
		64,
		23,
		11,
		"147/4",
		"15/4",
		77,
		41,
		48,
		33,
		53,
		"30085/493",
		"379/10",
		4,
		8,
		"3036671641/56535625",
		32,
		58,
		"28765/493",
		77,
		"1164/53",
		"3756/65",
		16,
		34,
		77,
		37,
		14,
		"2073/485",
		"237980/5321",
		"84/5",
		30,
		35,
		22,
		22,
		7,
		30,
		"1073/50",
		16,
		19,
		53,
		15,
		"1945/53",
		49,
		"2070/59",
		39,
		25,
		"88/5",
		"627/14",
		"587/65",
		"101/5",
		"5605/89",
		"13165/313",
		61,
		"32087/493",
		77,
		"92/5",
		"6975203/133025",
		13,
		43,
		11,
		10,
		"2826245/43877",
		38,
		"69/5",
		34,
		15,
		39,
		45,
		33,
		"1333/50",
		27,
		11,
		"51/2",
		"2161/485",
		"12215/313",
		"87349487/1665473",
		"14316697/219385",
		42,
		44,
		"7074316447/108156805",
		65,
		"4270/97",
		9,
		29,
		47,
		"475/53",
		47,
		"4567/97",
		4,
		"1698/485"
	],
	"edges": [
		[
			55,
			135
		],
		[
			53,
			135
		],
		[
			53,
			55
		],
		[
			48,
			166
		],
		[
			126,
			166
		],
		[
			48,
			126
		],
		[
			87,
			88
		],
		[
			87,
			107
		],
		[
			88,
			107
		],
		[
			86,
			188
		],
		[
			86,
			211
		],
		[
			188,
			211
		],
		[
			20,
			205
		],
		[
			179,
			205
		],
		[
			20,
			179
		],
		[
			91,
			218
		],
		[
			90,
			91
		],
		[
			90,
			218
		],
		[
			52,
			140
		],
		[
			36,
			140
		],
		[
			36,
			52
		],
		[
			86,
			107
		],
		[
			107,
			188
		],
		[
			28,
			29
		],
		[
			10,
			29
		],
		[
			10,
			28
		],
		[
			88,
			103
		],
		[
			88,
			128
		],
		[
			103,
			128
		],
		[
			55,
			56
		],
		[
			56,
			154
		],
		[
			55,
			154
		],
		[
			63,
			109
		],
		[
			64,
			109
		],
		[
			63,
			64
		],
		[
			45,
			105
		],
		[
			43,
			45
		],
		[
			43,
			105
		],
		[
			177,
			228
		],
		[
			85,
			228
		],
		[
			85,
			177
		],
		[
			126,
			141
		],
		[
			39,
			141
		],
		[
			39,
			126
		],
		[
			107,
			128
		],
		[
			73,
			145
		],
		[
			74,
			145
		],
		[
			73,
			74
		],
		[
			89,
			91
		],
		[
			89,
			90
		],
		[
			91,
			148
		],
		[
			89,
			148
		],
		[
			92,
			185
		],
		[
			148,
			185
		],
		[
			92,
			148
		],
		[
			38,
			141
		],
		[
			49,
			141
		],
		[
			38,
			49
		],
		[
			89,
			103
		],
		[
			88,
			89
		],
		[
			90,
			103
		],
		[
			94,
			159
		],
		[
			159,
			216
		],
		[
			94,
			216
		],
		[
			43,
			143
		],
		[
			44,
			143
		],
		[
			43,
			44
		],
		[
			208,
			210
		],
		[
			116,
			208
		],
		[
			116,
			210
		],
		[
			182,
			183
		],
		[
			183,
			210
		],
		[
			182,
			210
		],
		[
			96,
			208
		],
		[
			83,
			208
		],
		[
			83,
			96
		],
		[
			93,
			172
		],
		[
			92,
			93
		],
		[
			92,
			172
		],
		[
			144,
			178
		],
		[
			100,
			144
		],
		[
			100,
			178
		],
		[
			72,
			145
		],
		[
			72,
			73
		],
		[
			204,
			216
		],
		[
			182,
			204
		],
		[
			182,
			216
		],
		[
			99,
			183
		],
		[
			147,
			183
		],
		[
			99,
			147
		],
		[
			83,
			174
		],
		[
			171,
			174
		],
		[
			83,
			171
		],
		[
			94,
			158
		],
		[
			94,
			193
		],
		[
			158,
			193
		],
		[
			68,
			146
		],
		[
			146,
			225
		],
		[
			68,
			225
		],
		[
			94,
			95
		],
		[
			95,
			193
		],
		[
			83,
			97
		],
		[
			97,
			98
		],
		[
			83,
			98
		],
		[
			147,
			178
		],
		[
			0,
			178
		],
		[
			0,
			147
		],
		[
			33,
			54
		],
		[
			54,
			215
		],
		[
			33,
			215
		],
		[
			62,
			63
		],
		[
			62,
			139
		],
		[
			63,
			139
		],
		[
			98,
			194
		],
		[
			98,
			181
		],
		[
			181,
			194
		],
		[
			0,
			14
		],
		[
			14,
			132
		],
		[
			0,
			132
		],
		[
			96,
			116
		],
		[
			71,
			203
		],
		[
			71,
			125
		],
		[
			125,
			203
		],
		[
			153,
			184
		],
		[
			37,
			153
		],
		[
			37,
			184
		],
		[
			93,
			96
		],
		[
			96,
			171
		],
		[
			93,
			171
		],
		[
			56,
			189
		],
		[
			5,
			189
		],
		[
			5,
			56
		],
		[
			83,
			194
		],
		[
			125,
			131
		],
		[
			81,
			131
		],
		[
			81,
			125
		],
		[
			92,
			171
		],
		[
			150,
			159
		],
		[
			94,
			150
		],
		[
			177,
			200
		],
		[
			174,
			200
		],
		[
			174,
			177
		],
		[
			56,
			140
		],
		[
			129,
			140
		],
		[
			56,
			129
		],
		[
			11,
			165
		],
		[
			11,
			12
		],
		[
			12,
			165
		],
		[
			16,
			191
		],
		[
			16,
			17
		],
		[
			17,
			191
		],
		[
			5,
			6
		],
		[
			5,
			175
		],
		[
			6,
			175
		],
		[
			214,
			215
		],
		[
			33,
			214
		],
		[
			77,
			160
		],
		[
			160,
			162
		],
		[
			77,
			162
		],
		[
			53,
			140
		],
		[
			36,
			53
		],
		[
			80,
			131
		],
		[
			80,
			81
		],
		[
			124,
			179
		],
		[
			19,
			179
		],
		[
			19,
			124
		],
		[
			162,
			197
		],
		[
			120,
			162
		],
		[
			120,
			197
		],
		[
			160,
			201
		],
		[
			77,
			201
		],
		[
			186,
			189
		],
		[
			189,
			222
		],
		[
			186,
			222
		],
		[
			64,
			117
		],
		[
			117,
			164
		],
		[
			64,
			164
		],
		[
			85,
			161
		],
		[
			80,
			161
		],
		[
			80,
			85
		],
		[
			109,
			117
		],
		[
			41,
			126
		],
		[
			41,
			48
		],
		[
			45,
			130
		],
		[
			43,
			130
		],
		[
			112,
			154
		],
		[
			6,
			154
		],
		[
			6,
			112
		],
		[
			105,
			139
		],
		[
			113,
			139
		],
		[
			105,
			113
		],
		[
			84,
			185
		],
		[
			185,
			200
		],
		[
			84,
			200
		],
		[
			108,
			124
		],
		[
			108,
			179
		],
		[
			162,
			163
		],
		[
			156,
			162
		],
		[
			156,
			163
		],
		[
			111,
			114
		],
		[
			69,
			111
		],
		[
			69,
			114
		],
		[
			16,
			100
		],
		[
			100,
			191
		],
		[
			7,
			112
		],
		[
			6,
			7
		],
		[
			35,
			37
		],
		[
			36,
			37
		],
		[
			35,
			36
		],
		[
			25,
			26
		],
		[
			22,
			26
		],
		[
			22,
			25
		],
		[
			81,
			161
		],
		[
			161,
			213
		],
		[
			81,
			213
		],
		[
			68,
			75
		],
		[
			68,
			120
		],
		[
			75,
			120
		],
		[
			89,
			167
		],
		[
			88,
			167
		],
		[
			123,
			166
		],
		[
			48,
			123
		],
		[
			106,
			143
		],
		[
			106,
			151
		],
		[
			143,
			151
		],
		[
			151,
			199
		],
		[
			121,
			199
		],
		[
			121,
			151
		],
		[
			44,
			121
		],
		[
			109,
			121
		],
		[
			44,
			109
		],
		[
			58,
			61
		],
		[
			59,
			61
		],
		[
			58,
			59
		],
		[
			109,
			139
		],
		[
			109,
			169
		],
		[
			117,
			169
		],
		[
			44,
			139
		],
		[
			3,
			136
		],
		[
			3,
			119
		],
		[
			119,
			136
		],
		[
			42,
			143
		],
		[
			42,
			43
		],
		[
			49,
			184
		],
		[
			38,
			184
		],
		[
			45,
			61
		],
		[
			45,
			113
		],
		[
			61,
			113
		],
		[
			46,
			51
		],
		[
			46,
			231
		],
		[
			51,
			231
		],
		[
			63,
			146
		],
		[
			69,
			146
		],
		[
			63,
			69
		],
		[
			121,
			169
		],
		[
			49,
			50
		],
		[
			49,
			166
		],
		[
			50,
			166
		],
		[
			47,
			123
		],
		[
			47,
			51
		],
		[
			51,
			123
		],
		[
			59,
			60
		],
		[
			60,
			133
		],
		[
			59,
			133
		],
		[
			6,
			13
		],
		[
			7,
			13
		],
		[
			50,
			51
		],
		[
			50,
			123
		],
		[
			60,
			61
		],
		[
			60,
			70
		],
		[
			70,
			133
		],
		[
			9,
			10
		],
		[
			9,
			29
		],
		[
			129,
			231
		],
		[
			57,
			231
		],
		[
			57,
			129
		],
		[
			36,
			170
		],
		[
			35,
			170
		],
		[
			8,
			112
		],
		[
			7,
			8
		],
		[
			52,
			129
		],
		[
			52,
			231
		],
		[
			8,
			30
		],
		[
			8,
			9
		],
		[
			9,
			30
		],
		[
			5,
			176
		],
		[
			175,
			176
		],
		[
			53,
			56
		],
		[
			51,
			52
		],
		[
			50,
			52
		],
		[
			84,
			85
		],
		[
			84,
			177
		],
		[
			4,
			222
		],
		[
			4,
			186
		],
		[
			68,
			195
		],
		[
			195,
			197
		],
		[
			68,
			197
		],
		[
			70,
			118
		],
		[
			70,
			137
		],
		[
			118,
			137
		],
		[
			68,
			69
		],
		[
			114,
			145
		],
		[
			70,
			145
		],
		[
			70,
			114
		],
		[
			60,
			111
		],
		[
			60,
			114
		],
		[
			206,
			221
		],
		[
			67,
			221
		],
		[
			67,
			206
		],
		[
			62,
			111
		],
		[
			62,
			69
		],
		[
			46,
			47
		],
		[
			74,
			114
		],
		[
			18,
			142
		],
		[
			18,
			233
		],
		[
			142,
			233
		],
		[
			15,
			165
		],
		[
			11,
			15
		],
		[
			12,
			14
		],
		[
			12,
			13
		],
		[
			13,
			14
		],
		[
			141,
			166
		],
		[
			20,
			202
		],
		[
			202,
			205
		],
		[
			18,
			179
		],
		[
			18,
			19
		],
		[
			38,
			39
		],
		[
			233,
			234
		],
		[
			142,
			234
		],
		[
			42,
			106
		],
		[
			204,
			230
		],
		[
			204,
			233
		],
		[
			230,
			233
		],
		[
			159,
			204
		],
		[
			159,
			233
		],
		[
			16,
			204
		],
		[
			16,
			182
		],
		[
			155,
			184
		],
		[
			38,
			155
		],
		[
			21,
			23
		],
		[
			21,
			124
		],
		[
			23,
			124
		],
		[
			190,
			214
		],
		[
			32,
			214
		],
		[
			32,
			190
		],
		[
			21,
			108
		],
		[
			22,
			23
		],
		[
			21,
			22
		],
		[
			22,
			127
		],
		[
			21,
			127
		],
		[
			26,
			127
		],
		[
			34,
			110
		],
		[
			34,
			134
		],
		[
			110,
			134
		],
		[
			20,
			138
		],
		[
			20,
			127
		],
		[
			127,
			138
		],
		[
			20,
			108
		],
		[
			27,
			127
		],
		[
			27,
			138
		],
		[
			27,
			28
		],
		[
			27,
			29
		],
		[
			15,
			202
		],
		[
			15,
			20
		],
		[
			11,
			28
		],
		[
			11,
			138
		],
		[
			28,
			138
		],
		[
			30,
			31
		],
		[
			31,
			215
		],
		[
			30,
			215
		],
		[
			33,
			101
		],
		[
			101,
			135
		],
		[
			33,
			135
		],
		[
			32,
			215
		],
		[
			26,
			31
		],
		[
			27,
			31
		],
		[
			26,
			27
		],
		[
			25,
			32
		],
		[
			26,
			32
		],
		[
			29,
			31
		],
		[
			31,
			32
		],
		[
			34,
			190
		],
		[
			110,
			190
		],
		[
			101,
			134
		],
		[
			134,
			170
		],
		[
			101,
			170
		],
		[
			34,
			217
		],
		[
			190,
			217
		],
		[
			110,
			214
		],
		[
			101,
			110
		],
		[
			41,
			47
		],
		[
			47,
			48
		],
		[
			14,
			165
		],
		[
			36,
			153
		],
		[
			0,
			99
		],
		[
			202,
			227
		],
		[
			205,
			227
		],
		[
			5,
			186
		],
		[
			157,
			223
		],
		[
			4,
			157
		],
		[
			4,
			223
		],
		[
			97,
			208
		],
		[
			195,
			225
		],
		[
			66,
			225
		],
		[
			66,
			195
		],
		[
			56,
			57
		],
		[
			133,
			152
		],
		[
			133,
			203
		],
		[
			152,
			203
		],
		[
			54,
			135
		],
		[
			82,
			209
		],
		[
			209,
			213
		],
		[
			82,
			213
		],
		[
			53,
			170
		],
		[
			55,
			112
		],
		[
			18,
			227
		],
		[
			18,
			205
		],
		[
			64,
			225
		],
		[
			64,
			66
		],
		[
			13,
			175
		],
		[
			14,
			175
		],
		[
			222,
			226
		],
		[
			57,
			222
		],
		[
			57,
			226
		],
		[
			150,
			158
		],
		[
			10,
			11
		],
		[
			221,
			224
		],
		[
			65,
			221
		],
		[
			65,
			224
		],
		[
			91,
			92
		],
		[
			5,
			154
		],
		[
			152,
			223
		],
		[
			152,
			157
		],
		[
			174,
			194
		],
		[
			14,
			178
		],
		[
			7,
			12
		],
		[
			212,
			222
		],
		[
			222,
			229
		],
		[
			212,
			229
		],
		[
			171,
			185
		],
		[
			171,
			200
		],
		[
			17,
			230
		],
		[
			227,
			230
		],
		[
			17,
			227
		],
		[
			16,
			144
		],
		[
			144,
			182
		],
		[
			9,
			12
		],
		[
			10,
			12
		],
		[
			132,
			175
		],
		[
			132,
			176
		],
		[
			82,
			228
		],
		[
			181,
			228
		],
		[
			82,
			181
		],
		[
			58,
			232
		],
		[
			58,
			229
		],
		[
			229,
			232
		],
		[
			226,
			231
		],
		[
			15,
			138
		],
		[
			93,
			95
		],
		[
			93,
			193
		],
		[
			2,
			176
		],
		[
			2,
			132
		],
		[
			165,
			178
		],
		[
			176,
			186
		],
		[
			119,
			168
		],
		[
			168,
			180
		],
		[
			119,
			180
		],
		[
			187,
			192
		],
		[
			115,
			192
		],
		[
			115,
			187
		],
		[
			18,
			230
		],
		[
			58,
			212
		],
		[
			86,
			87
		],
		[
			50,
			153
		],
		[
			52,
			153
		],
		[
			226,
			232
		],
		[
			231,
			232
		],
		[
			144,
			147
		],
		[
			177,
			181
		],
		[
			59,
			212
		],
		[
			59,
			223
		],
		[
			212,
			223
		],
		[
			4,
			212
		],
		[
			66,
			221
		],
		[
			66,
			206
		],
		[
			19,
			142
		],
		[
			150,
			233
		],
		[
			82,
			180
		],
		[
			82,
			168
		],
		[
			40,
			41
		],
		[
			40,
			42
		],
		[
			41,
			42
		],
		[
			177,
			194
		],
		[
			54,
			55
		],
		[
			99,
			181
		],
		[
			82,
			99
		],
		[
			99,
			180
		],
		[
			50,
			184
		],
		[
			46,
			232
		],
		[
			97,
			183
		],
		[
			97,
			210
		],
		[
			61,
			111
		],
		[
			7,
			9
		],
		[
			167,
			185
		],
		[
			148,
			167
		],
		[
			150,
			234
		],
		[
			210,
			216
		],
		[
			116,
			216
		],
		[
			45,
			58
		],
		[
			45,
			46
		],
		[
			46,
			58
		],
		[
			37,
			155
		],
		[
			102,
			190
		],
		[
			25,
			190
		],
		[
			25,
			102
		],
		[
			47,
			130
		],
		[
			45,
			47
		],
		[
			61,
			62
		],
		[
			192,
			201
		],
		[
			173,
			201
		],
		[
			173,
			192
		],
		[
			4,
			176
		],
		[
			2,
			4
		],
		[
			17,
			204
		],
		[
			57,
			189
		],
		[
			40,
			106
		],
		[
			15,
			191
		],
		[
			15,
			100
		],
		[
			42,
			130
		],
		[
			41,
			130
		],
		[
			187,
			201
		],
		[
			100,
			165
		],
		[
			201,
			220
		],
		[
			173,
			220
		],
		[
			2,
			136
		],
		[
			2,
			119
		],
		[
			24,
			25
		],
		[
			22,
			24
		],
		[
			69,
			74
		],
		[
			69,
			75
		],
		[
			74,
			75
		],
		[
			62,
			113
		],
		[
			78,
			115
		],
		[
			78,
			192
		],
		[
			192,
			196
		],
		[
			78,
			196
		],
		[
			44,
			105
		],
		[
			71,
			118
		],
		[
			71,
			137
		],
		[
			72,
			137
		],
		[
			137,
			145
		],
		[
			94,
			116
		],
		[
			95,
			116
		],
		[
			70,
			203
		],
		[
			95,
			96
		],
		[
			169,
			199
		],
		[
			213,
			228
		],
		[
			77,
			163
		],
		[
			136,
			157
		],
		[
			3,
			157
		],
		[
			120,
			160
		],
		[
			40,
			126
		],
		[
			121,
			143
		],
		[
			72,
			79
		],
		[
			79,
			131
		],
		[
			72,
			131
		],
		[
			125,
			207
		],
		[
			203,
			207
		],
		[
			39,
			40
		],
		[
			108,
			127
		],
		[
			4,
			136
		],
		[
			118,
			203
		],
		[
			226,
			229
		],
		[
			79,
			80
		],
		[
			35,
			134
		],
		[
			134,
			149
		],
		[
			35,
			149
		],
		[
			98,
			99
		],
		[
			71,
			72
		],
		[
			53,
			101
		],
		[
			73,
			115
		],
		[
			72,
			115
		],
		[
			8,
			54
		],
		[
			8,
			215
		],
		[
			3,
			168
		],
		[
			64,
			65
		],
		[
			65,
			164
		],
		[
			37,
			149
		],
		[
			64,
			146
		],
		[
			65,
			66
		],
		[
			67,
			198
		],
		[
			67,
			224
		],
		[
			198,
			224
		],
		[
			78,
			79
		],
		[
			78,
			211
		],
		[
			79,
			211
		],
		[
			75,
			76
		],
		[
			76,
			120
		],
		[
			156,
			197
		],
		[
			79,
			115
		],
		[
			81,
			209
		],
		[
			125,
			209
		],
		[
			23,
			24
		],
		[
			34,
			122
		],
		[
			122,
			217
		],
		[
			73,
			187
		],
		[
			34,
			104
		],
		[
			104,
			122
		],
		[
			71,
			131
		],
		[
			98,
			183
		],
		[
			73,
			75
		],
		[
			76,
			160
		],
		[
			75,
			187
		],
		[
			76,
			187
		],
		[
			161,
			228
		],
		[
			33,
			110
		],
		[
			152,
			207
		],
		[
			1,
			132
		],
		[
			0,
			1
		],
		[
			196,
			211
		],
		[
			80,
			211
		],
		[
			1,
			2
		],
		[
			76,
			201
		],
		[
			24,
			102
		],
		[
			85,
			87
		],
		[
			85,
			86
		],
		[
			102,
			217
		],
		[
			54,
			112
		],
		[
			173,
			196
		],
		[
			1,
			180
		],
		[
			1,
			119
		],
		[
			80,
			86
		],
		[
			84,
			87
		],
		[
			3,
			207
		],
		[
			168,
			207
		],
		[
			104,
			134
		],
		[
			104,
			149
		],
		[
			91,
			172
		],
		[
			207,
			209
		],
		[
			84,
			167
		],
		[
			87,
			167
		],
		[
			144,
			183
		],
		[
			156,
			206
		],
		[
			67,
			156
		],
		[
			0,
			180
		],
		[
			172,
			193
		],
		[
			158,
			172
		],
		[
			195,
			206
		],
		[
			197,
			206
		],
		[
			3,
			152
		],
		[
			77,
			220
		],
		[
			156,
			198
		],
		[
			29,
			30
		],
		[
			17,
			202
		],
		[
			191,
			202
		],
		[
			133,
			223
		],
		[
			168,
			209
		],
		[
			172,
			218
		],
		[
			211,
			219
		],
		[
			188,
			219
		],
		[
			196,
			219
		]
	],
	"score": 0.12709329141645004
}