{
	"content_type": "CG_SHOP_2025_Solution",
	"instance_uid": "point-set_80_d77fb670",
	"steiner_points_x": [
		3460,
		2023,
		0,
		7481,
		7247,
		4584,
		2564,
		6405,
		5364,
		421,
		4656,
		1196,
		1834,
		10281,
		5365,
		5704,
		"47091880/53441",
		3610,
		5458,
		8077,
		5150,
		"40462/5",
		3459,
		8784,
		4424,
		"1427375/533",
		3873,
		5704,
		"38084981618/10062749",
		11325,
		2200,
		9985,
		9195,
		4854,
		5371,
		8793,
		0,
		4490,
		10761,
		2436,
		6782,
		421,
		7136,
		10610,
		0,
		6374,
		7150,
		9985,
		9985,
		5351,
		7115,
		2786,
		"20095180173/10062749",
		4957,
		8479,
		3460,
		5680,
		1018,
		8168,
		9613,
		3802,
		3460,
		1643,
		2608,
		7206,
		"28353279715/10062749",
		"68772385/6866",
		"85769200/53441",
		4058,
		8168,
		7302,
		8697,
		8958,
		8935,
		"25627851086/10062749"
	],
	"steiner_points_y": [
		9070,
		1718,
		5257,
		7467,
		2357,
		0,
		335,
		3669,
		6520,
		3659,
		1041,
		5849,
		644,
		3970,
		7651,
		403,
		"461964594/53441",
		1998,
		0,
		1341,
		3175,
		0,
		6520,
		7100,
		341,
		9070,
		7761,
		0,
		"385609310/10062749",
		1985,
		3660,
		6521,
		1570,
		404,
		889,
		9070,
		2750,
		5010,
		7124,
		1264,
		6970,
		5257,
		347,
		0,
		3659,
		1573,
		9070,
		8275,
		0,
		5725,
		0,
		2137,
		"2152108660/10062749",
		9070,
		1423,
		5725,
		2348,
		1501,
		9070,
		5660,
		562,
		3175,
		3345,
		794,
		7853,
		"1341208800/10062749",
		"60826745/6866",
		"474446820/53441",
		469,
		5410,
		3537,
		3971,
		3488,
		2833,
		"1608830870/10062749"
	],
	"edges": [
		[
			39,
			149
		],
		[
			39,
			50
		],
		[
			50,
			149
		],
		[
			18,
			56
		],
		[
			18,
			152
		],
		[
			56,
			152
		],
		[
			22,
			146
		],
		[
			22,
			74
		],
		[
			74,
			146
		],
		[
			87,
			136
		],
		[
			100,
			136
		],
		[
			87,
			100
		],
		[
			27,
			67
		],
		[
			27,
			111
		],
		[
			67,
			111
		],
		[
			24,
			56
		],
		[
			24,
			150
		],
		[
			56,
			150
		],
		[
			119,
			143
		],
		[
			26,
			143
		],
		[
			26,
			119
		],
		[
			30,
			142
		],
		[
			89,
			142
		],
		[
			30,
			89
		],
		[
			33,
			116
		],
		[
			33,
			137
		],
		[
			116,
			137
		],
		[
			108,
			140
		],
		[
			140,
			148
		],
		[
			108,
			148
		],
		[
			7,
			93
		],
		[
			7,
			64
		],
		[
			64,
			93
		],
		[
			22,
			55
		],
		[
			55,
			146
		],
		[
			34,
			65
		],
		[
			34,
			54
		],
		[
			54,
			65
		],
		[
			25,
			53
		],
		[
			25,
			48
		],
		[
			48,
			53
		],
		[
			13,
			140
		],
		[
			13,
			148
		],
		[
			38,
			117
		],
		[
			32,
			117
		],
		[
			32,
			38
		],
		[
			85,
			113
		],
		[
			98,
			113
		],
		[
			85,
			98
		],
		[
			39,
			103
		],
		[
			50,
			103
		],
		[
			86,
			143
		],
		[
			0,
			143
		],
		[
			0,
			86
		],
		[
			25,
			134
		],
		[
			48,
			134
		],
		[
			90,
			104
		],
		[
			90,
			113
		],
		[
			104,
			113
		],
		[
			44,
			132
		],
		[
			44,
			86
		],
		[
			86,
			132
		],
		[
			77,
			131
		],
		[
			79,
			131
		],
		[
			77,
			79
		],
		[
			11,
			117
		],
		[
			100,
			117
		],
		[
			11,
			100
		],
		[
			149,
			151
		],
		[
			68,
			149
		],
		[
			68,
			151
		],
		[
			32,
			110
		],
		[
			28,
			32
		],
		[
			28,
			110
		],
		[
			1,
			29
		],
		[
			1,
			93
		],
		[
			29,
			93
		],
		[
			10,
			148
		],
		[
			10,
			108
		],
		[
			104,
			148
		],
		[
			10,
			104
		],
		[
			26,
			44
		],
		[
			44,
			143
		],
		[
			29,
			109
		],
		[
			29,
			57
		],
		[
			57,
			109
		],
		[
			67,
			118
		],
		[
			62,
			118
		],
		[
			62,
			67
		],
		[
			94,
			144
		],
		[
			120,
			144
		],
		[
			94,
			120
		],
		[
			28,
			142
		],
		[
			28,
			77
		],
		[
			77,
			142
		],
		[
			17,
			139
		],
		[
			50,
			139
		],
		[
			17,
			50
		],
		[
			73,
			150
		],
		[
			87,
			150
		],
		[
			73,
			87
		],
		[
			20,
			118
		],
		[
			45,
			118
		],
		[
			20,
			45
		],
		[
			152,
			153
		],
		[
			29,
			152
		],
		[
			29,
			153
		],
		[
			1,
			151
		],
		[
			35,
			151
		],
		[
			1,
			35
		],
		[
			37,
			63
		],
		[
			63,
			103
		],
		[
			37,
			103
		],
		[
			39,
			120
		],
		[
			83,
			120
		],
		[
			39,
			83
		],
		[
			35,
			68
		],
		[
			88,
			129
		],
		[
			73,
			88
		],
		[
			73,
			129
		],
		[
			18,
			150
		],
		[
			150,
			151
		],
		[
			18,
			151
		],
		[
			51,
			63
		],
		[
			45,
			51
		],
		[
			45,
			63
		],
		[
			31,
			106
		],
		[
			70,
			106
		],
		[
			31,
			70
		],
		[
			34,
			126
		],
		[
			54,
			126
		],
		[
			31,
			133
		],
		[
			2,
			31
		],
		[
			2,
			133
		],
		[
			52,
			84
		],
		[
			84,
			99
		],
		[
			52,
			99
		],
		[
			79,
			142
		],
		[
			57,
			93
		],
		[
			73,
			149
		],
		[
			149,
			150
		],
		[
			34,
			133
		],
		[
			126,
			133
		],
		[
			26,
			92
		],
		[
			44,
			92
		],
		[
			37,
			51
		],
		[
			37,
			59
		],
		[
			51,
			59
		],
		[
			121,
			124
		],
		[
			89,
			121
		],
		[
			89,
			124
		],
		[
			56,
			99
		],
		[
			56,
			84
		],
		[
			5,
			41
		],
		[
			41,
			43
		],
		[
			5,
			43
		],
		[
			7,
			35
		],
		[
			35,
			93
		],
		[
			7,
			27
		],
		[
			7,
			67
		],
		[
			35,
			139
		],
		[
			7,
			139
		],
		[
			43,
			105
		],
		[
			43,
			47
		],
		[
			47,
			105
		],
		[
			34,
			94
		],
		[
			34,
			144
		],
		[
			114,
			125
		],
		[
			95,
			125
		],
		[
			95,
			114
		],
		[
			65,
			144
		],
		[
			87,
			129
		],
		[
			94,
			133
		],
		[
			41,
			46
		],
		[
			43,
			46
		],
		[
			43,
			49
		],
		[
			47,
			49
		],
		[
			119,
			131
		],
		[
			81,
			119
		],
		[
			81,
			131
		],
		[
			71,
			92
		],
		[
			26,
			71
		],
		[
			45,
			127
		],
		[
			51,
			127
		],
		[
			45,
			78
		],
		[
			78,
			127
		],
		[
			23,
			72
		],
		[
			58,
			72
		],
		[
			23,
			58
		],
		[
			22,
			51
		],
		[
			51,
			74
		],
		[
			11,
			16
		],
		[
			4,
			11
		],
		[
			4,
			16
		],
		[
			9,
			112
		],
		[
			8,
			112
		],
		[
			8,
			9
		],
		[
			52,
			95
		],
		[
			52,
			122
		],
		[
			95,
			122
		],
		[
			17,
			27
		],
		[
			17,
			111
		],
		[
			53,
			101
		],
		[
			53,
			60
		],
		[
			60,
			101
		],
		[
			29,
			112
		],
		[
			8,
			29
		],
		[
			79,
			81
		],
		[
			81,
			137
		],
		[
			79,
			137
		],
		[
			95,
			98
		],
		[
			95,
			107
		],
		[
			98,
			107
		],
		[
			19,
			41
		],
		[
			41,
			102
		],
		[
			19,
			102
		],
		[
			46,
			49
		],
		[
			46,
			61
		],
		[
			49,
			61
		],
		[
			112,
			153
		],
		[
			28,
			141
		],
		[
			32,
			141
		],
		[
			27,
			139
		],
		[
			95,
			113
		],
		[
			19,
			30
		],
		[
			19,
			110
		],
		[
			30,
			110
		],
		[
			33,
			79
		],
		[
			33,
			142
		],
		[
			3,
			106
		],
		[
			3,
			31
		],
		[
			16,
			141
		],
		[
			16,
			77
		],
		[
			77,
			141
		],
		[
			40,
			93
		],
		[
			40,
			57
		],
		[
			49,
			147
		],
		[
			47,
			147
		],
		[
			19,
			91
		],
		[
			41,
			91
		],
		[
			113,
			114
		],
		[
			111,
			118
		],
		[
			45,
			111
		],
		[
			116,
			124
		],
		[
			89,
			116
		],
		[
			2,
			70
		],
		[
			5,
			70
		],
		[
			5,
			105
		],
		[
			70,
			105
		],
		[
			110,
			142
		],
		[
			1,
			18
		],
		[
			1,
			152
		],
		[
			6,
			135
		],
		[
			6,
			15
		],
		[
			15,
			135
		],
		[
			9,
			48
		],
		[
			48,
			112
		],
		[
			5,
			102
		],
		[
			49,
			96
		],
		[
			96,
			147
		],
		[
			16,
			131
		],
		[
			39,
			73
		],
		[
			19,
			38
		],
		[
			38,
			110
		],
		[
			17,
			63
		],
		[
			63,
			111
		],
		[
			9,
			14
		],
		[
			14,
			60
		],
		[
			9,
			60
		],
		[
			16,
			97
		],
		[
			97,
			131
		],
		[
			5,
			106
		],
		[
			25,
			52
		],
		[
			52,
			53
		],
		[
			65,
			83
		],
		[
			83,
			144
		],
		[
			13,
			104
		],
		[
			12,
			137
		],
		[
			75,
			137
		],
		[
			12,
			75
		],
		[
			13,
			90
		],
		[
			83,
			103
		],
		[
			65,
			103
		],
		[
			17,
			103
		],
		[
			13,
			42
		],
		[
			42,
			90
		],
		[
			112,
			134
		],
		[
			134,
			153
		],
		[
			85,
			104
		],
		[
			10,
			85
		],
		[
			24,
			84
		],
		[
			86,
			145
		],
		[
			0,
			145
		],
		[
			114,
			136
		],
		[
			90,
			114
		],
		[
			90,
			136
		],
		[
			71,
			75
		],
		[
			75,
			92
		],
		[
			91,
			121
		],
		[
			30,
			91
		],
		[
			30,
			121
		],
		[
			8,
			14
		],
		[
			22,
			127
		],
		[
			125,
			136
		],
		[
			61,
			76
		],
		[
			61,
			69
		],
		[
			69,
			76
		],
		[
			56,
			134
		],
		[
			56,
			153
		],
		[
			59,
			115
		],
		[
			54,
			59
		],
		[
			54,
			115
		],
		[
			86,
			154
		],
		[
			145,
			154
		],
		[
			88,
			120
		],
		[
			88,
			94
		],
		[
			33,
			89
		],
		[
			24,
			87
		],
		[
			58,
			109
		],
		[
			23,
			109
		],
		[
			9,
			53
		],
		[
			59,
			65
		],
		[
			14,
			128
		],
		[
			60,
			128
		],
		[
			14,
			123
		],
		[
			123,
			128
		],
		[
			11,
			32
		],
		[
			11,
			141
		],
		[
			21,
			143
		],
		[
			0,
			21
		],
		[
			53,
			122
		],
		[
			69,
			121
		],
		[
			69,
			91
		],
		[
			14,
			72
		],
		[
			72,
			123
		],
		[
			13,
			21
		],
		[
			21,
			42
		],
		[
			46,
			91
		],
		[
			20,
			62
		],
		[
			15,
			38
		],
		[
			15,
			117
		],
		[
			54,
			138
		],
		[
			115,
			138
		],
		[
			61,
			91
		],
		[
			42,
			97
		],
		[
			21,
			97
		],
		[
			82,
			121
		],
		[
			69,
			82
		],
		[
			84,
			136
		],
		[
			24,
			136
		],
		[
			71,
			81
		],
		[
			71,
			137
		],
		[
			126,
			138
		],
		[
			59,
			74
		],
		[
			6,
			88
		],
		[
			6,
			129
		],
		[
			12,
			116
		],
		[
			3,
			94
		],
		[
			31,
			94
		],
		[
			102,
			135
		],
		[
			6,
			102
		],
		[
			74,
			115
		],
		[
			0,
			108
		],
		[
			108,
			145
		],
		[
			29,
			58
		],
		[
			50,
			68
		],
		[
			82,
			124
		],
		[
			68,
			139
		],
		[
			122,
			130
		],
		[
			101,
			122
		],
		[
			101,
			130
		],
		[
			40,
			64
		],
		[
			64,
			66
		],
		[
			40,
			66
		],
		[
			87,
			117
		],
		[
			117,
			129
		],
		[
			38,
			135
		],
		[
			61,
			96
		],
		[
			76,
			96
		],
		[
			92,
			132
		],
		[
			21,
			119
		],
		[
			8,
			58
		],
		[
			70,
			80
		],
		[
			2,
			80
		],
		[
			64,
			67
		],
		[
			66,
			67
		],
		[
			132,
			154
		],
		[
			42,
			136
		],
		[
			4,
			42
		],
		[
			4,
			136
		],
		[
			25,
			99
		],
		[
			99,
			134
		],
		[
			75,
			132
		],
		[
			20,
			78
		],
		[
			37,
			65
		],
		[
			21,
			140
		],
		[
			4,
			100
		],
		[
			62,
			66
		],
		[
			73,
			120
		],
		[
			3,
			6
		],
		[
			3,
			102
		],
		[
			55,
			127
		],
		[
			21,
			131
		],
		[
			95,
			130
		],
		[
			107,
			130
		],
		[
			8,
			72
		],
		[
			4,
			97
		],
		[
			3,
			88
		],
		[
			102,
			106
		],
		[
			52,
			125
		],
		[
			84,
			125
		],
		[
			19,
			135
		],
		[
			36,
			72
		],
		[
			23,
			36
		],
		[
			15,
			129
		],
		[
			0,
			140
		],
		[
			71,
			119
		],
		[
			55,
			78
		],
		[
			80,
			105
		],
		[
			36,
			123
		]
	],
	"score": 0.506578947368421
}