{
	"content_type": "CG_SHOP_2025_Solution",
	"instance_uid": "point-set_20_0c4009d9",
	"steiner_points_x": [
		6844,
		"30548925/8653",
		6758,
		"69046325/17197",
		8441,
		6228,
		3935,
		8564,
		8351,
		6218,
		7065,
		5575,
		"110465774/17197",
		"140127842/17197",
		"166147324/17197",
		8588,
		8156,
		8891,
		6188,
		"31055851/8653",
		"30995525/8653",
		"127915/32",
		8870,
		8394,
		4295,
		"134279/13",
		"82275/23",
		7426,
		7114,
		9676,
		4295,
		"1167879/113",
		4001,
		"134499/13",
		"1170359/113",
		5495,
		8388,
		3739,
		9824,
		6440,
		"81375652/17197",
		9726,
		"5761411/565",
		8630,
		7426,
		"31143925/8653",
		3610,
		9534,
		"31236493/8653",
		9534
	],
	"steiner_points_y": [
		4638,
		"69629750/8653",
		5260,
		"62461850/17197",
		5950,
		5464,
		5204,
		6574,
		4848,
		4552,
		6060,
		7002,
		"60564776/17197",
		"59206208/17197",
		"58014476/17197",
		5368,
		3609,
		6389,
		6096,
		"46057691/8653",
		"48862850/8653",
		8300,
		5892,
		5384,
		5343,
		"62722/13",
		"135100/23",
		7246,
		7259,
		3692,
		4552,
		"698022/113",
		8054,
		"66682/13",
		"665162/113",
		8300,
		6276,
		5869,
		8300,
		3881,
		"61897148/17197",
		5207,
		"4523398/565",
		6136,
		8300,
		"41962250/8653",
		4352,
		8297,
		"37657838/8653",
		8300
	],
	"edges": [
		[
			1,
			58
		],
		[
			1,
			67
		],
		[
			58,
			67
		],
		[
			20,
			28
		],
		[
			28,
			36
		],
		[
			20,
			36
		],
		[
			9,
			49
		],
		[
			17,
			49
		],
		[
			9,
			17
		],
		[
			3,
			45
		],
		[
			3,
			53
		],
		[
			45,
			53
		],
		[
			15,
			21
		],
		[
			15,
			46
		],
		[
			21,
			46
		],
		[
			7,
			31
		],
		[
			16,
			31
		],
		[
			7,
			16
		],
		[
			3,
			4
		],
		[
			2,
			4
		],
		[
			2,
			3
		],
		[
			15,
			57
		],
		[
			46,
			57
		],
		[
			67,
			69
		],
		[
			64,
			67
		],
		[
			64,
			69
		],
		[
			30,
			48
		],
		[
			47,
			48
		],
		[
			30,
			47
		],
		[
			48,
			64
		],
		[
			48,
			55
		],
		[
			55,
			64
		],
		[
			27,
			63
		],
		[
			27,
			37
		],
		[
			37,
			63
		],
		[
			44,
			50
		],
		[
			26,
			50
		],
		[
			26,
			44
		],
		[
			26,
			39
		],
		[
			10,
			26
		],
		[
			10,
			39
		],
		[
			16,
			38
		],
		[
			38,
			44
		],
		[
			16,
			44
		],
		[
			1,
			27
		],
		[
			27,
			67
		],
		[
			1,
			37
		],
		[
			34,
			49
		],
		[
			9,
			34
		],
		[
			8,
			11
		],
		[
			6,
			8
		],
		[
			6,
			11
		],
		[
			29,
			44
		],
		[
			29,
			50
		],
		[
			25,
			44
		],
		[
			25,
			29
		],
		[
			10,
			65
		],
		[
			39,
			65
		],
		[
			52,
			57
		],
		[
			7,
			52
		],
		[
			7,
			57
		],
		[
			13,
			61
		],
		[
			3,
			61
		],
		[
			3,
			13
		],
		[
			19,
			54
		],
		[
			19,
			51
		],
		[
			51,
			54
		],
		[
			28,
			49
		],
		[
			36,
			49
		],
		[
			59,
			60
		],
		[
			32,
			59
		],
		[
			32,
			60
		],
		[
			36,
			59
		],
		[
			32,
			36
		],
		[
			5,
			15
		],
		[
			5,
			21
		],
		[
			11,
			50
		],
		[
			10,
			11
		],
		[
			10,
			50
		],
		[
			20,
			59
		],
		[
			12,
			57
		],
		[
			12,
			46
		],
		[
			0,
			7
		],
		[
			0,
			12
		],
		[
			7,
			12
		],
		[
			41,
			52
		],
		[
			15,
			52
		],
		[
			15,
			41
		],
		[
			25,
			30
		],
		[
			22,
			30
		],
		[
			22,
			25
		],
		[
			2,
			53
		],
		[
			1,
			19
		],
		[
			19,
			37
		],
		[
			4,
			61
		],
		[
			6,
			66
		],
		[
			11,
			66
		],
		[
			13,
			17
		],
		[
			13,
			45
		],
		[
			17,
			45
		],
		[
			33,
			36
		],
		[
			32,
			33
		],
		[
			30,
			38
		],
		[
			38,
			48
		],
		[
			56,
			63
		],
		[
			27,
			56
		],
		[
			22,
			29
		],
		[
			8,
			60
		],
		[
			8,
			50
		],
		[
			50,
			60
		],
		[
			35,
			42
		],
		[
			42,
			61
		],
		[
			35,
			61
		],
		[
			28,
			35
		],
		[
			14,
			35
		],
		[
			14,
			28
		],
		[
			52,
			55
		],
		[
			31,
			55
		],
		[
			31,
			52
		],
		[
			24,
			35
		],
		[
			24,
			42
		],
		[
			25,
			38
		],
		[
			29,
			59
		],
		[
			20,
			29
		],
		[
			0,
			39
		],
		[
			0,
			26
		],
		[
			0,
			44
		],
		[
			41,
			55
		],
		[
			66,
			68
		],
		[
			6,
			68
		],
		[
			31,
			48
		],
		[
			24,
			63
		],
		[
			24,
			56
		],
		[
			4,
			54
		],
		[
			2,
			54
		],
		[
			19,
			62
		],
		[
			51,
			62
		],
		[
			42,
			63
		],
		[
			37,
			42
		],
		[
			29,
			60
		],
		[
			8,
			23
		],
		[
			23,
			60
		],
		[
			13,
			49
		],
		[
			14,
			49
		],
		[
			13,
			14
		],
		[
			10,
			66
		],
		[
			65,
			66
		],
		[
			20,
			22
		],
		[
			47,
			67
		],
		[
			47,
			64
		],
		[
			24,
			30
		],
		[
			24,
			43
		],
		[
			30,
			43
		],
		[
			35,
			43
		],
		[
			28,
			43
		],
		[
			34,
			36
		],
		[
			33,
			34
		],
		[
			30,
			56
		],
		[
			22,
			28
		],
		[
			22,
			43
		],
		[
			47,
			56
		],
		[
			27,
			47
		],
		[
			0,
			16
		],
		[
			31,
			38
		],
		[
			65,
			68
		],
		[
			14,
			61
		],
		[
			1,
			18
		],
		[
			18,
			58
		],
		[
			4,
			37
		],
		[
			4,
			19
		],
		[
			6,
			23
		],
		[
			18,
			62
		],
		[
			1,
			62
		],
		[
			12,
			40
		],
		[
			12,
			39
		],
		[
			39,
			40
		],
		[
			40,
			46
		],
		[
			4,
			42
		],
		[
			5,
			41
		],
		[
			58,
			69
		]
	],
	"score": 0.5098039215686274
}