{
	"content_type": "CG_SHOP_2025_Solution",
	"instance_uid": "simple-polygon-exterior-20_10_6fbd9669",
	"steiner_points_x": [
		1984,
		"13889008733/3902489",
		"139448263/168065",
		"59306211/336130",
		"11274771705/5496913",
		"67664286/469573"
	],
	"steiner_points_y": [
		1527,
		"3524151974/3902489",
		"70012176/168065",
		"331474947/336130",
		"2148052539/5496913",
		"514387437/469573"
	],
	"edges": [
		[
			7,
			15
		],
		[
			8,
			15
		],
		[
			7,
			8
		],
		[
			2,
			10
		],
		[
			10,
			11
		],
		[
			2,
			11
		],
		[
			6,
			8
		],
		[
			6,
			15
		],
		[
			8,
			13
		],
		[
			8,
			12
		],
		[
			12,
			13
		],
		[
			7,
			13
		],
		[
			0,
			10
		],
		[
			1,
			10
		],
		[
			0,
			1
		],
		[
			4,
			10
		],
		[
			5,
			10
		],
		[
			4,
			5
		],
		[
			0,
			5
		],
		[
			1,
			2
		],
		[
			6,
			12
		],
		[
			0,
			6
		],
		[
			0,
			12
		],
		[
			3,
			11
		],
		[
			2,
			3
		],
		[
			5,
			6
		],
		[
			1,
			9
		],
		[
			1,
			14
		],
		[
			9,
			14
		],
		[
			0,
			9
		],
		[
			9,
			12
		],
		[
			2,
			14
		],
		[
			4,
			11
		]
	],
	"score": 0.5714285714285714
}