{
	"content_type": "CG_SHOP_2025_Solution",
	"instance_uid": "simple-polygon_80_48c9df87",
	"steiner_points_x": [
		"1579/2",
		1981,
		2460,
		1923,
		1359,
		"814265630/406997",
		2256,
		"56149252/21997",
		"5457/2",
		"534921387/186605",
		3576,
		3360,
		3597,
		3654,
		3667,
		"626541203/207637",
		3204,
		"665982453/207637",
		"159681812/42589",
		"299295700/88793",
		"63126666/27529",
		116,
		"1052908/15661",
		323,
		326,
		844,
		241,
		975,
		"72805538/228905",
		"775/2",
		"20185597/28330"
	],
	"steiner_points_y": [
		"1819/2",
		404,
		555,
		1440,
		1368,
		"737785415/406997",
		1784,
		"27629791/21997",
		1645,
		"227479484/186605",
		1537,
		1277,
		1342,
		945,
		"1453/3",
		"971802/207637",
		61,
		"4359927/207637",
		"65704807/42589",
		"146673517/88793",
		"52511990/27529",
		1025,
		"15029597/15661",
		621,
		520,
		328,
		333,
		362,
		"202767469/228905",
		"3417/2",
		"45381581/28330"
	],
	"edges": [
		[
			72,
			106
		],
		[
			71,
			72
		],
		[
			71,
			106
		],
		[
			57,
			108
		],
		[
			68,
			108
		],
		[
			57,
			68
		],
		[
			103,
			104
		],
		[
			56,
			103
		],
		[
			56,
			104
		],
		[
			35,
			92
		],
		[
			36,
			92
		],
		[
			35,
			36
		],
		[
			58,
			64
		],
		[
			58,
			65
		],
		[
			64,
			65
		],
		[
			68,
			103
		],
		[
			69,
			103
		],
		[
			68,
			69
		],
		[
			13,
			50
		],
		[
			50,
			85
		],
		[
			13,
			85
		],
		[
			66,
			101
		],
		[
			101,
			102
		],
		[
			66,
			102
		],
		[
			65,
			101
		],
		[
			65,
			66
		],
		[
			57,
			67
		],
		[
			67,
			68
		],
		[
			8,
			82
		],
		[
			4,
			82
		],
		[
			4,
			8
		],
		[
			18,
			19
		],
		[
			17,
			18
		],
		[
			17,
			19
		],
		[
			11,
			84
		],
		[
			83,
			84
		],
		[
			11,
			83
		],
		[
			60,
			110
		],
		[
			60,
			62
		],
		[
			62,
			110
		],
		[
			6,
			82
		],
		[
			5,
			6
		],
		[
			5,
			82
		],
		[
			43,
			91
		],
		[
			22,
			91
		],
		[
			22,
			43
		],
		[
			12,
			83
		],
		[
			11,
			12
		],
		[
			53,
			54
		],
		[
			0,
			53
		],
		[
			0,
			54
		],
		[
			1,
			2
		],
		[
			1,
			81
		],
		[
			2,
			81
		],
		[
			23,
			24
		],
		[
			23,
			93
		],
		[
			24,
			93
		],
		[
			46,
			86
		],
		[
			47,
			86
		],
		[
			46,
			47
		],
		[
			57,
			102
		],
		[
			67,
			102
		],
		[
			0,
			1
		],
		[
			1,
			53
		],
		[
			1,
			10
		],
		[
			10,
			81
		],
		[
			37,
			98
		],
		[
			37,
			39
		],
		[
			39,
			98
		],
		[
			16,
			19
		],
		[
			16,
			17
		],
		[
			0,
			80
		],
		[
			54,
			80
		],
		[
			37,
			90
		],
		[
			39,
			90
		],
		[
			57,
			58
		],
		[
			57,
			101
		],
		[
			58,
			101
		],
		[
			3,
			81
		],
		[
			4,
			81
		],
		[
			3,
			4
		],
		[
			14,
			86
		],
		[
			14,
			46
		],
		[
			7,
			82
		],
		[
			7,
			8
		],
		[
			73,
			106
		],
		[
			72,
			73
		],
		[
			78,
			107
		],
		[
			77,
			78
		],
		[
			77,
			107
		],
		[
			69,
			70
		],
		[
			69,
			106
		],
		[
			70,
			106
		],
		[
			56,
			108
		],
		[
			103,
			108
		],
		[
			75,
			105
		],
		[
			76,
			105
		],
		[
			75,
			76
		],
		[
			70,
			71
		],
		[
			14,
			15
		],
		[
			15,
			46
		],
		[
			4,
			5
		],
		[
			104,
			105
		],
		[
			75,
			104
		],
		[
			13,
			86
		],
		[
			13,
			49
		],
		[
			49,
			86
		],
		[
			2,
			3
		],
		[
			16,
			87
		],
		[
			19,
			87
		],
		[
			20,
			88
		],
		[
			15,
			20
		],
		[
			15,
			88
		],
		[
			13,
			83
		],
		[
			50,
			83
		],
		[
			104,
			106
		],
		[
			74,
			104
		],
		[
			74,
			106
		],
		[
			13,
			14
		],
		[
			56,
			79
		],
		[
			0,
			56
		],
		[
			0,
			79
		],
		[
			12,
			13
		],
		[
			69,
			104
		],
		[
			10,
			53
		],
		[
			11,
			53
		],
		[
			10,
			11
		],
		[
			9,
			81
		],
		[
			9,
			10
		],
		[
			46,
			88
		],
		[
			15,
			16
		],
		[
			15,
			87
		],
		[
			35,
			91
		],
		[
			91,
			92
		],
		[
			8,
			9
		],
		[
			8,
			81
		],
		[
			44,
			88
		],
		[
			20,
			44
		],
		[
			6,
			7
		],
		[
			21,
			43
		],
		[
			21,
			44
		],
		[
			43,
			44
		],
		[
			34,
			93
		],
		[
			35,
			93
		],
		[
			34,
			35
		],
		[
			40,
			99
		],
		[
			40,
			42
		],
		[
			42,
			99
		],
		[
			27,
			28
		],
		[
			27,
			95
		],
		[
			28,
			95
		],
		[
			56,
			80
		],
		[
			95,
			96
		],
		[
			96,
			97
		],
		[
			95,
			97
		],
		[
			32,
			93
		],
		[
			31,
			32
		],
		[
			31,
			93
		],
		[
			21,
			22
		],
		[
			33,
			93
		],
		[
			33,
			34
		],
		[
			45,
			88
		],
		[
			45,
			46
		],
		[
			47,
			48
		],
		[
			47,
			100
		],
		[
			48,
			100
		],
		[
			56,
			105
		],
		[
			56,
			107
		],
		[
			105,
			107
		],
		[
			53,
			84
		],
		[
			40,
			41
		],
		[
			41,
			99
		],
		[
			49,
			85
		],
		[
			42,
			92
		],
		[
			42,
			90
		],
		[
			90,
			92
		],
		[
			76,
			107
		],
		[
			76,
			77
		],
		[
			44,
			89
		],
		[
			20,
			89
		],
		[
			52,
			84
		],
		[
			52,
			53
		],
		[
			42,
			91
		],
		[
			20,
			87
		],
		[
			74,
			75
		],
		[
			23,
			35
		],
		[
			23,
			91
		],
		[
			30,
			96
		],
		[
			30,
			97
		],
		[
			47,
			49
		],
		[
			25,
			30
		],
		[
			25,
			94
		],
		[
			30,
			94
		],
		[
			24,
			25
		],
		[
			24,
			94
		],
		[
			29,
			95
		],
		[
			28,
			29
		],
		[
			79,
			107
		],
		[
			37,
			92
		],
		[
			25,
			96
		],
		[
			26,
			96
		],
		[
			25,
			26
		],
		[
			24,
			31
		],
		[
			31,
			94
		],
		[
			49,
			100
		],
		[
			38,
			98
		],
		[
			38,
			39
		],
		[
			42,
			43
		],
		[
			21,
			89
		],
		[
			61,
			110
		],
		[
			61,
			62
		],
		[
			36,
			37
		],
		[
			73,
			74
		],
		[
			27,
			96
		],
		[
			26,
			27
		],
		[
			51,
			84
		],
		[
			51,
			83
		],
		[
			60,
			109
		],
		[
			60,
			64
		],
		[
			64,
			109
		],
		[
			32,
			33
		],
		[
			51,
			52
		],
		[
			40,
			90
		],
		[
			39,
			40
		],
		[
			78,
			79
		],
		[
			54,
			55
		],
		[
			55,
			80
		],
		[
			22,
			23
		],
		[
			59,
			64
		],
		[
			58,
			59
		],
		[
			50,
			51
		],
		[
			59,
			60
		],
		[
			62,
			109
		],
		[
			63,
			109
		],
		[
			62,
			63
		]
	],
	"score": 0.515625
}