{
	"content_type": "CG_SHOP_2025_Solution",
	"instance_uid": "simple-polygon_150_f24b0f8e",
	"steiner_points_x": [
		"390215/89",
		4224,
		"54302/13",
		3683,
		3871,
		3793,
		5071,
		6739,
		4842,
		8860,
		6629,
		"58486887/8837",
		9470,
		"79821879/8837",
		4729,
		9634,
		9269,
		9276,
		4386,
		6988,
		6684,
		9225,
		4951,
		9690,
		9046,
		6975,
		4153,
		4025,
		9594,
		"79303923/11785",
		4280,
		4857,
		3714,
		3699,
		3675,
		"196197/53",
		"50737383/11785",
		9875,
		9675,
		"133175/13",
		10075,
		10175,
		"546575/53",
		4125,
		3825,
		"759425/221",
		3925,
		3925
	],
	"steiner_points_y": [
		"301630/89",
		3899,
		"50565/13",
		6417,
		7849,
		7700,
		5622,
		6308,
		4350,
		4754,
		4878,
		"34309802/8837",
		4525,
		"34082834/8837",
		5482,
		4691,
		6045,
		6674,
		4979,
		8164,
		8156,
		5624,
		7104,
		7513,
		5108,
		8575,
		8255,
		6421,
		6009,
		"101351384/11785",
		8599,
		5173,
		8043,
		8045,
		8045,
		"427440/53",
		"104260939/11785",
		4282,
		3750,
		"53350/13",
		5050,
		5550,
		"467350/53",
		"26450/3",
		8450,
		"1432450/221",
		5150,
		4050
	],
	"edges": [
		[
			28,
			187
		],
		[
			37,
			187
		],
		[
			28,
			37
		],
		[
			47,
			165
		],
		[
			165,
			174
		],
		[
			47,
			174
		],
		[
			101,
			177
		],
		[
			102,
			177
		],
		[
			101,
			102
		],
		[
			183,
			185
		],
		[
			93,
			183
		],
		[
			93,
			185
		],
		[
			157,
			169
		],
		[
			167,
			169
		],
		[
			157,
			167
		],
		[
			18,
			19
		],
		[
			18,
			21
		],
		[
			19,
			21
		],
		[
			29,
			37
		],
		[
			28,
			29
		],
		[
			60,
			191
		],
		[
			61,
			191
		],
		[
			60,
			61
		],
		[
			155,
			172
		],
		[
			96,
			172
		],
		[
			96,
			155
		],
		[
			49,
			52
		],
		[
			49,
			53
		],
		[
			52,
			53
		],
		[
			104,
			111
		],
		[
			104,
			112
		],
		[
			111,
			112
		],
		[
			74,
			75
		],
		[
			74,
			78
		],
		[
			75,
			78
		],
		[
			113,
			164
		],
		[
			114,
			164
		],
		[
			113,
			114
		],
		[
			91,
			170
		],
		[
			170,
			172
		],
		[
			91,
			172
		],
		[
			40,
			162
		],
		[
			41,
			162
		],
		[
			40,
			41
		],
		[
			105,
			110
		],
		[
			105,
			111
		],
		[
			110,
			111
		],
		[
			59,
			66
		],
		[
			59,
			67
		],
		[
			66,
			67
		],
		[
			41,
			46
		],
		[
			42,
			46
		],
		[
			41,
			42
		],
		[
			14,
			188
		],
		[
			14,
			28
		],
		[
			28,
			188
		],
		[
			99,
			153
		],
		[
			100,
			153
		],
		[
			99,
			100
		],
		[
			90,
			180
		],
		[
			91,
			180
		],
		[
			90,
			91
		],
		[
			46,
			165
		],
		[
			46,
			47
		],
		[
			172,
			177
		],
		[
			96,
			177
		],
		[
			167,
			173
		],
		[
			169,
			173
		],
		[
			122,
			196
		],
		[
			120,
			122
		],
		[
			120,
			196
		],
		[
			70,
			166
		],
		[
			166,
			167
		],
		[
			70,
			167
		],
		[
			100,
			177
		],
		[
			100,
			101
		],
		[
			62,
			65
		],
		[
			62,
			66
		],
		[
			65,
			66
		],
		[
			182,
			185
		],
		[
			182,
			183
		],
		[
			36,
			189
		],
		[
			30,
			36
		],
		[
			30,
			189
		],
		[
			49,
			190
		],
		[
			52,
			190
		],
		[
			162,
			174
		],
		[
			162,
			165
		],
		[
			23,
			25
		],
		[
			24,
			25
		],
		[
			23,
			24
		],
		[
			89,
			90
		],
		[
			89,
			193
		],
		[
			90,
			193
		],
		[
			30,
			34
		],
		[
			34,
			36
		],
		[
			59,
			61
		],
		[
			59,
			62
		],
		[
			61,
			62
		],
		[
			118,
			196
		],
		[
			118,
			120
		],
		[
			95,
			155
		],
		[
			95,
			96
		],
		[
			119,
			120
		],
		[
			118,
			119
		],
		[
			21,
			26
		],
		[
			21,
			27
		],
		[
			26,
			27
		],
		[
			123,
			196
		],
		[
			122,
			123
		],
		[
			14,
			187
		],
		[
			55,
			171
		],
		[
			56,
			171
		],
		[
			55,
			56
		],
		[
			43,
			44
		],
		[
			43,
			45
		],
		[
			44,
			45
		],
		[
			11,
			132
		],
		[
			132,
			150
		],
		[
			11,
			150
		],
		[
			86,
			194
		],
		[
			85,
			86
		],
		[
			85,
			194
		],
		[
			117,
			196
		],
		[
			117,
			118
		],
		[
			42,
			43
		],
		[
			43,
			46
		],
		[
			22,
			25
		],
		[
			22,
			26
		],
		[
			25,
			26
		],
		[
			41,
			165
		],
		[
			50,
			190
		],
		[
			50,
			52
		],
		[
			48,
			49
		],
		[
			48,
			54
		],
		[
			49,
			54
		],
		[
			38,
			187
		],
		[
			39,
			187
		],
		[
			38,
			39
		],
		[
			48,
			55
		],
		[
			54,
			55
		],
		[
			134,
			135
		],
		[
			2,
			134
		],
		[
			2,
			135
		],
		[
			15,
			16
		],
		[
			15,
			17
		],
		[
			16,
			17
		],
		[
			103,
			156
		],
		[
			156,
			164
		],
		[
			103,
			164
		],
		[
			84,
			193
		],
		[
			84,
			90
		],
		[
			159,
			162
		],
		[
			159,
			174
		],
		[
			94,
			155
		],
		[
			94,
			95
		],
		[
			1,
			135
		],
		[
			1,
			2
		],
		[
			86,
			88
		],
		[
			88,
			194
		],
		[
			116,
			124
		],
		[
			116,
			125
		],
		[
			124,
			125
		],
		[
			157,
			159
		],
		[
			157,
			174
		],
		[
			59,
			191
		],
		[
			20,
			21
		],
		[
			19,
			20
		],
		[
			22,
			23
		],
		[
			58,
			67
		],
		[
			58,
			59
		],
		[
			116,
			123
		],
		[
			123,
			124
		],
		[
			98,
			153
		],
		[
			98,
			99
		],
		[
			94,
			154
		],
		[
			154,
			155
		],
		[
			57,
			67
		],
		[
			57,
			58
		],
		[
			132,
			151
		],
		[
			12,
			151
		],
		[
			12,
			132
		],
		[
			30,
			31
		],
		[
			30,
			32
		],
		[
			31,
			32
		],
		[
			169,
			175
		],
		[
			169,
			170
		],
		[
			170,
			175
		],
		[
			158,
			168
		],
		[
			126,
			158
		],
		[
			126,
			168
		],
		[
			183,
			184
		],
		[
			93,
			184
		],
		[
			116,
			196
		],
		[
			57,
			178
		],
		[
			68,
			178
		],
		[
			57,
			68
		],
		[
			9,
			10
		],
		[
			9,
			11
		],
		[
			10,
			11
		],
		[
			166,
			171
		],
		[
			166,
			178
		],
		[
			171,
			178
		],
		[
			53,
			54
		],
		[
			57,
			171
		],
		[
			56,
			57
		],
		[
			103,
			112
		],
		[
			103,
			104
		],
		[
			156,
			181
		],
		[
			164,
			181
		],
		[
			86,
			87
		],
		[
			87,
			88
		],
		[
			73,
			80
		],
		[
			73,
			82
		],
		[
			80,
			82
		],
		[
			114,
			125
		],
		[
			115,
			125
		],
		[
			114,
			115
		],
		[
			37,
			38
		],
		[
			157,
			170
		],
		[
			151,
			152
		],
		[
			132,
			152
		],
		[
			4,
			5
		],
		[
			4,
			6
		],
		[
			5,
			6
		],
		[
			126,
			127
		],
		[
			126,
			128
		],
		[
			127,
			128
		],
		[
			73,
			74
		],
		[
			74,
			80
		],
		[
			157,
			171
		],
		[
			157,
			166
		],
		[
			85,
			89
		],
		[
			89,
			194
		],
		[
			125,
			168
		],
		[
			125,
			126
		],
		[
			3,
			6
		],
		[
			3,
			4
		],
		[
			115,
			116
		],
		[
			112,
			164
		],
		[
			112,
			113
		],
		[
			126,
			129
		],
		[
			128,
			129
		],
		[
			35,
			36
		],
		[
			34,
			35
		],
		[
			85,
			193
		],
		[
			84,
			180
		],
		[
			91,
			92
		],
		[
			91,
			176
		],
		[
			92,
			176
		],
		[
			106,
			107
		],
		[
			106,
			109
		],
		[
			107,
			109
		],
		[
			45,
			46
		],
		[
			137,
			197
		],
		[
			138,
			197
		],
		[
			137,
			138
		],
		[
			69,
			178
		],
		[
			68,
			69
		],
		[
			130,
			158
		],
		[
			13,
			158
		],
		[
			13,
			130
		],
		[
			12,
			150
		],
		[
			71,
			173
		],
		[
			72,
			173
		],
		[
			71,
			72
		],
		[
			131,
			151
		],
		[
			131,
			152
		],
		[
			29,
			36
		],
		[
			29,
			189
		],
		[
			170,
			179
		],
		[
			170,
			180
		],
		[
			179,
			180
		],
		[
			130,
			151
		],
		[
			13,
			151
		],
		[
			142,
			143
		],
		[
			142,
			144
		],
		[
			143,
			144
		],
		[
			179,
			186
		],
		[
			180,
			186
		],
		[
			12,
			13
		],
		[
			51,
			52
		],
		[
			50,
			51
		],
		[
			130,
			131
		],
		[
			62,
			63
		],
		[
			63,
			65
		],
		[
			84,
			186
		],
		[
			160,
			161
		],
		[
			159,
			160
		],
		[
			159,
			161
		],
		[
			64,
			65
		],
		[
			63,
			64
		],
		[
			92,
			182
		],
		[
			92,
			185
		],
		[
			135,
			138
		],
		[
			135,
			139
		],
		[
			138,
			139
		],
		[
			129,
			158
		],
		[
			157,
			172
		],
		[
			70,
			178
		],
		[
			30,
			33
		],
		[
			33,
			34
		],
		[
			136,
			197
		],
		[
			136,
			137
		],
		[
			168,
			181
		],
		[
			164,
			168
		],
		[
			69,
			70
		],
		[
			32,
			33
		],
		[
			135,
			140
		],
		[
			139,
			140
		],
		[
			114,
			168
		],
		[
			104,
			105
		],
		[
			82,
			173
		],
		[
			72,
			82
		],
		[
			40,
			163
		],
		[
			162,
			163
		],
		[
			142,
			145
		],
		[
			144,
			145
		],
		[
			116,
			117
		],
		[
			72,
			73
		],
		[
			171,
			174
		],
		[
			94,
			183
		],
		[
			94,
			184
		],
		[
			13,
			160
		],
		[
			13,
			161
		],
		[
			146,
			148
		],
		[
			147,
			148
		],
		[
			146,
			147
		],
		[
			94,
			182
		],
		[
			154,
			182
		],
		[
			160,
			181
		],
		[
			156,
			160
		],
		[
			172,
			176
		],
		[
			47,
			171
		],
		[
			47,
			55
		],
		[
			154,
			176
		],
		[
			176,
			182
		],
		[
			141,
			145
		],
		[
			141,
			146
		],
		[
			145,
			146
		],
		[
			83,
			169
		],
		[
			83,
			175
		],
		[
			75,
			192
		],
		[
			78,
			192
		],
		[
			157,
			160
		],
		[
			156,
			157
		],
		[
			96,
			98
		],
		[
			98,
			195
		],
		[
			96,
			195
		],
		[
			159,
			163
		],
		[
			161,
			163
		],
		[
			141,
			142
		],
		[
			154,
			172
		],
		[
			14,
			40
		],
		[
			14,
			163
		],
		[
			7,
			134
		],
		[
			8,
			134
		],
		[
			7,
			8
		],
		[
			158,
			181
		],
		[
			96,
			153
		],
		[
			141,
			148
		],
		[
			83,
			173
		],
		[
			74,
			79
		],
		[
			78,
			79
		],
		[
			148,
			149
		],
		[
			0,
			148
		],
		[
			0,
			149
		],
		[
			2,
			6
		],
		[
			2,
			7
		],
		[
			6,
			7
		],
		[
			76,
			192
		],
		[
			77,
			192
		],
		[
			76,
			77
		],
		[
			8,
			133
		],
		[
			9,
			133
		],
		[
			8,
			9
		],
		[
			158,
			160
		],
		[
			2,
			3
		],
		[
			75,
			76
		],
		[
			47,
			48
		],
		[
			67,
			68
		],
		[
			40,
			187
		],
		[
			39,
			40
		],
		[
			175,
			179
		],
		[
			0,
			140
		],
		[
			1,
			140
		],
		[
			0,
			1
		],
		[
			71,
			167
		],
		[
			121,
			122
		],
		[
			120,
			121
		],
		[
			80,
			81
		],
		[
			81,
			82
		],
		[
			97,
			98
		],
		[
			97,
			195
		],
		[
			140,
			148
		],
		[
			140,
			141
		],
		[
			79,
			80
		],
		[
			17,
			27
		],
		[
			18,
			27
		],
		[
			17,
			18
		],
		[
			70,
			71
		],
		[
			102,
			172
		],
		[
			27,
			188
		],
		[
			27,
			28
		],
		[
			82,
			83
		],
		[
			106,
			110
		],
		[
			109,
			110
		],
		[
			153,
			177
		],
		[
			135,
			197
		],
		[
			103,
			157
		],
		[
			132,
			133
		],
		[
			9,
			132
		],
		[
			105,
			106
		],
		[
			107,
			108
		],
		[
			108,
			109
		],
		[
			15,
			188
		],
		[
			17,
			188
		],
		[
			103,
			172
		],
		[
			102,
			103
		],
		[
			21,
			22
		],
		[
			133,
			134
		],
		[
			129,
			130
		],
		[
			36,
			37
		]
	],
	"score": 0.5102040816326531
}