{
	"content_type": "CG_SHOP_2025_Solution",
	"instance_uid": "simple-polygon-exterior_20_2a7302a0",
	"steiner_points_x": [
		"6987099889/5755565",
		"13480698091/5755565",
		1289,
		"456725661/982570",
		"20763318/10205",
		873,
		"11329903770/4034521",
		"435069707966610/155897925961",
		"13812143933/5755565",
		"7213869342/2000237",
		2606,
		1263,
		3197,
		2707,
		"7583187563/5755565",
		2871,
		"11900756637/5755565",
		"12620491471/5755565",
		2350,
		"52176/19",
		2936,
		1886,
		"1922221316/919285",
		"11809439736/4034521",
		"1561/2",
		"20641788561126/6894996389",
		2801,
		1835,
		"67243050/21953",
		2340,
		3042,
		"6297918956166/3167098985",
		2838,
		"8834782830/4034521",
		834,
		883,
		"447141359/178810",
		"11013292593322498021158063/373626463489731559380100",
		"16125145533/5755565",
		"474621793/373817",
		"428016361/183857",
		2692,
		"14086966663/5755565",
		2657,
		1794,
		"747881895/444041",
		2528,
		"10193671608/4034521",
		"4393353967574903937005176672713/116215203775858787484722274650",
		2461,
		1810,
		2196,
		2412,
		"30817641476544868412700285764172717/1827484079375379433197257768871250"
	],
	"steiner_points_y": [
		"1967473392/5755565",
		"877888233/5755565",
		1353,
		"625649343/982570",
		"12743984/10205",
		942,
		"6824397821/4034521",
		"228041269031117/155897925961",
		"822273694/5755565",
		"2134879918/2000237",
		669,
		386,
		974,
		780,
		"1867453609/5755565",
		522,
		"1142992526/5755565",
		"1022225523/5755565",
		199,
		"95917/57",
		1645,
		726,
		"774279517/919285",
		"6891904141/4034521",
		1390,
		"11842943762009/6894996389",
		770,
		692,
		"34410337/21953",
		1028,
		1605,
		"12978405703093/8234457361",
		292,
		"6473149021/4034521",
		999,
		1011,
		"499805773/1609290",
		"439205661246421991903973549/373626463489731559380100",
		"434166494/5755565",
		"549697841/373817",
		"78028991/183857",
		646,
		"776160159/5755565",
		611,
		747,
		"381880724/444041",
		1642,
		"6664445581/4034521",
		"276482876227216549575022586674599/232430407551717574969444549300",
		213,
		757,
		260,
		178,
		"4468779558951740617459792815634467963/3654968158750758866394515537742500"
	],
	"edges": [
		[
			30,
			49
		],
		[
			33,
			49
		],
		[
			30,
			33
		],
		[
			2,
			46
		],
		[
			3,
			46
		],
		[
			2,
			3
		],
		[
			11,
			42
		],
		[
			11,
			49
		],
		[
			42,
			49
		],
		[
			18,
			19
		],
		[
			12,
			18
		],
		[
			12,
			19
		],
		[
			9,
			40
		],
		[
			9,
			26
		],
		[
			26,
			40
		],
		[
			18,
			64
		],
		[
			64,
			65
		],
		[
			18,
			65
		],
		[
			34,
			64
		],
		[
			47,
			64
		],
		[
			34,
			47
		],
		[
			21,
			38
		],
		[
			21,
			37
		],
		[
			37,
			38
		],
		[
			9,
			48
		],
		[
			32,
			48
		],
		[
			9,
			32
		],
		[
			19,
			42
		],
		[
			11,
			19
		],
		[
			8,
			50
		],
		[
			45,
			50
		],
		[
			8,
			45
		],
		[
			17,
			20
		],
		[
			17,
			31
		],
		[
			20,
			31
		],
		[
			18,
			70
		],
		[
			64,
			70
		],
		[
			15,
			16
		],
		[
			15,
			17
		],
		[
			16,
			17
		],
		[
			17,
			25
		],
		[
			25,
			65
		],
		[
			17,
			65
		],
		[
			10,
			49
		],
		[
			10,
			33
		],
		[
			32,
			46
		],
		[
			9,
			46
		],
		[
			10,
			27
		],
		[
			27,
			33
		],
		[
			66,
			67
		],
		[
			39,
			67
		],
		[
			39,
			66
		],
		[
			10,
			11
		],
		[
			4,
			52
		],
		[
			35,
			52
		],
		[
			4,
			35
		],
		[
			44,
			55
		],
		[
			54,
			55
		],
		[
			44,
			54
		],
		[
			53,
			66
		],
		[
			53,
			67
		],
		[
			27,
			46
		],
		[
			33,
			46
		],
		[
			22,
			55
		],
		[
			22,
			44
		],
		[
			41,
			60
		],
		[
			41,
			42
		],
		[
			42,
			60
		],
		[
			12,
			22
		],
		[
			18,
			22
		],
		[
			8,
			48
		],
		[
			48,
			50
		],
		[
			24,
			51
		],
		[
			51,
			53
		],
		[
			24,
			53
		],
		[
			1,
			56
		],
		[
			1,
			52
		],
		[
			52,
			56
		],
		[
			19,
			70
		],
		[
			52,
			58
		],
		[
			56,
			58
		],
		[
			36,
			71
		],
		[
			37,
			71
		],
		[
			36,
			37
		],
		[
			9,
			50
		],
		[
			31,
			65
		],
		[
			19,
			24
		],
		[
			11,
			24
		],
		[
			25,
			55
		],
		[
			55,
			65
		],
		[
			40,
			43
		],
		[
			43,
			45
		],
		[
			40,
			45
		],
		[
			13,
			15
		],
		[
			15,
			68
		],
		[
			13,
			68
		],
		[
			12,
			24
		],
		[
			12,
			51
		],
		[
			30,
			63
		],
		[
			30,
			61
		],
		[
			61,
			63
		],
		[
			44,
			59
		],
		[
			22,
			59
		],
		[
			5,
			52
		],
		[
			4,
			5
		],
		[
			1,
			63
		],
		[
			56,
			63
		],
		[
			57,
			68
		],
		[
			15,
			57
		],
		[
			12,
			59
		],
		[
			47,
			70
		],
		[
			1,
			61
		],
		[
			13,
			54
		],
		[
			13,
			44
		],
		[
			10,
			66
		],
		[
			10,
			39
		],
		[
			4,
			6
		],
		[
			5,
			6
		],
		[
			68,
			73
		],
		[
			13,
			73
		],
		[
			31,
			64
		],
		[
			19,
			41
		],
		[
			41,
			70
		],
		[
			36,
			47
		],
		[
			34,
			36
		],
		[
			3,
			4
		],
		[
			3,
			7
		],
		[
			4,
			7
		],
		[
			15,
			25
		],
		[
			15,
			54
		],
		[
			25,
			54
		],
		[
			30,
			42
		],
		[
			1,
			2
		],
		[
			2,
			35
		],
		[
			1,
			35
		],
		[
			11,
			53
		],
		[
			33,
			61
		],
		[
			60,
			63
		],
		[
			30,
			60
		],
		[
			26,
			27
		],
		[
			27,
			39
		],
		[
			26,
			39
		],
		[
			9,
			27
		],
		[
			41,
			47
		],
		[
			2,
			61
		],
		[
			29,
			32
		],
		[
			29,
			48
		],
		[
			40,
			50
		],
		[
			41,
			71
		],
		[
			47,
			71
		],
		[
			2,
			33
		],
		[
			0,
			72
		],
		[
			0,
			69
		],
		[
			69,
			72
		],
		[
			3,
			35
		],
		[
			15,
			23
		],
		[
			23,
			57
		],
		[
			28,
			38
		],
		[
			38,
			72
		],
		[
			28,
			72
		],
		[
			38,
			71
		],
		[
			22,
			65
		],
		[
			62,
			72
		],
		[
			62,
			69
		],
		[
			0,
			38
		],
		[
			58,
			69
		],
		[
			56,
			69
		],
		[
			3,
			32
		],
		[
			16,
			23
		],
		[
			60,
			71
		],
		[
			58,
			62
		],
		[
			31,
			34
		],
		[
			20,
			34
		],
		[
			38,
			60
		],
		[
			0,
			60
		],
		[
			11,
			66
		],
		[
			6,
			7
		],
		[
			8,
			29
		],
		[
			7,
			32
		],
		[
			7,
			29
		],
		[
			14,
			73
		],
		[
			14,
			68
		],
		[
			16,
			20
		],
		[
			14,
			57
		],
		[
			5,
			58
		],
		[
			26,
			43
		],
		[
			21,
			28
		],
		[
			28,
			62
		],
		[
			0,
			56
		],
		[
			56,
			60
		]
	],
	"score": 0.509090909090909
}