{
	"content_type": "CG_SHOP_2025_Solution",
	"instance_uid": "ortho_60_5c5796a0",
	"steiner_points_x": [
		580701,
		742662,
		1000000,
		1000000,
		640628,
		749661,
		"1196715/2",
		580701,
		580701,
		407157,
		655396,
		285253,
		839998,
		242782,
		874332,
		424598,
		1000000,
		229948,
		342558,
		204497
	],
	"steiner_points_y": [
		887535,
		887161,
		487423,
		249290,
		167884,
		822856,
		-635728,
		943818,
		822856,
		-635728,
		822856,
		822856,
		-353142,
		"-1271456/3",
		861195,
		487423,
		887535,
		112445,
		"541304785/27369",
		249290
	],
	"edges": [
		[
			34,
			40
		],
		[
			34,
			41
		],
		[
			12,
			33
		],
		[
			13,
			33
		],
		[
			61,
			70
		],
		[
			61,
			65
		],
		[
			33,
			62
		],
		[
			34,
			62
		],
		[
			50,
			66
		],
		[
			48,
			50
		],
		[
			48,
			66
		],
		[
			41,
			63
		],
		[
			41,
			62
		],
		[
			40,
			75
		],
		[
			37,
			40
		],
		[
			37,
			75
		],
		[
			50,
			69
		],
		[
			13,
			61
		],
		[
			15,
			61
		],
		[
			13,
			15
		],
		[
			44,
			72
		],
		[
			4,
			44
		],
		[
			13,
			65
		],
		[
			44,
			46
		],
		[
			44,
			47
		],
		[
			54,
			57
		],
		[
			57,
			79
		],
		[
			51,
			53
		],
		[
			51,
			73
		],
		[
			53,
			73
		],
		[
			25,
			27
		],
		[
			25,
			67
		],
		[
			8,
			76
		],
		[
			6,
			8
		],
		[
			33,
			74
		],
		[
			12,
			74
		],
		[
			22,
			24
		],
		[
			22,
			25
		],
		[
			18,
			61
		],
		[
			20,
			61
		],
		[
			18,
			20
		],
		[
			28,
			68
		],
		[
			29,
			68
		],
		[
			2,
			51
		],
		[
			20,
			70
		],
		[
			54,
			77
		],
		[
			57,
			77
		],
		[
			51,
			69
		],
		[
			21,
			60
		],
		[
			21,
			28
		],
		[
			15,
			18
		],
		[
			1,
			53
		],
		[
			1,
			78
		],
		[
			42,
			63
		],
		[
			29,
			32
		],
		[
			29,
			71
		],
		[
			21,
			70
		],
		[
			47,
			72
		],
		[
			48,
			72
		],
		[
			9,
			74
		],
		[
			9,
			12
		],
		[
			55,
			57
		],
		[
			22,
			60
		],
		[
			37,
			39
		],
		[
			4,
			64
		],
		[
			28,
			70
		],
		[
			77,
			78
		],
		[
			62,
			74
		],
		[
			8,
			74
		],
		[
			8,
			62
		],
		[
			36,
			75
		],
		[
			15,
			17
		],
		[
			9,
			11
		],
		[
			29,
			31
		],
		[
			42,
			64
		],
		[
			4,
			42
		],
		[
			4,
			63
		],
		[
			3,
			48
		],
		[
			58,
			77
		],
		[
			1,
			77
		],
		[
			1,
			58
		],
		[
			22,
			67
		],
		[
			0,
			58
		]
	],
	"score": 0.5238095238095238,
	"obtuse num": 0,
	"steiner num": 80
}