{
	"content_type": "CG_SHOP_2025_Solution",
	"instance_uid": "ortho_60_f744490d",
	"steiner_points_x": [
		850208,
		64770,
		26567,
		850208,
		745512,
		435548,
		378774,
		582073,
		0,
		487712,
		0,
		15047,
		194531,
		1110790,
		1017003,
		815851,
		997440
	],
	"steiner_points_y": [
		591176,
		607525,
		607525,
		607525,
		1737655,
		1790150,
		1328510,
		1042681,
		607525,
		393248,
		"16500000/17",
		971109,
		607526,
		103218,
		479083,
		221274,
		103184
	],
	"edges": [
		[
			62,
			68
		],
		[
			0,
			62
		],
		[
			60,
			63
		],
		[
			31,
			60
		],
		[
			32,
			72
		],
		[
			52,
			72
		],
		[
			32,
			52
		],
		[
			20,
			69
		],
		[
			19,
			69
		],
		[
			55,
			57
		],
		[
			55,
			71
		],
		[
			58,
			71
		],
		[
			55,
			58
		],
		[
			32,
			35
		],
		[
			32,
			67
		],
		[
			35,
			67
		],
		[
			30,
			60
		],
		[
			39,
			41
		],
		[
			29,
			74
		],
		[
			28,
			74
		],
		[
			53,
			55
		],
		[
			53,
			71
		],
		[
			8,
			69
		],
		[
			69,
			75
		],
		[
			8,
			75
		],
		[
			12,
			73
		],
		[
			46,
			48
		],
		[
			46,
			49
		],
		[
			75,
			76
		],
		[
			8,
			76
		],
		[
			31,
			69
		],
		[
			20,
			31
		],
		[
			42,
			66
		],
		[
			44,
			66
		],
		[
			42,
			44
		],
		[
			20,
			22
		],
		[
			20,
			60
		],
		[
			22,
			60
		],
		[
			9,
			76
		],
		[
			10,
			76
		],
		[
			1,
			61
		],
		[
			4,
			61
		],
		[
			1,
			4
		],
		[
			46,
			66
		],
		[
			44,
			46
		],
		[
			5,
			69
		],
		[
			5,
			8
		],
		[
			37,
			67
		],
		[
			35,
			37
		],
		[
			23,
			25
		],
		[
			25,
			28
		],
		[
			26,
			28
		],
		[
			53,
			61
		],
		[
			61,
			62
		],
		[
			53,
			62
		],
		[
			1,
			62
		],
		[
			62,
			71
		],
		[
			1,
			3
		],
		[
			61,
			72
		],
		[
			4,
			72
		],
		[
			41,
			64
		],
		[
			42,
			64
		],
		[
			52,
			61
		],
		[
			58,
			70
		],
		[
			70,
			71
		],
		[
			37,
			42
		],
		[
			13,
			73
		],
		[
			62,
			70
		],
		[
			41,
			65
		],
		[
			31,
			72
		],
		[
			69,
			72
		],
		[
			22,
			29
		],
		[
			29,
			60
		],
		[
			64,
			65
		],
		[
			16,
			76
		],
		[
			10,
			16
		],
		[
			10,
			13
		],
		[
			13,
			16
		],
		[
			33,
			35
		],
		[
			5,
			7
		],
		[
			17,
			76
		],
		[
			17,
			19
		],
		[
			17,
			75
		],
		[
			19,
			75
		],
		[
			25,
			74
		],
		[
			13,
			15
		],
		[
			49,
			66
		],
		[
			66,
			67
		],
		[
			49,
			67
		],
		[
			5,
			72
		],
		[
			37,
			66
		],
		[
			50,
			52
		],
		[
			50,
			67
		],
		[
			32,
			50
		]
	],
	"score": 0.5277777777777778,
	"obtuse num": 0,
	"steiner num": 77
}