{
	"content_type": "CG_SHOP_2025_Solution",
	"instance_uid": "point-set_100_dd67678e",
	"steiner_points_x": [
		2245,
		2762,
		720,
		2205,
		1732,
		328,
		1157,
		2845,
		1272,
		"4537959/58565",
		2906,
		689,
		"89531/67",
		1154,
		1613,
		1481,
		2500,
		405,
		638,
		2067,
		2392,
		"528813/5626",
		214,
		205,
		1523,
		1157,
		1386,
		1851,
		"112885/901",
		2315,
		859,
		"17322/7",
		1228,
		"1003/2",
		1360,
		2326,
		"890721/290",
		2441,
		1687,
		2280,
		"9813207/58565",
		"18737/22",
		2681,
		756,
		952,
		669,
		"1917413623/628140",
		"312537/3445",
		482,
		528,
		1488,
		1476,
		572,
		"4279/2",
		1519,
		641,
		669,
		2362,
		"881651/290",
		2118,
		456,
		921,
		2987,
		2005,
		1551,
		2328,
		2276,
		2315,
		2331,
		2402,
		2362,
		721,
		2192,
		1853,
		2164,
		1581,
		1849,
		1546,
		2067,
		2590,
		2559,
		2866
	],
	"steiner_points_y": [
		1077,
		83,
		151,
		69,
		69,
		134,
		69,
		853,
		981,
		"13451557/58565",
		317,
		206,
		69,
		475,
		188,
		1057,
		187,
		525,
		735,
		69,
		531,
		"397121/5626",
		193,
		1276,
		1053,
		151,
		732,
		1276,
		"678762/901",
		284,
		282,
		69,
		1276,
		1276,
		740,
		741,
		"96663/290",
		205,
		954,
		730,
		"71239501/58565",
		69,
		659,
		69,
		1078,
		519,
		"411469129/628140",
		"1290776/3445",
		1223,
		69,
		208,
		728,
		1042,
		1276,
		1276,
		221,
		69,
		69,
		"250853/290",
		1227,
		1097,
		1276,
		310,
		911,
		69,
		207,
		630,
		630,
		69,
		141,
		169,
		753,
		159,
		520,
		493,
		702,
		885,
		722,
		189,
		1078,
		1276,
		1276
	],
	"edges": [
		[
			172,
			178
		],
		[
			67,
			178
		],
		[
			67,
			172
		],
		[
			73,
			166
		],
		[
			73,
			167
		],
		[
			166,
			167
		],
		[
			61,
			133
		],
		[
			61,
			148
		],
		[
			133,
			148
		],
		[
			39,
			163
		],
		[
			39,
			100
		],
		[
			100,
			163
		],
		[
			69,
			113
		],
		[
			69,
			93
		],
		[
			93,
			113
		],
		[
			59,
			79
		],
		[
			59,
			181
		],
		[
			79,
			181
		],
		[
			10,
			157
		],
		[
			10,
			169
		],
		[
			157,
			169
		],
		[
			50,
			166
		],
		[
			31,
			166
		],
		[
			31,
			50
		],
		[
			6,
			66
		],
		[
			13,
			66
		],
		[
			6,
			13
		],
		[
			56,
			178
		],
		[
			119,
			178
		],
		[
			56,
			119
		],
		[
			63,
			149
		],
		[
			17,
			63
		],
		[
			17,
			149
		],
		[
			49,
			78
		],
		[
			49,
			165
		],
		[
			78,
			165
		],
		[
			7,
			120
		],
		[
			7,
			74
		],
		[
			74,
			120
		],
		[
			36,
			64
		],
		[
			36,
			173
		],
		[
			64,
			173
		],
		[
			57,
			142
		],
		[
			57,
			107
		],
		[
			107,
			142
		],
		[
			51,
			132
		],
		[
			51,
			77
		],
		[
			77,
			132
		],
		[
			32,
			36
		],
		[
			32,
			55
		],
		[
			36,
			55
		],
		[
			31,
			167
		],
		[
			23,
			167
		],
		[
			23,
			31
		],
		[
			95,
			175
		],
		[
			175,
			176
		],
		[
			95,
			176
		],
		[
			52,
			102
		],
		[
			52,
			111
		],
		[
			102,
			111
		],
		[
			42,
			90
		],
		[
			90,
			130
		],
		[
			42,
			130
		],
		[
			18,
			177
		],
		[
			18,
			66
		],
		[
			66,
			177
		],
		[
			51,
			154
		],
		[
			132,
			154
		],
		[
			78,
			170
		],
		[
			10,
			170
		],
		[
			10,
			78
		],
		[
			58,
			69
		],
		[
			28,
			58
		],
		[
			28,
			69
		],
		[
			52,
			143
		],
		[
			102,
			143
		],
		[
			99,
			176
		],
		[
			163,
			176
		],
		[
			99,
			163
		],
		[
			66,
			151
		],
		[
			16,
			66
		],
		[
			16,
			151
		],
		[
			25,
			52
		],
		[
			25,
			111
		],
		[
			48,
			173
		],
		[
			48,
			174
		],
		[
			173,
			174
		],
		[
			32,
			56
		],
		[
			56,
			114
		],
		[
			32,
			114
		],
		[
			24,
			166
		],
		[
			24,
			73
		],
		[
			7,
			57
		],
		[
			57,
			74
		],
		[
			35,
			83
		],
		[
			27,
			83
		],
		[
			27,
			35
		],
		[
			37,
			67
		],
		[
			37,
			172
		],
		[
			6,
			28
		],
		[
			6,
			53
		],
		[
			28,
			53
		],
		[
			125,
			130
		],
		[
			69,
			130
		],
		[
			69,
			125
		],
		[
			88,
			163
		],
		[
			88,
			99
		],
		[
			70,
			159
		],
		[
			70,
			127
		],
		[
			127,
			159
		],
		[
			18,
			55
		],
		[
			13,
			55
		],
		[
			13,
			18
		],
		[
			138,
			177
		],
		[
			124,
			177
		],
		[
			124,
			138
		],
		[
			31,
			65
		],
		[
			23,
			65
		],
		[
			31,
			71
		],
		[
			65,
			71
		],
		[
			18,
			175
		],
		[
			18,
			95
		],
		[
			103,
			172
		],
		[
			49,
			172
		],
		[
			49,
			103
		],
		[
			93,
			130
		],
		[
			90,
			93
		],
		[
			114,
			150
		],
		[
			26,
			150
		],
		[
			26,
			114
		],
		[
			65,
			89
		],
		[
			23,
			89
		],
		[
			6,
			16
		],
		[
			6,
			58
		],
		[
			16,
			58
		],
		[
			119,
			172
		],
		[
			15,
			23
		],
		[
			15,
			89
		],
		[
			37,
			129
		],
		[
			129,
			165
		],
		[
			37,
			165
		],
		[
			64,
			174
		],
		[
			27,
			117
		],
		[
			35,
			117
		],
		[
			47,
			61
		],
		[
			47,
			133
		],
		[
			20,
			70
		],
		[
			20,
			127
		],
		[
			100,
			179
		],
		[
			135,
			179
		],
		[
			100,
			135
		],
		[
			87,
			162
		],
		[
			5,
			162
		],
		[
			5,
			87
		],
		[
			68,
			112
		],
		[
			68,
			164
		],
		[
			112,
			164
		],
		[
			84,
			100
		],
		[
			84,
			179
		],
		[
			98,
			128
		],
		[
			81,
			98
		],
		[
			81,
			128
		],
		[
			107,
			158
		],
		[
			79,
			107
		],
		[
			79,
			158
		],
		[
			51,
			115
		],
		[
			115,
			154
		],
		[
			88,
			100
		],
		[
			100,
			139
		],
		[
			88,
			139
		],
		[
			5,
			136
		],
		[
			12,
			136
		],
		[
			5,
			12
		],
		[
			40,
			100
		],
		[
			40,
			84
		],
		[
			124,
			154
		],
		[
			20,
			154
		],
		[
			20,
			124
		],
		[
			114,
			164
		],
		[
			104,
			114
		],
		[
			104,
			164
		],
		[
			1,
			63
		],
		[
			1,
			149
		],
		[
			107,
			179
		],
		[
			79,
			179
		],
		[
			17,
			156
		],
		[
			149,
			156
		],
		[
			17,
			155
		],
		[
			17,
			96
		],
		[
			96,
			155
		],
		[
			110,
			162
		],
		[
			43,
			110
		],
		[
			43,
			162
		],
		[
			108,
			115
		],
		[
			51,
			108
		],
		[
			34,
			129
		],
		[
			89,
			129
		],
		[
			34,
			89
		],
		[
			56,
			104
		],
		[
			3,
			113
		],
		[
			75,
			113
		],
		[
			3,
			75
		],
		[
			14,
			41
		],
		[
			14,
			130
		],
		[
			41,
			130
		],
		[
			150,
			164
		],
		[
			10,
			33
		],
		[
			33,
			169
		],
		[
			70,
			124
		],
		[
			49,
			168
		],
		[
			103,
			168
		],
		[
			24,
			139
		],
		[
			73,
			139
		],
		[
			55,
			173
		],
		[
			15,
			34
		],
		[
			15,
			137
		],
		[
			34,
			137
		],
		[
			151,
			177
		],
		[
			58,
			113
		],
		[
			125,
			141
		],
		[
			106,
			125
		],
		[
			106,
			141
		],
		[
			68,
			94
		],
		[
			94,
			112
		],
		[
			92,
			134
		],
		[
			86,
			134
		],
		[
			86,
			92
		],
		[
			15,
			74
		],
		[
			74,
			82
		],
		[
			15,
			82
		],
		[
			72,
			148
		],
		[
			97,
			148
		],
		[
			72,
			97
		],
		[
			17,
			25
		],
		[
			25,
			156
		],
		[
			108,
			134
		],
		[
			115,
			134
		],
		[
			11,
			122
		],
		[
			0,
			122
		],
		[
			0,
			11
		],
		[
			112,
			125
		],
		[
			94,
			125
		],
		[
			4,
			118
		],
		[
			118,
			171
		],
		[
			4,
			171
		],
		[
			159,
			163
		],
		[
			39,
			159
		],
		[
			115,
			126
		],
		[
			126,
			134
		],
		[
			25,
			155
		],
		[
			82,
			142
		],
		[
			43,
			142
		],
		[
			43,
			82
		],
		[
			0,
			105
		],
		[
			1,
			105
		],
		[
			0,
			1
		],
		[
			101,
			110
		],
		[
			21,
			110
		],
		[
			21,
			101
		],
		[
			69,
			94
		],
		[
			22,
			144
		],
		[
			108,
			144
		],
		[
			22,
			108
		],
		[
			103,
			119
		],
		[
			77,
			144
		],
		[
			30,
			144
		],
		[
			30,
			77
		],
		[
			57,
			179
		],
		[
			71,
			129
		],
		[
			37,
			71
		],
		[
			104,
			119
		],
		[
			86,
			126
		],
		[
			85,
			91
		],
		[
			91,
			121
		],
		[
			85,
			121
		],
		[
			67,
			71
		],
		[
			64,
			67
		],
		[
			64,
			71
		],
		[
			78,
			168
		],
		[
			78,
			157
		],
		[
			157,
			168
		],
		[
			26,
			32
		],
		[
			126,
			151
		],
		[
			115,
			151
		],
		[
			33,
			137
		],
		[
			33,
			34
		],
		[
			91,
			109
		],
		[
			109,
			122
		],
		[
			91,
			122
		],
		[
			48,
			95
		],
		[
			95,
			173
		],
		[
			30,
			152
		],
		[
			47,
			152
		],
		[
			30,
			47
		],
		[
			135,
			139
		],
		[
			81,
			117
		],
		[
			27,
			81
		],
		[
			27,
			63
		],
		[
			63,
			105
		],
		[
			27,
			105
		],
		[
			41,
			143
		],
		[
			41,
			141
		],
		[
			141,
			143
		],
		[
			175,
			177
		],
		[
			92,
			108
		],
		[
			22,
			92
		],
		[
			85,
			109
		],
		[
			38,
			142
		],
		[
			38,
			43
		],
		[
			46,
			155
		],
		[
			83,
			155
		],
		[
			46,
			83
		],
		[
			144,
			152
		],
		[
			27,
			96
		],
		[
			83,
			96
		],
		[
			144,
			171
		],
		[
			22,
			171
		],
		[
			26,
			55
		],
		[
			50,
			54
		],
		[
			54,
			166
		],
		[
			15,
			120
		],
		[
			58,
			86
		],
		[
			16,
			86
		],
		[
			65,
			129
		],
		[
			45,
			137
		],
		[
			33,
			45
		],
		[
			55,
			95
		],
		[
			35,
			46
		],
		[
			63,
			96
		],
		[
			2,
			4
		],
		[
			4,
			145
		],
		[
			2,
			145
		],
		[
			3,
			58
		],
		[
			3,
			86
		],
		[
			95,
			99
		],
		[
			45,
			116
		],
		[
			60,
			116
		],
		[
			45,
			60
		],
		[
			14,
			143
		],
		[
			14,
			102
		],
		[
			81,
			122
		],
		[
			27,
			122
		],
		[
			105,
			122
		],
		[
			71,
			174
		],
		[
			50,
			174
		],
		[
			50,
			71
		],
		[
			35,
			62
		],
		[
			46,
			62
		],
		[
			70,
			176
		],
		[
			70,
			163
		],
		[
			60,
			101
		],
		[
			101,
			116
		],
		[
			70,
			138
		],
		[
			124,
			151
		],
		[
			115,
			124
		],
		[
			54,
			88
		],
		[
			54,
			99
		],
		[
			7,
			73
		],
		[
			7,
			167
		],
		[
			82,
			116
		],
		[
			82,
			101
		],
		[
			4,
			75
		],
		[
			75,
			171
		],
		[
			97,
			128
		],
		[
			97,
			98
		],
		[
			62,
			93
		],
		[
			62,
			75
		],
		[
			75,
			93
		],
		[
			24,
			54
		],
		[
			8,
			145
		],
		[
			35,
			145
		],
		[
			8,
			35
		],
		[
			22,
			75
		],
		[
			19,
			55
		],
		[
			13,
			19
		],
		[
			52,
			156
		],
		[
			143,
			156
		],
		[
			8,
			117
		],
		[
			75,
			145
		],
		[
			24,
			88
		],
		[
			97,
			160
		],
		[
			98,
			160
		],
		[
			2,
			44
		],
		[
			2,
			8
		],
		[
			8,
			44
		],
		[
			73,
			135
		],
		[
			7,
			135
		],
		[
			72,
			133
		],
		[
			44,
			118
		],
		[
			2,
			118
		],
		[
			29,
			127
		],
		[
			29,
			159
		],
		[
			42,
			102
		],
		[
			14,
			42
		],
		[
			118,
			152
		],
		[
			152,
			171
		],
		[
			41,
			125
		],
		[
			9,
			110
		],
		[
			87,
			110
		],
		[
			9,
			87
		],
		[
			51,
			144
		],
		[
			9,
			21
		],
		[
			111,
			155
		],
		[
			81,
			109
		],
		[
			106,
			112
		],
		[
			21,
			60
		],
		[
			64,
			178
		],
		[
			98,
			117
		],
		[
			8,
			98
		],
		[
			60,
			131
		],
		[
			45,
			131
		],
		[
			131,
			169
		],
		[
			131,
			157
		],
		[
			38,
			107
		],
		[
			44,
			98
		],
		[
			36,
			56
		],
		[
			36,
			178
		],
		[
			97,
			123
		],
		[
			80,
			97
		],
		[
			80,
			123
		],
		[
			72,
			123
		],
		[
			42,
			111
		],
		[
			98,
			152
		],
		[
			44,
			152
		],
		[
			62,
			145
		],
		[
			57,
			135
		],
		[
			120,
			167
		],
		[
			16,
			126
		],
		[
			54,
			174
		],
		[
			76,
			79
		],
		[
			76,
			181
		],
		[
			33,
			170
		],
		[
			43,
			136
		],
		[
			43,
			146
		],
		[
			136,
			146
		],
		[
			76,
			158
		],
		[
			46,
			90
		],
		[
			90,
			111
		],
		[
			46,
			111
		],
		[
			82,
			110
		],
		[
			13,
			53
		],
		[
			62,
			90
		],
		[
			11,
			91
		],
		[
			11,
			121
		],
		[
			48,
			99
		],
		[
			15,
			116
		],
		[
			116,
			137
		],
		[
			84,
			180
		],
		[
			40,
			180
		],
		[
			39,
			40
		],
		[
			138,
			176
		],
		[
			138,
			175
		],
		[
			59,
			84
		],
		[
			59,
			180
		],
		[
			3,
			92
		],
		[
			3,
			22
		],
		[
			148,
			160
		],
		[
			48,
			54
		],
		[
			19,
			150
		],
		[
			19,
			26
		],
		[
			53,
			150
		],
		[
			19,
			53
		],
		[
			30,
			161
		],
		[
			77,
			161
		],
		[
			81,
			147
		],
		[
			128,
			147
		],
		[
			59,
			179
		],
		[
			23,
			120
		],
		[
			97,
			140
		],
		[
			80,
			140
		],
		[
			128,
			140
		],
		[
			47,
			161
		],
		[
			53,
			68
		],
		[
			28,
			68
		],
		[
			109,
			147
		],
		[
			165,
			170
		],
		[
			68,
			150
		],
		[
			38,
			146
		],
		[
			28,
			94
		],
		[
			37,
			49
		],
		[
			38,
			158
		],
		[
			146,
			158
		],
		[
			39,
			153
		],
		[
			40,
			153
		],
		[
			153,
			159
		],
		[
			136,
			162
		],
		[
			34,
			165
		],
		[
			34,
			170
		],
		[
			152,
			160
		],
		[
			45,
			169
		],
		[
			61,
			152
		],
		[
			61,
			160
		],
		[
			29,
			153
		],
		[
			74,
			142
		]
	],
	"score": 0.5060240963855421,
	"obtuse num": 0,
	"steiner num": 182
}