{
	"content_type": "CG_SHOP_2025_Solution",
	"instance_uid": "point-set_80_837b0f11",
	"steiner_points_x": [
		2441,
		844,
		885,
		571,
		1488,
		2725,
		2525,
		"90371782/3622645",
		2617,
		"3480084960/2238017",
		2057,
		2330,
		"3748729/278665",
		1216,
		772,
		2319,
		"2587064216/2238017",
		"710/11",
		542,
		"432385953/3622645",
		2614,
		1205,
		"5315367552/1771817",
		1425,
		2470,
		"23753368/8033",
		528,
		867,
		611,
		"28189769/724529",
		2059,
		441,
		"7740124479/15666119",
		"23258906/8033",
		480,
		2881,
		2174,
		"5329583296/1771817",
		1525,
		630,
		827,
		"32656024/724529",
		2180,
		889,
		"1427747992/2238017",
		748,
		1344,
		1062,
		"256303113/3622645",
		"5326180240/1771817",
		2272,
		570,
		572,
		411,
		1747,
		1244,
		623,
		"5189870840/2238017",
		804,
		1319,
		"319491029077880/140415424597",
		615,
		493,
		1409,
		990,
		"5355269392/1771817",
		1244,
		2259,
		211,
		704,
		692,
		1435,
		990,
		"20992/7",
		"5341459696/1771817",
		2797,
		"1638518038066/17289213957",
		151,
		1645,
		578,
		319,
		291,
		"470712525891267713/4236315891154723",
		2208,
		2268,
		1799,
		2016
	],
	"steiner_points_y": [
		3330,
		3230,
		3806,
		3088,
		422,
		1924,
		3267,
		"2428190774/3622645",
		2477,
		"2149774/2238017",
		3806,
		2676,
		"100981028/278665",
		1850,
		3365,
		61,
		"2746713/2238017",
		"19042/11",
		1417,
		"11590316876/3622645",
		2642,
		1255,
		"1172202383/1771817",
		"1567/1496",
		353,
		"24170982/8033",
		974,
		3041,
		148,
		"756617236/724529",
		1799,
		3806,
		"39132903569/23436514024",
		"26730550/8033",
		2341,
		1260,
		2770,
		"2354774587/1771817",
		2785,
		2002,
		1468,
		"876262546/724529",
		3040,
		721,
		"3521657/2238017",
		"3/2",
		2388,
		328,
		"6873280796/3622645",
		"2071682866/1771817",
		3104,
		3234,
		246,
		958,
		2999,
		3806,
		475,
		"1006869/2238017",
		217,
		442,
		"1143544560413/2387062218149",
		2810,
		73,
		2804,
		2008,
		"4491536698/1771817",
		3299,
		3038,
		355,
		2438,
		2774,
		3325,
		2682,
		"3993/7",
		"3342742612/1771817",
		2460,
		"14642799891002/5763071319",
		1823,
		2251,
		2726,
		2993,
		3193,
		"12618264522559650152/4236315891154723",
		1084,
		958,
		1393,
		838
	],
	"edges": [
		[
			141,
			159
		],
		[
			49,
			159
		],
		[
			49,
			141
		],
		[
			0,
			101
		],
		[
			101,
			123
		],
		[
			0,
			123
		],
		[
			62,
			166
		],
		[
			84,
			166
		],
		[
			62,
			84
		],
		[
			7,
			19
		],
		[
			19,
			85
		],
		[
			7,
			85
		],
		[
			36,
			83
		],
		[
			83,
			131
		],
		[
			36,
			131
		],
		[
			49,
			160
		],
		[
			34,
			160
		],
		[
			34,
			49
		],
		[
			43,
			165
		],
		[
			37,
			165
		],
		[
			37,
			43
		],
		[
			85,
			154
		],
		[
			85,
			155
		],
		[
			154,
			155
		],
		[
			39,
			130
		],
		[
			39,
			80
		],
		[
			80,
			130
		],
		[
			34,
			51
		],
		[
			34,
			83
		],
		[
			51,
			83
		],
		[
			74,
			105
		],
		[
			74,
			113
		],
		[
			105,
			113
		],
		[
			26,
			148
		],
		[
			142,
			148
		],
		[
			26,
			142
		],
		[
			23,
			56
		],
		[
			46,
			56
		],
		[
			23,
			46
		],
		[
			52,
			55
		],
		[
			52,
			133
		],
		[
			55,
			133
		],
		[
			125,
			138
		],
		[
			96,
			138
		],
		[
			96,
			125
		],
		[
			56,
			104
		],
		[
			46,
			104
		],
		[
			72,
			136
		],
		[
			52,
			72
		],
		[
			52,
			136
		],
		[
			5,
			96
		],
		[
			96,
			127
		],
		[
			5,
			127
		],
		[
			127,
			139
		],
		[
			123,
			127
		],
		[
			123,
			139
		],
		[
			27,
			76
		],
		[
			44,
			76
		],
		[
			27,
			44
		],
		[
			8,
			88
		],
		[
			8,
			100
		],
		[
			88,
			100
		],
		[
			29,
			56
		],
		[
			56,
			89
		],
		[
			29,
			89
		],
		[
			114,
			156
		],
		[
			13,
			156
		],
		[
			13,
			114
		],
		[
			101,
			165
		],
		[
			62,
			165
		],
		[
			62,
			101
		],
		[
			30,
			50
		],
		[
			30,
			86
		],
		[
			50,
			86
		],
		[
			69,
			108
		],
		[
			3,
			108
		],
		[
			3,
			69
		],
		[
			17,
			81
		],
		[
			81,
			94
		],
		[
			17,
			94
		],
		[
			28,
			154
		],
		[
			28,
			85
		],
		[
			60,
			80
		],
		[
			80,
			90
		],
		[
			60,
			90
		],
		[
			115,
			129
		],
		[
			115,
			117
		],
		[
			117,
			129
		],
		[
			106,
			123
		],
		[
			55,
			123
		],
		[
			55,
			106
		],
		[
			51,
			59
		],
		[
			51,
			107
		],
		[
			59,
			107
		],
		[
			28,
			117
		],
		[
			117,
			154
		],
		[
			50,
			105
		],
		[
			50,
			74
		],
		[
			75,
			116
		],
		[
			91,
			116
		],
		[
			75,
			91
		],
		[
			35,
			58
		],
		[
			58,
			138
		],
		[
			35,
			138
		],
		[
			32,
			44
		],
		[
			27,
			32
		],
		[
			112,
			142
		],
		[
			26,
			112
		],
		[
			33,
			39
		],
		[
			39,
			134
		],
		[
			33,
			134
		],
		[
			19,
			20
		],
		[
			20,
			53
		],
		[
			19,
			53
		],
		[
			47,
			73
		],
		[
			31,
			73
		],
		[
			31,
			47
		],
		[
			3,
			125
		],
		[
			3,
			138
		],
		[
			57,
			110
		],
		[
			57,
			63
		],
		[
			63,
			110
		],
		[
			122,
			134
		],
		[
			116,
			122
		],
		[
			116,
			134
		],
		[
			2,
			130
		],
		[
			2,
			39
		],
		[
			25,
			56
		],
		[
			22,
			25
		],
		[
			22,
			56
		],
		[
			60,
			74
		],
		[
			60,
			113
		],
		[
			58,
			136
		],
		[
			58,
			72
		],
		[
			31,
			129
		],
		[
			31,
			115
		],
		[
			74,
			86
		],
		[
			59,
			150
		],
		[
			141,
			150
		],
		[
			59,
			141
		],
		[
			20,
			158
		],
		[
			64,
			158
		],
		[
			20,
			64
		],
		[
			54,
			94
		],
		[
			54,
			111
		],
		[
			94,
			111
		],
		[
			60,
			86
		],
		[
			127,
			138
		],
		[
			12,
			120
		],
		[
			98,
			120
		],
		[
			12,
			98
		],
		[
			53,
			85
		],
		[
			53,
			155
		],
		[
			6,
			142
		],
		[
			6,
			69
		],
		[
			69,
			142
		],
		[
			55,
			136
		],
		[
			33,
			76
		],
		[
			76,
			151
		],
		[
			33,
			151
		],
		[
			33,
			90
		],
		[
			39,
			90
		],
		[
			109,
			133
		],
		[
			41,
			133
		],
		[
			41,
			109
		],
		[
			75,
			158
		],
		[
			64,
			75
		],
		[
			8,
			64
		],
		[
			64,
			91
		],
		[
			8,
			91
		],
		[
			84,
			139
		],
		[
			24,
			84
		],
		[
			24,
			139
		],
		[
			11,
			147
		],
		[
			30,
			147
		],
		[
			11,
			30
		],
		[
			33,
			38
		],
		[
			38,
			90
		],
		[
			79,
			86
		],
		[
			79,
			130
		],
		[
			86,
			130
		],
		[
			61,
			145
		],
		[
			18,
			61
		],
		[
			18,
			145
		],
		[
			29,
			103
		],
		[
			89,
			103
		],
		[
			54,
			131
		],
		[
			111,
			131
		],
		[
			43,
			45
		],
		[
			45,
			78
		],
		[
			43,
			78
		],
		[
			11,
			91
		],
		[
			11,
			100
		],
		[
			91,
			100
		],
		[
			36,
			51
		],
		[
			54,
			81
		],
		[
			108,
			138
		],
		[
			35,
			132
		],
		[
			35,
			108
		],
		[
			108,
			132
		],
		[
			2,
			79
		],
		[
			6,
			148
		],
		[
			132,
			148
		],
		[
			6,
			132
		],
		[
			66,
			134
		],
		[
			66,
			116
		],
		[
			38,
			151
		],
		[
			65,
			135
		],
		[
			17,
			65
		],
		[
			17,
			135
		],
		[
			23,
			89
		],
		[
			36,
			54
		],
		[
			40,
			57
		],
		[
			40,
			63
		],
		[
			37,
			120
		],
		[
			37,
			101
		],
		[
			101,
			120
		],
		[
			42,
			163
		],
		[
			42,
			164
		],
		[
			163,
			164
		],
		[
			36,
			81
		],
		[
			62,
			139
		],
		[
			58,
			127
		],
		[
			58,
			123
		],
		[
			67,
			83
		],
		[
			83,
			160
		],
		[
			67,
			160
		],
		[
			81,
			107
		],
		[
			36,
			107
		],
		[
			35,
			72
		],
		[
			8,
			20
		],
		[
			7,
			163
		],
		[
			7,
			42
		],
		[
			21,
			104
		],
		[
			73,
			104
		],
		[
			21,
			73
		],
		[
			56,
			84
		],
		[
			29,
			84
		],
		[
			70,
			159
		],
		[
			114,
			159
		],
		[
			70,
			114
		],
		[
			61,
			100
		],
		[
			18,
			100
		],
		[
			42,
			115
		],
		[
			28,
			42
		],
		[
			28,
			115
		],
		[
			66,
			158
		],
		[
			66,
			75
		],
		[
			41,
			92
		],
		[
			41,
			148
		],
		[
			92,
			148
		],
		[
			20,
			57
		],
		[
			19,
			57
		],
		[
			145,
			155
		],
		[
			145,
			154
		],
		[
			0,
			120
		],
		[
			5,
			103
		],
		[
			5,
			24
		],
		[
			24,
			103
		],
		[
			44,
			143
		],
		[
			44,
			118
		],
		[
			118,
			143
		],
		[
			10,
			98
		],
		[
			10,
			12
		],
		[
			48,
			152
		],
		[
			9,
			152
		],
		[
			9,
			48
		],
		[
			82,
			94
		],
		[
			82,
			111
		],
		[
			1,
			12
		],
		[
			1,
			119
		],
		[
			12,
			119
		],
		[
			43,
			63
		],
		[
			63,
			78
		],
		[
			31,
			42
		],
		[
			31,
			164
		],
		[
			7,
			40
		],
		[
			7,
			57
		],
		[
			65,
			146
		],
		[
			17,
			146
		],
		[
			25,
			164
		],
		[
			22,
			164
		],
		[
			110,
			158
		],
		[
			20,
			110
		],
		[
			40,
			163
		],
		[
			0,
			106
		],
		[
			11,
			116
		],
		[
			80,
			86
		],
		[
			53,
			88
		],
		[
			8,
			53
		],
		[
			30,
			100
		],
		[
			50,
			100
		],
		[
			119,
			144
		],
		[
			120,
			144
		],
		[
			119,
			120
		],
		[
			71,
			134
		],
		[
			71,
			76
		],
		[
			76,
			134
		],
		[
			43,
			93
		],
		[
			37,
			93
		],
		[
			45,
			126
		],
		[
			45,
			144
		],
		[
			126,
			144
		],
		[
			30,
			79
		],
		[
			61,
			88
		],
		[
			39,
			122
		],
		[
			66,
			71
		],
		[
			10,
			106
		],
		[
			106,
			133
		],
		[
			10,
			133
		],
		[
			10,
			157
		],
		[
			12,
			157
		],
		[
			6,
			108
		],
		[
			16,
			46
		],
		[
			16,
			104
		],
		[
			69,
			124
		],
		[
			3,
			124
		],
		[
			25,
			166
		],
		[
			25,
			84
		],
		[
			13,
			70
		],
		[
			18,
			50
		],
		[
			32,
			48
		],
		[
			27,
			48
		],
		[
			48,
			107
		],
		[
			14,
			107
		],
		[
			14,
			48
		],
		[
			68,
			133
		],
		[
			10,
			68
		],
		[
			165,
			166
		],
		[
			163,
			165
		],
		[
			163,
			166
		],
		[
			118,
			158
		],
		[
			66,
			118
		],
		[
			16,
			95
		],
		[
			46,
			95
		],
		[
			47,
			129
		],
		[
			47,
			102
		],
		[
			102,
			129
		],
		[
			124,
			125
		],
		[
			67,
			111
		],
		[
			67,
			161
		],
		[
			111,
			161
		],
		[
			45,
			93
		],
		[
			93,
			144
		],
		[
			62,
			123
		],
		[
			48,
			146
		],
		[
			14,
			146
		],
		[
			49,
			70
		],
		[
			70,
			160
		],
		[
			95,
			137
		],
		[
			16,
			137
		],
		[
			0,
			98
		],
		[
			16,
			21
		],
		[
			21,
			153
		],
		[
			16,
			153
		],
		[
			10,
			97
		],
		[
			97,
			157
		],
		[
			9,
			107
		],
		[
			9,
			59
		],
		[
			44,
			71
		],
		[
			71,
			118
		],
		[
			17,
			82
		],
		[
			69,
			112
		],
		[
			112,
			124
		],
		[
			23,
			95
		],
		[
			126,
			158
		],
		[
			78,
			158
		],
		[
			78,
			126
		],
		[
			78,
			110
		],
		[
			13,
			160
		],
		[
			40,
			165
		],
		[
			63,
			165
		],
		[
			68,
			109
		],
		[
			5,
			139
		],
		[
			95,
			140
		],
		[
			137,
			140
		],
		[
			23,
			140
		],
		[
			89,
			140
		],
		[
			51,
			141
		],
		[
			34,
			141
		],
		[
			15,
			144
		],
		[
			144,
			149
		],
		[
			15,
			149
		],
		[
			15,
			126
		],
		[
			1,
			157
		],
		[
			21,
			47
		],
		[
			47,
			153
		],
		[
			14,
			81
		],
		[
			22,
			104
		],
		[
			22,
			73
		],
		[
			164,
			166
		],
		[
			1,
			114
		],
		[
			1,
			156
		],
		[
			150,
			159
		],
		[
			149,
			150
		],
		[
			149,
			159
		],
		[
			77,
			161
		],
		[
			99,
			161
		],
		[
			77,
			99
		],
		[
			96,
			103
		],
		[
			93,
			120
		],
		[
			161,
			162
		],
		[
			99,
			162
		],
		[
			72,
			132
		],
		[
			72,
			148
		],
		[
			14,
			17
		],
		[
			41,
			52
		],
		[
			52,
			148
		],
		[
			4,
			18
		],
		[
			18,
			105
		],
		[
			4,
			105
		],
		[
			67,
			131
		],
		[
			116,
			147
		],
		[
			9,
			149
		],
		[
			9,
			150
		],
		[
			15,
			152
		],
		[
			32,
			152
		],
		[
			15,
			32
		],
		[
			26,
			92
		],
		[
			149,
			152
		],
		[
			119,
			149
		],
		[
			114,
			119
		],
		[
			114,
			149
		],
		[
			27,
			146
		],
		[
			146,
			151
		],
		[
			27,
			151
		],
		[
			88,
			155
		],
		[
			1,
			128
		],
		[
			128,
			156
		],
		[
			24,
			29
		],
		[
			15,
			143
		],
		[
			126,
			143
		],
		[
			82,
			135
		],
		[
			79,
			147
		],
		[
			2,
			147
		],
		[
			98,
			106
		],
		[
			128,
			157
		],
		[
			97,
			128
		],
		[
			73,
			164
		],
		[
			123,
			136
		],
		[
			87,
			92
		],
		[
			41,
			87
		],
		[
			135,
			151
		],
		[
			65,
			151
		],
		[
			77,
			111
		],
		[
			32,
			143
		],
		[
			118,
			126
		],
		[
			13,
			162
		],
		[
			156,
			162
		],
		[
			4,
			145
		],
		[
			61,
			155
		],
		[
			38,
			135
		],
		[
			2,
			122
		],
		[
			68,
			121
		],
		[
			97,
			121
		],
		[
			68,
			97
		],
		[
			160,
			161
		],
		[
			87,
			109
		],
		[
			7,
			28
		],
		[
			160,
			162
		],
		[
			109,
			121
		],
		[
			122,
			147
		],
		[
			102,
			153
		]
	],
	"score": 0.5056818181818182,
	"obtuse num": 0,
	"steiner num": 167
}