{
	"content_type": "CG_SHOP_2025_Solution",
	"instance_uid": "point-set_80_8383fead",
	"steiner_points_x": [
		"72944593/9434",
		"32350/7",
		"74783325/9434",
		7900,
		5522,
		"42347150/4717",
		11724,
		7913,
		7447,
		12659,
		"88373025/9434",
		"3842778/841",
		11913,
		8673,
		10037,
		12698,
		11754,
		7295,
		"710065/53",
		13499,
		"718955/53",
		"144318325/13021",
		13146,
		11688,
		"7761725/1682",
		"915125/68",
		5969,
		11007,
		"596828425/43937",
		"15812260/2809",
		"63157425/9793",
		13310,
		13262,
		"4067654229/302125",
		"49147626/4717",
		12717,
		"76930075/13021",
		13060,
		"595448553/43937",
		13443,
		"703125/53",
		10846,
		12400,
		10408,
		"597606425/43937",
		12719,
		"39312525/3133",
		13462,
		11935,
		9924,
		9618,
		9926,
		10454,
		11534,
		"299975/43",
		10736,
		"116576653/13021",
		7206,
		8984,
		12103,
		8953,
		7602,
		10550,
		11601,
		8587,
		9439,
		"76038505/9434",
		9923,
		9011,
		8192
	],
	"steiner_points_y": [
		"103999105/9434",
		"34275/7",
		"103904325/9434",
		7433,
		5589,
		"51696725/4717",
		6273,
		10421,
		9272,
		6685,
		"103203825/9434",
		"5915477/841",
		9602,
		5450,
		5580,
		9386,
		8816,
		10496,
		"472835/53",
		7551,
		"441720/53",
		"31496825/13021",
		8456,
		8839,
		"8708025/1682",
		"1184625/136",
		7068,
		8326,
		"308039425/43937",
		"25634995/2809",
		"99053650/9793",
		7032,
		7611,
		"1643608171/302125",
		"51346185/4717",
		5451,
		"34452450/13021",
		7578,
		"290014847/43937",
		8173,
		"497125/53",
		7778,
		8124,
		10667,
		"318202050/43937",
		8283,
		"32531225/3133",
		7808,
		8609,
		8069,
		6892,
		6812,
		6279,
		6693,
		10750,
		6739,
		"32713565/13021",
		6570,
		7694,
		7054,
		2513,
		10515,
		6846,
		7877,
		6575,
		6195,
		"103839625/9434",
		9543,
		9443,
		9454
	],
	"edges": [
		[
			2,
			86
		],
		[
			86,
			115
		],
		[
			2,
			115
		],
		[
			57,
			84
		],
		[
			84,
			137
		],
		[
			57,
			137
		],
		[
			5,
			112
		],
		[
			48,
			112
		],
		[
			5,
			48
		],
		[
			35,
			39
		],
		[
			35,
			140
		],
		[
			39,
			140
		],
		[
			9,
			144
		],
		[
			138,
			144
		],
		[
			9,
			138
		],
		[
			8,
			143
		],
		[
			8,
			41
		],
		[
			41,
			143
		],
		[
			37,
			99
		],
		[
			31,
			37
		],
		[
			31,
			99
		],
		[
			61,
			124
		],
		[
			61,
			77
		],
		[
			77,
			124
		],
		[
			22,
			133
		],
		[
			133,
			139
		],
		[
			22,
			139
		],
		[
			23,
			135
		],
		[
			135,
			142
		],
		[
			23,
			142
		],
		[
			12,
			98
		],
		[
			12,
			120
		],
		[
			98,
			120
		],
		[
			36,
			95
		],
		[
			20,
			36
		],
		[
			20,
			95
		],
		[
			33,
			57
		],
		[
			57,
			58
		],
		[
			33,
			58
		],
		[
			116,
			140
		],
		[
			136,
			140
		],
		[
			116,
			136
		],
		[
			121,
			142
		],
		[
			23,
			121
		],
		[
			22,
			55
		],
		[
			55,
			89
		],
		[
			22,
			89
		],
		[
			0,
			4
		],
		[
			4,
			85
		],
		[
			0,
			85
		],
		[
			37,
			127
		],
		[
			31,
			127
		],
		[
			32,
			106
		],
		[
			74,
			106
		],
		[
			32,
			74
		],
		[
			34,
			41
		],
		[
			34,
			122
		],
		[
			41,
			122
		],
		[
			14,
			42
		],
		[
			14,
			51
		],
		[
			42,
			51
		],
		[
			25,
			142
		],
		[
			25,
			131
		],
		[
			131,
			142
		],
		[
			41,
			42
		],
		[
			42,
			143
		],
		[
			73,
			105
		],
		[
			102,
			105
		],
		[
			73,
			102
		],
		[
			129,
			138
		],
		[
			138,
			148
		],
		[
			129,
			148
		],
		[
			36,
			45
		],
		[
			20,
			45
		],
		[
			63,
			81
		],
		[
			39,
			63
		],
		[
			39,
			81
		],
		[
			32,
			137
		],
		[
			106,
			137
		],
		[
			17,
			106
		],
		[
			91,
			106
		],
		[
			17,
			91
		],
		[
			39,
			116
		],
		[
			56,
			96
		],
		[
			56,
			75
		],
		[
			75,
			96
		],
		[
			21,
			43
		],
		[
			43,
			52
		],
		[
			21,
			52
		],
		[
			23,
			54
		],
		[
			54,
			133
		],
		[
			23,
			133
		],
		[
			97,
			141
		],
		[
			88,
			141
		],
		[
			88,
			97
		],
		[
			129,
			130
		],
		[
			130,
			138
		],
		[
			44,
			97
		],
		[
			44,
			65
		],
		[
			65,
			97
		],
		[
			65,
			141
		],
		[
			28,
			65
		],
		[
			28,
			141
		],
		[
			2,
			29
		],
		[
			29,
			115
		],
		[
			107,
			143
		],
		[
			8,
			107
		],
		[
			11,
			111
		],
		[
			89,
			111
		],
		[
			11,
			89
		],
		[
			101,
			140
		],
		[
			101,
			136
		],
		[
			45,
			126
		],
		[
			30,
			45
		],
		[
			30,
			126
		],
		[
			26,
			140
		],
		[
			26,
			101
		],
		[
			40,
			110
		],
		[
			40,
			88
		],
		[
			88,
			110
		],
		[
			87,
			141
		],
		[
			43,
			141
		],
		[
			43,
			87
		],
		[
			15,
			145
		],
		[
			93,
			145
		],
		[
			15,
			93
		],
		[
			44,
			134
		],
		[
			40,
			44
		],
		[
			40,
			134
		],
		[
			12,
			95
		],
		[
			18,
			95
		],
		[
			12,
			18
		],
		[
			28,
			43
		],
		[
			28,
			52
		],
		[
			45,
			59
		],
		[
			30,
			59
		],
		[
			75,
			128
		],
		[
			34,
			75
		],
		[
			34,
			128
		],
		[
			54,
			121
		],
		[
			27,
			67
		],
		[
			27,
			117
		],
		[
			67,
			117
		],
		[
			16,
			76
		],
		[
			76,
			100
		],
		[
			16,
			100
		],
		[
			129,
			142
		],
		[
			129,
			131
		],
		[
			133,
			135
		],
		[
			46,
			133
		],
		[
			46,
			135
		],
		[
			25,
			53
		],
		[
			19,
			53
		],
		[
			19,
			25
		],
		[
			10,
			119
		],
		[
			24,
			119
		],
		[
			10,
			24
		],
		[
			9,
			130
		],
		[
			110,
			134
		],
		[
			59,
			123
		],
		[
			30,
			123
		],
		[
			86,
			133
		],
		[
			46,
			86
		],
		[
			20,
			126
		],
		[
			78,
			135
		],
		[
			78,
			142
		],
		[
			42,
			122
		],
		[
			14,
			122
		],
		[
			83,
			144
		],
		[
			3,
			144
		],
		[
			3,
			83
		],
		[
			31,
			50
		],
		[
			50,
			127
		],
		[
			76,
			127
		],
		[
			16,
			127
		],
		[
			37,
			48
		],
		[
			48,
			99
		],
		[
			55,
			139
		],
		[
			79,
			123
		],
		[
			79,
			90
		],
		[
			90,
			123
		],
		[
			138,
			149
		],
		[
			148,
			149
		],
		[
			5,
			13
		],
		[
			13,
			48
		],
		[
			28,
			80
		],
		[
			52,
			80
		],
		[
			79,
			85
		],
		[
			85,
			90
		],
		[
			59,
			68
		],
		[
			68,
			123
		],
		[
			73,
			98
		],
		[
			98,
			105
		],
		[
			94,
			145
		],
		[
			132,
			145
		],
		[
			94,
			132
		],
		[
			19,
			145
		],
		[
			19,
			132
		],
		[
			130,
			145
		],
		[
			9,
			145
		],
		[
			47,
			147
		],
		[
			147,
			148
		],
		[
			47,
			148
		],
		[
			83,
			149
		],
		[
			83,
			88
		],
		[
			88,
			149
		],
		[
			72,
			89
		],
		[
			11,
			72
		],
		[
			70,
			123
		],
		[
			68,
			70
		],
		[
			61,
			99
		],
		[
			77,
			99
		],
		[
			84,
			104
		],
		[
			63,
			84
		],
		[
			63,
			104
		],
		[
			123,
			147
		],
		[
			70,
			147
		],
		[
			0,
			47
		],
		[
			0,
			147
		],
		[
			93,
			94
		],
		[
			94,
			140
		],
		[
			93,
			140
		],
		[
			79,
			147
		],
		[
			26,
			46
		],
		[
			26,
			53
		],
		[
			46,
			53
		],
		[
			2,
			46
		],
		[
			83,
			138
		],
		[
			47,
			87
		],
		[
			4,
			87
		],
		[
			4,
			47
		],
		[
			32,
			58
		],
		[
			58,
			137
		],
		[
			35,
			63
		],
		[
			27,
			60
		],
		[
			60,
			117
		],
		[
			47,
			149
		],
		[
			22,
			86
		],
		[
			22,
			115
		],
		[
			87,
			149
		],
		[
			28,
			38
		],
		[
			38,
			80
		],
		[
			84,
			106
		],
		[
			84,
			91
		],
		[
			21,
			87
		],
		[
			4,
			21
		],
		[
			62,
			103
		],
		[
			96,
			103
		],
		[
			62,
			96
		],
		[
			15,
			49
		],
		[
			49,
			144
		],
		[
			15,
			144
		],
		[
			91,
			104
		],
		[
			48,
			61
		],
		[
			46,
			78
		],
		[
			35,
			84
		],
		[
			121,
			129
		],
		[
			33,
			35
		],
		[
			35,
			57
		],
		[
			74,
			88
		],
		[
			74,
			110
		],
		[
			89,
			115
		],
		[
			66,
			89
		],
		[
			66,
			115
		],
		[
			31,
			77
		],
		[
			50,
			77
		],
		[
			2,
			101
		],
		[
			29,
			101
		],
		[
			0,
			79
		],
		[
			36,
			92
		],
		[
			45,
			92
		],
		[
			53,
			78
		],
		[
			56,
			68
		],
		[
			56,
			70
		],
		[
			3,
			58
		],
		[
			3,
			33
		],
		[
			66,
			111
		],
		[
			1,
			71
		],
		[
			51,
			71
		],
		[
			1,
			51
		],
		[
			32,
			83
		],
		[
			58,
			83
		],
		[
			26,
			94
		],
		[
			87,
			88
		],
		[
			33,
			93
		],
		[
			35,
			93
		],
		[
			2,
			26
		],
		[
			24,
			102
		],
		[
			24,
			60
		],
		[
			60,
			102
		],
		[
			68,
			92
		],
		[
			56,
			92
		],
		[
			107,
			121
		],
		[
			107,
			129
		],
		[
			56,
			103
		],
		[
			102,
			125
		],
		[
			60,
			125
		],
		[
			24,
			105
		],
		[
			11,
			13
		],
		[
			5,
			11
		],
		[
			62,
			107
		],
		[
			8,
			62
		],
		[
			55,
			72
		],
		[
			60,
			127
		],
		[
			60,
			119
		],
		[
			119,
			127
		],
		[
			26,
			132
		],
		[
			5,
			117
		],
		[
			112,
			117
		],
		[
			6,
			102
		],
		[
			6,
			73
		],
		[
			76,
			119
		],
		[
			60,
			112
		],
		[
			17,
			74
		],
		[
			130,
			131
		],
		[
			131,
			145
		],
		[
			36,
			56
		],
		[
			70,
			103
		],
		[
			42,
			71
		],
		[
			1,
			133
		],
		[
			1,
			139
		],
		[
			51,
			55
		],
		[
			51,
			72
		],
		[
			33,
			49
		],
		[
			49,
			93
		],
		[
			3,
			49
		],
		[
			1,
			54
		],
		[
			54,
			71
		],
		[
			7,
			39
		],
		[
			7,
			116
		],
		[
			64,
			103
		],
		[
			62,
			64
		],
		[
			81,
			104
		],
		[
			52,
			82
		],
		[
			80,
			82
		],
		[
			62,
			128
		],
		[
			96,
			128
		],
		[
			36,
			75
		],
		[
			51,
			139
		],
		[
			8,
			128
		],
		[
			41,
			128
		],
		[
			64,
			107
		],
		[
			64,
			129
		],
		[
			121,
			143
		],
		[
			71,
			143
		],
		[
			71,
			121
		],
		[
			69,
			111
		],
		[
			13,
			111
		],
		[
			13,
			69
		],
		[
			67,
			72
		],
		[
			27,
			72
		],
		[
			34,
			125
		],
		[
			122,
			125
		],
		[
			66,
			69
		],
		[
			14,
			125
		],
		[
			37,
			112
		],
		[
			37,
			60
		],
		[
			16,
			50
		],
		[
			7,
			81
		],
		[
			53,
			132
		],
		[
			113,
			115
		],
		[
			66,
			113
		],
		[
			114,
			123
		],
		[
			30,
			114
		],
		[
			6,
			75
		],
		[
			6,
			34
		],
		[
			90,
			114
		],
		[
			14,
			72
		],
		[
			6,
			125
		],
		[
			74,
			83
		],
		[
			74,
			109
		],
		[
			17,
			109
		],
		[
			6,
			12
		],
		[
			12,
			73
		],
		[
			19,
			131
		],
		[
			6,
			95
		],
		[
			9,
			15
		],
		[
			52,
			146
		],
		[
			82,
			146
		],
		[
			29,
			113
		],
		[
			27,
			125
		],
		[
			10,
			76
		],
		[
			10,
			100
		],
		[
			10,
			105
		],
		[
			100,
			105
		],
		[
			129,
			147
		],
		[
			14,
			27
		],
		[
			13,
			61
		],
		[
			25,
			78
		],
		[
			21,
			85
		],
		[
			18,
			120
		],
		[
			40,
			97
		],
		[
			61,
			108
		],
		[
			108,
			124
		],
		[
			61,
			69
		],
		[
			75,
			95
		],
		[
			38,
			44
		],
		[
			38,
			134
		],
		[
			38,
			65
		],
		[
			18,
			20
		],
		[
			18,
			126
		],
		[
			64,
			70
		],
		[
			64,
			147
		],
		[
			109,
			110
		],
		[
			21,
			146
		],
		[
			85,
			146
		],
		[
			66,
			118
		],
		[
			113,
			118
		],
		[
			11,
			67
		],
		[
			5,
			67
		],
		[
			59,
			92
		],
		[
			69,
			118
		],
		[
			69,
			108
		],
		[
			108,
			118
		]
	],
	"score": 0.5070422535211268,
	"obtuse num": 0,
	"steiner num": 150
}