{
	"content_type": "CG_SHOP_2025_Solution",
	"instance_uid": "point-set_20_72cd2066",
	"steiner_points_x": [
		1213,
		2232,
		"96109161/27409",
		"11859367723/4601810",
		801,
		413,
		390,
		"1960803259/3557989",
		1147,
		"20933189/193609",
		2797,
		2545,
		2922,
		2871,
		2290,
		"5283/2",
		"371177982/114725",
		"13731410897/4601810",
		"463577211/556565",
		"769580631/229450",
		3417,
		508,
		"61614851/111313"
	],
	"steiner_points_y": [
		429,
		1697,
		"31591529/27409",
		"2755425131/4601810",
		1112,
		1285,
		919,
		"5667989200/3557989",
		604,
		"256347384/193609",
		1345,
		1410,
		940,
		1771,
		1385,
		"3679/2",
		"190700974/114725",
		"3828756709/4601810",
		"22235832/556565",
		"373276067/229450",
		1226,
		297,
		"9188292/111313"
	],
	"edges": [
		[
			16,
			21
		],
		[
			16,
			34
		],
		[
			21,
			34
		],
		[
			13,
			18
		],
		[
			13,
			29
		],
		[
			18,
			29
		],
		[
			26,
			41
		],
		[
			12,
			41
		],
		[
			12,
			26
		],
		[
			3,
			16
		],
		[
			3,
			31
		],
		[
			16,
			31
		],
		[
			4,
			19
		],
		[
			19,
			36
		],
		[
			4,
			36
		],
		[
			5,
			32
		],
		[
			23,
			32
		],
		[
			5,
			23
		],
		[
			30,
			32
		],
		[
			30,
			40
		],
		[
			32,
			40
		],
		[
			12,
			13
		],
		[
			13,
			26
		],
		[
			5,
			31
		],
		[
			30,
			31
		],
		[
			5,
			30
		],
		[
			11,
			28
		],
		[
			6,
			11
		],
		[
			6,
			28
		],
		[
			12,
			29
		],
		[
			36,
			39
		],
		[
			4,
			39
		],
		[
			6,
			41
		],
		[
			6,
			17
		],
		[
			17,
			41
		],
		[
			32,
			37
		],
		[
			14,
			32
		],
		[
			14,
			37
		],
		[
			14,
			40
		],
		[
			1,
			11
		],
		[
			11,
			20
		],
		[
			1,
			20
		],
		[
			0,
			3
		],
		[
			0,
			35
		],
		[
			3,
			35
		],
		[
			3,
			21
		],
		[
			0,
			21
		],
		[
			15,
			41
		],
		[
			15,
			17
		],
		[
			20,
			28
		],
		[
			10,
			20
		],
		[
			1,
			10
		],
		[
			24,
			34
		],
		[
			28,
			34
		],
		[
			24,
			28
		],
		[
			13,
			25
		],
		[
			25,
			26
		],
		[
			22,
			40
		],
		[
			14,
			22
		],
		[
			6,
			26
		],
		[
			2,
			35
		],
		[
			33,
			35
		],
		[
			2,
			33
		],
		[
			5,
			34
		],
		[
			5,
			28
		],
		[
			5,
			16
		],
		[
			5,
			20
		],
		[
			5,
			10
		],
		[
			2,
			31
		],
		[
			2,
			30
		],
		[
			6,
			24
		],
		[
			2,
			3
		],
		[
			19,
			30
		],
		[
			19,
			40
		],
		[
			25,
			27
		],
		[
			24,
			27
		],
		[
			24,
			25
		],
		[
			4,
			9
		],
		[
			9,
			39
		],
		[
			17,
			38
		],
		[
			11,
			17
		],
		[
			11,
			38
		],
		[
			19,
			33
		],
		[
			33,
			36
		],
		[
			2,
			19
		],
		[
			12,
			15
		],
		[
			21,
			24
		],
		[
			1,
			38
		],
		[
			7,
			13
		],
		[
			7,
			25
		],
		[
			4,
			40
		],
		[
			9,
			40
		],
		[
			23,
			37
		],
		[
			8,
			27
		],
		[
			8,
			24
		],
		[
			17,
			42
		],
		[
			38,
			42
		],
		[
			24,
			26
		],
		[
			7,
			18
		],
		[
			9,
			22
		],
		[
			8,
			21
		],
		[
			0,
			8
		],
		[
			15,
			42
		],
		[
			7,
			27
		],
		[
			10,
			23
		]
	],
	"score": 0.5208333333333334,
	"obtuse num": 0,
	"steiner num": 43
}