{
	"content_type": "CG_SHOP_2025_Solution",
	"instance_uid": "point-set_40_8cbf31aa",
	"steiner_points_x": [
		7549,
		9439,
		"1687959000/1205089",
		"2183458547/205426",
		"8599902387/1747093",
		6552,
		"14238836852/1747093",
		"2039836333/2434706",
		5273,
		10622,
		7150,
		"2483712315/1205089",
		"109804214621/16040149",
		"1924732475/205426",
		5309,
		4494,
		"2283079850/236681",
		10686,
		1986,
		11325,
		2480,
		"1023082338/102713",
		6407,
		"1162185570/1205089",
		8885,
		9008,
		8646,
		7616,
		3148,
		3460,
		2829,
		4517,
		3294,
		11325
	],
	"steiner_points_y": [
		5932,
		3944,
		"6726970140/1205089",
		"114123865/205426",
		"14528203648/1747093",
		5687,
		"15488943058/1747093",
		"2026024485/2434706",
		2547,
		625,
		3661,
		"8046208440/1205089",
		"3325655820/16040149",
		"88308625/205426",
		3346,
		6834,
		"2096286670/236681",
		1420,
		1494,
		3345,
		5624,
		"50212460/102713",
		6282,
		"5855317540/1205089",
		2344,
		2741,
		7693,
		1906,
		4381,
		0,
		0,
		1893,
		2199,
		6210
	],
	"edges": [
		[
			16,
			18
		],
		[
			16,
			55
		],
		[
			18,
			55
		],
		[
			30,
			70
		],
		[
			30,
			69
		],
		[
			69,
			70
		],
		[
			5,
			53
		],
		[
			5,
			61
		],
		[
			53,
			61
		],
		[
			58,
			72
		],
		[
			11,
			72
		],
		[
			11,
			58
		],
		[
			37,
			58
		],
		[
			15,
			58
		],
		[
			15,
			37
		],
		[
			64,
			65
		],
		[
			35,
			65
		],
		[
			35,
			64
		],
		[
			6,
			58
		],
		[
			6,
			37
		],
		[
			49,
			61
		],
		[
			43,
			49
		],
		[
			43,
			61
		],
		[
			37,
			47
		],
		[
			9,
			37
		],
		[
			9,
			47
		],
		[
			0,
			68
		],
		[
			0,
			27
		],
		[
			27,
			68
		],
		[
			39,
			57
		],
		[
			49,
			57
		],
		[
			39,
			49
		],
		[
			2,
			13
		],
		[
			2,
			46
		],
		[
			13,
			46
		],
		[
			33,
			40
		],
		[
			40,
			62
		],
		[
			33,
			62
		],
		[
			32,
			65
		],
		[
			24,
			32
		],
		[
			24,
			65
		],
		[
			11,
			21
		],
		[
			21,
			30
		],
		[
			11,
			30
		],
		[
			45,
			54
		],
		[
			45,
			50
		],
		[
			50,
			54
		],
		[
			0,
			38
		],
		[
			27,
			38
		],
		[
			6,
			25
		],
		[
			25,
			26
		],
		[
			6,
			26
		],
		[
			6,
			63
		],
		[
			25,
			63
		],
		[
			25,
			27
		],
		[
			26,
			27
		],
		[
			0,
			54
		],
		[
			38,
			54
		],
		[
			10,
			54
		],
		[
			10,
			48
		],
		[
			48,
			54
		],
		[
			2,
			44
		],
		[
			44,
			46
		],
		[
			25,
			28
		],
		[
			28,
			68
		],
		[
			25,
			68
		],
		[
			48,
			67
		],
		[
			52,
			67
		],
		[
			48,
			52
		],
		[
			16,
			34
		],
		[
			34,
			55
		],
		[
			21,
			72
		],
		[
			71,
			72
		],
		[
			21,
			71
		],
		[
			17,
			31
		],
		[
			17,
			23
		],
		[
			23,
			31
		],
		[
			22,
			71
		],
		[
			22,
			72
		],
		[
			55,
			62
		],
		[
			18,
			62
		],
		[
			4,
			15
		],
		[
			15,
			70
		],
		[
			4,
			70
		],
		[
			2,
			17
		],
		[
			2,
			23
		],
		[
			19,
			31
		],
		[
			31,
			36
		],
		[
			19,
			36
		],
		[
			35,
			57
		],
		[
			1,
			35
		],
		[
			1,
			57
		],
		[
			13,
			23
		],
		[
			36,
			73
		],
		[
			7,
			36
		],
		[
			7,
			73
		],
		[
			7,
			31
		],
		[
			0,
			45
		],
		[
			22,
			27
		],
		[
			22,
			38
		],
		[
			10,
			67
		],
		[
			11,
			70
		],
		[
			29,
			57
		],
		[
			29,
			49
		],
		[
			9,
			15
		],
		[
			4,
			9
		],
		[
			24,
			35
		],
		[
			1,
			24
		],
		[
			16,
			60
		],
		[
			8,
			16
		],
		[
			8,
			60
		],
		[
			35,
			39
		],
		[
			11,
			15
		],
		[
			8,
			28
		],
		[
			8,
			68
		],
		[
			5,
			64
		],
		[
			39,
			64
		],
		[
			5,
			39
		],
		[
			28,
			63
		],
		[
			10,
			64
		],
		[
			64,
			67
		],
		[
			23,
			56
		],
		[
			13,
			56
		],
		[
			10,
			32
		],
		[
			10,
			65
		],
		[
			18,
			68
		],
		[
			0,
			18
		],
		[
			22,
			26
		],
		[
			14,
			67
		],
		[
			14,
			52
		],
		[
			28,
			42
		],
		[
			42,
			60
		],
		[
			28,
			60
		],
		[
			48,
			71
		],
		[
			52,
			71
		],
		[
			39,
			61
		],
		[
			19,
			50
		],
		[
			19,
			32
		],
		[
			32,
			50
		],
		[
			36,
			59
		],
		[
			59,
			73
		],
		[
			7,
			23
		],
		[
			19,
			66
		],
		[
			31,
			66
		],
		[
			16,
			51
		],
		[
			34,
			51
		],
		[
			5,
			14
		],
		[
			14,
			53
		],
		[
			34,
			44
		],
		[
			44,
			55
		],
		[
			14,
			64
		],
		[
			20,
			49
		],
		[
			20,
			43
		],
		[
			18,
			45
		],
		[
			40,
			45
		],
		[
			45,
			62
		],
		[
			2,
			33
		],
		[
			17,
			33
		],
		[
			40,
			66
		],
		[
			19,
			40
		],
		[
			42,
			63
		],
		[
			44,
			62
		],
		[
			10,
			50
		],
		[
			26,
			72
		],
		[
			40,
			50
		],
		[
			38,
			48
		],
		[
			38,
			71
		],
		[
			7,
			56
		],
		[
			20,
			29
		],
		[
			51,
			60
		],
		[
			42,
			51
		],
		[
			3,
			30
		],
		[
			3,
			21
		],
		[
			6,
			47
		],
		[
			12,
			57
		],
		[
			12,
			29
		],
		[
			21,
			52
		],
		[
			17,
			66
		],
		[
			24,
			59
		],
		[
			24,
			41
		],
		[
			41,
			59
		],
		[
			33,
			66
		],
		[
			3,
			52
		],
		[
			36,
			41
		],
		[
			1,
			12
		],
		[
			33,
			44
		],
		[
			19,
			41
		],
		[
			1,
			59
		],
		[
			26,
			58
		],
		[
			3,
			69
		],
		[
			32,
			41
		],
		[
			8,
			18
		]
	],
	"score": 0.5142857142857142,
	"obtuse num": 0,
	"steiner num": 74
}