{
	"content_type": "CG_SHOP_2025_Solution",
	"instance_uid": "point-set_80_ff15444b",
	"steiner_points_x": [
		3173,
		353,
		"43077051/46208",
		"155117785/40157",
		"10529331/153757",
		3299,
		"5075916/153757",
		"25765739/6850",
		"15061503/6191",
		"10189319/3482",
		"11046471/3482",
		534,
		3842,
		"639432461/393557",
		3499,
		"1898649987/491801",
		179,
		"25642836/91961",
		"2696194823/835489",
		898,
		2922,
		"19554945/153757",
		"18887163/153757",
		"27612351/153757",
		2928,
		988,
		2756,
		416,
		1804,
		550,
		1583,
		"9982733159/4338914",
		1383,
		1944,
		680,
		1254,
		"2873931465/2169457",
		2169,
		"673332239/393557",
		2461,
		389,
		1707,
		3765,
		1667,
		2506,
		"1893767027/491801",
		323,
		2537,
		3300,
		217,
		3260,
		"775429083/393557",
		"23244720/153757",
		1230,
		"3261714/1007",
		"2465473839/835489",
		3392,
		"2768909/10961",
		2813,
		720,
		3169,
		1274,
		2036,
		1692,
		"10059485/7056",
		3053,
		1888,
		1758,
		"7406016333/4338914",
		2509,
		450,
		660,
		2869,
		2785,
		3059
	],
	"steiner_points_y": [
		1942,
		262,
		"180435/46208",
		"19561483/40157",
		"141442157/153757",
		1597,
		"171949667/153757",
		"10992573/6850",
		"12146197/6191",
		"6860501/3482",
		"6875029/3482",
		179,
		497,
		"756832634/393557",
		1381,
		"354147320/491801",
		630,
		"9895805/91961",
		"64547070/835489",
		248,
		367,
		"90951041/153757",
		"94686749/153757",
		"45876277/153757",
		1869,
		686,
		1674,
		901,
		1377,
		734,
		1666,
		"2689745/4338914",
		1369,
		1663,
		1274,
		254,
		"6427530/2169457",
		1612,
		"759052907/393557",
		886,
		339,
		51,
		1069,
		1701,
		391,
		"525295068/491801",
		1388,
		721,
		1201,
		463,
		487,
		"765739761/393557",
		"70309691/153757",
		1218,
		"1989406/1007",
		"37866780/835489",
		1778,
		"17820745/10961",
		633,
		470,
		874,
		1650,
		1340,
		1786,
		"26954173/14112",
		1525,
		1413,
		686,
		"8874855/4338914",
		1352,
		1187,
		1590,
		812,
		1279,
		1006
	],
	"edges": [
		[
			33,
			121
		],
		[
			13,
			33
		],
		[
			13,
			121
		],
		[
			59,
			97
		],
		[
			19,
			59
		],
		[
			19,
			97
		],
		[
			77,
			121
		],
		[
			27,
			77
		],
		[
			27,
			121
		],
		[
			16,
			27
		],
		[
			21,
			27
		],
		[
			16,
			21
		],
		[
			54,
			130
		],
		[
			15,
			54
		],
		[
			15,
			130
		],
		[
			8,
			77
		],
		[
			77,
			124
		],
		[
			8,
			124
		],
		[
			81,
			120
		],
		[
			76,
			81
		],
		[
			76,
			120
		],
		[
			32,
			106
		],
		[
			32,
			71
		],
		[
			71,
			106
		],
		[
			13,
			57
		],
		[
			50,
			57
		],
		[
			13,
			50
		],
		[
			34,
			132
		],
		[
			34,
			129
		],
		[
			129,
			132
		],
		[
			40,
			92
		],
		[
			92,
			95
		],
		[
			40,
			95
		],
		[
			29,
			140
		],
		[
			60,
			140
		],
		[
			29,
			60
		],
		[
			22,
			52
		],
		[
			52,
			143
		],
		[
			22,
			143
		],
		[
			38,
			80
		],
		[
			63,
			80
		],
		[
			38,
			63
		],
		[
			130,
			140
		],
		[
			41,
			140
		],
		[
			41,
			130
		],
		[
			48,
			109
		],
		[
			107,
			109
		],
		[
			48,
			107
		],
		[
			17,
			95
		],
		[
			17,
			42
		],
		[
			42,
			95
		],
		[
			26,
			108
		],
		[
			26,
			36
		],
		[
			36,
			108
		],
		[
			46,
			127
		],
		[
			124,
			127
		],
		[
			46,
			124
		],
		[
			71,
			79
		],
		[
			71,
			149
		],
		[
			79,
			149
		],
		[
			67,
			76
		],
		[
			76,
			129
		],
		[
			67,
			129
		],
		[
			32,
			145
		],
		[
			71,
			145
		],
		[
			29,
			154
		],
		[
			140,
			154
		],
		[
			5,
			76
		],
		[
			5,
			81
		],
		[
			27,
			111
		],
		[
			16,
			111
		],
		[
			52,
			131
		],
		[
			52,
			118
		],
		[
			118,
			131
		],
		[
			28,
			48
		],
		[
			28,
			107
		],
		[
			119,
			153
		],
		[
			30,
			153
		],
		[
			30,
			119
		],
		[
			78,
			88
		],
		[
			88,
			106
		],
		[
			78,
			106
		],
		[
			22,
			144
		],
		[
			93,
			144
		],
		[
			22,
			93
		],
		[
			69,
			114
		],
		[
			114,
			133
		],
		[
			69,
			133
		],
		[
			80,
			90
		],
		[
			90,
			134
		],
		[
			80,
			134
		],
		[
			21,
			100
		],
		[
			62,
			100
		],
		[
			21,
			62
		],
		[
			48,
			105
		],
		[
			53,
			105
		],
		[
			48,
			53
		],
		[
			49,
			109
		],
		[
			12,
			109
		],
		[
			12,
			49
		],
		[
			12,
			129
		],
		[
			12,
			67
		],
		[
			15,
			140
		],
		[
			103,
			129
		],
		[
			103,
			132
		],
		[
			117,
			142
		],
		[
			117,
			149
		],
		[
			142,
			149
		],
		[
			66,
			130
		],
		[
			75,
			130
		],
		[
			66,
			75
		],
		[
			15,
			60
		],
		[
			15,
			138
		],
		[
			60,
			138
		],
		[
			43,
			61
		],
		[
			61,
			99
		],
		[
			43,
			99
		],
		[
			127,
			152
		],
		[
			30,
			127
		],
		[
			30,
			152
		],
		[
			14,
			65
		],
		[
			10,
			14
		],
		[
			10,
			65
		],
		[
			50,
			147
		],
		[
			50,
			65
		],
		[
			65,
			147
		],
		[
			63,
			134
		],
		[
			5,
			35
		],
		[
			5,
			59
		],
		[
			35,
			59
		],
		[
			38,
			136
		],
		[
			63,
			136
		],
		[
			16,
			62
		],
		[
			34,
			96
		],
		[
			12,
			96
		],
		[
			12,
			34
		],
		[
			26,
			112
		],
		[
			20,
			26
		],
		[
			20,
			112
		],
		[
			88,
			89
		],
		[
			89,
			104
		],
		[
			88,
			104
		],
		[
			48,
			114
		],
		[
			48,
			69
		],
		[
			34,
			102
		],
		[
			34,
			101
		],
		[
			101,
			102
		],
		[
			25,
			153
		],
		[
			25,
			30
		],
		[
			10,
			70
		],
		[
			10,
			20
		],
		[
			20,
			70
		],
		[
			85,
			136
		],
		[
			68,
			136
		],
		[
			68,
			85
		],
		[
			33,
			57
		],
		[
			51,
			86
		],
		[
			51,
			84
		],
		[
			84,
			86
		],
		[
			124,
			138
		],
		[
			54,
			138
		],
		[
			54,
			124
		],
		[
			59,
			81
		],
		[
			81,
			91
		],
		[
			59,
			91
		],
		[
			153,
			154
		],
		[
			25,
			154
		],
		[
			5,
			103
		],
		[
			35,
			103
		],
		[
			110,
			112
		],
		[
			26,
			110
		],
		[
			23,
			72
		],
		[
			72,
			112
		],
		[
			23,
			112
		],
		[
			2,
			116
		],
		[
			2,
			115
		],
		[
			115,
			116
		],
		[
			38,
			85
		],
		[
			19,
			91
		],
		[
			62,
			98
		],
		[
			39,
			62
		],
		[
			39,
			98
		],
		[
			62,
			135
		],
		[
			98,
			135
		],
		[
			79,
			106
		],
		[
			96,
			102
		],
		[
			49,
			96
		],
		[
			113,
			123
		],
		[
			123,
			143
		],
		[
			113,
			143
		],
		[
			6,
			9
		],
		[
			9,
			128
		],
		[
			6,
			128
		],
		[
			80,
			89
		],
		[
			80,
			104
		],
		[
			0,
			86
		],
		[
			0,
			45
		],
		[
			45,
			86
		],
		[
			13,
			77
		],
		[
			82,
			91
		],
		[
			91,
			99
		],
		[
			82,
			99
		],
		[
			84,
			96
		],
		[
			84,
			102
		],
		[
			33,
			116
		],
		[
			116,
			121
		],
		[
			58,
			137
		],
		[
			58,
			126
		],
		[
			126,
			137
		],
		[
			18,
			136
		],
		[
			18,
			68
		],
		[
			89,
			90
		],
		[
			41,
			92
		],
		[
			17,
			41
		],
		[
			17,
			92
		],
		[
			74,
			75
		],
		[
			75,
			92
		],
		[
			74,
			92
		],
		[
			72,
			141
		],
		[
			112,
			141
		],
		[
			36,
			113
		],
		[
			36,
			123
		],
		[
			57,
			64
		],
		[
			50,
			64
		],
		[
			72,
			151
		],
		[
			72,
			114
		],
		[
			114,
			151
		],
		[
			36,
			146
		],
		[
			113,
			146
		],
		[
			3,
			52
		],
		[
			3,
			143
		],
		[
			61,
			105
		],
		[
			43,
			105
		],
		[
			19,
			82
		],
		[
			11,
			63
		],
		[
			11,
			136
		],
		[
			31,
			68
		],
		[
			68,
			87
		],
		[
			31,
			87
		],
		[
			8,
			100
		],
		[
			8,
			21
		],
		[
			83,
			92
		],
		[
			40,
			83
		],
		[
			101,
			132
		],
		[
			149,
			153
		],
		[
			119,
			149
		],
		[
			11,
			134
		],
		[
			31,
			94
		],
		[
			68,
			94
		],
		[
			73,
			144
		],
		[
			73,
			141
		],
		[
			141,
			144
		],
		[
			57,
			105
		],
		[
			57,
			61
		],
		[
			57,
			115
		],
		[
			61,
			115
		],
		[
			33,
			115
		],
		[
			58,
			150
		],
		[
			126,
			150
		],
		[
			38,
			104
		],
		[
			2,
			82
		],
		[
			82,
			116
		],
		[
			35,
			97
		],
		[
			10,
			112
		],
		[
			10,
			23
		],
		[
			39,
			66
		],
		[
			66,
			98
		],
		[
			138,
			152
		],
		[
			127,
			138
		],
		[
			25,
			152
		],
		[
			67,
			120
		],
		[
			22,
			118
		],
		[
			93,
			118
		],
		[
			2,
			61
		],
		[
			2,
			99
		],
		[
			28,
			45
		],
		[
			45,
			150
		],
		[
			28,
			150
		],
		[
			14,
			50
		],
		[
			73,
			110
		],
		[
			110,
			141
		],
		[
			121,
			148
		],
		[
			116,
			148
		],
		[
			39,
			130
		],
		[
			14,
			133
		],
		[
			23,
			133
		],
		[
			14,
			23
		],
		[
			66,
			74
		],
		[
			32,
			104
		],
		[
			32,
			38
		],
		[
			43,
			139
		],
		[
			99,
			139
		],
		[
			1,
			141
		],
		[
			1,
			72
		],
		[
			9,
			94
		],
		[
			94,
			128
		],
		[
			56,
			127
		],
		[
			46,
			56
		],
		[
			47,
			67
		],
		[
			67,
			109
		],
		[
			47,
			109
		],
		[
			49,
			84
		],
		[
			13,
			147
		],
		[
			3,
			113
		],
		[
			41,
			122
		],
		[
			17,
			122
		],
		[
			42,
			125
		],
		[
			95,
			125
		],
		[
			45,
			51
		],
		[
			45,
			107
		],
		[
			51,
			107
		],
		[
			43,
			53
		],
		[
			47,
			139
		],
		[
			47,
			53
		],
		[
			53,
			139
		],
		[
			69,
			105
		],
		[
			64,
			69
		],
		[
			64,
			105
		],
		[
			4,
			58
		],
		[
			4,
			137
		],
		[
			44,
			78
		],
		[
			44,
			88
		],
		[
			49,
			107
		],
		[
			28,
			114
		],
		[
			42,
			122
		],
		[
			31,
			122
		],
		[
			31,
			42
		],
		[
			142,
			146
		],
		[
			117,
			146
		],
		[
			22,
			73
		],
		[
			73,
			143
		],
		[
			8,
			27
		],
		[
			47,
			91
		],
		[
			91,
			139
		],
		[
			55,
			137
		],
		[
			7,
			137
		],
		[
			7,
			55
		],
		[
			85,
			145
		],
		[
			32,
			85
		],
		[
			0,
			150
		],
		[
			16,
			135
		],
		[
			119,
			142
		],
		[
			37,
			55
		],
		[
			7,
			37
		],
		[
			13,
			46
		],
		[
			46,
			77
		],
		[
			18,
			87
		],
		[
			72,
			133
		],
		[
			24,
			41
		],
		[
			24,
			122
		],
		[
			7,
			126
		],
		[
			49,
			51
		],
		[
			74,
			83
		],
		[
			1,
			151
		],
		[
			100,
			124
		],
		[
			1,
			144
		],
		[
			94,
			122
		],
		[
			47,
			120
		],
		[
			70,
			142
		],
		[
			70,
			146
		],
		[
			9,
			85
		],
		[
			85,
			94
		],
		[
			64,
			133
		],
		[
			14,
			64
		],
		[
			78,
			79
		],
		[
			70,
			108
		],
		[
			108,
			146
		],
		[
			0,
			126
		],
		[
			91,
			120
		],
		[
			110,
			123
		],
		[
			26,
			123
		],
		[
			3,
			44
		],
		[
			44,
			117
		],
		[
			3,
			117
		],
		[
			79,
			117
		],
		[
			54,
			100
		],
		[
			53,
			109
		],
		[
			78,
			117
		],
		[
			114,
			150
		],
		[
			25,
			29
		],
		[
			0,
			37
		],
		[
			0,
			7
		],
		[
			4,
			151
		],
		[
			1,
			4
		],
		[
			70,
			119
		],
		[
			56,
			119
		],
		[
			56,
			70
		],
		[
			3,
			131
		],
		[
			39,
			100
		],
		[
			100,
			130
		],
		[
			9,
			145
		],
		[
			6,
			145
		],
		[
			6,
			71
		],
		[
			104,
			106
		],
		[
			71,
			153
		],
		[
			56,
			65
		],
		[
			56,
			147
		],
		[
			113,
			117
		],
		[
			65,
			70
		],
		[
			20,
			108
		],
		[
			37,
			86
		],
		[
			29,
			152
		],
		[
			60,
			152
		],
		[
			58,
			114
		],
		[
			44,
			131
		],
		[
			46,
			147
		],
		[
			41,
			75
		],
		[
			73,
			123
		],
		[
			111,
			121
		],
		[
			111,
			148
		],
		[
			6,
			153
		],
		[
			58,
			151
		],
		[
			31,
			125
		],
		[
			6,
			154
		],
		[
			128,
			154
		],
		[
			128,
			140
		],
		[
			11,
			18
		],
		[
			24,
			128
		],
		[
			24,
			94
		],
		[
			119,
			127
		],
		[
			76,
			103
		],
		[
			24,
			140
		]
	],
	"score": 0.506578947368421,
	"obtuse num": 0,
	"steiner num": 155
}