{
	"content_type": "CG_SHOP_2025_Solution",
	"instance_uid": "point-set_60_2ff8f975",
	"steiner_points_x": [
		"1555379429/873002",
		"925065618/436501",
		849,
		1437,
		"776984978/205049",
		2661,
		2818,
		3148,
		"6139473994/6520345",
		"14965181721/13040690",
		681,
		1017,
		578,
		"15/2",
		"633219149/163717",
		347,
		715,
		3607,
		"88658/163",
		3087,
		"2643313405/682601",
		2728,
		3141,
		2688,
		733,
		"783534020/205049",
		302,
		"10908/5",
		3797,
		3599,
		2533,
		"4701592/1352633",
		"768368/1352633",
		3182,
		2043,
		2684,
		2796,
		538,
		2583,
		156,
		3599,
		"2671249702/682601",
		"769560783/205049",
		316,
		2928,
		604,
		1356,
		"3803008/1352633",
		"26657390283/13040690",
		2790,
		2355,
		2774,
		"29015769468278661/11115153877360",
		2306,
		3392,
		1145,
		2155,
		3739,
		3148,
		2283,
		747,
		3490,
		"7856639341/13040690",
		"428174821/2608138",
		395,
		"19000/63",
		3675,
		"38832830087/13040690",
		"785891872/205049",
		"2683884297/682601",
		"77679155/84913"
	],
	"steiner_points_y": [
		"1605293083/873002",
		"815152123/436501",
		1453,
		1263,
		"145250493/205049",
		920,
		845,
		730,
		"61905773/6520345",
		"151335957/13040690",
		1564,
		863,
		566,
		224,
		"289770101/163717",
		470,
		716,
		595,
		"281826/163",
		550,
		"805578417/682601",
		778,
		1903,
		1058,
		258,
		"172181133/205049",
		19,
		"111/5",
		1519,
		1536,
		814,
		"1289473521/1352633",
		"717681082/1352633",
		940,
		135,
		690,
		1082,
		975,
		490,
		300,
		1676,
		"1032387957/682601",
		"114721093/205049",
		1442,
		1903,
		1304,
		1348,
		"1158841872/1352633",
		"271139811/13040690",
		984,
		1183,
		718,
		"295600819696587/11115153877360",
		249,
		1036,
		263,
		1694,
		789,
		1654,
		880,
		559,
		581,
		"78498497/13040690",
		"3986417/2608138",
		685,
		"185/63",
		1137,
		"395895079/13040690",
		"181876973/205049",
		"1134965857/682601",
		"149628600/84913"
	],
	"edges": [
		[
			31,
			83
		],
		[
			65,
			83
		],
		[
			31,
			65
		],
		[
			94,
			113
		],
		[
			87,
			113
		],
		[
			87,
			94
		],
		[
			52,
			96
		],
		[
			24,
			52
		],
		[
			24,
			96
		],
		[
			32,
			45
		],
		[
			45,
			97
		],
		[
			32,
			97
		],
		[
			18,
			47
		],
		[
			47,
			81
		],
		[
			18,
			81
		],
		[
			13,
			41
		],
		[
			13,
			39
		],
		[
			39,
			41
		],
		[
			76,
			120
		],
		[
			54,
			120
		],
		[
			54,
			76
		],
		[
			24,
			109
		],
		[
			96,
			109
		],
		[
			79,
			111
		],
		[
			67,
			111
		],
		[
			67,
			79
		],
		[
			66,
			81
		],
		[
			66,
			111
		],
		[
			81,
			111
		],
		[
			12,
			130
		],
		[
			12,
			78
		],
		[
			78,
			130
		],
		[
			98,
			112
		],
		[
			4,
			98
		],
		[
			4,
			112
		],
		[
			45,
			55
		],
		[
			55,
			76
		],
		[
			45,
			76
		],
		[
			7,
			129
		],
		[
			7,
			20
		],
		[
			20,
			129
		],
		[
			16,
			119
		],
		[
			16,
			110
		],
		[
			110,
			119
		],
		[
			93,
			109
		],
		[
			24,
			93
		],
		[
			5,
			74
		],
		[
			5,
			51
		],
		[
			51,
			74
		],
		[
			25,
			105
		],
		[
			26,
			105
		],
		[
			25,
			26
		],
		[
			50,
			119
		],
		[
			6,
			50
		],
		[
			6,
			119
		],
		[
			63,
			106
		],
		[
			27,
			106
		],
		[
			27,
			63
		],
		[
			5,
			20
		],
		[
			20,
			74
		],
		[
			14,
			122
		],
		[
			14,
			43
		],
		[
			43,
			122
		],
		[
			16,
			27
		],
		[
			16,
			63
		],
		[
			34,
			104
		],
		[
			82,
			104
		],
		[
			34,
			82
		],
		[
			5,
			100
		],
		[
			3,
			5
		],
		[
			3,
			100
		],
		[
			29,
			41
		],
		[
			29,
			126
		],
		[
			41,
			126
		],
		[
			18,
			50
		],
		[
			50,
			90
		],
		[
			18,
			90
		],
		[
			6,
			16
		],
		[
			5,
			7
		],
		[
			85,
			117
		],
		[
			13,
			117
		],
		[
			13,
			85
		],
		[
			55,
			120
		],
		[
			81,
			95
		],
		[
			95,
			111
		],
		[
			46,
			116
		],
		[
			36,
			116
		],
		[
			36,
			46
		],
		[
			19,
			123
		],
		[
			33,
			123
		],
		[
			19,
			33
		],
		[
			22,
			79
		],
		[
			38,
			79
		],
		[
			22,
			38
		],
		[
			13,
			48
		],
		[
			48,
			85
		],
		[
			24,
			114
		],
		[
			93,
			114
		],
		[
			11,
			46
		],
		[
			28,
			46
		],
		[
			11,
			28
		],
		[
			10,
			103
		],
		[
			10,
			91
		],
		[
			91,
			103
		],
		[
			69,
			115
		],
		[
			94,
			115
		],
		[
			69,
			94
		],
		[
			5,
			88
		],
		[
			7,
			88
		],
		[
			26,
			103
		],
		[
			44,
			103
		],
		[
			26,
			44
		],
		[
			9,
			30
		],
		[
			15,
			30
		],
		[
			9,
			15
		],
		[
			34,
			118
		],
		[
			52,
			118
		],
		[
			34,
			52
		],
		[
			1,
			62
		],
		[
			1,
			58
		],
		[
			58,
			62
		],
		[
			11,
			57
		],
		[
			28,
			57
		],
		[
			94,
			108
		],
		[
			87,
			108
		],
		[
			2,
			100
		],
		[
			89,
			100
		],
		[
			2,
			89
		],
		[
			2,
			82
		],
		[
			51,
			82
		],
		[
			2,
			51
		],
		[
			76,
			97
		],
		[
			39,
			121
		],
		[
			39,
			77
		],
		[
			77,
			121
		],
		[
			45,
			71
		],
		[
			55,
			71
		],
		[
			8,
			99
		],
		[
			73,
			99
		],
		[
			8,
			73
		],
		[
			46,
			104
		],
		[
			28,
			104
		],
		[
			0,
			67
		],
		[
			0,
			38
		],
		[
			38,
			67
		],
		[
			64,
			117
		],
		[
			64,
			85
		],
		[
			1,
			32
		],
		[
			32,
			62
		],
		[
			18,
			98
		],
		[
			50,
			98
		],
		[
			17,
			124
		],
		[
			75,
			124
		],
		[
			17,
			75
		],
		[
			30,
			35
		],
		[
			15,
			35
		],
		[
			63,
			71
		],
		[
			9,
			63
		],
		[
			9,
			71
		],
		[
			59,
			121
		],
		[
			59,
			77
		],
		[
			31,
			110
		],
		[
			83,
			110
		],
		[
			12,
			106
		],
		[
			12,
			37
		],
		[
			37,
			106
		],
		[
			37,
			130
		],
		[
			56,
			124
		],
		[
			10,
			56
		],
		[
			10,
			124
		],
		[
			77,
			117
		],
		[
			64,
			77
		],
		[
			19,
			73
		],
		[
			33,
			73
		],
		[
			51,
			100
		],
		[
			88,
			126
		],
		[
			3,
			126
		],
		[
			3,
			88
		],
		[
			40,
			99
		],
		[
			40,
			42
		],
		[
			42,
			99
		],
		[
			30,
			115
		],
		[
			35,
			115
		],
		[
			30,
			94
		],
		[
			29,
			52
		],
		[
			24,
			29
		],
		[
			26,
			97
		],
		[
			97,
			105
		],
		[
			42,
			73
		],
		[
			48,
			128
		],
		[
			85,
			128
		],
		[
			4,
			22
		],
		[
			4,
			79
		],
		[
			27,
			37
		],
		[
			72,
			124
		],
		[
			72,
			75
		],
		[
			84,
			122
		],
		[
			68,
			84
		],
		[
			68,
			122
		],
		[
			17,
			92
		],
		[
			8,
			17
		],
		[
			8,
			92
		],
		[
			17,
			40
		],
		[
			40,
			75
		],
		[
			17,
			56
		],
		[
			7,
			101
		],
		[
			88,
			101
		],
		[
			21,
			35
		],
		[
			21,
			120
		],
		[
			35,
			120
		],
		[
			80,
			88
		],
		[
			80,
			101
		],
		[
			43,
			72
		],
		[
			43,
			75
		],
		[
			14,
			75
		],
		[
			14,
			40
		],
		[
			32,
			106
		],
		[
			71,
			106
		],
		[
			32,
			71
		],
		[
			10,
			97
		],
		[
			97,
			124
		],
		[
			2,
			118
		],
		[
			82,
			118
		],
		[
			90,
			119
		],
		[
			27,
			116
		],
		[
			27,
			36
		],
		[
			21,
			115
		],
		[
			18,
			95
		],
		[
			95,
			98
		],
		[
			50,
			113
		],
		[
			6,
			113
		],
		[
			31,
			119
		],
		[
			54,
			97
		],
		[
			22,
			59
		],
		[
			59,
			127
		],
		[
			22,
			127
		],
		[
			112,
			113
		],
		[
			98,
			113
		],
		[
			23,
			48
		],
		[
			48,
			126
		],
		[
			23,
			126
		],
		[
			47,
			90
		],
		[
			43,
			84
		],
		[
			69,
			108
		],
		[
			39,
			117
		],
		[
			13,
			126
		],
		[
			19,
			125
		],
		[
			123,
			125
		],
		[
			21,
			84
		],
		[
			21,
			68
		],
		[
			4,
			95
		],
		[
			29,
			118
		],
		[
			2,
			29
		],
		[
			44,
			53
		],
		[
			53,
			103
		],
		[
			72,
			120
		],
		[
			54,
			72
		],
		[
			10,
			26
		],
		[
			49,
			103
		],
		[
			49,
			91
		],
		[
			44,
			78
		],
		[
			53,
			78
		],
		[
			35,
			55
		],
		[
			38,
			59
		],
		[
			83,
			109
		],
		[
			83,
			96
		],
		[
			19,
			42
		],
		[
			42,
			86
		],
		[
			19,
			86
		],
		[
			84,
			120
		],
		[
			14,
			42
		],
		[
			14,
			86
		],
		[
			57,
			83
		],
		[
			57,
			110
		],
		[
			80,
			126
		],
		[
			6,
			30
		],
		[
			16,
			30
		],
		[
			0,
			93
		],
		[
			67,
			93
		],
		[
			68,
			115
		],
		[
			68,
			69
		],
		[
			0,
			121
		],
		[
			38,
			121
		],
		[
			29,
			89
		],
		[
			89,
			126
		],
		[
			0,
			114
		],
		[
			39,
			114
		],
		[
			0,
			39
		],
		[
			25,
			58
		],
		[
			58,
			105
		],
		[
			77,
			102
		],
		[
			64,
			102
		],
		[
			86,
			125
		],
		[
			28,
			34
		],
		[
			15,
			55
		],
		[
			15,
			71
		],
		[
			6,
			94
		],
		[
			86,
			122
		],
		[
			122,
			125
		],
		[
			56,
			91
		],
		[
			56,
			107
		],
		[
			91,
			107
		],
		[
			23,
			128
		],
		[
			65,
			81
		],
		[
			65,
			66
		],
		[
			92,
			107
		],
		[
			17,
			107
		],
		[
			27,
			60
		],
		[
			37,
			60
		],
		[
			36,
			60
		],
		[
			12,
			70
		],
		[
			70,
			78
		],
		[
			25,
			70
		],
		[
			25,
			44
		],
		[
			44,
			70
		],
		[
			57,
			96
		],
		[
			9,
			16
		],
		[
			4,
			111
		],
		[
			16,
			116
		],
		[
			110,
			116
		],
		[
			31,
			47
		],
		[
			47,
			65
		],
		[
			72,
			84
		],
		[
			17,
			99
		],
		[
			11,
			110
		],
		[
			3,
			89
		],
		[
			41,
			114
		],
		[
			12,
			62
		],
		[
			62,
			70
		],
		[
			66,
			67
		],
		[
			66,
			93
		],
		[
			101,
			129
		],
		[
			58,
			70
		],
		[
			22,
			112
		],
		[
			112,
			127
		],
		[
			54,
			124
		],
		[
			29,
			114
		],
		[
			52,
			57
		],
		[
			28,
			52
		],
		[
			87,
			112
		],
		[
			65,
			109
		],
		[
			66,
			109
		],
		[
			11,
			116
		],
		[
			1,
			97
		],
		[
			1,
			105
		],
		[
			62,
			106
		],
		[
			49,
			53
		],
		[
			36,
			61
		],
		[
			46,
			61
		],
		[
			31,
			90
		],
		[
			59,
			102
		],
		[
			23,
			80
		],
		[
			60,
			61
		]
	],
	"score": 0.5069444444444444,
	"obtuse num": 0,
	"steiner num": 131
}