{
	"content_type": "CG_SHOP_2025_Solution",
	"instance_uid": "simple-polygon-exterior-20_40_65de7236",
	"steiner_points_x": [
		106,
		"53103/626",
		27,
		"272676/5305",
		145,
		"146/3",
		109,
		"24/7",
		65,
		"1302946871/7576465",
		"161297/853",
		"677662511/3540050",
		54,
		"7725/73",
		"669778/3505",
		113,
		"336431/2977",
		"52295406/3100793",
		"7140/3061",
		"590191/3649",
		13,
		"181643/1010",
		189,
		15,
		"164172/5305",
		100,
		"15762/3061",
		"71277/4129",
		99,
		111,
		70,
		"257319/1825",
		"436513/2545",
		31,
		"6870/241",
		27,
		"835255/5954",
		33,
		45,
		"24048/3061",
		21,
		10,
		"30390/3061",
		"1732/101",
		22
	],
	"steiner_points_y": [
		181,
		"100331/626",
		65,
		"933783/5305",
		116,
		"5/3",
		160,
		"640/7",
		137,
		"14658288/1515293",
		"101704/853",
		"242699477/3540050",
		169,
		"1300/73",
		"240586/3505",
		19,
		"17400/2977",
		"297661885/3100793",
		"249110/3061",
		"615989/3649",
		62,
		"21761/1010",
		79,
		80,
		"917206/5305",
		5,
		"328145/3061",
		"61800/4129",
		60,
		78,
		71,
		"122583/1825",
		"42454/2545",
		88,
		"20389/241",
		82,
		"45345/5954",
		71,
		145,
		"404100/3061",
		119,
		151,
		"462235/3061",
		"14795/101",
		149
	],
	"edges": [
		[
			32,
			36
		],
		[
			30,
			32
		],
		[
			30,
			36
		],
		[
			35,
			54
		],
		[
			35,
			62
		],
		[
			54,
			62
		],
		[
			3,
			34
		],
		[
			34,
			71
		],
		[
			3,
			71
		],
		[
			37,
			62
		],
		[
			37,
			50
		],
		[
			50,
			62
		],
		[
			0,
			62
		],
		[
			0,
			54
		],
		[
			6,
			53
		],
		[
			53,
			65
		],
		[
			6,
			65
		],
		[
			7,
			68
		],
		[
			6,
			68
		],
		[
			6,
			7
		],
		[
			33,
			34
		],
		[
			34,
			68
		],
		[
			33,
			68
		],
		[
			54,
			61
		],
		[
			51,
			54
		],
		[
			51,
			61
		],
		[
			8,
			67
		],
		[
			8,
			9
		],
		[
			9,
			67
		],
		[
			29,
			46
		],
		[
			28,
			46
		],
		[
			28,
			29
		],
		[
			8,
			45
		],
		[
			9,
			45
		],
		[
			1,
			54
		],
		[
			1,
			61
		],
		[
			35,
			36
		],
		[
			36,
			37
		],
		[
			35,
			37
		],
		[
			8,
			42
		],
		[
			8,
			60
		],
		[
			42,
			60
		],
		[
			5,
			56
		],
		[
			4,
			5
		],
		[
			4,
			56
		],
		[
			37,
			38
		],
		[
			38,
			50
		],
		[
			55,
			68
		],
		[
			53,
			55
		],
		[
			53,
			68
		],
		[
			27,
			52
		],
		[
			43,
			52
		],
		[
			27,
			43
		],
		[
			4,
			76
		],
		[
			4,
			49
		],
		[
			49,
			76
		],
		[
			25,
			41
		],
		[
			26,
			41
		],
		[
			25,
			26
		],
		[
			57,
			74
		],
		[
			57,
			73
		],
		[
			73,
			74
		],
		[
			5,
			53
		],
		[
			5,
			55
		],
		[
			10,
			60
		],
		[
			60,
			67
		],
		[
			10,
			67
		],
		[
			38,
			39
		],
		[
			39,
			50
		],
		[
			29,
			44
		],
		[
			30,
			44
		],
		[
			29,
			30
		],
		[
			11,
			42
		],
		[
			11,
			60
		],
		[
			38,
			59
		],
		[
			39,
			59
		],
		[
			1,
			2
		],
		[
			2,
			61
		],
		[
			42,
			77
		],
		[
			13,
			42
		],
		[
			13,
			77
		],
		[
			28,
			59
		],
		[
			29,
			59
		],
		[
			4,
			72
		],
		[
			49,
			72
		],
		[
			10,
			58
		],
		[
			11,
			58
		],
		[
			10,
			11
		],
		[
			40,
			41
		],
		[
			27,
			41
		],
		[
			27,
			40
		],
		[
			7,
			77
		],
		[
			7,
			42
		],
		[
			37,
			44
		],
		[
			38,
			44
		],
		[
			2,
			72
		],
		[
			2,
			49
		],
		[
			40,
			46
		],
		[
			28,
			40
		],
		[
			7,
			8
		],
		[
			7,
			45
		],
		[
			30,
			48
		],
		[
			26,
			48
		],
		[
			26,
			30
		],
		[
			1,
			35
		],
		[
			68,
			70
		],
		[
			7,
			70
		],
		[
			25,
			48
		],
		[
			23,
			52
		],
		[
			23,
			43
		],
		[
			31,
			32
		],
		[
			32,
			70
		],
		[
			31,
			70
		],
		[
			63,
			75
		],
		[
			12,
			75
		],
		[
			12,
			63
		],
		[
			36,
			71
		],
		[
			69,
			71
		],
		[
			36,
			69
		],
		[
			56,
			76
		],
		[
			34,
			55
		],
		[
			3,
			4
		],
		[
			3,
			72
		],
		[
			47,
			63
		],
		[
			15,
			47
		],
		[
			15,
			63
		],
		[
			4,
			55
		],
		[
			3,
			55
		],
		[
			0,
			51
		],
		[
			5,
			65
		],
		[
			56,
			65
		],
		[
			6,
			45
		],
		[
			15,
			66
		],
		[
			57,
			66
		],
		[
			15,
			57
		],
		[
			0,
			50
		],
		[
			35,
			71
		],
		[
			33,
			70
		],
		[
			24,
			78
		],
		[
			24,
			48
		],
		[
			48,
			78
		],
		[
			15,
			74
		],
		[
			45,
			65
		],
		[
			70,
			77
		],
		[
			16,
			31
		],
		[
			16,
			48
		],
		[
			31,
			48
		],
		[
			14,
			70
		],
		[
			14,
			77
		],
		[
			20,
			81
		],
		[
			81,
			82
		],
		[
			20,
			82
		],
		[
			34,
			69
		],
		[
			33,
			69
		],
		[
			66,
			80
		],
		[
			57,
			80
		],
		[
			58,
			63
		],
		[
			11,
			63
		],
		[
			30,
			31
		],
		[
			13,
			14
		],
		[
			13,
			75
		],
		[
			14,
			75
		],
		[
			1,
			72
		],
		[
			20,
			21
		],
		[
			19,
			21
		],
		[
			19,
			20
		],
		[
			3,
			35
		],
		[
			1,
			3
		],
		[
			81,
			83
		],
		[
			18,
			83
		],
		[
			18,
			81
		],
		[
			74,
			75
		],
		[
			14,
			74
		],
		[
			31,
			73
		],
		[
			16,
			73
		],
		[
			32,
			33
		],
		[
			14,
			73
		],
		[
			15,
			75
		],
		[
			23,
			78
		],
		[
			21,
			78
		],
		[
			21,
			23
		],
		[
			19,
			81
		],
		[
			17,
			80
		],
		[
			18,
			80
		],
		[
			17,
			18
		],
		[
			14,
			31
		],
		[
			12,
			42
		],
		[
			12,
			13
		],
		[
			16,
			80
		],
		[
			16,
			57
		],
		[
			11,
			12
		],
		[
			16,
			17
		],
		[
			23,
			24
		],
		[
			16,
			78
		],
		[
			47,
			58
		],
		[
			79,
			81
		],
		[
			79,
			82
		],
		[
			19,
			83
		],
		[
			17,
			78
		],
		[
			24,
			25
		],
		[
			19,
			84
		],
		[
			83,
			84
		],
		[
			47,
			66
		],
		[
			18,
			79
		],
		[
			18,
			66
		],
		[
			66,
			79
		],
		[
			17,
			84
		],
		[
			78,
			84
		],
		[
			17,
			83
		],
		[
			24,
			52
		],
		[
			41,
			46
		],
		[
			21,
			22
		],
		[
			20,
			22
		],
		[
			32,
			69
		],
		[
			21,
			84
		],
		[
			22,
			43
		],
		[
			22,
			64
		],
		[
			43,
			64
		],
		[
			22,
			23
		],
		[
			26,
			46
		],
		[
			30,
			46
		],
		[
			20,
			64
		],
		[
			25,
			27
		],
		[
			25,
			52
		],
		[
			29,
			38
		],
		[
			36,
			44
		]
	],
	"score": 0.5108695652173914,
	"obtuse num": 0,
	"steiner num": 85
}