{
	"content_type": "CG_SHOP_2025_Solution",
	"instance_uid": "simple-polygon-exterior-20_60_57858065",
	"steiner_points_x": [
		"19833131857/8732509",
		3143,
		"25664/11",
		3663,
		5988,
		"297192200/743741",
		"77790836/12209",
		5251,
		4919,
		2489,
		2046,
		5168,
		"43338/7",
		"186063454/44101",
		"35977974/12325",
		"215320094/74909",
		"3089553/562",
		"227914354/44101",
		2953,
		"351007/58",
		4510,
		"409493009/66629",
		5841,
		4735,
		"25179783/12325",
		3768,
		"378050901/66629",
		"832081/149",
		1689,
		"47783698383/41473625",
		"20787118776057/8558029891",
		"38337/23",
		"58349469/12325",
		"533893/97",
		"682347/145",
		5026,
		1154,
		5298,
		"32623554/12325",
		5062,
		5471,
		"63933324/12325",
		"3878969/3365",
		"45170883/12325",
		"1311593/197",
		2648,
		"22058796/12325",
		"115047/545",
		5639,
		220,
		"101095342/30593",
		1401,
		1941,
		2011,
		1457,
		"129891779/74909",
		2181,
		"1212913533/1487482",
		2214,
		"317352517/149818",
		443,
		1023,
		"371103827/743741",
		3193,
		3257
	],
	"steiner_points_y": [
		"56245469126/26197527",
		504,
		"490/33",
		2077,
		1573,
		"45528634/743741",
		"39681055/24418",
		474,
		"293/42",
		995,
		1924,
		10,
		"2670/7",
		"160660/44101",
		"26605368/12325",
		"378812/74909",
		"619635/281",
		"359950/44101",
		694,
		"76945/58",
		985,
		"23655620/66629",
		878,
		2149,
		"26410806/12325",
		558,
		"5326140/66629",
		"310040/149",
		1870,
		"88206663606/41473625",
		"18398216227306/8558029891",
		"49130/23",
		"27008458/12325",
		"148520/97",
		"222619/145",
		1877,
		2055,
		984,
		"26544928/12325",
		1073,
		264,
		"27109068/12325",
		"7045977/3365",
		"26771006/12325",
		"160820/197",
		2095,
		"26354572/12325",
		"1125179/545",
		741,
		2063,
		"14685980/30593",
		619,
		541,
		811,
		1268,
		"1924027/74909",
		537,
		"71268395/1487482",
		778,
		"2806755/149818",
		939,
		1587,
		"43163947/743741",
		969,
		844
	],
	"edges": [
		[
			22,
			76
		],
		[
			76,
			87
		],
		[
			22,
			87
		],
		[
			51,
			61
		],
		[
			50,
			61
		],
		[
			50,
			51
		],
		[
			98,
			105
		],
		[
			90,
			105
		],
		[
			90,
			98
		],
		[
			52,
			54
		],
		[
			51,
			54
		],
		[
			51,
			52
		],
		[
			43,
			73
		],
		[
			49,
			73
		],
		[
			43,
			49
		],
		[
			45,
			46
		],
		[
			46,
			69
		],
		[
			45,
			69
		],
		[
			59,
			111
		],
		[
			58,
			59
		],
		[
			58,
			111
		],
		[
			102,
			109
		],
		[
			96,
			102
		],
		[
			96,
			109
		],
		[
			55,
			116
		],
		[
			54,
			55
		],
		[
			54,
			116
		],
		[
			8,
			102
		],
		[
			91,
			102
		],
		[
			8,
			91
		],
		[
			47,
			61
		],
		[
			47,
			48
		],
		[
			48,
			61
		],
		[
			37,
			67
		],
		[
			36,
			67
		],
		[
			36,
			37
		],
		[
			19,
			45
		],
		[
			18,
			45
		],
		[
			18,
			19
		],
		[
			34,
			97
		],
		[
			33,
			97
		],
		[
			33,
			34
		],
		[
			53,
			57
		],
		[
			0,
			53
		],
		[
			0,
			57
		],
		[
			83,
			94
		],
		[
			63,
			94
		],
		[
			63,
			83
		],
		[
			4,
			5
		],
		[
			4,
			65
		],
		[
			5,
			65
		],
		[
			50,
			110
		],
		[
			49,
			110
		],
		[
			49,
			50
		],
		[
			94,
			99
		],
		[
			80,
			99
		],
		[
			80,
			94
		],
		[
			14,
			70
		],
		[
			15,
			70
		],
		[
			14,
			15
		],
		[
			8,
			96
		],
		[
			13,
			69
		],
		[
			69,
			118
		],
		[
			13,
			118
		],
		[
			13,
			113
		],
		[
			113,
			118
		],
		[
			97,
			99
		],
		[
			35,
			97
		],
		[
			35,
			99
		],
		[
			59,
			120
		],
		[
			2,
			59
		],
		[
			2,
			120
		],
		[
			40,
			100
		],
		[
			39,
			100
		],
		[
			39,
			40
		],
		[
			31,
			72
		],
		[
			30,
			31
		],
		[
			30,
			72
		],
		[
			39,
			86
		],
		[
			40,
			86
		],
		[
			74,
			105
		],
		[
			74,
			98
		],
		[
			85,
			110
		],
		[
			49,
			85
		],
		[
			38,
			100
		],
		[
			38,
			39
		],
		[
			64,
			79
		],
		[
			64,
			66
		],
		[
			66,
			79
		],
		[
			11,
			70
		],
		[
			12,
			70
		],
		[
			11,
			12
		],
		[
			26,
			97
		],
		[
			26,
			33
		],
		[
			63,
			103
		],
		[
			63,
			74
		],
		[
			74,
			103
		],
		[
			7,
			109
		],
		[
			7,
			102
		],
		[
			83,
			103
		],
		[
			89,
			102
		],
		[
			7,
			89
		],
		[
			24,
			64
		],
		[
			24,
			66
		],
		[
			6,
			109
		],
		[
			109,
			120
		],
		[
			6,
			120
		],
		[
			41,
			42
		],
		[
			42,
			71
		],
		[
			41,
			71
		],
		[
			123,
			124
		],
		[
			48,
			124
		],
		[
			48,
			123
		],
		[
			45,
			123
		],
		[
			46,
			123
		],
		[
			34,
			35
		],
		[
			67,
			100
		],
		[
			37,
			100
		],
		[
			59,
			121
		],
		[
			120,
			121
		],
		[
			59,
			114
		],
		[
			114,
			121
		],
		[
			57,
			112
		],
		[
			56,
			112
		],
		[
			56,
			57
		],
		[
			69,
			78
		],
		[
			54,
			78
		],
		[
			54,
			69
		],
		[
			72,
			82
		],
		[
			31,
			82
		],
		[
			58,
			113
		],
		[
			112,
			113
		],
		[
			58,
			112
		],
		[
			43,
			44
		],
		[
			42,
			44
		],
		[
			42,
			43
		],
		[
			64,
			93
		],
		[
			25,
			93
		],
		[
			25,
			64
		],
		[
			44,
			80
		],
		[
			42,
			80
		],
		[
			57,
			58
		],
		[
			27,
			33
		],
		[
			26,
			27
		],
		[
			71,
			77
		],
		[
			40,
			71
		],
		[
			40,
			77
		],
		[
			57,
			111
		],
		[
			35,
			80
		],
		[
			20,
			124
		],
		[
			20,
			123
		],
		[
			56,
			116
		],
		[
			53,
			116
		],
		[
			53,
			56
		],
		[
			28,
			79
		],
		[
			28,
			66
		],
		[
			55,
			56
		],
		[
			55,
			112
		],
		[
			23,
			87
		],
		[
			23,
			76
		],
		[
			58,
			114
		],
		[
			13,
			114
		],
		[
			13,
			58
		],
		[
			9,
			88
		],
		[
			88,
			121
		],
		[
			9,
			121
		],
		[
			83,
			101
		],
		[
			83,
			92
		],
		[
			92,
			101
		],
		[
			47,
			78
		],
		[
			61,
			78
		],
		[
			34,
			108
		],
		[
			33,
			108
		],
		[
			52,
			116
		],
		[
			51,
			78
		],
		[
			20,
			80
		],
		[
			20,
			94
		],
		[
			55,
			113
		],
		[
			43,
			85
		],
		[
			44,
			85
		],
		[
			92,
			103
		],
		[
			4,
			120
		],
		[
			4,
			6
		],
		[
			25,
			87
		],
		[
			23,
			25
		],
		[
			21,
			94
		],
		[
			21,
			99
		],
		[
			8,
			9
		],
		[
			8,
			10
		],
		[
			9,
			10
		],
		[
			20,
			85
		],
		[
			20,
			44
		],
		[
			9,
			96
		],
		[
			47,
			123
		],
		[
			46,
			47
		],
		[
			88,
			114
		],
		[
			17,
			45
		],
		[
			17,
			18
		],
		[
			15,
			16
		],
		[
			15,
			60
		],
		[
			16,
			60
		],
		[
			27,
			32
		],
		[
			27,
			31
		],
		[
			31,
			32
		],
		[
			51,
			75
		],
		[
			50,
			75
		],
		[
			5,
			6
		],
		[
			95,
			101
		],
		[
			22,
			101
		],
		[
			22,
			95
		],
		[
			10,
			11
		],
		[
			10,
			70
		],
		[
			32,
			82
		],
		[
			28,
			31
		],
		[
			28,
			30
		],
		[
			37,
			38
		],
		[
			37,
			108
		],
		[
			38,
			108
		],
		[
			12,
			114
		],
		[
			12,
			13
		],
		[
			31,
			79
		],
		[
			0,
			1
		],
		[
			0,
			115
		],
		[
			1,
			115
		],
		[
			110,
			124
		],
		[
			85,
			124
		],
		[
			53,
			115
		],
		[
			53,
			119
		],
		[
			115,
			119
		],
		[
			16,
			105
		],
		[
			16,
			90
		],
		[
			27,
			79
		],
		[
			21,
			26
		],
		[
			21,
			93
		],
		[
			26,
			93
		],
		[
			14,
			17
		],
		[
			17,
			69
		],
		[
			14,
			69
		],
		[
			3,
			117
		],
		[
			2,
			3
		],
		[
			2,
			117
		],
		[
			26,
			99
		],
		[
			12,
			14
		],
		[
			29,
			30
		],
		[
			30,
			104
		],
		[
			29,
			104
		],
		[
			82,
			108
		],
		[
			81,
			82
		],
		[
			81,
			108
		],
		[
			14,
			16
		],
		[
			1,
			2
		],
		[
			1,
			117
		],
		[
			13,
			14
		],
		[
			1,
			111
		],
		[
			0,
			111
		],
		[
			39,
			81
		],
		[
			81,
			86
		],
		[
			3,
			120
		],
		[
			3,
			4
		],
		[
			11,
			114
		],
		[
			32,
			108
		],
		[
			34,
			36
		],
		[
			36,
			108
		],
		[
			11,
			88
		],
		[
			10,
			88
		],
		[
			3,
			122
		],
		[
			117,
			122
		],
		[
			42,
			67
		],
		[
			67,
			71
		],
		[
			27,
			93
		],
		[
			27,
			64
		],
		[
			29,
			72
		],
		[
			18,
			74
		],
		[
			18,
			63
		],
		[
			46,
			78
		],
		[
			18,
			105
		],
		[
			4,
			122
		],
		[
			60,
			90
		],
		[
			35,
			67
		],
		[
			35,
			36
		],
		[
			109,
			121
		],
		[
			2,
			111
		],
		[
			83,
			95
		],
		[
			19,
			63
		],
		[
			20,
			63
		],
		[
			19,
			20
		],
		[
			55,
			118
		],
		[
			17,
			105
		],
		[
			72,
			81
		],
		[
			16,
			17
		],
		[
			38,
			81
		],
		[
			65,
			122
		],
		[
			89,
			91
		],
		[
			43,
			68
		],
		[
			68,
			73
		],
		[
			52,
			53
		],
		[
			41,
			43
		],
		[
			41,
			68
		],
		[
			68,
			71
		],
		[
			68,
			77
		],
		[
			15,
			84
		],
		[
			60,
			84
		],
		[
			70,
			84
		],
		[
			22,
			25
		],
		[
			24,
			25
		],
		[
			22,
			93
		],
		[
			19,
			123
		],
		[
			35,
			42
		],
		[
			8,
			106
		],
		[
			91,
			106
		],
		[
			71,
			100
		],
		[
			107,
			109
		],
		[
			7,
			107
		],
		[
			10,
			106
		],
		[
			94,
			95
		],
		[
			21,
			95
		],
		[
			21,
			22
		],
		[
			48,
			110
		],
		[
			61,
			110
		],
		[
			54,
			118
		],
		[
			96,
			121
		],
		[
			23,
			24
		],
		[
			32,
			33
		],
		[
			53,
			62
		],
		[
			62,
			119
		],
		[
			52,
			75
		],
		[
			76,
			101
		],
		[
			6,
			107
		],
		[
			70,
			106
		],
		[
			84,
			106
		],
		[
			52,
			62
		],
		[
			62,
			75
		],
		[
			28,
			104
		]
	],
	"score": 0.5075757575757576,
	"obtuse num": 0,
	"steiner num": 125
}