{
	"content_type": "CG_SHOP_2025_Solution",
	"instance_uid": "simple-polygon-exterior-20_100_8d1c2e30",
	"steiner_points_x": [
		23,
		"1175/82",
		43,
		40,
		65,
		"41565/626",
		"142739/2191",
		42,
		41,
		35,
		"20507/313",
		"2961/65",
		50,
		"26687/485",
		20,
		19,
		42,
		49,
		"20744/313",
		"24751/485",
		60,
		"20595/313",
		42,
		49,
		10,
		45,
		"41115/626",
		31,
		34,
		"1556/53",
		13,
		57,
		15,
		"20880/313",
		27,
		58,
		19,
		"362/25",
		"303/113",
		32,
		12,
		50,
		"725/226",
		39,
		51,
		"422/113",
		"14587/485",
		"1760/53",
		10,
		"6009/125",
		9,
		21,
		"271/7",
		"1470/101",
		"1797/85",
		"31367/493",
		16,
		"232/5",
		"267/5",
		"453/7",
		51,
		40
	],
	"steiner_points_y": [
		17,
		"325/82",
		12,
		66,
		38,
		"12555/626",
		"112405/2191",
		45,
		56,
		23,
		"13165/313",
		"587/65",
		38,
		"2161/485",
		53,
		44,
		77,
		14,
		"7240/313",
		"2073/485",
		45,
		"10965/313",
		74,
		77,
		50,
		4,
		"23805/626",
		77,
		59,
		"1206/53",
		22,
		16,
		24,
		"3840/313",
		65,
		57,
		33,
		"841/25",
		"4269/113",
		29,
		63,
		48,
		"6753/226",
		22,
		24,
		"2484/113",
		"1611/485",
		"3486/53",
		33,
		"6612/125",
		22,
		12,
		"26/7",
		"4297/101",
		"966/85",
		"32087/493",
		15,
		"101/5",
		"96/5",
		"359/7",
		63,
		30
	],
	"edges": [
		[
			103,
			122
		],
		[
			63,
			122
		],
		[
			63,
			103
		],
		[
			68,
			69
		],
		[
			68,
			75
		],
		[
			69,
			75
		],
		[
			39,
			140
		],
		[
			39,
			40
		],
		[
			40,
			140
		],
		[
			44,
			103
		],
		[
			44,
			122
		],
		[
			58,
			128
		],
		[
			61,
			128
		],
		[
			58,
			61
		],
		[
			16,
			109
		],
		[
			16,
			129
		],
		[
			109,
			129
		],
		[
			56,
			136
		],
		[
			5,
			56
		],
		[
			5,
			136
		],
		[
			90,
			91
		],
		[
			89,
			91
		],
		[
			89,
			90
		],
		[
			122,
			123
		],
		[
			116,
			122
		],
		[
			116,
			123
		],
		[
			96,
			97
		],
		[
			96,
			102
		],
		[
			97,
			102
		],
		[
			10,
			12
		],
		[
			9,
			10
		],
		[
			9,
			12
		],
		[
			24,
			25
		],
		[
			22,
			25
		],
		[
			22,
			24
		],
		[
			12,
			14
		],
		[
			12,
			13
		],
		[
			13,
			14
		],
		[
			53,
			153
		],
		[
			56,
			153
		],
		[
			53,
			56
		],
		[
			122,
			127
		],
		[
			116,
			127
		],
		[
			30,
			31
		],
		[
			29,
			30
		],
		[
			29,
			31
		],
		[
			74,
			75
		],
		[
			69,
			74
		],
		[
			71,
			72
		],
		[
			72,
			112
		],
		[
			71,
			112
		],
		[
			64,
			66
		],
		[
			66,
			160
		],
		[
			64,
			160
		],
		[
			66,
			67
		],
		[
			65,
			66
		],
		[
			65,
			67
		],
		[
			61,
			62
		],
		[
			62,
			108
		],
		[
			61,
			108
		],
		[
			41,
			134
		],
		[
			41,
			42
		],
		[
			42,
			134
		],
		[
			47,
			48
		],
		[
			41,
			48
		],
		[
			41,
			47
		],
		[
			64,
			122
		],
		[
			64,
			123
		],
		[
			35,
			36
		],
		[
			35,
			37
		],
		[
			36,
			37
		],
		[
			60,
			107
		],
		[
			60,
			70
		],
		[
			70,
			107
		],
		[
			60,
			61
		],
		[
			60,
			108
		],
		[
			78,
			104
		],
		[
			78,
			110
		],
		[
			104,
			110
		],
		[
			87,
			118
		],
		[
			86,
			87
		],
		[
			86,
			118
		],
		[
			49,
			124
		],
		[
			37,
			124
		],
		[
			37,
			49
		],
		[
			43,
			147
		],
		[
			45,
			147
		],
		[
			43,
			45
		],
		[
			3,
			112
		],
		[
			3,
			71
		],
		[
			76,
			120
		],
		[
			76,
			159
		],
		[
			120,
			159
		],
		[
			63,
			64
		],
		[
			63,
			160
		],
		[
			66,
			68
		],
		[
			67,
			68
		],
		[
			76,
			77
		],
		[
			77,
			159
		],
		[
			45,
			47
		],
		[
			47,
			134
		],
		[
			45,
			134
		],
		[
			75,
			76
		],
		[
			75,
			135
		],
		[
			76,
			135
		],
		[
			15,
			129
		],
		[
			15,
			16
		],
		[
			7,
			13
		],
		[
			6,
			7
		],
		[
			6,
			13
		],
		[
			44,
			127
		],
		[
			43,
			44
		],
		[
			43,
			127
		],
		[
			130,
			150
		],
		[
			25,
			130
		],
		[
			25,
			150
		],
		[
			78,
			159
		],
		[
			110,
			159
		],
		[
			11,
			15
		],
		[
			15,
			100
		],
		[
			11,
			100
		],
		[
			36,
			53
		],
		[
			35,
			53
		],
		[
			74,
			141
		],
		[
			73,
			74
		],
		[
			73,
			141
		],
		[
			14,
			129
		],
		[
			12,
			129
		],
		[
			34,
			145
		],
		[
			34,
			150
		],
		[
			145,
			150
		],
		[
			44,
			147
		],
		[
			11,
			12
		],
		[
			11,
			129
		],
		[
			67,
			155
		],
		[
			65,
			155
		],
		[
			130,
			132
		],
		[
			31,
			132
		],
		[
			31,
			130
		],
		[
			115,
			153
		],
		[
			56,
			115
		],
		[
			33,
			54
		],
		[
			33,
			137
		],
		[
			54,
			137
		],
		[
			144,
			157
		],
		[
			82,
			157
		],
		[
			82,
			144
		],
		[
			10,
			11
		],
		[
			10,
			100
		],
		[
			128,
			147
		],
		[
			45,
			128
		],
		[
			26,
			130
		],
		[
			25,
			26
		],
		[
			38,
			140
		],
		[
			38,
			39
		],
		[
			62,
			128
		],
		[
			46,
			58
		],
		[
			45,
			46
		],
		[
			45,
			58
		],
		[
			60,
			149
		],
		[
			70,
			149
		],
		[
			108,
			149
		],
		[
			79,
			80
		],
		[
			79,
			104
		],
		[
			80,
			104
		],
		[
			22,
			156
		],
		[
			21,
			156
		],
		[
			21,
			22
		],
		[
			62,
			147
		],
		[
			80,
			85
		],
		[
			80,
			86
		],
		[
			85,
			86
		],
		[
			36,
			124
		],
		[
			71,
			107
		],
		[
			3,
			107
		],
		[
			92,
			93
		],
		[
			92,
			119
		],
		[
			93,
			119
		],
		[
			32,
			132
		],
		[
			32,
			130
		],
		[
			26,
			31
		],
		[
			32,
			54
		],
		[
			32,
			33
		],
		[
			67,
			77
		],
		[
			77,
			155
		],
		[
			117,
			158
		],
		[
			83,
			117
		],
		[
			83,
			158
		],
		[
			67,
			135
		],
		[
			77,
			135
		],
		[
			15,
			17
		],
		[
			16,
			17
		],
		[
			53,
			137
		],
		[
			53,
			55
		],
		[
			55,
			137
		],
		[
			81,
			85
		],
		[
			80,
			81
		],
		[
			50,
			52
		],
		[
			52,
			124
		],
		[
			50,
			124
		],
		[
			68,
			160
		],
		[
			19,
			20
		],
		[
			18,
			20
		],
		[
			18,
			19
		],
		[
			6,
			139
		],
		[
			13,
			139
		],
		[
			48,
			140
		],
		[
			41,
			140
		],
		[
			151,
			156
		],
		[
			21,
			151
		],
		[
			3,
			82
		],
		[
			82,
			161
		],
		[
			3,
			161
		],
		[
			68,
			135
		],
		[
			27,
			151
		],
		[
			27,
			100
		],
		[
			100,
			151
		],
		[
			55,
			136
		],
		[
			54,
			136
		],
		[
			54,
			55
		],
		[
			64,
			65
		],
		[
			65,
			123
		],
		[
			106,
			159
		],
		[
			106,
			110
		],
		[
			59,
			60
		],
		[
			59,
			61
		],
		[
			86,
			104
		],
		[
			17,
			152
		],
		[
			17,
			94
		],
		[
			94,
			152
		],
		[
			70,
			141
		],
		[
			71,
			141
		],
		[
			70,
			71
		],
		[
			74,
			149
		],
		[
			69,
			149
		],
		[
			73,
			76
		],
		[
			73,
			75
		],
		[
			88,
			133
		],
		[
			88,
			105
		],
		[
			105,
			133
		],
		[
			16,
			102
		],
		[
			17,
			102
		],
		[
			1,
			3
		],
		[
			1,
			2
		],
		[
			2,
			3
		],
		[
			103,
			147
		],
		[
			62,
			103
		],
		[
			57,
			59
		],
		[
			4,
			59
		],
		[
			4,
			57
		],
		[
			69,
			160
		],
		[
			48,
			49
		],
		[
			49,
			140
		],
		[
			86,
			121
		],
		[
			104,
			121
		],
		[
			55,
			56
		],
		[
			87,
			88
		],
		[
			88,
			118
		],
		[
			7,
			12
		],
		[
			0,
			139
		],
		[
			1,
			139
		],
		[
			0,
			1
		],
		[
			17,
			18
		],
		[
			18,
			152
		],
		[
			91,
			113
		],
		[
			90,
			113
		],
		[
			9,
			30
		],
		[
			9,
			29
		],
		[
			34,
			148
		],
		[
			34,
			35
		],
		[
			35,
			148
		],
		[
			3,
			81
		],
		[
			81,
			82
		],
		[
			72,
			73
		],
		[
			73,
			120
		],
		[
			72,
			120
		],
		[
			53,
			148
		],
		[
			5,
			139
		],
		[
			5,
			6
		],
		[
			89,
			133
		],
		[
			88,
			89
		],
		[
			19,
			21
		],
		[
			21,
			154
		],
		[
			19,
			154
		],
		[
			0,
			14
		],
		[
			14,
			139
		],
		[
			20,
			100
		],
		[
			15,
			20
		],
		[
			30,
			132
		],
		[
			54,
			132
		],
		[
			30,
			54
		],
		[
			51,
			114
		],
		[
			46,
			114
		],
		[
			46,
			51
		],
		[
			28,
			100
		],
		[
			10,
			28
		],
		[
			37,
			38
		],
		[
			38,
			49
		],
		[
			40,
			41
		],
		[
			40,
			42
		],
		[
			21,
			23
		],
		[
			21,
			101
		],
		[
			23,
			101
		],
		[
			90,
			133
		],
		[
			18,
			146
		],
		[
			19,
			146
		],
		[
			146,
			152
		],
		[
			8,
			30
		],
		[
			8,
			54
		],
		[
			2,
			139
		],
		[
			62,
			63
		],
		[
			0,
			143
		],
		[
			109,
			143
		],
		[
			0,
			109
		],
		[
			84,
			158
		],
		[
			84,
			131
		],
		[
			131,
			158
		],
		[
			19,
			101
		],
		[
			59,
			107
		],
		[
			72,
			79
		],
		[
			79,
			120
		],
		[
			22,
			23
		],
		[
			85,
			144
		],
		[
			84,
			85
		],
		[
			84,
			144
		],
		[
			92,
			131
		],
		[
			89,
			131
		],
		[
			89,
			92
		],
		[
			43,
			134
		],
		[
			26,
			156
		],
		[
			26,
			27
		],
		[
			27,
			156
		],
		[
			84,
			87
		],
		[
			87,
			131
		],
		[
			27,
			28
		],
		[
			10,
			29
		],
		[
			28,
			29
		],
		[
			4,
			107
		],
		[
			3,
			4
		],
		[
			48,
			50
		],
		[
			49,
			50
		],
		[
			51,
			115
		],
		[
			51,
			57
		],
		[
			57,
			115
		],
		[
			32,
			34
		],
		[
			33,
			34
		],
		[
			27,
			29
		],
		[
			33,
			148
		],
		[
			27,
			31
		],
		[
			118,
			121
		],
		[
			42,
			43
		],
		[
			7,
			9
		],
		[
			105,
			118
		],
		[
			50,
			51
		],
		[
			51,
			52
		],
		[
			57,
			58
		],
		[
			58,
			59
		],
		[
			32,
			150
		],
		[
			50,
			114
		],
		[
			94,
			102
		],
		[
			95,
			102
		],
		[
			94,
			95
		],
		[
			85,
			87
		],
		[
			137,
			148
		],
		[
			81,
			112
		],
		[
			80,
			112
		],
		[
			88,
			131
		],
		[
			20,
			151
		],
		[
			56,
			57
		],
		[
			5,
			57
		],
		[
			151,
			154
		],
		[
			20,
			154
		],
		[
			78,
			79
		],
		[
			81,
			144
		],
		[
			23,
			24
		],
		[
			40,
			127
		],
		[
			42,
			127
		],
		[
			6,
			136
		],
		[
			72,
			141
		],
		[
			79,
			112
		],
		[
			48,
			114
		],
		[
			47,
			114
		],
		[
			2,
			4
		],
		[
			2,
			5
		],
		[
			4,
			5
		],
		[
			7,
			136
		],
		[
			93,
			95
		],
		[
			93,
			111
		],
		[
			95,
			111
		],
		[
			16,
			143
		],
		[
			82,
			98
		],
		[
			98,
			99
		],
		[
			82,
			99
		],
		[
			46,
			47
		],
		[
			52,
			115
		],
		[
			77,
			106
		],
		[
			78,
			120
		],
		[
			157,
			158
		],
		[
			83,
			157
		],
		[
			22,
			26
		],
		[
			46,
			57
		],
		[
			34,
			142
		],
		[
			142,
			145
		],
		[
			96,
			117
		],
		[
			93,
			117
		],
		[
			93,
			96
		],
		[
			111,
			125
		],
		[
			111,
			119
		],
		[
			119,
			125
		],
		[
			36,
			52
		],
		[
			92,
			158
		],
		[
			92,
			117
		],
		[
			98,
			157
		],
		[
			63,
			69
		],
		[
			62,
			69
		],
		[
			14,
			109
		],
		[
			34,
			138
		],
		[
			138,
			142
		],
		[
			8,
			9
		],
		[
			141,
			149
		],
		[
			69,
			108
		],
		[
			1,
			161
		],
		[
			83,
			96
		],
		[
			83,
			97
		],
		[
			0,
			161
		],
		[
			98,
			143
		],
		[
			97,
			98
		],
		[
			97,
			143
		],
		[
			35,
			138
		],
		[
			7,
			8
		],
		[
			8,
			136
		],
		[
			110,
			126
		],
		[
			104,
			126
		],
		[
			91,
			119
		],
		[
			113,
			119
		],
		[
			52,
			153
		],
		[
			121,
			126
		],
		[
			94,
			125
		],
		[
			94,
			111
		],
		[
			16,
			97
		],
		[
			24,
			150
		],
		[
			24,
			145
		],
		[
			0,
			99
		],
		[
			99,
			161
		],
		[
			95,
			96
		],
		[
			37,
			138
		],
		[
			99,
			143
		],
		[
			17,
			20
		],
		[
			91,
			92
		],
		[
			36,
			153
		],
		[
			83,
			98
		],
		[
			125,
			152
		],
		[
			144,
			158
		]
	],
	"score": 0.5079365079365079,
	"obtuse num": 0,
	"steiner num": 162
}