{
	"content_type": "CG_SHOP_2025_Solution",
	"instance_uid": "simple-polygon-exterior-20_100_512f0fc4",
	"steiner_points_x": [
		41,
		11,
		57,
		45,
		55,
		17,
		7,
		"1011/82",
		29,
		49,
		11,
		28,
		41,
		"13617/485",
		28,
		10,
		"2831/65",
		35,
		18,
		48,
		"1380193/31525",
		48,
		20,
		"19881/313",
		"97377/5822",
		8,
		47,
		26,
		"3187/89",
		"1247/71",
		"25717/485",
		17,
		"119941/1878",
		"37103489/594074",
		"40539/626",
		"23717/485",
		"77/113",
		40,
		10,
		22,
		"99/2",
		"273/226",
		"185/113",
		"68296/5525",
		"5933/101",
		47,
		"1450/53",
		"1481/23",
		"30381/493",
		59,
		"19403/485",
		"19969/313",
		59,
		63,
		"40213/626",
		55,
		"203/17",
		"19781/313",
		7,
		30,
		"8998351743/144062945",
		"1097/29",
		35,
		53,
		45,
		52,
		49
	],
	"steiner_points_y": [
		9,
		31,
		43,
		71,
		13,
		39,
		19,
		"79/82",
		27,
		59,
		23,
		74,
		74,
		"156/485",
		71,
		15,
		"392/65",
		25,
		51,
		12,
		"32644/31525",
		35,
		15,
		"12226/313",
		"2765/5822",
		47,
		74,
		63,
		"1646/89",
		"569/71",
		"706/485",
		30,
		"56981/1878",
		2,
		"5027/626",
		"6766/5335",
		"3930/113",
		42,
		60,
		40,
		"41/2",
		"6075/226",
		"2310/113",
		"71387/5525",
		"5209/101",
		14,
		"1047/53",
		"396/23",
		"30608/493",
		29,
		"419/485",
		"10026/313",
		35,
		21,
		"13177/626",
		39,
		"302/17",
		"14726/313",
		23,
		19,
		"271501359/144062945",
		"1858/29",
		57,
		49,
		51,
		46,
		45
	],
	"edges": [
		[
			103,
			161
		],
		[
			18,
			103
		],
		[
			18,
			161
		],
		[
			47,
			48
		],
		[
			47,
			131
		],
		[
			48,
			131
		],
		[
			14,
			148
		],
		[
			14,
			16
		],
		[
			16,
			148
		],
		[
			63,
			128
		],
		[
			62,
			63
		],
		[
			62,
			128
		],
		[
			9,
			157
		],
		[
			9,
			10
		],
		[
			10,
			157
		],
		[
			17,
			109
		],
		[
			15,
			17
		],
		[
			15,
			109
		],
		[
			38,
			67
		],
		[
			37,
			67
		],
		[
			37,
			38
		],
		[
			1,
			99
		],
		[
			1,
			97
		],
		[
			97,
			99
		],
		[
			61,
			128
		],
		[
			61,
			62
		],
		[
			10,
			14
		],
		[
			10,
			148
		],
		[
			31,
			32
		],
		[
			31,
			33
		],
		[
			32,
			33
		],
		[
			164,
			166
		],
		[
			7,
			166
		],
		[
			7,
			164
		],
		[
			142,
			158
		],
		[
			106,
			158
		],
		[
			106,
			142
		],
		[
			8,
			12
		],
		[
			11,
			12
		],
		[
			8,
			11
		],
		[
			38,
			57
		],
		[
			57,
			61
		],
		[
			38,
			61
		],
		[
			64,
			65
		],
		[
			64,
			119
		],
		[
			65,
			119
		],
		[
			22,
			94
		],
		[
			22,
			98
		],
		[
			94,
			98
		],
		[
			37,
			150
		],
		[
			67,
			150
		],
		[
			67,
			100
		],
		[
			66,
			100
		],
		[
			66,
			67
		],
		[
			21,
			114
		],
		[
			20,
			114
		],
		[
			20,
			21
		],
		[
			37,
			113
		],
		[
			113,
			150
		],
		[
			27,
			105
		],
		[
			28,
			105
		],
		[
			27,
			28
		],
		[
			68,
			119
		],
		[
			69,
			119
		],
		[
			68,
			69
		],
		[
			59,
			128
		],
		[
			128,
			159
		],
		[
			59,
			159
		],
		[
			36,
			37
		],
		[
			36,
			113
		],
		[
			15,
			16
		],
		[
			16,
			17
		],
		[
			38,
			100
		],
		[
			61,
			159
		],
		[
			55,
			122
		],
		[
			55,
			56
		],
		[
			56,
			122
		],
		[
			60,
			128
		],
		[
			60,
			63
		],
		[
			11,
			163
		],
		[
			9,
			11
		],
		[
			9,
			163
		],
		[
			33,
			141
		],
		[
			136,
			141
		],
		[
			33,
			136
		],
		[
			25,
			93
		],
		[
			25,
			138
		],
		[
			93,
			138
		],
		[
			40,
			107
		],
		[
			40,
			124
		],
		[
			107,
			124
		],
		[
			77,
			165
		],
		[
			163,
			165
		],
		[
			77,
			163
		],
		[
			8,
			165
		],
		[
			165,
			166
		],
		[
			8,
			166
		],
		[
			9,
			144
		],
		[
			10,
			144
		],
		[
			54,
			55
		],
		[
			54,
			122
		],
		[
			11,
			144
		],
		[
			11,
			13
		],
		[
			13,
			144
		],
		[
			108,
			117
		],
		[
			85,
			108
		],
		[
			85,
			117
		],
		[
			49,
			50
		],
		[
			49,
			108
		],
		[
			50,
			108
		],
		[
			40,
			129
		],
		[
			124,
			129
		],
		[
			69,
			135
		],
		[
			68,
			135
		],
		[
			78,
			166
		],
		[
			78,
			165
		],
		[
			21,
			23
		],
		[
			21,
			22
		],
		[
			22,
			23
		],
		[
			35,
			40
		],
		[
			35,
			107
		],
		[
			60,
			84
		],
		[
			63,
			84
		],
		[
			24,
			138
		],
		[
			23,
			24
		],
		[
			23,
			138
		],
		[
			61,
			100
		],
		[
			29,
			30
		],
		[
			29,
			131
		],
		[
			30,
			131
		],
		[
			35,
			41
		],
		[
			40,
			41
		],
		[
			63,
			64
		],
		[
			63,
			145
		],
		[
			64,
			145
		],
		[
			36,
			129
		],
		[
			36,
			124
		],
		[
			8,
			164
		],
		[
			12,
			164
		],
		[
			12,
			13
		],
		[
			122,
			129
		],
		[
			39,
			122
		],
		[
			39,
			129
		],
		[
			99,
			162
		],
		[
			20,
			99
		],
		[
			20,
			162
		],
		[
			67,
			120
		],
		[
			120,
			150
		],
		[
			17,
			126
		],
		[
			16,
			126
		],
		[
			42,
			143
		],
		[
			42,
			129
		],
		[
			129,
			143
		],
		[
			62,
			64
		],
		[
			0,
			1
		],
		[
			1,
			162
		],
		[
			0,
			162
		],
		[
			26,
			27
		],
		[
			26,
			125
		],
		[
			27,
			125
		],
		[
			59,
			60
		],
		[
			43,
			45
		],
		[
			42,
			45
		],
		[
			42,
			43
		],
		[
			66,
			116
		],
		[
			67,
			116
		],
		[
			44,
			106
		],
		[
			44,
			156
		],
		[
			106,
			156
		],
		[
			65,
			100
		],
		[
			65,
			66
		],
		[
			13,
			14
		],
		[
			14,
			144
		],
		[
			42,
			122
		],
		[
			42,
			54
		],
		[
			116,
			120
		],
		[
			24,
			25
		],
		[
			70,
			135
		],
		[
			70,
			130
		],
		[
			130,
			135
		],
		[
			32,
			101
		],
		[
			31,
			101
		],
		[
			73,
			134
		],
		[
			73,
			147
		],
		[
			134,
			147
		],
		[
			19,
			112
		],
		[
			112,
			161
		],
		[
			19,
			161
		],
		[
			14,
			15
		],
		[
			28,
			32
		],
		[
			28,
			101
		],
		[
			65,
			68
		],
		[
			66,
			68
		],
		[
			19,
			20
		],
		[
			19,
			162
		],
		[
			18,
			109
		],
		[
			17,
			18
		],
		[
			30,
			46
		],
		[
			46,
			110
		],
		[
			30,
			110
		],
		[
			46,
			47
		],
		[
			47,
			52
		],
		[
			46,
			52
		],
		[
			103,
			112
		],
		[
			30,
			47
		],
		[
			70,
			72
		],
		[
			72,
			133
		],
		[
			70,
			133
		],
		[
			19,
			114
		],
		[
			57,
			146
		],
		[
			56,
			57
		],
		[
			56,
			146
		],
		[
			69,
			70
		],
		[
			20,
			127
		],
		[
			21,
			127
		],
		[
			48,
			52
		],
		[
			62,
			65
		],
		[
			48,
			50
		],
		[
			50,
			51
		],
		[
			48,
			51
		],
		[
			58,
			59
		],
		[
			58,
			108
		],
		[
			59,
			108
		],
		[
			53,
			54
		],
		[
			53,
			55
		],
		[
			22,
			127
		],
		[
			146,
			159
		],
		[
			57,
			159
		],
		[
			130,
			133
		],
		[
			133,
			160
		],
		[
			130,
			160
		],
		[
			51,
			58
		],
		[
			58,
			146
		],
		[
			51,
			146
		],
		[
			58,
			159
		],
		[
			57,
			122
		],
		[
			39,
			57
		],
		[
			75,
			132
		],
		[
			75,
			151
		],
		[
			132,
			151
		],
		[
			78,
			155
		],
		[
			78,
			102
		],
		[
			102,
			155
		],
		[
			29,
			90
		],
		[
			90,
			131
		],
		[
			49,
			131
		],
		[
			89,
			131
		],
		[
			49,
			89
		],
		[
			51,
			56
		],
		[
			112,
			114
		],
		[
			29,
			101
		],
		[
			28,
			29
		],
		[
			72,
			134
		],
		[
			133,
			134
		],
		[
			27,
			32
		],
		[
			73,
			74
		],
		[
			74,
			153
		],
		[
			73,
			153
		],
		[
			22,
			138
		],
		[
			94,
			138
		],
		[
			51,
			55
		],
		[
			75,
			76
		],
		[
			76,
			123
		],
		[
			75,
			123
		],
		[
			26,
			32
		],
		[
			72,
			73
		],
		[
			45,
			46
		],
		[
			45,
			110
		],
		[
			42,
			53
		],
		[
			9,
			102
		],
		[
			102,
			157
		],
		[
			52,
			53
		],
		[
			52,
			55
		],
		[
			147,
			153
		],
		[
			153,
			154
		],
		[
			147,
			154
		],
		[
			46,
			53
		],
		[
			37,
			39
		],
		[
			36,
			39
		],
		[
			45,
			53
		],
		[
			6,
			166
		],
		[
			6,
			7
		],
		[
			33,
			158
		],
		[
			33,
			142
		],
		[
			123,
			151
		],
		[
			51,
			52
		],
		[
			76,
			157
		],
		[
			123,
			157
		],
		[
			44,
			45
		],
		[
			45,
			156
		],
		[
			38,
			39
		],
		[
			77,
			102
		],
		[
			9,
			77
		],
		[
			31,
			158
		],
		[
			68,
			116
		],
		[
			71,
			133
		],
		[
			71,
			160
		],
		[
			79,
			155
		],
		[
			78,
			79
		],
		[
			28,
			90
		],
		[
			31,
			110
		],
		[
			30,
			31
		],
		[
			30,
			101
		],
		[
			1,
			3
		],
		[
			3,
			97
		],
		[
			79,
			80
		],
		[
			80,
			155
		],
		[
			1,
			2
		],
		[
			2,
			3
		],
		[
			3,
			88
		],
		[
			88,
			97
		],
		[
			80,
			81
		],
		[
			80,
			152
		],
		[
			81,
			152
		],
		[
			141,
			142
		],
		[
			62,
			100
		],
		[
			44,
			110
		],
		[
			43,
			143
		],
		[
			6,
			79
		],
		[
			79,
			121
		],
		[
			6,
			121
		],
		[
			92,
			93
		],
		[
			92,
			125
		],
		[
			93,
			125
		],
		[
			12,
			109
		],
		[
			13,
			109
		],
		[
			76,
			102
		],
		[
			71,
			134
		],
		[
			32,
			136
		],
		[
			26,
			136
		],
		[
			72,
			104
		],
		[
			73,
			104
		],
		[
			48,
			49
		],
		[
			95,
			96
		],
		[
			96,
			139
		],
		[
			95,
			139
		],
		[
			119,
			145
		],
		[
			83,
			145
		],
		[
			83,
			119
		],
		[
			34,
			35
		],
		[
			34,
			41
		],
		[
			88,
			139
		],
		[
			88,
			96
		],
		[
			94,
			118
		],
		[
			98,
			118
		],
		[
			140,
			145
		],
		[
			83,
			140
		],
		[
			63,
			140
		],
		[
			84,
			140
		],
		[
			2,
			7
		],
		[
			7,
			137
		],
		[
			2,
			137
		],
		[
			92,
			95
		],
		[
			92,
			118
		],
		[
			95,
			118
		],
		[
			17,
			103
		],
		[
			103,
			126
		],
		[
			77,
			78
		],
		[
			40,
			143
		],
		[
			34,
			106
		],
		[
			34,
			142
		],
		[
			80,
			121
		],
		[
			44,
			158
		],
		[
			110,
			158
		],
		[
			74,
			82
		],
		[
			82,
			149
		],
		[
			74,
			149
		],
		[
			27,
			91
		],
		[
			91,
			125
		],
		[
			5,
			140
		],
		[
			5,
			82
		],
		[
			82,
			140
		],
		[
			23,
			111
		],
		[
			111,
			114
		],
		[
			23,
			114
		],
		[
			69,
			72
		],
		[
			69,
			104
		],
		[
			149,
			152
		],
		[
			75,
			152
		],
		[
			75,
			149
		],
		[
			88,
			89
		],
		[
			89,
			139
		],
		[
			6,
			137
		],
		[
			83,
			104
		],
		[
			104,
			119
		],
		[
			112,
			126
		],
		[
			87,
			89
		],
		[
			86,
			87
		],
		[
			86,
			89
		],
		[
			115,
			143
		],
		[
			43,
			115
		],
		[
			152,
			155
		],
		[
			74,
			104
		],
		[
			0,
			164
		],
		[
			0,
			12
		],
		[
			82,
			83
		],
		[
			95,
			105
		],
		[
			91,
			105
		],
		[
			91,
			95
		],
		[
			34,
			115
		],
		[
			41,
			115
		],
		[
			41,
			143
		],
		[
			79,
			166
		],
		[
			5,
			84
		],
		[
			13,
			15
		],
		[
			106,
			115
		],
		[
			89,
			108
		],
		[
			74,
			83
		],
		[
			4,
			5
		],
		[
			4,
			84
		],
		[
			1,
			164
		],
		[
			2,
			164
		],
		[
			59,
			117
		],
		[
			87,
			88
		],
		[
			3,
			87
		],
		[
			60,
			117
		],
		[
			84,
			117
		],
		[
			12,
			18
		],
		[
			149,
			153
		],
		[
			4,
			86
		],
		[
			4,
			85
		],
		[
			85,
			86
		],
		[
			90,
			105
		],
		[
			132,
			153
		],
		[
			132,
			154
		],
		[
			86,
			108
		],
		[
			50,
			58
		],
		[
			8,
			163
		],
		[
			87,
			137
		],
		[
			3,
			137
		],
		[
			93,
			94
		],
		[
			116,
			135
		],
		[
			89,
			90
		],
		[
			5,
			81
		],
		[
			81,
			82
		],
		[
			111,
			112
		],
		[
			90,
			139
		],
		[
			105,
			139
		],
		[
			4,
			87
		],
		[
			132,
			149
		],
		[
			81,
			149
		],
		[
			0,
			161
		],
		[
			161,
			162
		],
		[
			4,
			137
		],
		[
			120,
			135
		],
		[
			91,
			92
		],
		[
			76,
			152
		],
		[
			4,
			6
		],
		[
			98,
			127
		],
		[
			43,
			156
		],
		[
			76,
			155
		],
		[
			115,
			156
		],
		[
			81,
			121
		],
		[
			84,
			85
		],
		[
			4,
			121
		],
		[
			5,
			121
		],
		[
			0,
			18
		],
		[
			92,
			94
		],
		[
			26,
			93
		],
		[
			25,
			26
		],
		[
			96,
			98
		],
		[
			96,
			118
		],
		[
			99,
			127
		],
		[
			98,
			99
		],
		[
			96,
			99
		],
		[
			96,
			97
		]
	],
	"score": 0.5073529411764706,
	"obtuse num": 0,
	"steiner num": 167
}