{
	"content_type": "CG_SHOP_2025_Solution",
	"instance_uid": "ortho_250_6e6a66c2",
	"steiner_points_x": [
		761545,
		-162195,
		242469,
		242469,
		880008,
		829823,
		557470,
		-491173,
		381172,
		436115,
		-526632,
		293082,
		-349021,
		934820,
		-249161,
		801376,
		-2803,
		-114937,
		-523672,
		-526632,
		429955,
		0,
		876386,
		364129,
		1123519,
		709544,
		289709,
		7081,
		-677978,
		876386,
		404254,
		432277,
		61254,
		-184640,
		1031195,
		993134,
		876386,
		880009,
		396802,
		226687,
		667121,
		265868,
		-382087,
		126317,
		993135,
		-184640,
		801376,
		557624,
		435017,
		218522,
		365183,
		49036,
		846213,
		"628964021/1455",
		-526632,
		-115900,
		900516,
		49036,
		900516,
		875532,
		-491174,
		833012,
		-303257,
		218522,
		489698,
		-337711,
		1109849,
		459987,
		298199,
		248255,
		1031195,
		417302,
		-337828,
		-102761,
		-115900,
		289771,
		-413006,
		676437,
		-29928,
		236108,
		-184640,
		380859,
		-469612,
		-526632,
		450285,
		-29928,
		350151,
		833012,
		342704,
		841722,
		419376,
		464539,
		411629,
		412363,
		545090,
		661683,
		665689,
		445736,
		730719
	],
	"steiner_points_y": [
		1125766,
		950664,
		939946,
		1000000,
		1071330,
		-1,
		1115577,
		792340,
		1291041,
		1169055,
		"1584681/2",
		523665,
		460059,
		117565,
		573777,
		290751,
		674753,
		658032,
		851653,
		851653,
		1175059,
		316044,
		1317604,
		127699,
		504254,
		348268,
		1127731,
		327976,
		359561,
		1282887,
		422789,
		1181369,
		636204,
		486285,
		574469,
		677045,
		1289342,
		1067804,
		1173034,
		368885,
		618866,
		559561,
		584709,
		645286,
		811022,
		446088,
		618866,
		157001,
		1291041,
		316044,
		1148077,
		923928,
		1282887,
		1182736,
		861551,
		677237,
		1282887,
		879064,
		1291041,
		1317603,
		861551,
		1291041,
		290290,
		368885,
		316044,
		596480,
		586068,
		152670,
		1125357,
		1148841,
		406256,
		660562,
		751241,
		680003,
		672665,
		958869,
		842552,
		1155436,
		768210,
		1153780,
		464831,
		1218508,
		359561,
		627076,
		805040,
		672665,
		1194812,
		1177417,
		144806,
		1053482,
		1090186,
		1125120,
		1027223,
		1153318,
		1020979,
		811023,
		0,
		965804,
		1009783
	],
	"edges": [
		[
			80,
			272
		],
		[
			73,
			306
		],
		[
			74,
			306
		],
		[
			58,
			60
		],
		[
			168,
			230
		],
		[
			168,
			335
		],
		[
			254,
			287
		],
		[
			65,
			287
		],
		[
			65,
			254
		],
		[
			3,
			289
		],
		[
			280,
			289
		],
		[
			3,
			280
		],
		[
			56,
			290
		],
		[
			290,
			345
		],
		[
			56,
			345
		],
		[
			57,
			60
		],
		[
			14,
			317
		],
		[
			15,
			317
		],
		[
			64,
			254
		],
		[
			80,
			82
		],
		[
			80,
			83
		],
		[
			170,
			251
		],
		[
			173,
			251
		],
		[
			170,
			173
		],
		[
			11,
			14
		],
		[
			12,
			14
		],
		[
			7,
			10
		],
		[
			7,
			273
		],
		[
			7,
			9
		],
		[
			7,
			338
		],
		[
			175,
			251
		],
		[
			173,
			175
		],
		[
			4,
			6
		],
		[
			151,
			252
		],
		[
			152,
			252
		],
		[
			223,
			323
		],
		[
			230,
			323
		],
		[
			223,
			230
		],
		[
			305,
			324
		],
		[
			223,
			305
		],
		[
			182,
			292
		],
		[
			196,
			292
		],
		[
			182,
			196
		],
		[
			60,
			339
		],
		[
			287,
			339
		],
		[
			60,
			287
		],
		[
			62,
			287
		],
		[
			60,
			62
		],
		[
			66,
			68
		],
		[
			108,
			281
		],
		[
			270,
			281
		],
		[
			108,
			270
		],
		[
			288,
			336
		],
		[
			288,
			300
		],
		[
			300,
			336
		],
		[
			279,
			286
		],
		[
			74,
			286
		],
		[
			74,
			279
		],
		[
			78,
			286
		],
		[
			89,
			286
		],
		[
			78,
			89
		],
		[
			56,
			285
		],
		[
			285,
			296
		],
		[
			56,
			296
		],
		[
			142,
			342
		],
		[
			139,
			142
		],
		[
			139,
			342
		],
		[
			75,
			77
		],
		[
			75,
			308
		],
		[
			289,
			313
		],
		[
			248,
			289
		],
		[
			153,
			252
		],
		[
			1,
			271
		],
		[
			2,
			271
		],
		[
			83,
			85
		],
		[
			157,
			293
		],
		[
			158,
			293
		],
		[
			62,
			254
		],
		[
			63,
			254
		],
		[
			6,
			273
		],
		[
			6,
			11
		],
		[
			53,
			285
		],
		[
			285,
			294
		],
		[
			53,
			294
		],
		[
			91,
			337
		],
		[
			71,
			91
		],
		[
			158,
			282
		],
		[
			266,
			282
		],
		[
			158,
			266
		],
		[
			75,
			78
		],
		[
			157,
			291
		],
		[
			291,
			293
		],
		[
			70,
			95
		],
		[
			95,
			337
		],
		[
			85,
			87
		],
		[
			242,
			282
		],
		[
			282,
			293
		],
		[
			242,
			293
		],
		[
			40,
			290
		],
		[
			290,
			296
		],
		[
			40,
			296
		],
		[
			197,
			292
		],
		[
			262,
			292
		],
		[
			197,
			262
		],
		[
			95,
			250
		],
		[
			250,
			327
		],
		[
			117,
			331
		],
		[
			118,
			331
		],
		[
			111,
			113
		],
		[
			111,
			298
		],
		[
			217,
			295
		],
		[
			217,
			330
		],
		[
			181,
			315
		],
		[
			292,
			315
		],
		[
			181,
			292
		],
		[
			43,
			45
		],
		[
			300,
			343
		],
		[
			288,
			343
		],
		[
			147,
			150
		],
		[
			147,
			252
		],
		[
			150,
			252
		],
		[
			206,
			209
		],
		[
			209,
			312
		],
		[
			50,
			320
		],
		[
			51,
			320
		],
		[
			248,
			299
		],
		[
			277,
			299
		],
		[
			137,
			276
		],
		[
			276,
			318
		],
		[
			137,
			318
		],
		[
			280,
			290
		],
		[
			290,
			314
		],
		[
			280,
			314
		],
		[
			31,
			346
		],
		[
			17,
			31
		],
		[
			182,
			184
		],
		[
			182,
			333
		],
		[
			184,
			333
		],
		[
			270,
			343
		],
		[
			108,
			343
		],
		[
			168,
			323
		],
		[
			161,
			163
		],
		[
			116,
			298
		],
		[
			116,
			258
		],
		[
			234,
			282
		],
		[
			237,
			282
		],
		[
			234,
			237
		],
		[
			205,
			262
		],
		[
			210,
			262
		],
		[
			205,
			210
		],
		[
			125,
			319
		],
		[
			125,
			276
		],
		[
			276,
			319
		],
		[
			18,
			255
		],
		[
			19,
			255
		],
		[
			37,
			275
		],
		[
			40,
			275
		],
		[
			37,
			40
		],
		[
			96,
			98
		],
		[
			148,
			150
		],
		[
			213,
			264
		],
		[
			220,
			264
		],
		[
			213,
			220
		],
		[
			243,
			291
		],
		[
			243,
			293
		],
		[
			192,
			194
		],
		[
			192,
			304
		],
		[
			161,
			307
		],
		[
			161,
			301
		],
		[
			20,
			255
		],
		[
			186,
			326
		],
		[
			154,
			325
		],
		[
			143,
			325
		],
		[
			143,
			154
		],
		[
			20,
			263
		],
		[
			20,
			27
		],
		[
			190,
			310
		],
		[
			231,
			233
		],
		[
			139,
			141
		],
		[
			212,
			315
		],
		[
			264,
			315
		],
		[
			212,
			264
		],
		[
			130,
			319
		],
		[
			131,
			319
		],
		[
			214,
			216
		],
		[
			244,
			246
		],
		[
			21,
			263
		],
		[
			24,
			263
		],
		[
			21,
			24
		],
		[
			257,
			333
		],
		[
			184,
			257
		],
		[
			37,
			39
		],
		[
			37,
			265
		],
		[
			89,
			302
		],
		[
			302,
			311
		],
		[
			143,
			146
		],
		[
			146,
			325
		],
		[
			46,
			48
		],
		[
			271,
			277
		],
		[
			223,
			229
		],
		[
			6,
			317
		],
		[
			11,
			317
		],
		[
			198,
			201
		],
		[
			198,
			332
		],
		[
			201,
			332
		],
		[
			154,
			347
		],
		[
			154,
			342
		],
		[
			342,
			347
		],
		[
			164,
			307
		],
		[
			161,
			164
		],
		[
			126,
			329
		],
		[
			126,
			130
		],
		[
			130,
			329
		],
		[
			2,
			277
		],
		[
			231,
			266
		],
		[
			233,
			266
		],
		[
			83,
			309
		],
		[
			85,
			309
		],
		[
			43,
			274
		],
		[
			45,
			274
		],
		[
			51,
			296
		],
		[
			52,
			296
		],
		[
			251,
			323
		],
		[
			305,
			323
		],
		[
			251,
			305
		],
		[
			339,
			348
		],
		[
			66,
			348
		],
		[
			66,
			339
		],
		[
			21,
			23
		],
		[
			234,
			236
		],
		[
			147,
			153
		],
		[
			78,
			309
		],
		[
			78,
			88
		],
		[
			88,
			309
		],
		[
			205,
			209
		],
		[
			105,
			281
		],
		[
			281,
			303
		],
		[
			105,
			303
		],
		[
			15,
			346
		],
		[
			15,
			33
		],
		[
			33,
			346
		],
		[
			57,
			348
		],
		[
			57,
			339
		],
		[
			3,
			314
		],
		[
			46,
			49
		],
		[
			46,
			284
		],
		[
			188,
			191
		],
		[
			191,
			310
		],
		[
			15,
			297
		],
		[
			33,
			297
		],
		[
			179,
			181
		],
		[
			222,
			305
		],
		[
			222,
			251
		],
		[
			123,
			336
		],
		[
			123,
			300
		],
		[
			331,
			336
		],
		[
			288,
			331
		],
		[
			27,
			29
		],
		[
			131,
			276
		],
		[
			134,
			276
		],
		[
			131,
			134
		],
		[
			178,
			322
		],
		[
			121,
			336
		],
		[
			121,
			123
		],
		[
			102,
			259
		],
		[
			259,
			270
		],
		[
			102,
			270
		],
		[
			85,
			88
		],
		[
			217,
			219
		],
		[
			147,
			325
		],
		[
			153,
			325
		],
		[
			259,
			343
		],
		[
			213,
			283
		],
		[
			239,
			242
		],
		[
			239,
			282
		],
		[
			175,
			220
		],
		[
			175,
			264
		],
		[
			188,
			260
		],
		[
			188,
			257
		],
		[
			257,
			260
		],
		[
			125,
			300
		],
		[
			123,
			125
		],
		[
			202,
			204
		],
		[
			202,
			278
		],
		[
			145,
			253
		],
		[
			146,
			253
		],
		[
			102,
			104
		],
		[
			134,
			137
		],
		[
			109,
			116
		],
		[
			109,
			117
		],
		[
			138,
			318
		],
		[
			300,
			318
		],
		[
			138,
			300
		],
		[
			207,
			209
		],
		[
			167,
			335
		],
		[
			167,
			231
		],
		[
			50,
			274
		],
		[
			45,
			50
		],
		[
			237,
			239
		],
		[
			262,
			315
		],
		[
			198,
			200
		],
		[
			71,
			311
		],
		[
			71,
			90
		],
		[
			260,
			268
		],
		[
			188,
			268
		],
		[
			109,
			111
		],
		[
			17,
			30
		],
		[
			30,
			255
		],
		[
			17,
			255
		],
		[
			168,
			251
		],
		[
			169,
			251
		],
		[
			69,
			327
		],
		[
			155,
			157
		],
		[
			261,
			280
		],
		[
			261,
			321
		],
		[
			280,
			321
		],
		[
			192,
			269
		],
		[
			192,
			268
		],
		[
			268,
			269
		],
		[
			225,
			267
		],
		[
			212,
			262
		],
		[
			210,
			212
		],
		[
			297,
			317
		],
		[
			118,
			120
		],
		[
			98,
			341
		],
		[
			101,
			341
		],
		[
			98,
			101
		],
		[
			176,
			179
		],
		[
			176,
			181
		],
		[
			314,
			317
		],
		[
			297,
			314
		],
		[
			160,
			301
		],
		[
			201,
			278
		],
		[
			65,
			339
		],
		[
			104,
			270
		],
		[
			104,
			281
		],
		[
			244,
			261
		],
		[
			244,
			280
		],
		[
			275,
			314
		],
		[
			275,
			290
		],
		[
			139,
			340
		],
		[
			340,
			342
		],
		[
			40,
			51
		],
		[
			176,
			315
		],
		[
			118,
			121
		],
		[
			98,
			100
		],
		[
			196,
			333
		],
		[
			165,
			307
		],
		[
			274,
			320
		],
		[
			108,
			117
		],
		[
			108,
			331
		],
		[
			214,
			330
		],
		[
			214,
			283
		],
		[
			27,
			30
		],
		[
			220,
			222
		],
		[
			175,
			222
		],
		[
			334,
			347
		],
		[
			154,
			334
		],
		[
			290,
			321
		],
		[
			52,
			285
		],
		[
			143,
			342
		],
		[
			256,
			341
		],
		[
			96,
			341
		],
		[
			96,
			256
		],
		[
			290,
			334
		],
		[
			334,
			345
		],
		[
			46,
			316
		],
		[
			118,
			336
		],
		[
			226,
			228
		],
		[
			170,
			172
		],
		[
			126,
			319
		],
		[
			229,
			267
		],
		[
			226,
			229
		],
		[
			226,
			267
		],
		[
			187,
			326
		],
		[
			286,
			302
		],
		[
			138,
			340
		],
		[
			191,
			268
		],
		[
			24,
			26
		],
		[
			165,
			328
		],
		[
			4,
			317
		],
		[
			259,
			341
		],
		[
			341,
			343
		],
		[
			126,
			128
		],
		[
			3,
			248
		],
		[
			69,
			96
		],
		[
			158,
			165
		],
		[
			158,
			328
		],
		[
			243,
			261
		],
		[
			261,
			291
		],
		[
			244,
			247
		],
		[
			125,
			318
		],
		[
			345,
			347
		],
		[
			34,
			314
		],
		[
			34,
			297
		],
		[
			80,
			309
		],
		[
			175,
			315
		],
		[
			233,
			282
		],
		[
			68,
			348
		],
		[
			321,
			334
		],
		[
			131,
			133
		],
		[
			75,
			286
		],
		[
			197,
			205
		],
		[
			300,
			340
		],
		[
			256,
			344
		],
		[
			341,
			344
		],
		[
			101,
			259
		],
		[
			36,
			314
		],
		[
			36,
			275
		],
		[
			340,
			343
		],
		[
			340,
			341
		],
		[
			105,
			107
		],
		[
			57,
			345
		],
		[
			345,
			348
		],
		[
			94,
			337
		],
		[
			91,
			94
		],
		[
			34,
			36
		],
		[
			41,
			274
		],
		[
			68,
			256
		],
		[
			69,
			256
		],
		[
			4,
			314
		],
		[
			111,
			116
		],
		[
			291,
			321
		],
		[
			157,
			321
		],
		[
			155,
			334
		],
		[
			155,
			321
		],
		[
			184,
			187
		],
		[
			41,
			43
		],
		[
			342,
			344
		],
		[
			344,
			347
		],
		[
			134,
			136
		],
		[
			214,
			217
		],
		[
			53,
			55
		],
		[
			247,
			280
		],
		[
			247,
			289
		],
		[
			344,
			348
		],
		[
			68,
			344
		],
		[
			167,
			266
		],
		[
			272,
			309
		],
		[
			187,
			257
		],
		[
			198,
			205
		],
		[
			27,
			255
		],
		[
			45,
			284
		],
		[
			114,
			116
		],
		[
			239,
			241
		],
		[
			179,
			322
		],
		[
			158,
			167
		],
		[
			91,
			93
		],
		[
			340,
			344
		],
		[
			344,
			345
		],
		[
			31,
			33
		],
		[
			108,
			288
		]
	],
	"score": 0.505,
	"obtuse num": 0,
	"steiner num": 349
}