{
	"content_type": "CG_SHOP_2025_Solution",
	"instance_uid": "ortho_20_e2aff192",
	"steiner_points_x": [
		561688,
		918384,
		"15294217110/25093",
		799256,
		918384
	],
	"steiner_points_y": [
		1000000,
		1000000,
		0,
		305393,
		635342
	],
	"edges": [
		[
			7,
			14
		],
		[
			14,
			24
		],
		[
			7,
			24
		],
		[
			14,
			15
		],
		[
			14,
			16
		],
		[
			15,
			16
		],
		[
			8,
			20
		],
		[
			8,
			13
		],
		[
			13,
			20
		],
		[
			5,
			7
		],
		[
			6,
			7
		],
		[
			5,
			6
		],
		[
			17,
			23
		],
		[
			4,
			17
		],
		[
			4,
			23
		],
		[
			8,
			10
		],
		[
			8,
			21
		],
		[
			10,
			21
		],
		[
			14,
			17
		],
		[
			16,
			17
		],
		[
			3,
			18
		],
		[
			18,
			23
		],
		[
			3,
			23
		],
		[
			3,
			22
		],
		[
			1,
			3
		],
		[
			1,
			22
		],
		[
			4,
			14
		],
		[
			0,
			18
		],
		[
			18,
			22
		],
		[
			0,
			22
		],
		[
			11,
			13
		],
		[
			11,
			20
		],
		[
			4,
			5
		],
		[
			4,
			7
		],
		[
			18,
			19
		],
		[
			0,
			19
		],
		[
			12,
			13
		],
		[
			11,
			12
		],
		[
			13,
			24
		],
		[
			8,
			24
		],
		[
			1,
			2
		],
		[
			2,
			3
		],
		[
			8,
			9
		],
		[
			9,
			10
		],
		[
			13,
			14
		],
		[
			20,
			21
		],
		[
			17,
			18
		]
	],
	"score": 0.5833333333333334,
	"obtuse num": 0,
	"steiner num": 25
}