{
	"content_type": "CG_SHOP_2025_Solution",
	"instance_uid": "point-set_40_1b92b629",
	"steiner_points_x": [
		29,
		"26001/793",
		"-5031/53",
		"411/5",
		68,
		59,
		-27,
		16,
		"-702201/9074",
		-31,
		"399/5",
		"-135/61",
		-84,
		"6067/65",
		-46,
		"-333/233",
		"39555/793",
		"-31680/343",
		-69,
		-24,
		"6321/65",
		-22,
		"-34237/1165",
		-37,
		52,
		"5614/65",
		63,
		21,
		60,
		-59,
		-51,
		"-13287/233",
		3,
		"-28107/793",
		"-4503/53",
		-67,
		"7106/181",
		25,
		85,
		"5861/65",
		"1036/13"
	],
	"steiner_points_y": [
		41,
		"-60042/793",
		"2240/53",
		"-267/5",
		-72,
		72,
		61,
		45,
		"-34225/9074",
		31,
		"437/5",
		"-3986/61",
		29,
		"2321/65",
		72,
		"21249/233",
		"-64058/793",
		"8860/343",
		67,
		55,
		"4353/65",
		76,
		"103371/1165",
		-45,
		-47,
		"-1303/65",
		54,
		77,
		-19,
		52,
		41,
		"20106/233",
		63,
		"-44010/793",
		"4088/53",
		0,
		"17026/181",
		-31,
		69,
		"673/65",
		"-955/13"
	],
	"edges": [
		[
			2,
			6
		],
		[
			4,
			6
		],
		[
			2,
			4
		],
		[
			36,
			78
		],
		[
			60,
			78
		],
		[
			36,
			60
		],
		[
			2,
			17
		],
		[
			17,
			51
		],
		[
			2,
			51
		],
		[
			18,
			51
		],
		[
			2,
			18
		],
		[
			7,
			76
		],
		[
			7,
			30
		],
		[
			9,
			19
		],
		[
			9,
			78
		],
		[
			19,
			78
		],
		[
			49,
			59
		],
		[
			37,
			49
		],
		[
			37,
			59
		],
		[
			34,
			68
		],
		[
			65,
			68
		],
		[
			34,
			65
		],
		[
			5,
			46
		],
		[
			5,
			39
		],
		[
			39,
			46
		],
		[
			4,
			77
		],
		[
			4,
			12
		],
		[
			12,
			77
		],
		[
			26,
			78
		],
		[
			18,
			63
		],
		[
			18,
			27
		],
		[
			27,
			63
		],
		[
			49,
			70
		],
		[
			37,
			70
		],
		[
			7,
			45
		],
		[
			11,
			45
		],
		[
			7,
			11
		],
		[
			34,
			43
		],
		[
			15,
			37
		],
		[
			24,
			37
		],
		[
			15,
			24
		],
		[
			19,
			66
		],
		[
			9,
			66
		],
		[
			34,
			44
		],
		[
			43,
			44
		],
		[
			5,
			61
		],
		[
			23,
			61
		],
		[
			5,
			23
		],
		[
			33,
			74
		],
		[
			33,
			58
		],
		[
			58,
			74
		],
		[
			12,
			68
		],
		[
			68,
			77
		],
		[
			5,
			10
		],
		[
			10,
			61
		],
		[
			7,
			38
		],
		[
			11,
			38
		],
		[
			18,
			73
		],
		[
			23,
			67
		],
		[
			67,
			72
		],
		[
			23,
			72
		],
		[
			32,
			42
		],
		[
			16,
			32
		],
		[
			13,
			67
		],
		[
			13,
			72
		],
		[
			22,
			38
		],
		[
			11,
			22
		],
		[
			37,
			69
		],
		[
			69,
			70
		],
		[
			24,
			69
		],
		[
			24,
			28
		],
		[
			28,
			31
		],
		[
			24,
			31
		],
		[
			42,
			58
		],
		[
			28,
			58
		],
		[
			28,
			42
		],
		[
			27,
			75
		],
		[
			63,
			75
		],
		[
			28,
			32
		],
		[
			64,
			68
		],
		[
			34,
			64
		],
		[
			29,
			49
		],
		[
			4,
			29
		],
		[
			4,
			49
		],
		[
			48,
			75
		],
		[
			17,
			77
		],
		[
			41,
			77
		],
		[
			17,
			41
		],
		[
			13,
			38
		],
		[
			38,
			67
		],
		[
			20,
			22
		],
		[
			20,
			66
		],
		[
			22,
			66
		],
		[
			10,
			62
		],
		[
			61,
			62
		],
		[
			0,
			50
		],
		[
			0,
			30
		],
		[
			36,
			53
		],
		[
			52,
			75
		],
		[
			48,
			52
		],
		[
			3,
			64
		],
		[
			3,
			34
		],
		[
			35,
			79
		],
		[
			35,
			36
		],
		[
			36,
			79
		],
		[
			55,
			61
		],
		[
			13,
			47
		],
		[
			47,
			72
		],
		[
			3,
			56
		],
		[
			3,
			14
		],
		[
			35,
			65
		],
		[
			8,
			67
		],
		[
			7,
			8
		],
		[
			7,
			67
		],
		[
			39,
			59
		],
		[
			29,
			39
		],
		[
			29,
			59
		],
		[
			3,
			41
		],
		[
			41,
			64
		],
		[
			10,
			46
		],
		[
			12,
			40
		],
		[
			4,
			40
		],
		[
			44,
			80
		],
		[
			22,
			40
		],
		[
			38,
			40
		],
		[
			23,
			55
		],
		[
			30,
			45
		],
		[
			0,
			45
		],
		[
			21,
			33
		],
		[
			19,
			35
		],
		[
			19,
			36
		],
		[
			0,
			26
		],
		[
			29,
			72
		],
		[
			39,
			72
		],
		[
			35,
			68
		],
		[
			31,
			54
		],
		[
			24,
			54
		],
		[
			31,
			71
		],
		[
			54,
			71
		],
		[
			12,
			22
		],
		[
			3,
			44
		],
		[
			14,
			44
		],
		[
			6,
			70
		],
		[
			6,
			52
		],
		[
			52,
			70
		],
		[
			31,
			58
		],
		[
			2,
			63
		],
		[
			6,
			63
		],
		[
			8,
			23
		],
		[
			9,
			20
		],
		[
			20,
			45
		],
		[
			9,
			45
		],
		[
			6,
			49
		],
		[
			10,
			54
		],
		[
			54,
			62
		],
		[
			29,
			47
		],
		[
			32,
			57
		],
		[
			52,
			57
		],
		[
			15,
			46
		],
		[
			37,
			46
		],
		[
			25,
			66
		],
		[
			22,
			25
		],
		[
			12,
			25
		],
		[
			32,
			52
		],
		[
			46,
			59
		],
		[
			28,
			69
		],
		[
			4,
			17
		],
		[
			25,
			68
		],
		[
			64,
			77
		],
		[
			0,
			9
		],
		[
			0,
			78
		],
		[
			31,
			33
		],
		[
			23,
			39
		],
		[
			40,
			47
		],
		[
			4,
			47
		],
		[
			13,
			40
		],
		[
			15,
			54
		],
		[
			25,
			35
		],
		[
			33,
			71
		],
		[
			6,
			75
		],
		[
			11,
			20
		],
		[
			32,
			69
		],
		[
			1,
			44
		],
		[
			10,
			15
		],
		[
			19,
			25
		],
		[
			52,
			69
		]
	],
	"score": 0.5119047619047619,
	"obtuse num": 0,
	"steiner num": 81
}