{
	"content_type": "CG_SHOP_2025_Solution",
	"instance_uid": "point-set_150_20bcb550",
	"steiner_points_x": [
		800,
		6750,
		6750,
		"15700/677",
		"15341409/2105",
		"987330/673",
		6150,
		1550,
		6151,
		"47100/677",
		"4144270/673",
		700,
		6150,
		"22900/173",
		1550,
		1249,
		"4275350/673",
		6612,
		500,
		800,
		300,
		6970,
		6250,
		"20900/677",
		145,
		1550,
		289,
		500,
		"620860/89",
		6850,
		850,
		6150,
		500,
		"7900/677",
		1421,
		1560,
		6150,
		"2581180/337",
		"59900/677",
		1550,
		1550,
		"28205100/458329",
		"3134210/421",
		6148,
		"127480100/1885129",
		6350,
		6154,
		"987330/673",
		6550,
		7480,
		601,
		6849,
		6822,
		400,
		6350,
		1476,
		6450,
		6760,
		100,
		"31100/173",
		200,
		850,
		6650,
		6150,
		"12925092/1685",
		1550,
		6150,
		6150,
		850,
		500,
		700,
		6150,
		6250,
		"2995890/421",
		"2573500/337",
		"28800/677",
		6550,
		"54800/677",
		6949,
		6150,
		"2134075/2809",
		"4208070/673",
		"111008/1373",
		764,
		6850,
		"135832/1373",
		6148,
		"3163538/445",
		7649,
		1550,
		6800,
		700,
		500,
		6650,
		400,
		6375,
		6550,
		6151,
		"987330/673",
		6150,
		7648,
		"78724/1373",
		"2568580/337",
		6150,
		6154,
		6150,
		6150,
		"15200/1373",
		103,
		1465,
		6650,
		"33350/53",
		1550,
		800,
		1539,
		6147,
		"873917644/113569",
		800
	],
	"steiner_points_y": [
		3327,
		3950,
		4650,
		"1792050/677",
		"8326808/2105",
		4400,
		1439,
		450,
		1151,
		"975650/677",
		"3740860/673",
		950,
		0,
		"76050/173",
		2950,
		3304,
		"3738600/673",
		1220,
		3450,
		2150,
		650,
		2988,
		4650,
		"1656850/677",
		4306,
		1650,
		2108,
		4500,
		"9570/89",
		3250,
		4300,
		1650,
		"49100/9",
		"1994850/677",
		4851,
		1172,
		950,
		950,
		"642850/677",
		2900,
		950,
		"756236650/458329",
		"1442220/421",
		4503,
		"8485051100/1885129",
		3250,
		5401,
		"3795290/673",
		3250,
		2149,
		1649,
		551,
		4437,
		2083,
		2450,
		4849,
		850,
		1226,
		3250,
		"22750/173",
		5200,
		4500,
		4650,
		2150,
		"2445114/1685",
		3450,
		2450,
		4650,
		5599,
		4850,
		1150,
		2950,
		1439,
		"1910380/421",
		"725150/337",
		"1451450/677",
		3450,
		"775450/677",
		550,
		3950,
		"15729975/2809",
		"3739760/673",
		"6515898/1373",
		375,
		3450,
		"6975142/1373",
		482,
		"84051/445",
		830,
		0,
		2600,
		4850,
		4300,
		3250,
		0,
		75,
		4650,
		4503,
		5400,
		2650,
		1450,
		"5918644/1373",
		"826010/337",
		3450,
		5101,
		1950,
		150,
		"4743450/1373",
		5080,
		4574,
		1950,
		"292950/53",
		2150,
		650,
		2650,
		651,
		"108088598/113569",
		2582
	],
	"edges": [
		[
			12,
			201
		],
		[
			12,
			61
		],
		[
			61,
			201
		],
		[
			8,
			147
		],
		[
			147,
			240
		],
		[
			8,
			240
		],
		[
			25,
			207
		],
		[
			167,
			207
		],
		[
			25,
			167
		],
		[
			28,
			123
		],
		[
			78,
			123
		],
		[
			28,
			78
		],
		[
			149,
			257
		],
		[
			11,
			149
		],
		[
			122,
			136
		],
		[
			21,
			136
		],
		[
			21,
			122
		],
		[
			124,
			240
		],
		[
			8,
			124
		],
		[
			37,
			220
		],
		[
			37,
			65
		],
		[
			65,
			220
		],
		[
			239,
			256
		],
		[
			162,
			256
		],
		[
			27,
			146
		],
		[
			27,
			50
		],
		[
			50,
			146
		],
		[
			24,
			219
		],
		[
			24,
			71
		],
		[
			71,
			219
		],
		[
			126,
			260
		],
		[
			7,
			260
		],
		[
			7,
			126
		],
		[
			226,
			234
		],
		[
			234,
			243
		],
		[
			226,
			243
		],
		[
			0,
			59
		],
		[
			42,
			59
		],
		[
			0,
			42
		],
		[
			53,
			131
		],
		[
			131,
			191
		],
		[
			53,
			191
		],
		[
			29,
			55
		],
		[
			55,
			132
		],
		[
			29,
			132
		],
		[
			24,
			210
		],
		[
			24,
			102
		],
		[
			102,
			210
		],
		[
			37,
			86
		],
		[
			86,
			200
		],
		[
			37,
			200
		],
		[
			9,
			24
		],
		[
			9,
			102
		],
		[
			38,
			129
		],
		[
			38,
			80
		],
		[
			80,
			129
		],
		[
			47,
			238
		],
		[
			187,
			238
		],
		[
			47,
			187
		],
		[
			51,
			198
		],
		[
			0,
			198
		],
		[
			0,
			51
		],
		[
			15,
			256
		],
		[
			41,
			123
		],
		[
			41,
			78
		],
		[
			245,
			256
		],
		[
			15,
			245
		],
		[
			55,
			176
		],
		[
			55,
			203
		],
		[
			176,
			203
		],
		[
			94,
			161
		],
		[
			93,
			161
		],
		[
			93,
			94
		],
		[
			105,
			164
		],
		[
			164,
			215
		],
		[
			105,
			215
		],
		[
			10,
			36
		],
		[
			36,
			130
		],
		[
			10,
			130
		],
		[
			4,
			163
		],
		[
			4,
			209
		],
		[
			249,
			264
		],
		[
			216,
			249
		],
		[
			216,
			264
		],
		[
			71,
			123
		],
		[
			123,
			219
		],
		[
			120,
			242
		],
		[
			120,
			180
		],
		[
			180,
			242
		],
		[
			197,
			218
		],
		[
			84,
			218
		],
		[
			4,
			26
		],
		[
			4,
			127
		],
		[
			26,
			127
		],
		[
			27,
			166
		],
		[
			27,
			142
		],
		[
			17,
			137
		],
		[
			137,
			255
		],
		[
			17,
			255
		],
		[
			213,
			262
		],
		[
			213,
			255
		],
		[
			255,
			262
		],
		[
			150,
			180
		],
		[
			165,
			180
		],
		[
			150,
			165
		],
		[
			56,
			167
		],
		[
			25,
			56
		],
		[
			154,
			202
		],
		[
			202,
			223
		],
		[
			219,
			241
		],
		[
			123,
			241
		],
		[
			161,
			190
		],
		[
			161,
			220
		],
		[
			190,
			220
		],
		[
			113,
			175
		],
		[
			113,
			262
		],
		[
			175,
			262
		],
		[
			41,
			71
		],
		[
			116,
			149
		],
		[
			116,
			168
		],
		[
			149,
			168
		],
		[
			3,
			240
		],
		[
			125,
			240
		],
		[
			3,
			125
		],
		[
			184,
			248
		],
		[
			139,
			184
		],
		[
			139,
			248
		],
		[
			135,
			173
		],
		[
			135,
			225
		],
		[
			216,
			262
		],
		[
			262,
			264
		],
		[
			187,
			266
		],
		[
			67,
			159
		],
		[
			67,
			227
		],
		[
			63,
			254
		],
		[
			196,
			254
		],
		[
			63,
			196
		],
		[
			122,
			221
		],
		[
			105,
			221
		],
		[
			105,
			122
		],
		[
			101,
			260
		],
		[
			118,
			260
		],
		[
			101,
			118
		],
		[
			4,
			144
		],
		[
			211,
			241
		],
		[
			184,
			241
		],
		[
			184,
			211
		],
		[
			61,
			62
		],
		[
			62,
			187
		],
		[
			61,
			187
		],
		[
			156,
			158
		],
		[
			156,
			222
		],
		[
			158,
			222
		],
		[
			96,
			247
		],
		[
			172,
			247
		],
		[
			96,
			172
		],
		[
			28,
			139
		],
		[
			28,
			145
		],
		[
			139,
			145
		],
		[
			45,
			141
		],
		[
			141,
			147
		],
		[
			45,
			147
		],
		[
			139,
			241
		],
		[
			28,
			241
		],
		[
			53,
			203
		],
		[
			53,
			176
		],
		[
			221,
			249
		],
		[
			189,
			249
		],
		[
			189,
			221
		],
		[
			229,
			247
		],
		[
			96,
			229
		],
		[
			6,
			212
		],
		[
			6,
			14
		],
		[
			14,
			212
		],
		[
			86,
			131
		],
		[
			53,
			86
		],
		[
			98,
			138
		],
		[
			138,
			168
		],
		[
			98,
			168
		],
		[
			118,
			199
		],
		[
			23,
			199
		],
		[
			23,
			118
		],
		[
			124,
			171
		],
		[
			103,
			171
		],
		[
			103,
			124
		],
		[
			156,
			181
		],
		[
			181,
			222
		],
		[
			201,
			228
		],
		[
			49,
			228
		],
		[
			49,
			201
		],
		[
			46,
			250
		],
		[
			23,
			46
		],
		[
			23,
			250
		],
		[
			124,
			252
		],
		[
			177,
			211
		],
		[
			177,
			241
		],
		[
			196,
			197
		],
		[
			160,
			196
		],
		[
			35,
			117
		],
		[
			117,
			263
		],
		[
			35,
			263
		],
		[
			152,
			202
		],
		[
			152,
			223
		],
		[
			158,
			186
		],
		[
			87,
			158
		],
		[
			87,
			186
		],
		[
			205,
			259
		],
		[
			184,
			259
		],
		[
			184,
			205
		],
		[
			20,
			109
		],
		[
			20,
			233
		],
		[
			109,
			233
		],
		[
			10,
			161
		],
		[
			130,
			161
		],
		[
			5,
			245
		],
		[
			5,
			54
		],
		[
			54,
			245
		],
		[
			57,
			87
		],
		[
			1,
			57
		],
		[
			1,
			87
		],
		[
			161,
			263
		],
		[
			93,
			263
		],
		[
			21,
			38
		],
		[
			21,
			51
		],
		[
			38,
			51
		],
		[
			90,
			94
		],
		[
			20,
			94
		],
		[
			20,
			90
		],
		[
			77,
			253
		],
		[
			229,
			253
		],
		[
			77,
			229
		],
		[
			1,
			186
		],
		[
			3,
			124
		],
		[
			3,
			171
		],
		[
			18,
			109
		],
		[
			74,
			109
		],
		[
			21,
			249
		],
		[
			122,
			249
		],
		[
			104,
			140
		],
		[
			7,
			140
		],
		[
			7,
			104
		],
		[
			190,
			263
		],
		[
			35,
			190
		],
		[
			108,
			112
		],
		[
			108,
			245
		],
		[
			112,
			245
		],
		[
			192,
			234
		],
		[
			154,
			234
		],
		[
			33,
			50
		],
		[
			32,
			33
		],
		[
			32,
			50
		],
		[
			22,
			102
		],
		[
			116,
			242
		],
		[
			116,
			120
		],
		[
			59,
			198
		],
		[
			112,
			121
		],
		[
			112,
			236
		],
		[
			121,
			236
		],
		[
			158,
			185
		],
		[
			156,
			185
		],
		[
			72,
			107
		],
		[
			72,
			178
		],
		[
			83,
			135
		],
		[
			83,
			225
		],
		[
			61,
			228
		],
		[
			99,
			128
		],
		[
			128,
			132
		],
		[
			99,
			132
		],
		[
			42,
			66
		],
		[
			42,
			147
		],
		[
			66,
			147
		],
		[
			236,
			265
		],
		[
			121,
			265
		],
		[
			27,
			33
		],
		[
			10,
			94
		],
		[
			204,
			216
		],
		[
			204,
			249
		],
		[
			48,
			212
		],
		[
			152,
			212
		],
		[
			48,
			152
		],
		[
			106,
			165
		],
		[
			13,
			106
		],
		[
			13,
			165
		],
		[
			34,
			217
		],
		[
			217,
			254
		],
		[
			34,
			254
		],
		[
			1,
			121
		],
		[
			57,
			121
		],
		[
			40,
			200
		],
		[
			69,
			200
		],
		[
			40,
			69
		],
		[
			88,
			260
		],
		[
			7,
			88
		],
		[
			41,
			261
		],
		[
			78,
			261
		],
		[
			5,
			49
		],
		[
			49,
			72
		],
		[
			5,
			72
		],
		[
			35,
			157
		],
		[
			117,
			157
		],
		[
			6,
			115
		],
		[
			97,
			115
		],
		[
			6,
			97
		],
		[
			13,
			111
		],
		[
			43,
			111
		],
		[
			13,
			43
		],
		[
			193,
			259
		],
		[
			217,
			259
		],
		[
			193,
			217
		],
		[
			30,
			244
		],
		[
			18,
			30
		],
		[
			132,
			135
		],
		[
			85,
			135
		],
		[
			85,
			132
		],
		[
			105,
			195
		],
		[
			122,
			195
		],
		[
			131,
			159
		],
		[
			34,
			172
		],
		[
			34,
			50
		],
		[
			50,
			172
		],
		[
			236,
			256
		],
		[
			157,
			256
		],
		[
			157,
			236
		],
		[
			78,
			145
		],
		[
			81,
			199
		],
		[
			81,
			252
		],
		[
			199,
			252
		],
		[
			5,
			107
		],
		[
			164,
			165
		],
		[
			165,
			215
		],
		[
			72,
			237
		],
		[
			72,
			73
		],
		[
			73,
			237
		],
		[
			137,
			181
		],
		[
			137,
			222
		],
		[
			80,
			126
		],
		[
			70,
			126
		],
		[
			70,
			80
		],
		[
			25,
			88
		],
		[
			88,
			101
		],
		[
			25,
			101
		],
		[
			205,
			248
		],
		[
			199,
			250
		],
		[
			199,
			224
		],
		[
			224,
			250
		],
		[
			9,
			79
		],
		[
			79,
			232
		],
		[
			9,
			232
		],
		[
			87,
			222
		],
		[
			134,
			222
		],
		[
			87,
			134
		],
		[
			67,
			131
		],
		[
			66,
			80
		],
		[
			66,
			126
		],
		[
			196,
			248
		],
		[
			197,
			248
		],
		[
			29,
			52
		],
		[
			52,
			203
		],
		[
			29,
			203
		],
		[
			5,
			108
		],
		[
			64,
			108
		],
		[
			5,
			64
		],
		[
			57,
			206
		],
		[
			121,
			206
		],
		[
			186,
			190
		],
		[
			186,
			265
		],
		[
			190,
			265
		],
		[
			20,
			93
		],
		[
			8,
			81
		],
		[
			81,
			124
		],
		[
			45,
			118
		],
		[
			45,
			199
		],
		[
			14,
			152
		],
		[
			14,
			114
		],
		[
			114,
			152
		],
		[
			6,
			246
		],
		[
			212,
			246
		],
		[
			30,
			90
		],
		[
			90,
			109
		],
		[
			30,
			109
		],
		[
			42,
			80
		],
		[
			38,
			42
		],
		[
			39,
			62
		],
		[
			39,
			46
		],
		[
			46,
			62
		],
		[
			56,
			104
		],
		[
			88,
			104
		],
		[
			56,
			88
		],
		[
			69,
			86
		],
		[
			86,
			203
		],
		[
			69,
			203
		],
		[
			52,
			128
		],
		[
			29,
			128
		],
		[
			32,
			96
		],
		[
			32,
			172
		],
		[
			141,
			260
		],
		[
			118,
			141
		],
		[
			25,
			39
		],
		[
			39,
			207
		],
		[
			41,
			75
		],
		[
			75,
			182
		],
		[
			41,
			182
		],
		[
			176,
			191
		],
		[
			83,
			191
		],
		[
			83,
			176
		],
		[
			14,
			97
		],
		[
			155,
			215
		],
		[
			180,
			215
		],
		[
			155,
			180
		],
		[
			45,
			81
		],
		[
			138,
			208
		],
		[
			168,
			208
		],
		[
			151,
			226
		],
		[
			151,
			234
		],
		[
			26,
			82
		],
		[
			26,
			209
		],
		[
			40,
			175
		],
		[
			92,
			175
		],
		[
			40,
			92
		],
		[
			37,
			131
		],
		[
			78,
			230
		],
		[
			181,
			255
		],
		[
			8,
			45
		],
		[
			46,
			101
		],
		[
			23,
			101
		],
		[
			105,
			253
		],
		[
			77,
			105
		],
		[
			0,
			38
		],
		[
			52,
			95
		],
		[
			69,
			95
		],
		[
			52,
			69
		],
		[
			68,
			206
		],
		[
			12,
			68
		],
		[
			12,
			206
		],
		[
			44,
			96
		],
		[
			44,
			229
		],
		[
			77,
			195
		],
		[
			35,
			265
		],
		[
			62,
			250
		],
		[
			187,
			250
		],
		[
			85,
			110
		],
		[
			85,
			183
		],
		[
			110,
			183
		],
		[
			42,
			240
		],
		[
			55,
			83
		],
		[
			217,
			247
		],
		[
			193,
			247
		],
		[
			95,
			128
		],
		[
			13,
			76
		],
		[
			76,
			150
		],
		[
			13,
			150
		],
		[
			211,
			259
		],
		[
			155,
			259
		],
		[
			155,
			211
		],
		[
			108,
			206
		],
		[
			64,
			206
		],
		[
			106,
			264
		],
		[
			111,
			264
		],
		[
			106,
			111
		],
		[
			61,
			238
		],
		[
			228,
			238
		],
		[
			58,
			97
		],
		[
			97,
			142
		],
		[
			172,
			217
		],
		[
			14,
			58
		],
		[
			95,
			113
		],
		[
			69,
			113
		],
		[
			264,
			267
		],
		[
			111,
			267
		],
		[
			57,
			68
		],
		[
			171,
			192
		],
		[
			95,
			169
		],
		[
			113,
			169
		],
		[
			40,
			113
		],
		[
			36,
			37
		],
		[
			37,
			130
		],
		[
			12,
			207
		],
		[
			62,
			207
		],
		[
			12,
			62
		],
		[
			151,
			202
		],
		[
			151,
			154
		],
		[
			74,
			233
		],
		[
			233,
			239
		],
		[
			145,
			230
		],
		[
			27,
			97
		],
		[
			32,
			246
		],
		[
			96,
			246
		],
		[
			35,
			236
		],
		[
			235,
			258
		],
		[
			232,
			258
		],
		[
			175,
			255
		],
		[
			19,
			238
		],
		[
			19,
			228
		],
		[
			39,
			101
		],
		[
			115,
			246
		],
		[
			43,
			76
		],
		[
			164,
			189
		],
		[
			106,
			189
		],
		[
			106,
			164
		],
		[
			56,
			222
		],
		[
			104,
			222
		],
		[
			34,
			63
		],
		[
			44,
			151
		],
		[
			44,
			226
		],
		[
			48,
			151
		],
		[
			48,
			202
		],
		[
			63,
			160
		],
		[
			201,
			206
		],
		[
			64,
			201
		],
		[
			175,
			181
		],
		[
			71,
			75
		],
		[
			48,
			246
		],
		[
			48,
			96
		],
		[
			40,
			65
		],
		[
			65,
			200
		],
		[
			73,
			91
		],
		[
			36,
			131
		],
		[
			93,
			117
		],
		[
			198,
			243
		],
		[
			59,
			243
		],
		[
			26,
			244
		],
		[
			26,
			30
		],
		[
			189,
			264
		],
		[
			108,
			121
		],
		[
			171,
			179
		],
		[
			179,
			192
		],
		[
			143,
			216
		],
		[
			143,
			204
		],
		[
			43,
			89
		],
		[
			76,
			89
		],
		[
			175,
			185
		],
		[
			92,
			185
		],
		[
			9,
			219
		],
		[
			79,
			219
		],
		[
			21,
			204
		],
		[
			164,
			221
		],
		[
			33,
			246
		],
		[
			33,
			115
		],
		[
			65,
			92
		],
		[
			168,
			242
		],
		[
			34,
			146
		],
		[
			248,
			254
		],
		[
			92,
			220
		],
		[
			21,
			129
		],
		[
			27,
			115
		],
		[
			146,
			231
		],
		[
			146,
			166
		],
		[
			83,
			132
		],
		[
			11,
			110
		],
		[
			31,
			128
		],
		[
			31,
			99
		],
		[
			44,
			48
		],
		[
			9,
			258
		],
		[
			10,
			60
		],
		[
			60,
			94
		],
		[
			179,
			234
		],
		[
			179,
			243
		],
		[
			90,
			170
		],
		[
			90,
			127
		],
		[
			127,
			170
		],
		[
			91,
			228
		],
		[
			117,
			233
		],
		[
			117,
			239
		],
		[
			155,
			229
		],
		[
			215,
			229
		],
		[
			98,
			99
		],
		[
			99,
			138
		],
		[
			17,
			213
		],
		[
			143,
			213
		],
		[
			17,
			143
		],
		[
			68,
			134
		],
		[
			57,
			134
		],
		[
			104,
			148
		],
		[
			104,
			137
		],
		[
			137,
			148
		],
		[
			205,
			217
		],
		[
			205,
			254
		],
		[
			85,
			153
		],
		[
			100,
			194
		],
		[
			100,
			174
		],
		[
			174,
			194
		],
		[
			218,
			230
		],
		[
			20,
			117
		],
		[
			77,
			226
		],
		[
			195,
			226
		],
		[
			195,
			198
		],
		[
			198,
			226
		],
		[
			68,
			167
		],
		[
			134,
			167
		],
		[
			100,
			177
		],
		[
			79,
			100
		],
		[
			79,
			177
		],
		[
			3,
			179
		],
		[
			129,
			204
		],
		[
			76,
			168
		],
		[
			150,
			168
		],
		[
			130,
			220
		],
		[
			31,
			43
		],
		[
			43,
			267
		],
		[
			31,
			267
		],
		[
			16,
			24
		],
		[
			16,
			71
		],
		[
			85,
			138
		],
		[
			85,
			99
		],
		[
			180,
			211
		],
		[
			4,
			170
		],
		[
			144,
			170
		],
		[
			262,
			267
		],
		[
			51,
			136
		],
		[
			136,
			195
		],
		[
			51,
			195
		],
		[
			89,
			98
		],
		[
			76,
			98
		],
		[
			49,
			64
		],
		[
			213,
			216
		],
		[
			31,
			89
		],
		[
			149,
			208
		],
		[
			215,
			253
		],
		[
			177,
			219
		],
		[
			185,
			220
		],
		[
			185,
			190
		],
		[
			11,
			208
		],
		[
			2,
			119
		],
		[
			2,
			170
		],
		[
			119,
			170
		],
		[
			16,
			75
		],
		[
			121,
			186
		],
		[
			110,
			208
		],
		[
			70,
			204
		],
		[
			70,
			133
		],
		[
			133,
			204
		],
		[
			135,
			153
		],
		[
			44,
			77
		],
		[
			73,
			228
		],
		[
			30,
			127
		],
		[
			12,
			167
		],
		[
			7,
			70
		],
		[
			119,
			227
		],
		[
			119,
			188
		],
		[
			31,
			95
		],
		[
			31,
			169
		],
		[
			145,
			218
		],
		[
			67,
			119
		],
		[
			2,
			67
		],
		[
			60,
			170
		],
		[
			2,
			60
		],
		[
			126,
			141
		],
		[
			56,
			134
		],
		[
			120,
			177
		],
		[
			100,
			120
		],
		[
			17,
			148
		],
		[
			157,
			239
		],
		[
			125,
			179
		],
		[
			156,
			175
		],
		[
			59,
			125
		],
		[
			125,
			243
		],
		[
			155,
			193
		],
		[
			120,
			211
		],
		[
			100,
			116
		],
		[
			143,
			148
		],
		[
			133,
			143
		],
		[
			133,
			148
		],
		[
			112,
			256
		],
		[
			63,
			231
		],
		[
			63,
			146
		],
		[
			70,
			129
		],
		[
			168,
			180
		],
		[
			89,
			99
		],
		[
			42,
			125
		],
		[
			116,
			174
		],
		[
			149,
			174
		],
		[
			133,
			140
		],
		[
			70,
			140
		],
		[
			2,
			10
		],
		[
			2,
			36
		],
		[
			102,
			258
		],
		[
			119,
			144
		],
		[
			169,
			262
		],
		[
			169,
			267
		],
		[
			185,
			186
		],
		[
			193,
			229
		],
		[
			60,
			90
		],
		[
			110,
			138
		],
		[
			140,
			148
		],
		[
			36,
			67
		],
		[
			145,
			248
		],
		[
			49,
			73
		],
		[
			66,
			141
		],
		[
			250,
			266
		],
		[
			214,
			250
		],
		[
			218,
			248
		],
		[
			174,
			257
		],
		[
			22,
			258
		],
		[
			79,
			194
		],
		[
			174,
			251
		]
	],
	"score": 0.5042016806722689,
	"obtuse num": 0,
	"steiner num": 268
}