{
	"content_type": "CG_SHOP_2025_Solution",
	"instance_uid": "point-set_40_8cbf31aa",
	"steiner_points_x": [
		9008,
		8266,
		"109804214621/16040149",
		8766,
		"1162185570/1205089",
		"2039836333/2434706",
		"1924732475/205426",
		11325,
		"2483712315/1205089",
		"14238836852/1747093",
		"2283079850/236681",
		10686,
		2357,
		"1023082338/102713",
		6998,
		4285,
		"1687959000/1205089",
		3148,
		10622,
		2829,
		8631,
		9439,
		6552,
		2200,
		"8599902387/1747093",
		4886,
		11325,
		"2183458547/205426",
		6035,
		3460
	],
	"steiner_points_y": [
		2741,
		5405,
		"3325655820/16040149",
		2215,
		"5855317540/1205089",
		"2026024485/2434706",
		"88308625/205426",
		3345,
		"8046208440/1205089",
		"15488943058/1747093",
		"2096286670/236681",
		1420,
		6000,
		"50212460/102713",
		2625,
		6210,
		"6726970140/1205089",
		4381,
		625,
		0,
		7629,
		3944,
		5687,
		1110,
		"14528203648/1747093",
		2295,
		6210,
		"114123865/205426",
		3525,
		0
	],
	"edges": [
		[
			22,
			27
		],
		[
			22,
			26
		],
		[
			26,
			27
		],
		[
			55,
			62
		],
		[
			18,
			62
		],
		[
			18,
			55
		],
		[
			37,
			45
		],
		[
			9,
			37
		],
		[
			8,
			57
		],
		[
			8,
			18
		],
		[
			18,
			57
		],
		[
			0,
			27
		],
		[
			0,
			38
		],
		[
			27,
			38
		],
		[
			10,
			32
		],
		[
			32,
			40
		],
		[
			10,
			40
		],
		[
			19,
			31
		],
		[
			31,
			36
		],
		[
			19,
			36
		],
		[
			16,
			34
		],
		[
			16,
			48
		],
		[
			7,
			31
		],
		[
			7,
			36
		],
		[
			23,
			50
		],
		[
			13,
			23
		],
		[
			60,
			62
		],
		[
			41,
			60
		],
		[
			41,
			62
		],
		[
			11,
			59
		],
		[
			11,
			30
		],
		[
			30,
			59
		],
		[
			1,
			24
		],
		[
			24,
			47
		],
		[
			39,
			43
		],
		[
			35,
			43
		],
		[
			35,
			39
		],
		[
			34,
			55
		],
		[
			55,
			64
		],
		[
			30,
			69
		],
		[
			3,
			30
		],
		[
			26,
			63
		],
		[
			11,
			26
		],
		[
			11,
			63
		],
		[
			19,
			32
		],
		[
			32,
			41
		],
		[
			19,
			41
		],
		[
			37,
			63
		],
		[
			15,
			63
		],
		[
			15,
			37
		],
		[
			11,
			15
		],
		[
			3,
			21
		],
		[
			21,
			42
		],
		[
			52,
			56
		],
		[
			28,
			52
		],
		[
			28,
			56
		],
		[
			21,
			22
		],
		[
			22,
			65
		],
		[
			21,
			65
		],
		[
			20,
			58
		],
		[
			29,
			58
		],
		[
			23,
			31
		],
		[
			7,
			23
		],
		[
			51,
			58
		],
		[
			29,
			51
		],
		[
			5,
			46
		],
		[
			5,
			53
		],
		[
			9,
			15
		],
		[
			39,
			51
		],
		[
			39,
			58
		],
		[
			35,
			51
		],
		[
			33,
			64
		],
		[
			33,
			62
		],
		[
			62,
			64
		],
		[
			24,
			32
		],
		[
			24,
			40
		],
		[
			39,
			53
		],
		[
			53,
			58
		],
		[
			4,
			15
		],
		[
			10,
			41
		],
		[
			10,
			62
		],
		[
			16,
			55
		],
		[
			5,
			39
		],
		[
			11,
			22
		],
		[
			32,
			61
		],
		[
			24,
			61
		],
		[
			65,
			68
		],
		[
			54,
			68
		],
		[
			54,
			65
		],
		[
			14,
			54
		],
		[
			43,
			54
		],
		[
			14,
			43
		],
		[
			58,
			67
		],
		[
			33,
			60
		],
		[
			22,
			38
		],
		[
			15,
			59
		],
		[
			16,
			18
		],
		[
			8,
			16
		],
		[
			8,
			52
		],
		[
			8,
			28
		],
		[
			25,
			44
		],
		[
			28,
			44
		],
		[
			25,
			28
		],
		[
			5,
			14
		],
		[
			36,
			66
		],
		[
			35,
			40
		],
		[
			24,
			35
		],
		[
			10,
			68
		],
		[
			10,
			54
		],
		[
			36,
			61
		],
		[
			36,
			47
		],
		[
			47,
			61
		],
		[
			40,
			43
		],
		[
			21,
			30
		],
		[
			6,
			25
		],
		[
			25,
			26
		],
		[
			6,
			26
		],
		[
			10,
			43
		],
		[
			16,
			52
		],
		[
			48,
			52
		],
		[
			26,
			37
		],
		[
			6,
			37
		],
		[
			1,
			35
		],
		[
			1,
			51
		],
		[
			0,
			62
		],
		[
			0,
			18
		],
		[
			25,
			27
		],
		[
			11,
			21
		],
		[
			19,
			60
		],
		[
			17,
			60
		],
		[
			17,
			33
		],
		[
			2,
			49
		],
		[
			2,
			64
		],
		[
			17,
			31
		],
		[
			31,
			60
		],
		[
			2,
			13
		],
		[
			0,
			68
		],
		[
			62,
			68
		],
		[
			0,
			57
		],
		[
			27,
			57
		],
		[
			17,
			23
		],
		[
			12,
			51
		],
		[
			5,
			43
		],
		[
			38,
			68
		],
		[
			19,
			61
		],
		[
			2,
			17
		],
		[
			2,
			23
		],
		[
			38,
			65
		],
		[
			2,
			33
		],
		[
			42,
			54
		],
		[
			42,
			65
		],
		[
			28,
			57
		],
		[
			25,
			57
		]
	],
	"score": 0.5161290322580645,
	"obtuse num": 0,
	"steiner num": 70
}