{
	"content_type": "CG_SHOP_2025_Solution",
	"instance_uid": "point-set_80_ff15444b",
	"steiner_points_x": [
		"2873931465/2169457",
		"5075916/153757",
		"10059485/7056",
		"2768909/10961",
		"673332239/393557",
		"15061503/6191",
		3765,
		"25765739/6850",
		2509,
		2744,
		1944,
		2756,
		3169,
		1804,
		1085,
		2036,
		965,
		179,
		"775429083/393557",
		2882,
		2869,
		"11046471/3482",
		1692,
		3299,
		"27612351/153757",
		"639432461/393557",
		3050,
		470,
		2928,
		2537,
		680,
		"25642836/91961",
		2813,
		"7406016333/4338914",
		"1893767027/491801",
		2845,
		1707,
		"2465473839/835489",
		3499,
		"18887163/153757",
		3053,
		"155117785/40157",
		3300,
		1274,
		581,
		"43077051/46208",
		"19554945/153757",
		1230,
		1383,
		1888,
		"1898649987/491801",
		3021,
		2169,
		"3261714/1007",
		3842,
		"10189319/3482",
		1758,
		2686,
		1254,
		1667,
		2461,
		"2696194823/835489",
		217,
		3173,
		660,
		353,
		534,
		900,
		416,
		389,
		"9982733159/4338914",
		3392,
		450,
		"10529331/153757",
		1583,
		"23244720/153757",
		3260,
		323
	],
	"steiner_points_y": [
		"6427530/2169457",
		"171949667/153757",
		"26954173/14112",
		"17820745/10961",
		"759052907/393557",
		"12146197/6191",
		1069,
		"10992573/6850",
		1352,
		1015,
		1663,
		1674,
		874,
		1377,
		633,
		1340,
		280,
		630,
		"765739761/393557",
		1010,
		812,
		"6875029/3482",
		1786,
		1597,
		"45876277/153757",
		"756832634/393557",
		1001,
		689,
		1869,
		721,
		1274,
		"9895805/91961",
		633,
		"8874855/4338914",
		"525295068/491801",
		361,
		51,
		"37866780/835489",
		1381,
		"94686749/153757",
		1525,
		"19561483/40157",
		1201,
		1650,
		282,
		"180435/46208",
		"90951041/153757",
		1218,
		1369,
		1413,
		"354147320/491801",
		425,
		1612,
		"1989406/1007",
		497,
		"6860501/3482",
		686,
		531,
		254,
		1701,
		886,
		"64547070/835489",
		463,
		1942,
		1590,
		262,
		179,
		675,
		901,
		339,
		"2689745/4338914",
		1778,
		1187,
		"141442157/153757",
		1666,
		"70309691/153757",
		487,
		1388
	],
	"edges": [
		[
			2,
			125
		],
		[
			2,
			80
		],
		[
			80,
			125
		],
		[
			32,
			108
		],
		[
			38,
			108
		],
		[
			32,
			38
		],
		[
			41,
			75
		],
		[
			41,
			134
		],
		[
			75,
			134
		],
		[
			39,
			66
		],
		[
			39,
			156
		],
		[
			66,
			156
		],
		[
			101,
			135
		],
		[
			101,
			143
		],
		[
			135,
			143
		],
		[
			26,
			139
		],
		[
			36,
			139
		],
		[
			26,
			36
		],
		[
			38,
			103
		],
		[
			32,
			103
		],
		[
			16,
			62
		],
		[
			62,
			117
		],
		[
			16,
			117
		],
		[
			78,
			132
		],
		[
			44,
			132
		],
		[
			44,
			78
		],
		[
			52,
			102
		],
		[
			3,
			52
		],
		[
			3,
			102
		],
		[
			4,
			144
		],
		[
			1,
			4
		],
		[
			1,
			144
		],
		[
			121,
			134
		],
		[
			40,
			134
		],
		[
			40,
			121
		],
		[
			41,
			86
		],
		[
			17,
			86
		],
		[
			17,
			41
		],
		[
			89,
			140
		],
		[
			89,
			109
		],
		[
			109,
			140
		],
		[
			54,
			131
		],
		[
			15,
			54
		],
		[
			15,
			131
		],
		[
			2,
			138
		],
		[
			80,
			138
		],
		[
			73,
			82
		],
		[
			22,
			82
		],
		[
			22,
			73
		],
		[
			34,
			155
		],
		[
			34,
			142
		],
		[
			142,
			155
		],
		[
			94,
			147
		],
		[
			43,
			94
		],
		[
			43,
			147
		],
		[
			45,
			81
		],
		[
			45,
			51
		],
		[
			51,
			81
		],
		[
			67,
			76
		],
		[
			76,
			142
		],
		[
			67,
			142
		],
		[
			3,
			98
		],
		[
			44,
			98
		],
		[
			3,
			44
		],
		[
			104,
			142
		],
		[
			104,
			155
		],
		[
			69,
			147
		],
		[
			48,
			147
		],
		[
			48,
			69
		],
		[
			22,
			52
		],
		[
			22,
			84
		],
		[
			52,
			84
		],
		[
			57,
			64
		],
		[
			50,
			64
		],
		[
			50,
			57
		],
		[
			14,
			127
		],
		[
			23,
			127
		],
		[
			14,
			23
		],
		[
			0,
			81
		],
		[
			0,
			45
		],
		[
			42,
			86
		],
		[
			17,
			42
		],
		[
			95,
			129
		],
		[
			129,
			132
		],
		[
			95,
			132
		],
		[
			13,
			116
		],
		[
			13,
			77
		],
		[
			77,
			116
		],
		[
			66,
			75
		],
		[
			74,
			75
		],
		[
			66,
			74
		],
		[
			0,
			157
		],
		[
			0,
			7
		],
		[
			7,
			157
		],
		[
			9,
			103
		],
		[
			103,
			118
		],
		[
			9,
			118
		],
		[
			13,
			57
		],
		[
			13,
			50
		],
		[
			45,
			148
		],
		[
			51,
			148
		],
		[
			43,
			124
		],
		[
			43,
			96
		],
		[
			96,
			124
		],
		[
			71,
			79
		],
		[
			79,
			91
		],
		[
			71,
			91
		],
		[
			6,
			106
		],
		[
			6,
			122
		],
		[
			106,
			122
		],
		[
			76,
			104
		],
		[
			5,
			76
		],
		[
			5,
			104
		],
		[
			41,
			156
		],
		[
			75,
			156
		],
		[
			46,
			56
		],
		[
			56,
			109
		],
		[
			46,
			109
		],
		[
			20,
			93
		],
		[
			70,
			93
		],
		[
			20,
			70
		],
		[
			113,
			116
		],
		[
			116,
			150
		],
		[
			113,
			150
		],
		[
			41,
			92
		],
		[
			24,
			92
		],
		[
			24,
			41
		],
		[
			28,
			48
		],
		[
			48,
			148
		],
		[
			28,
			148
		],
		[
			39,
			141
		],
		[
			66,
			141
		],
		[
			64,
			94
		],
		[
			57,
			94
		],
		[
			69,
			110
		],
		[
			110,
			127
		],
		[
			69,
			127
		],
		[
			33,
			116
		],
		[
			13,
			33
		],
		[
			68,
			87
		],
		[
			18,
			68
		],
		[
			18,
			87
		],
		[
			64,
			127
		],
		[
			14,
			64
		],
		[
			61,
			94
		],
		[
			57,
			61
		],
		[
			36,
			129
		],
		[
			36,
			90
		],
		[
			90,
			129
		],
		[
			58,
			83
		],
		[
			58,
			157
		],
		[
			83,
			157
		],
		[
			52,
			98
		],
		[
			84,
			98
		],
		[
			124,
			146
		],
		[
			124,
			125
		],
		[
			125,
			146
		],
		[
			96,
			125
		],
		[
			3,
			132
		],
		[
			10,
			128
		],
		[
			10,
			23
		],
		[
			23,
			128
		],
		[
			54,
			115
		],
		[
			115,
			131
		],
		[
			9,
			122
		],
		[
			118,
			122
		],
		[
			55,
			83
		],
		[
			7,
			83
		],
		[
			7,
			55
		],
		[
			12,
			49
		],
		[
			49,
			107
		],
		[
			12,
			107
		],
		[
			50,
			136
		],
		[
			50,
			65
		],
		[
			65,
			136
		],
		[
			90,
			132
		],
		[
			72,
			123
		],
		[
			1,
			72
		],
		[
			1,
			123
		],
		[
			85,
			91
		],
		[
			85,
			108
		],
		[
			91,
			108
		],
		[
			70,
			129
		],
		[
			70,
			95
		],
		[
			32,
			91
		],
		[
			95,
			140
		],
		[
			70,
			140
		],
		[
			19,
			59
		],
		[
			59,
			146
		],
		[
			19,
			146
		],
		[
			32,
			120
		],
		[
			103,
			120
		],
		[
			14,
			65
		],
		[
			10,
			14
		],
		[
			10,
			65
		],
		[
			20,
			128
		],
		[
			10,
			20
		],
		[
			101,
			133
		],
		[
			133,
			143
		],
		[
			28,
			45
		],
		[
			45,
			152
		],
		[
			28,
			152
		],
		[
			37,
			55
		],
		[
			7,
			37
		],
		[
			29,
			92
		],
		[
			60,
			92
		],
		[
			29,
			60
		],
		[
			130,
			134
		],
		[
			40,
			130
		],
		[
			62,
			131
		],
		[
			62,
			115
		],
		[
			8,
			27
		],
		[
			8,
			21
		],
		[
			21,
			27
		],
		[
			73,
			102
		],
		[
			102,
			139
		],
		[
			73,
			139
		],
		[
			6,
			9
		],
		[
			2,
			96
		],
		[
			62,
			141
		],
		[
			39,
			62
		],
		[
			90,
			139
		],
		[
			92,
			156
		],
		[
			51,
			153
		],
		[
			81,
			153
		],
		[
			22,
			105
		],
		[
			84,
			105
		],
		[
			93,
			129
		],
		[
			6,
			120
		],
		[
			9,
			120
		],
		[
			1,
			82
		],
		[
			82,
			123
		],
		[
			14,
			50
		],
		[
			25,
			100
		],
		[
			30,
			100
		],
		[
			25,
			30
		],
		[
			15,
			92
		],
		[
			15,
			156
		],
		[
			80,
			116
		],
		[
			80,
			113
		],
		[
			49,
			51
		],
		[
			49,
			153
		],
		[
			63,
			143
		],
		[
			63,
			133
		],
		[
			109,
			112
		],
		[
			112,
			137
		],
		[
			109,
			137
		],
		[
			71,
			120
		],
		[
			6,
			71
		],
		[
			46,
			136
		],
		[
			56,
			136
		],
		[
			42,
			130
		],
		[
			42,
			114
		],
		[
			114,
			130
		],
		[
			17,
			134
		],
		[
			59,
			111
		],
		[
			35,
			111
		],
		[
			35,
			59
		],
		[
			30,
			109
		],
		[
			30,
			89
		],
		[
			16,
			21
		],
		[
			21,
			62
		],
		[
			5,
			59
		],
		[
			5,
			145
		],
		[
			59,
			145
		],
		[
			46,
			137
		],
		[
			77,
			137
		],
		[
			46,
			77
		],
		[
			16,
			27
		],
		[
			38,
			151
		],
		[
			103,
			151
		],
		[
			100,
			112
		],
		[
			100,
			109
		],
		[
			145,
			146
		],
		[
			48,
			110
		],
		[
			33,
			80
		],
		[
			43,
			47
		],
		[
			47,
			124
		],
		[
			123,
			128
		],
		[
			72,
			128
		],
		[
			32,
			71
		],
		[
			110,
			144
		],
		[
			58,
			110
		],
		[
			58,
			144
		],
		[
			19,
			111
		],
		[
			65,
			70
		],
		[
			10,
			70
		],
		[
			71,
			88
		],
		[
			71,
			89
		],
		[
			88,
			89
		],
		[
			12,
			97
		],
		[
			49,
			97
		],
		[
			34,
			119
		],
		[
			34,
			126
		],
		[
			119,
			126
		],
		[
			25,
			29
		],
		[
			25,
			106
		],
		[
			29,
			106
		],
		[
			22,
			102
		],
		[
			6,
			99
		],
		[
			99,
			106
		],
		[
			31,
			118
		],
		[
			68,
			118
		],
		[
			31,
			68
		],
		[
			4,
			58
		],
		[
			33,
			57
		],
		[
			48,
			107
		],
		[
			107,
			148
		],
		[
			97,
			119
		],
		[
			34,
			97
		],
		[
			61,
			96
		],
		[
			2,
			61
		],
		[
			88,
			132
		],
		[
			88,
			95
		],
		[
			15,
			112
		],
		[
			54,
			112
		],
		[
			74,
			134
		],
		[
			74,
			121
		],
		[
			72,
			127
		],
		[
			72,
			110
		],
		[
			24,
			122
		],
		[
			24,
			118
		],
		[
			128,
			154
		],
		[
			26,
			154
		],
		[
			26,
			128
		],
		[
			38,
			143
		],
		[
			38,
			63
		],
		[
			72,
			144
		],
		[
			12,
			142
		],
		[
			12,
			67
		],
		[
			8,
			137
		],
		[
			8,
			77
		],
		[
			0,
			152
		],
		[
			27,
			77
		],
		[
			27,
			116
		],
		[
			17,
			130
		],
		[
			86,
			118
		],
		[
			31,
			86
		],
		[
			73,
			154
		],
		[
			123,
			154
		],
		[
			73,
			123
		],
		[
			20,
			26
		],
		[
			26,
			93
		],
		[
			24,
			86
		],
		[
			21,
			115
		],
		[
			67,
			107
		],
		[
			47,
			107
		],
		[
			47,
			67
		],
		[
			145,
			149
		],
		[
			146,
			149
		],
		[
			108,
			143
		],
		[
			88,
			140
		],
		[
			61,
			138
		],
		[
			57,
			138
		],
		[
			64,
			69
		],
		[
			31,
			87
		],
		[
			29,
			100
		],
		[
			3,
			90
		],
		[
			27,
			150
		],
		[
			16,
			150
		],
		[
			25,
			99
		],
		[
			126,
			155
		],
		[
			89,
			99
		],
		[
			30,
			99
		],
		[
			11,
			63
		],
		[
			11,
			133
		],
		[
			5,
			35
		],
		[
			54,
			137
		],
		[
			115,
			137
		],
		[
			92,
			106
		],
		[
			92,
			122
		],
		[
			58,
			152
		],
		[
			152,
			157
		],
		[
			39,
			131
		],
		[
			4,
			83
		],
		[
			79,
			132
		],
		[
			79,
			88
		],
		[
			13,
			136
		],
		[
			90,
			102
		],
		[
			33,
			138
		],
		[
			78,
			91
		],
		[
			78,
			79
		],
		[
			68,
			151
		],
		[
			18,
			151
		],
		[
			85,
			135
		],
		[
			108,
			135
		],
		[
			97,
			153
		],
		[
			48,
			53
		],
		[
			53,
			107
		],
		[
			124,
			149
		],
		[
			110,
			152
		],
		[
			49,
			148
		],
		[
			82,
			105
		],
		[
			15,
			60
		],
		[
			60,
			112
		],
		[
			36,
			93
		],
		[
			47,
			149
		],
		[
			67,
			149
		],
		[
			12,
			34
		],
		[
			28,
			110
		],
		[
			0,
			37
		],
		[
			56,
			65
		],
		[
			56,
			70
		],
		[
			76,
			145
		],
		[
			76,
			149
		],
		[
			68,
			103
		],
		[
			71,
			99
		],
		[
			53,
			147
		],
		[
			43,
			53
		],
		[
			31,
			42
		],
		[
			31,
			114
		],
		[
			63,
			151
		],
		[
			11,
			151
		],
		[
			11,
			18
		],
		[
			60,
			100
		],
		[
			139,
			154
		],
		[
			131,
			156
		],
		[
			8,
			115
		],
		[
			19,
			125
		],
		[
			64,
			147
		],
		[
			43,
			61
		],
		[
			78,
			85
		],
		[
			44,
			85
		],
		[
			23,
			72
		],
		[
			35,
			104
		],
		[
			47,
			53
		],
		[
			56,
			140
		],
		[
			13,
			46
		],
		[
			119,
			153
		],
		[
			117,
			141
		],
		[
			37,
			81
		]
	],
	"score": 0.5063291139240507,
	"obtuse num": 0,
	"steiner num": 158
}