{
	"content_type": "CG_SHOP_2025_Solution",
	"instance_uid": "point-set_60_ac318d72",
	"steiner_points_x": [
		54,
		42,
		20,
		68,
		44,
		89,
		25,
		81,
		30,
		"10355795/124609",
		"120967/1250",
		74,
		58,
		20,
		"2408/37",
		81,
		"10551233/1876900",
		37,
		"174549/3041",
		28,
		54,
		5,
		"149084/3041",
		25,
		92,
		"119234/1369",
		73,
		27,
		"27806/353",
		63,
		68,
		74,
		63,
		7,
		"149084/3041",
		"79729/3041",
		"2408/37",
		67,
		44,
		56,
		74,
		78,
		"1749417/197665",
		42,
		17,
		42,
		"70996/1385",
		67,
		83,
		"299929/3125",
		74,
		89,
		"57535998/1918225",
		48,
		"2408/37",
		"607469/6250",
		"174549/3041",
		"7713/1370",
		54,
		73,
		73,
		"231251289/9247681",
		"149084/3041",
		"298744/3125",
		"29506/353",
		58,
		"4101/370",
		"149084/3041",
		28,
		"600623/6250",
		"60044/1385",
		"606047/6250",
		"149084/3041",
		72,
		"952951724/9765625",
		72,
		25,
		"7713/1370",
		27,
		79,
		79,
		"1349/221",
		"9486743/1876900",
		79,
		29,
		"3350/37",
		30,
		28,
		"443938544/9247681",
		"7713/1370",
		44,
		67,
		"99968/1369",
		83,
		41,
		27,
		16,
		"79729/3041",
		"3026/37",
		80,
		58,
		72,
		81,
		25,
		9,
		"7669/1105",
		64,
		"8041/1370",
		87,
		"135/2",
		"300658/3125",
		83,
		74,
		83,
		28,
		41,
		17,
		57,
		73,
		54,
		20,
		7,
		37,
		54,
		58,
		29,
		81,
		57,
		81,
		89,
		"2408/37",
		63,
		81,
		48,
		"79729/3041",
		"379545369/9247681",
		48,
		72,
		58,
		40,
		87,
		30,
		64,
		"2408/37",
		"79729/3041",
		83,
		52,
		"8505793/1221025",
		81,
		41,
		72,
		58,
		25,
		83,
		"2732/37",
		81
	],
	"steiner_points_y": [
		34,
		38,
		22,
		43,
		38,
		70,
		9,
		39,
		43,
		"11413814/124609",
		"49119/1250",
		40,
		34,
		35,
		9,
		86,
		"41291379/1876900",
		60,
		"293396/3041",
		18,
		60,
		55,
		"295248/3041",
		"295248/3041",
		28,
		"7095/1369",
		23,
		22,
		"33054/353",
		63,
		28,
		54,
		28,
		83,
		82,
		83,
		23,
		92,
		9,
		76,
		63,
		88,
		"19522564/197665",
		60,
		35,
		51,
		"2993/1385",
		85,
		88,
		"188328/3125",
		42,
		39,
		"8555409/1918225",
		"293396/3041",
		8,
		"176233/6250",
		96,
		45,
		63,
		"110/37",
		8,
		"914002852/9247681",
		85,
		"219533/3125",
		"32254/353",
		60,
		"2663/370",
		83,
		23,
		"356511/6250",
		"4177/1385",
		"213679/6250",
		"293396/3041",
		17,
		"175786893/9765625",
		9,
		82,
		43,
		51,
		18,
		67,
		"16820/221",
		"80677509/1876900",
		34,
		67,
		"213/37",
		"6249/1385",
		22,
		"898534688/9247681",
		22,
		23,
		76,
		"3884/1369",
		76,
		"295248/3041",
		23,
		67,
		"300292/3041",
		"159/37",
		40,
		76,
		40,
		9,
		67,
		"300292/3041",
		"91723/1105",
		92,
		"17583/1370",
		9,
		"191/2",
		"169131/3125",
		70,
		76,
		67,
		35,
		83,
		83,
		85,
		9,
		43,
		43,
		"91954/1105",
		67,
		23,
		83,
		76,
		18,
		83,
		28,
		54,
		"56/37",
		60,
		54,
		76,
		82,
		"903217828/9247681",
		85,
		8,
		63,
		33,
		"213/37",
		18,
		9,
		18,
		"295248/3041",
		60,
		9,
		"101614186/1221025",
		40,
		85,
		34,
		36,
		83,
		"32254/353",
		"110/37",
		17
	],
	"edges": [
		[
			145,
			200
		],
		[
			18,
			200
		],
		[
			18,
			145
		],
		[
			133,
			203
		],
		[
			27,
			203
		],
		[
			27,
			133
		],
		[
			38,
			202
		],
		[
			202,
			206
		],
		[
			38,
			206
		],
		[
			154,
			204
		],
		[
			157,
			204
		],
		[
			154,
			157
		],
		[
			147,
			201
		],
		[
			79,
			201
		],
		[
			79,
			147
		],
		[
			40,
			201
		],
		[
			98,
			201
		],
		[
			40,
			98
		],
		[
			114,
			202
		],
		[
			74,
			202
		],
		[
			74,
			114
		],
		[
			26,
			178
		],
		[
			26,
			162
		],
		[
			162,
			178
		],
		[
			14,
			205
		],
		[
			173,
			205
		],
		[
			14,
			173
		],
		[
			7,
			36
		],
		[
			7,
			190
		],
		[
			36,
			190
		],
		[
			80,
			103
		],
		[
			80,
			105
		],
		[
			103,
			105
		],
		[
			58,
			210
		],
		[
			143,
			210
		],
		[
			58,
			143
		],
		[
			83,
			204
		],
		[
			83,
			157
		],
		[
			106,
			206
		],
		[
			36,
			206
		],
		[
			36,
			106
		],
		[
			192,
			208
		],
		[
			159,
			208
		],
		[
			159,
			192
		],
		[
			111,
			208
		],
		[
			189,
			208
		],
		[
			111,
			189
		],
		[
			204,
			212
		],
		[
			83,
			212
		],
		[
			113,
			196
		],
		[
			113,
			132
		],
		[
			132,
			196
		],
		[
			143,
			188
		],
		[
			58,
			188
		],
		[
			150,
			199
		],
		[
			34,
			150
		],
		[
			34,
			199
		],
		[
			71,
			210
		],
		[
			71,
			143
		],
		[
			82,
			113
		],
		[
			82,
			132
		],
		[
			19,
			73
		],
		[
			19,
			174
		],
		[
			73,
			174
		],
		[
			39,
			211
		],
		[
			60,
			211
		],
		[
			39,
			60
		],
		[
			124,
			213
		],
		[
			69,
			213
		],
		[
			69,
			124
		],
		[
			4,
			182
		],
		[
			2,
			4
		],
		[
			2,
			182
		],
		[
			137,
			142
		],
		[
			137,
			149
		],
		[
			142,
			149
		],
		[
			104,
			149
		],
		[
			104,
			137
		],
		[
			168,
			215
		],
		[
			51,
			215
		],
		[
			51,
			168
		],
		[
			95,
			212
		],
		[
			95,
			204
		],
		[
			76,
			149
		],
		[
			76,
			142
		],
		[
			8,
			117
		],
		[
			117,
			137
		],
		[
			8,
			137
		],
		[
			41,
			167
		],
		[
			41,
			56
		],
		[
			56,
			167
		],
		[
			88,
			213
		],
		[
			69,
			88
		],
		[
			18,
			51
		],
		[
			51,
			134
		],
		[
			18,
			134
		],
		[
			0,
			1
		],
		[
			0,
			171
		],
		[
			1,
			171
		],
		[
			0,
			153
		],
		[
			153,
			171
		],
		[
			135,
			197
		],
		[
			74,
			197
		],
		[
			74,
			135
		],
		[
			2,
			77
		],
		[
			2,
			103
		],
		[
			77,
			103
		],
		[
			1,
			172
		],
		[
			0,
			172
		],
		[
			0,
			12
		],
		[
			12,
			153
		],
		[
			79,
			87
		],
		[
			53,
			79
		],
		[
			53,
			87
		],
		[
			89,
			160
		],
		[
			151,
			160
		],
		[
			89,
			151
		],
		[
			7,
			206
		],
		[
			44,
			62
		],
		[
			53,
			62
		],
		[
			44,
			53
		],
		[
			117,
			180
		],
		[
			137,
			180
		],
		[
			2,
			144
		],
		[
			144,
			182
		],
		[
			149,
			167
		],
		[
			41,
			149
		],
		[
			7,
			202
		],
		[
			16,
			136
		],
		[
			136,
			194
		],
		[
			16,
			194
		],
		[
			98,
			150
		],
		[
			38,
			150
		],
		[
			38,
			98
		],
		[
			75,
			172
		],
		[
			0,
			75
		],
		[
			9,
			118
		],
		[
			99,
			118
		],
		[
			9,
			99
		],
		[
			23,
			153
		],
		[
			12,
			23
		],
		[
			65,
			153
		],
		[
			23,
			65
		],
		[
			62,
			73
		],
		[
			62,
			104
		],
		[
			73,
			104
		],
		[
			5,
			159
		],
		[
			5,
			208
		],
		[
			127,
			187
		],
		[
			94,
			187
		],
		[
			94,
			127
		],
		[
			154,
			195
		],
		[
			157,
			195
		],
		[
			87,
			155
		],
		[
			128,
			155
		],
		[
			87,
			128
		],
		[
			148,
			154
		],
		[
			148,
			195
		],
		[
			11,
			156
		],
		[
			35,
			156
		],
		[
			11,
			35
		],
		[
			28,
			161
		],
		[
			161,
			210
		],
		[
			28,
			210
		],
		[
			110,
			159
		],
		[
			71,
			159
		],
		[
			71,
			110
		],
		[
			101,
			107
		],
		[
			101,
			172
		],
		[
			107,
			172
		],
		[
			75,
			101
		],
		[
			6,
			15
		],
		[
			6,
			177
		],
		[
			15,
			177
		],
		[
			71,
			161
		],
		[
			22,
			161
		],
		[
			22,
			71
		],
		[
			162,
			200
		],
		[
			162,
			168
		],
		[
			168,
			200
		],
		[
			158,
			162
		],
		[
			158,
			200
		],
		[
			47,
			175
		],
		[
			20,
			47
		],
		[
			20,
			175
		],
		[
			156,
			163
		],
		[
			17,
			163
		],
		[
			17,
			156
		],
		[
			97,
			166
		],
		[
			59,
			166
		],
		[
			59,
			97
		],
		[
			83,
			176
		],
		[
			164,
			176
		],
		[
			83,
			164
		],
		[
			121,
			164
		],
		[
			24,
			164
		],
		[
			24,
			121
		],
		[
			18,
			168
		],
		[
			102,
			164
		],
		[
			24,
			102
		],
		[
			23,
			123
		],
		[
			65,
			123
		],
		[
			93,
			176
		],
		[
			32,
			176
		],
		[
			32,
			93
		],
		[
			1,
			140
		],
		[
			48,
			140
		],
		[
			1,
			48
		],
		[
			12,
			75
		],
		[
			140,
			205
		],
		[
			100,
			205
		],
		[
			100,
			140
		],
		[
			151,
			172
		],
		[
			48,
			172
		],
		[
			48,
			151
		],
		[
			155,
			174
		],
		[
			73,
			155
		],
		[
			65,
			173
		],
		[
			14,
			65
		],
		[
			34,
			174
		],
		[
			174,
			199
		],
		[
			122,
			132
		],
		[
			122,
			196
		],
		[
			78,
			132
		],
		[
			78,
			116
		],
		[
			116,
			132
		],
		[
			151,
			184
		],
		[
			107,
			184
		],
		[
			107,
			151
		],
		[
			43,
			90
		],
		[
			90,
			92
		],
		[
			43,
			92
		],
		[
			42,
			70
		],
		[
			42,
			170
		],
		[
			70,
			170
		],
		[
			77,
			105
		],
		[
			43,
			211
		],
		[
			43,
			72
		],
		[
			72,
			211
		],
		[
			202,
			203
		],
		[
			74,
			203
		],
		[
			30,
			211
		],
		[
			30,
			43
		],
		[
			27,
			58
		],
		[
			58,
			86
		],
		[
			27,
			86
		],
		[
			57,
			84
		],
		[
			84,
			188
		],
		[
			57,
			188
		],
		[
			93,
			181
		],
		[
			93,
			165
		],
		[
			165,
			181
		],
		[
			38,
			203
		],
		[
			91,
			192
		],
		[
			91,
			100
		],
		[
			100,
			192
		],
		[
			46,
			60
		],
		[
			46,
			64
		],
		[
			60,
			64
		],
		[
			176,
			181
		],
		[
			66,
			126
		],
		[
			25,
			66
		],
		[
			25,
			126
		],
		[
			66,
			79
		],
		[
			53,
			66
		],
		[
			40,
			146
		],
		[
			98,
			146
		],
		[
			98,
			106
		],
		[
			98,
			206
		],
		[
			133,
			139
		],
		[
			26,
			139
		],
		[
			26,
			133
		],
		[
			42,
			54
		],
		[
			54,
			170
		],
		[
			41,
			44
		],
		[
			41,
			53
		],
		[
			41,
			126
		],
		[
			41,
			66
		],
		[
			13,
			156
		],
		[
			13,
			163
		],
		[
			27,
			96
		],
		[
			96,
			203
		],
		[
			60,
			183
		],
		[
			46,
			183
		],
		[
			95,
			209
		],
		[
			204,
			209
		],
		[
			43,
			210
		],
		[
			28,
			43
		],
		[
			127,
			177
		],
		[
			177,
			187
		],
		[
			20,
			193
		],
		[
			33,
			193
		],
		[
			20,
			33
		],
		[
			4,
			193
		],
		[
			4,
			33
		],
		[
			3,
			97
		],
		[
			97,
			169
		],
		[
			3,
			169
		],
		[
			59,
			169
		],
		[
			140,
			171
		],
		[
			171,
			173
		],
		[
			140,
			173
		],
		[
			104,
			180
		],
		[
			7,
			114
		],
		[
			110,
			192
		],
		[
			91,
			110
		],
		[
			98,
			130
		],
		[
			106,
			130
		],
		[
			45,
			68
		],
		[
			45,
			105
		],
		[
			68,
			105
		],
		[
			59,
			116
		],
		[
			59,
			78
		],
		[
			19,
			180
		],
		[
			138,
			180
		],
		[
			19,
			138
		],
		[
			122,
			127
		],
		[
			122,
			177
		],
		[
			96,
			183
		],
		[
			183,
			203
		],
		[
			65,
			109
		],
		[
			109,
			123
		],
		[
			47,
			127
		],
		[
			47,
			122
		],
		[
			186,
			188
		],
		[
			139,
			186
		],
		[
			139,
			188
		],
		[
			73,
			180
		],
		[
			49,
			199
		],
		[
			46,
			49
		],
		[
			46,
			199
		],
		[
			31,
			163
		],
		[
			17,
			31
		],
		[
			29,
			37
		],
		[
			29,
			213
		],
		[
			37,
			213
		],
		[
			90,
			210
		],
		[
			58,
			90
		],
		[
			37,
			101
		],
		[
			29,
			101
		],
		[
			49,
			61
		],
		[
			46,
			61
		],
		[
			80,
			118
		],
		[
			9,
			80
		],
		[
			37,
			108
		],
		[
			12,
			108
		],
		[
			12,
			37
		],
		[
			51,
			84
		],
		[
			84,
			134
		],
		[
			62,
			87
		],
		[
			52,
			138
		],
		[
			19,
			52
		],
		[
			10,
			101
		],
		[
			10,
			29
		],
		[
			54,
			129
		],
		[
			129,
			170
		],
		[
			42,
			189
		],
		[
			42,
			111
		],
		[
			189,
			192
		],
		[
			99,
			187
		],
		[
			160,
			187
		],
		[
			99,
			160
		],
		[
			54,
			109
		],
		[
			109,
			129
		],
		[
			40,
			79
		],
		[
			40,
			66
		],
		[
			70,
			111
		],
		[
			55,
			131
		],
		[
			55,
			70
		],
		[
			70,
			131
		],
		[
			108,
			124
		],
		[
			108,
			213
		],
		[
			55,
			115
		],
		[
			115,
			131
		],
		[
			113,
			148
		],
		[
			113,
			154
		],
		[
			28,
			30
		],
		[
			55,
			57
		],
		[
			55,
			84
		],
		[
			22,
			110
		],
		[
			22,
			91
		],
		[
			60,
			72
		],
		[
			72,
			183
		],
		[
			86,
			188
		],
		[
			55,
			111
		],
		[
			82,
			148
		],
		[
			64,
			105
		],
		[
			105,
			179
		],
		[
			64,
			179
		],
		[
			72,
			92
		],
		[
			190,
			197
		],
		[
			119,
			197
		],
		[
			119,
			190
		],
		[
			114,
			190
		],
		[
			5,
			57
		],
		[
			5,
			67
		],
		[
			57,
			67
		],
		[
			6,
			187
		],
		[
			6,
			184
		],
		[
			184,
			187
		],
		[
			67,
			208
		],
		[
			6,
			10
		],
		[
			6,
			166
		],
		[
			10,
			166
		],
		[
			191,
			198
		],
		[
			89,
			198
		],
		[
			89,
			191
		],
		[
			49,
			174
		],
		[
			192,
			205
		],
		[
			160,
			198
		],
		[
			74,
			133
		],
		[
			32,
			136
		],
		[
			32,
			212
		],
		[
			136,
			212
		],
		[
			23,
			108
		],
		[
			23,
			124
		],
		[
			119,
			152
		],
		[
			152,
			190
		],
		[
			46,
			150
		],
		[
			150,
			183
		],
		[
			176,
			212
		],
		[
			68,
			174
		],
		[
			49,
			68
		],
		[
			27,
			90
		],
		[
			90,
			96
		],
		[
			57,
			143
		],
		[
			5,
			143
		],
		[
			14,
			109
		],
		[
			14,
			54
		],
		[
			10,
			97
		],
		[
			29,
			97
		],
		[
			35,
			180
		],
		[
			17,
			35
		],
		[
			17,
			180
		],
		[
			160,
			184
		],
		[
			30,
			63
		],
		[
			28,
			63
		],
		[
			3,
			29
		],
		[
			31,
			138
		],
		[
			31,
			45
		],
		[
			45,
			138
		],
		[
			31,
			144
		],
		[
			2,
			31
		],
		[
			30,
			191
		],
		[
			30,
			125
		],
		[
			125,
			191
		],
		[
			185,
			194
		],
		[
			175,
			194
		],
		[
			175,
			185
		],
		[
			9,
			160
		],
		[
			16,
			185
		],
		[
			116,
			166
		],
		[
			103,
			118
		],
		[
			94,
			99
		],
		[
			99,
			193
		],
		[
			94,
			193
		],
		[
			33,
			185
		],
		[
			33,
			182
		],
		[
			182,
			185
		],
		[
			33,
			175
		],
		[
			16,
			163
		],
		[
			163,
			185
		],
		[
			15,
			166
		],
		[
			15,
			116
		],
		[
			150,
			201
		],
		[
			119,
			214
		],
		[
			119,
			120
		],
		[
			120,
			214
		],
		[
			175,
			196
		],
		[
			175,
			209
		],
		[
			196,
			209
		],
		[
			85,
			200
		],
		[
			85,
			158
		],
		[
			35,
			117
		],
		[
			120,
			162
		],
		[
			162,
			214
		],
		[
			95,
			136
		],
		[
			61,
			105
		],
		[
			61,
			68
		],
		[
			44,
			104
		],
		[
			44,
			149
		],
		[
			133,
			178
		],
		[
			135,
			178
		],
		[
			133,
			135
		],
		[
			4,
			103
		],
		[
			39,
			179
		],
		[
			30,
			179
		],
		[
			30,
			39
		],
		[
			102,
			181
		],
		[
			181,
			207
		],
		[
			102,
			207
		],
		[
			56,
			126
		],
		[
			6,
			107
		],
		[
			9,
			198
		],
		[
			158,
			214
		],
		[
			38,
			183
		],
		[
			152,
			214
		],
		[
			31,
			77
		],
		[
			45,
			77
		],
		[
			118,
			193
		],
		[
			4,
			118
		],
		[
			112,
			146
		],
		[
			130,
			146
		],
		[
			112,
			130
		],
		[
			15,
			122
		],
		[
			15,
			132
		],
		[
			10,
			107
		],
		[
			20,
			127
		],
		[
			165,
			207
		],
		[
			120,
			178
		],
		[
			125,
			198
		],
		[
			113,
			209
		],
		[
			47,
			196
		],
		[
			189,
			205
		],
		[
			51,
			186
		],
		[
			51,
			188
		],
		[
			128,
			174
		],
		[
			26,
			186
		],
		[
			17,
			138
		],
		[
			92,
			183
		],
		[
			92,
			96
		],
		[
			11,
			13
		],
		[
			95,
			175
		],
		[
			154,
			209
		],
		[
			162,
			215
		],
		[
			78,
			82
		],
		[
			120,
			135
		],
		[
			63,
			191
		],
		[
			14,
			42
		],
		[
			128,
			147
		],
		[
			87,
			147
		],
		[
			85,
			145
		],
		[
			86,
			139
		],
		[
			86,
			133
		],
		[
			91,
			191
		],
		[
			100,
			191
		],
		[
			65,
			171
		],
		[
			80,
			179
		],
		[
			8,
			81
		],
		[
			81,
			117
		],
		[
			45,
			52
		],
		[
			144,
			163
		],
		[
			186,
			215
		],
		[
			26,
			215
		],
		[
			95,
			194
		],
		[
			48,
			89
		],
		[
			48,
			100
		],
		[
			89,
			100
		],
		[
			120,
			197
		],
		[
			144,
			185
		],
		[
			9,
			125
		],
		[
			76,
			167
		],
		[
			34,
			147
		],
		[
			34,
			201
		],
		[
			14,
			189
		],
		[
			18,
			50
		],
		[
			50,
			134
		],
		[
			25,
			40
		],
		[
			30,
			80
		],
		[
			61,
			64
		],
		[
			50,
			145
		],
		[
			20,
			94
		],
		[
			63,
			91
		],
		[
			22,
			63
		],
		[
			25,
			146
		],
		[
			25,
			112
		],
		[
			52,
			174
		],
		[
			13,
			16
		],
		[
			164,
			181
		],
		[
			67,
			111
		],
		[
			57,
			111
		],
		[
			83,
			121
		],
		[
			52,
			68
		],
		[
			141,
			165
		],
		[
			93,
			141
		],
		[
			37,
			75
		],
		[
			35,
			81
		],
		[
			5,
			71
		],
		[
			16,
			32
		],
		[
			34,
			128
		],
		[
			13,
			21
		],
		[
			21,
			32
		],
		[
			13,
			32
		],
		[
			39,
			64
		],
		[
			22,
			28
		],
		[
			21,
			93
		],
		[
			21,
			141
		],
		[
			80,
			125
		],
		[
			11,
			21
		],
		[
			11,
			141
		],
		[
			114,
			197
		],
		[
			11,
			81
		],
		[
			29,
			88
		],
		[
			121,
			157
		],
		[
			3,
			88
		],
		[
			62,
			155
		],
		[
			84,
			115
		],
		[
			115,
			134
		],
		[
			8,
			142
		]
	],
	"score": 0.5031847133757962,
	"obtuse num": 0,
	"steiner num": 216
}