{
	"content_type": "CG_SHOP_2025_Solution",
	"instance_uid": "point-set_40_f511c8ce",
	"steiner_points_x": [
		"90740436671/12690197",
		"41034339393/6530609",
		"20639337/246682",
		4948,
		6707,
		"425113814/93809",
		4759,
		"94928751555/12690197",
		"89580590111/12690197",
		3544,
		"27169415431658839/3927831704849",
		"310413684/93809",
		6562,
		"381017524/93809",
		"81075693/11681",
		5830,
		6543,
		"89108017901/12690197",
		5768,
		"86599824437/12690197",
		"87072707853/13061218",
		6335,
		5599,
		"21320212131/3932245",
		"50224889381/7864490",
		"35728674651/6530609",
		6775,
		6493,
		6471,
		6796,
		"92793332757/12690197",
		6508,
		6052,
		"58022836329/13061218",
		4741,
		"7483633647071736/1528795975073",
		"25633896474/6530609",
		5178,
		5084,
		4376,
		5200
	],
	"steiner_points_y": [
		"35709443557/12690197",
		"28342664790/6530609",
		"30782295/246682",
		977,
		1116,
		"37037476/93809",
		1649,
		"16687057811/12690197",
		"40977206197/12690197",
		2077,
		"15214273745638911/3927831704849",
		"26507628/93809",
		3286,
		"32989292/93809",
		"10472841/11681",
		2902,
		3358,
		"43123523062/12690197",
		3405,
		"54515174578/12690197",
		"58408988407/13061218",
		3851,
		2783,
		"2192188083/3932245",
		"6077510323/7864490",
		"26515106288/6530609",
		2103,
		2311,
		1894,
		2552,
		"26385650498/12690197",
		2744,
		2237,
		"48402638163/13061218",
		3555,
		"5903869371240445/1528795975073",
		"23037917551/6530609",
		3535,
		3266,
		2767,
		3080
	],
	"edges": [
		[
			52,
			56
		],
		[
			1,
			52
		],
		[
			1,
			56
		],
		[
			28,
			52
		],
		[
			3,
			52
		],
		[
			3,
			28
		],
		[
			10,
			54
		],
		[
			10,
			27
		],
		[
			27,
			54
		],
		[
			23,
			70
		],
		[
			23,
			40
		],
		[
			40,
			70
		],
		[
			21,
			35
		],
		[
			21,
			51
		],
		[
			35,
			51
		],
		[
			38,
			58
		],
		[
			0,
			38
		],
		[
			0,
			58
		],
		[
			22,
			79
		],
		[
			5,
			79
		],
		[
			5,
			22
		],
		[
			30,
			42
		],
		[
			35,
			42
		],
		[
			30,
			35
		],
		[
			0,
			56
		],
		[
			38,
			56
		],
		[
			67,
			72
		],
		[
			26,
			72
		],
		[
			26,
			67
		],
		[
			4,
			77
		],
		[
			18,
			77
		],
		[
			4,
			18
		],
		[
			33,
			43
		],
		[
			20,
			43
		],
		[
			20,
			33
		],
		[
			28,
			69
		],
		[
			23,
			28
		],
		[
			23,
			69
		],
		[
			9,
			11
		],
		[
			11,
			17
		],
		[
			9,
			17
		],
		[
			10,
			44
		],
		[
			29,
			44
		],
		[
			10,
			29
		],
		[
			24,
			33
		],
		[
			24,
			64
		],
		[
			33,
			64
		],
		[
			43,
			46
		],
		[
			20,
			46
		],
		[
			14,
			43
		],
		[
			14,
			32
		],
		[
			32,
			43
		],
		[
			31,
			79
		],
		[
			31,
			49
		],
		[
			49,
			79
		],
		[
			25,
			36
		],
		[
			36,
			49
		],
		[
			25,
			49
		],
		[
			21,
			49
		],
		[
			21,
			31
		],
		[
			36,
			79
		],
		[
			24,
			44
		],
		[
			44,
			64
		],
		[
			67,
			68
		],
		[
			68,
			72
		],
		[
			38,
			61
		],
		[
			16,
			61
		],
		[
			16,
			38
		],
		[
			23,
			48
		],
		[
			40,
			48
		],
		[
			36,
			76
		],
		[
			5,
			76
		],
		[
			5,
			36
		],
		[
			11,
			62
		],
		[
			17,
			62
		],
		[
			8,
			16
		],
		[
			16,
			50
		],
		[
			8,
			50
		],
		[
			3,
			23
		],
		[
			3,
			48
		],
		[
			6,
			31
		],
		[
			6,
			21
		],
		[
			32,
			45
		],
		[
			14,
			45
		],
		[
			21,
			34
		],
		[
			34,
			35
		],
		[
			29,
			66
		],
		[
			66,
			70
		],
		[
			29,
			70
		],
		[
			6,
			51
		],
		[
			6,
			53
		],
		[
			51,
			53
		],
		[
			12,
			15
		],
		[
			12,
			69
		],
		[
			15,
			69
		],
		[
			10,
			70
		],
		[
			22,
			78
		],
		[
			37,
			78
		],
		[
			22,
			37
		],
		[
			15,
			68
		],
		[
			15,
			66
		],
		[
			66,
			68
		],
		[
			33,
			63
		],
		[
			63,
			64
		],
		[
			1,
			55
		],
		[
			1,
			71
		],
		[
			55,
			71
		],
		[
			44,
			54
		],
		[
			62,
			72
		],
		[
			17,
			72
		],
		[
			74,
			77
		],
		[
			74,
			75
		],
		[
			75,
			77
		],
		[
			74,
			78
		],
		[
			77,
			78
		],
		[
			58,
			61
		],
		[
			39,
			58
		],
		[
			39,
			61
		],
		[
			7,
			19
		],
		[
			19,
			60
		],
		[
			7,
			60
		],
		[
			66,
			69
		],
		[
			17,
			46
		],
		[
			9,
			46
		],
		[
			34,
			49
		],
		[
			73,
			74
		],
		[
			73,
			75
		],
		[
			16,
			56
		],
		[
			24,
			29
		],
		[
			9,
			37
		],
		[
			11,
			37
		],
		[
			34,
			42
		],
		[
			69,
			70
		],
		[
			2,
			58
		],
		[
			55,
			58
		],
		[
			2,
			55
		],
		[
			37,
			80
		],
		[
			11,
			80
		],
		[
			22,
			74
		],
		[
			18,
			75
		],
		[
			65,
			75
		],
		[
			18,
			65
		],
		[
			14,
			33
		],
		[
			0,
			55
		],
		[
			62,
			80
		],
		[
			31,
			32
		],
		[
			6,
			32
		],
		[
			6,
			45
		],
		[
			45,
			53
		],
		[
			8,
			52
		],
		[
			3,
			8
		],
		[
			1,
			28
		],
		[
			13,
			16
		],
		[
			13,
			19
		],
		[
			16,
			19
		],
		[
			8,
			57
		],
		[
			50,
			57
		],
		[
			78,
			80
		],
		[
			3,
			57
		],
		[
			26,
			71
		],
		[
			26,
			55
		],
		[
			39,
			65
		],
		[
			61,
			65
		],
		[
			31,
			46
		],
		[
			9,
			31
		],
		[
			8,
			56
		],
		[
			2,
			80
		],
		[
			2,
			62
		],
		[
			19,
			59
		],
		[
			7,
			59
		],
		[
			9,
			22
		],
		[
			9,
			79
		],
		[
			25,
			76
		],
		[
			13,
			41
		],
		[
			13,
			65
		],
		[
			41,
			65
		],
		[
			0,
			1
		],
		[
			4,
			39
		],
		[
			4,
			58
		],
		[
			19,
			50
		],
		[
			50,
			59
		],
		[
			17,
			20
		],
		[
			20,
			72
		],
		[
			55,
			62
		],
		[
			10,
			47
		],
		[
			47,
			70
		],
		[
			13,
			60
		],
		[
			41,
			60
		],
		[
			24,
			72
		],
		[
			24,
			68
		],
		[
			55,
			72
		],
		[
			12,
			28
		],
		[
			5,
			73
		],
		[
			5,
			74
		],
		[
			2,
			4
		],
		[
			20,
			24
		],
		[
			15,
			67
		],
		[
			12,
			67
		],
		[
			12,
			26
		],
		[
			29,
			68
		],
		[
			25,
			34
		],
		[
			13,
			61
		],
		[
			73,
			76
		],
		[
			48,
			57
		],
		[
			18,
			39
		],
		[
			12,
			71
		],
		[
			4,
			80
		],
		[
			4,
			78
		],
		[
			14,
			63
		],
		[
			54,
			64
		],
		[
			27,
			47
		],
		[
			32,
			46
		],
		[
			28,
			71
		]
	],
	"score": 0.5119047619047619,
	"obtuse num": 0,
	"steiner num": 81
}