{
	"content_type": "CG_SHOP_2025_Solution",
	"instance_uid": "point-set_20_72cd2066",
	"steiner_points_x": [
		"463577211/556565",
		2922,
		1225,
		3417,
		"61614851/111313",
		"20933189/193609",
		2232,
		1158,
		"769580631/229450",
		"2578228879/3557989",
		"11859367723/4601810",
		822,
		2433,
		"371177982/114725",
		585,
		"5283/2",
		2544,
		2871,
		751,
		2797,
		"13731410897/4601810",
		"96109161/27409"
	],
	"steiner_points_y": [
		"22235832/556565",
		940,
		435,
		1226,
		"9188292/111313",
		"256347384/193609",
		1440,
		612,
		"373276067/229450",
		"5781821848/3557989",
		"2755425131/4601810",
		585,
		1626,
		"190700974/114725",
		501,
		"3679/2",
		1409,
		1771,
		1482,
		1345,
		"3828756709/4601810",
		"31591529/27409"
	],
	"edges": [
		[
			12,
			13
		],
		[
			13,
			34
		],
		[
			12,
			34
		],
		[
			5,
			10
		],
		[
			5,
			30
		],
		[
			21,
			40
		],
		[
			14,
			21
		],
		[
			13,
			31
		],
		[
			31,
			34
		],
		[
			3,
			36
		],
		[
			2,
			3
		],
		[
			2,
			36
		],
		[
			2,
			39
		],
		[
			36,
			39
		],
		[
			17,
			24
		],
		[
			17,
			20
		],
		[
			21,
			30
		],
		[
			8,
			32
		],
		[
			26,
			32
		],
		[
			8,
			26
		],
		[
			26,
			38
		],
		[
			26,
			27
		],
		[
			27,
			38
		],
		[
			1,
			11
		],
		[
			11,
			22
		],
		[
			1,
			22
		],
		[
			0,
			32
		],
		[
			5,
			26
		],
		[
			5,
			27
		],
		[
			3,
			16
		],
		[
			16,
			36
		],
		[
			2,
			35
		],
		[
			2,
			37
		],
		[
			13,
			25
		],
		[
			19,
			37
		],
		[
			2,
			19
		],
		[
			7,
			38
		],
		[
			29,
			38
		],
		[
			0,
			3
		],
		[
			3,
			35
		],
		[
			21,
			23
		],
		[
			14,
			23
		],
		[
			27,
			31
		],
		[
			6,
			27
		],
		[
			6,
			31
		],
		[
			16,
			26
		],
		[
			5,
			16
		],
		[
			19,
			23
		],
		[
			4,
			19
		],
		[
			4,
			23
		],
		[
			4,
			33
		],
		[
			4,
			28
		],
		[
			4,
			9
		],
		[
			15,
			34
		],
		[
			15,
			17
		],
		[
			19,
			33
		],
		[
			22,
			27
		],
		[
			5,
			22
		],
		[
			31,
			38
		],
		[
			8,
			38
		],
		[
			13,
			38
		],
		[
			21,
			39
		],
		[
			23,
			39
		],
		[
			19,
			39
		],
		[
			5,
			39
		],
		[
			5,
			21
		],
		[
			5,
			36
		],
		[
			9,
			23
		],
		[
			3,
			32
		],
		[
			10,
			22
		],
		[
			6,
			34
		],
		[
			16,
			32
		],
		[
			23,
			41
		],
		[
			11,
			27
		],
		[
			6,
			11
		],
		[
			7,
			13
		],
		[
			17,
			34
		],
		[
			6,
			17
		],
		[
			13,
			18
		],
		[
			11,
			17
		],
		[
			11,
			20
		]
	],
	"score": 0.5217391304347826,
	"obtuse num": 0,
	"steiner num": 42
}