{
	"content_type": "CG_SHOP_2025_Solution",
	"instance_uid": "point-set_60_9fc02edd",
	"steiner_points_x": [
		7624,
		200,
		14200,
		200,
		10150,
		12592,
		4700,
		11101,
		7885,
		5400,
		10150,
		16125,
		10149,
		7300,
		14304,
		11125,
		5399,
		12433,
		15623,
		10852,
		11626,
		15686,
		18030,
		3320,
		14899,
		14900,
		6724,
		3880,
		13296,
		12447,
		11232,
		7976,
		3100,
		12600,
		7548,
		12300,
		10723,
		4868,
		5400,
		5170,
		5486,
		10679,
		12599,
		7858,
		13454,
		9729,
		9450,
		14899,
		14900,
		8898,
		19800,
		"11000/3",
		13458
	],
	"steiner_points_y": [
		2506,
		5750,
		12200,
		10177,
		12200,
		4646,
		12200,
		12200,
		12200,
		12200,
		800,
		800,
		10053,
		6490,
		4655,
		5236,
		3299,
		9285,
		8560,
		8705,
		4184,
		6359,
		4583,
		12200,
		10053,
		12200,
		12200,
		8023,
		6307,
		3040,
		800,
		6605,
		5750,
		12200,
		9832,
		6705,
		3505,
		7016,
		800,
		10573,
		8518,
		4117,
		800,
		800,
		7541,
		7615,
		12200,
		7103,
		800,
		8035,
		5400,
		800,
		12200
	],
	"edges": [
		[
			99,
			100
		],
		[
			6,
			99
		],
		[
			6,
			100
		],
		[
			30,
			95
		],
		[
			13,
			95
		],
		[
			13,
			30
		],
		[
			53,
			85
		],
		[
			40,
			47
		],
		[
			47,
			105
		],
		[
			40,
			105
		],
		[
			2,
			15
		],
		[
			2,
			84
		],
		[
			15,
			84
		],
		[
			4,
			39
		],
		[
			39,
			96
		],
		[
			4,
			96
		],
		[
			18,
			22
		],
		[
			18,
			78
		],
		[
			22,
			78
		],
		[
			61,
			92
		],
		[
			28,
			92
		],
		[
			28,
			61
		],
		[
			24,
			50
		],
		[
			50,
			97
		],
		[
			24,
			97
		],
		[
			29,
			44
		],
		[
			29,
			68
		],
		[
			44,
			68
		],
		[
			45,
			98
		],
		[
			45,
			103
		],
		[
			7,
			78
		],
		[
			7,
			48
		],
		[
			48,
			78
		],
		[
			89,
			102
		],
		[
			14,
			89
		],
		[
			14,
			102
		],
		[
			94,
			109
		],
		[
			9,
			109
		],
		[
			9,
			94
		],
		[
			81,
			82
		],
		[
			25,
			82
		],
		[
			25,
			81
		],
		[
			3,
			99
		],
		[
			34,
			99
		],
		[
			3,
			34
		],
		[
			1,
			15
		],
		[
			15,
			77
		],
		[
			1,
			77
		],
		[
			16,
			60
		],
		[
			45,
			60
		],
		[
			16,
			45
		],
		[
			59,
			93
		],
		[
			59,
			112
		],
		[
			17,
			47
		],
		[
			17,
			105
		],
		[
			26,
			59
		],
		[
			26,
			93
		],
		[
			12,
			88
		],
		[
			58,
			88
		],
		[
			12,
			58
		],
		[
			45,
			111
		],
		[
			4,
			103
		],
		[
			60,
			103
		],
		[
			4,
			60
		],
		[
			36,
			67
		],
		[
			36,
			64
		],
		[
			59,
			77
		],
		[
			1,
			59
		],
		[
			7,
			84
		],
		[
			48,
			84
		],
		[
			0,
			68
		],
		[
			0,
			86
		],
		[
			0,
			6
		],
		[
			6,
			86
		],
		[
			18,
			56
		],
		[
			56,
			78
		],
		[
			50,
			63
		],
		[
			50,
			61
		],
		[
			20,
			29
		],
		[
			20,
			44
		],
		[
			36,
			44
		],
		[
			44,
			64
		],
		[
			51,
			100
		],
		[
			51,
			99
		],
		[
			44,
			72
		],
		[
			36,
			72
		],
		[
			20,
			94
		],
		[
			29,
			94
		],
		[
			9,
			91
		],
		[
			73,
			91
		],
		[
			9,
			73
		],
		[
			105,
			109
		],
		[
			33,
			109
		],
		[
			33,
			105
		],
		[
			11,
			74
		],
		[
			11,
			25
		],
		[
			25,
			74
		],
		[
			9,
			27
		],
		[
			27,
			91
		],
		[
			65,
			95
		],
		[
			88,
			95
		],
		[
			65,
			88
		],
		[
			15,
			43
		],
		[
			43,
			77
		],
		[
			37,
			55
		],
		[
			37,
			63
		],
		[
			21,
			82
		],
		[
			82,
			110
		],
		[
			26,
			67
		],
		[
			34,
			69
		],
		[
			34,
			66
		],
		[
			11,
			81
		],
		[
			14,
			31
		],
		[
			31,
			74
		],
		[
			14,
			74
		],
		[
			0,
			94
		],
		[
			0,
			29
		],
		[
			20,
			33
		],
		[
			33,
			94
		],
		[
			10,
			102
		],
		[
			10,
			89
		],
		[
			44,
			106
		],
		[
			3,
			6
		],
		[
			40,
			52
		],
		[
			52,
			79
		],
		[
			40,
			79
		],
		[
			30,
			58
		],
		[
			30,
			104
		],
		[
			58,
			104
		],
		[
			40,
			72
		],
		[
			33,
			40
		],
		[
			33,
			72
		],
		[
			19,
			107
		],
		[
			11,
			19
		],
		[
			11,
			107
		],
		[
			26,
			77
		],
		[
			37,
			87
		],
		[
			37,
			51
		],
		[
			51,
			87
		],
		[
			34,
			83
		],
		[
			12,
			104
		],
		[
			43,
			104
		],
		[
			12,
			43
		],
		[
			14,
			108
		],
		[
			8,
			38
		],
		[
			38,
			111
		],
		[
			8,
			111
		],
		[
			34,
			37
		],
		[
			37,
			83
		],
		[
			94,
			100
		],
		[
			57,
			94
		],
		[
			57,
			100
		],
		[
			39,
			60
		],
		[
			46,
			65
		],
		[
			46,
			80
		],
		[
			65,
			80
		],
		[
			75,
			95
		],
		[
			47,
			75
		],
		[
			47,
			95
		],
		[
			17,
			39
		],
		[
			17,
			101
		],
		[
			39,
			101
		],
		[
			20,
			72
		],
		[
			21,
			25
		],
		[
			80,
			101
		],
		[
			80,
			96
		],
		[
			96,
			101
		],
		[
			52,
			72
		],
		[
			13,
			77
		],
		[
			13,
			79
		],
		[
			77,
			79
		],
		[
			17,
			75
		],
		[
			48,
			53
		],
		[
			32,
			48
		],
		[
			32,
			53
		],
		[
			35,
			51
		],
		[
			35,
			97
		],
		[
			51,
			97
		],
		[
			24,
			92
		],
		[
			24,
			28
		],
		[
			87,
			97
		],
		[
			50,
			87
		],
		[
			14,
			71
		],
		[
			14,
			42
		],
		[
			42,
			71
		],
		[
			17,
			27
		],
		[
			17,
			91
		],
		[
			31,
			46
		],
		[
			31,
			65
		],
		[
			12,
			107
		],
		[
			43,
			107
		],
		[
			1,
			2
		],
		[
			50,
			92
		],
		[
			58,
			95
		],
		[
			39,
			91
		],
		[
			39,
			73
		],
		[
			28,
			38
		],
		[
			28,
			76
		],
		[
			38,
			76
		],
		[
			6,
			94
		],
		[
			22,
			48
		],
		[
			3,
			86
		],
		[
			5,
			36
		],
		[
			5,
			67
		],
		[
			30,
			77
		],
		[
			16,
			54
		],
		[
			54,
			73
		],
		[
			16,
			73
		],
		[
			38,
			45
		],
		[
			2,
			85
		],
		[
			2,
			62
		],
		[
			10,
			90
		],
		[
			77,
			104
		],
		[
			56,
			81
		],
		[
			56,
			82
		],
		[
			10,
			23
		],
		[
			23,
			90
		],
		[
			18,
			110
		],
		[
			45,
			76
		],
		[
			16,
			76
		],
		[
			23,
			96
		],
		[
			10,
			96
		],
		[
			36,
			52
		],
		[
			19,
			56
		],
		[
			19,
			78
		],
		[
			65,
			74
		],
		[
			16,
			39
		],
		[
			47,
			79
		],
		[
			13,
			47
		],
		[
			31,
			89
		],
		[
			46,
			89
		],
		[
			43,
			84
		],
		[
			10,
			46
		],
		[
			5,
			52
		],
		[
			5,
			77
		],
		[
			52,
			77
		],
		[
			54,
			76
		],
		[
			65,
			75
		],
		[
			9,
			57
		],
		[
			75,
			101
		],
		[
			18,
			82
		],
		[
			19,
			81
		],
		[
			2,
			112
		],
		[
			2,
			32
		],
		[
			32,
			84
		],
		[
			63,
			87
		],
		[
			46,
			96
		],
		[
			37,
			99
		],
		[
			5,
			26
		],
		[
			35,
			54
		],
		[
			35,
			73
		],
		[
			57,
			73
		],
		[
			8,
			28
		],
		[
			7,
			19
		],
		[
			7,
			107
		],
		[
			27,
			105
		],
		[
			27,
			109
		],
		[
			74,
			88
		],
		[
			21,
			42
		],
		[
			25,
			42
		],
		[
			35,
			57
		],
		[
			24,
			76
		],
		[
			23,
			103
		],
		[
			23,
			70
		],
		[
			35,
			100
		],
		[
			11,
			88
		],
		[
			32,
			85
		],
		[
			54,
			97
		],
		[
			11,
			12
		],
		[
			4,
			23
		],
		[
			1,
			112
		],
		[
			42,
			74
		],
		[
			75,
			80
		],
		[
			24,
			54
		],
		[
			3,
			69
		],
		[
			7,
			43
		]
	],
	"score": 0.5092592592592593,
	"obtuse num": 0,
	"steiner num": 113
}