{
	"content_type": "CG_SHOP_2025_Solution",
	"instance_uid": "point-set_80_d77fb670",
	"steiner_points_x": [
		8720,
		1471,
		5696,
		4639,
		"85769200/53441",
		3460,
		8792,
		4389,
		0,
		3723,
		454,
		10610,
		8793,
		7987,
		"68772385/6866",
		3460,
		1060,
		"258318190/67283",
		11325,
		9350,
		7150,
		1494,
		7787,
		0,
		5568,
		10465,
		"47091880/53441",
		"40462/5",
		6919,
		856,
		8168,
		"1967125571962307/1000408317333",
		5696,
		1643,
		7195,
		2507,
		2200,
		"28353279715/10062749",
		2737,
		2646,
		10761,
		"1427375/533",
		0,
		3784,
		"27413737573/10062749",
		9985,
		7151,
		9985,
		5697,
		1965,
		9614,
		7200,
		3243,
		9985,
		7180,
		9350
	],
	"steiner_points_y": [
		5099,
		7650,
		102,
		3175,
		"474446820/53441",
		9070,
		7296,
		3760,
		3659,
		2325,
		1865,
		0,
		9070,
		5388,
		"60826745/6866",
		3175,
		3599,
		"2218050/67283",
		1985,
		2860,
		9070,
		2590,
		3785,
		1865,
		996,
		4397,
		"461964594/53441",
		0,
		4837,
		5557,
		9070,
		"6998983696240/32271236043",
		0,
		3175,
		219,
		2380,
		3660,
		"1341208800/10062749",
		272,
		795,
		7125,
		9070,
		2750,
		7971,
		"1433466660/10062749",
		0,
		1420,
		8275,
		1421,
		625,
		5660,
		7047,
		6520,
		6522,
		0,
		1110
	],
	"edges": [
		[
			46,
			49
		],
		[
			46,
			61
		],
		[
			49,
			61
		],
		[
			59,
			74
		],
		[
			59,
			92
		],
		[
			52,
			126
		],
		[
			25,
			126
		],
		[
			25,
			52
		],
		[
			4,
			128
		],
		[
			42,
			128
		],
		[
			4,
			42
		],
		[
			62,
			120
		],
		[
			20,
			120
		],
		[
			37,
			63
		],
		[
			63,
			86
		],
		[
			37,
			86
		],
		[
			45,
			63
		],
		[
			51,
			63
		],
		[
			45,
			51
		],
		[
			18,
			99
		],
		[
			1,
			18
		],
		[
			1,
			99
		],
		[
			13,
			42
		],
		[
			13,
			21
		],
		[
			21,
			42
		],
		[
			13,
			104
		],
		[
			82,
			104
		],
		[
			13,
			82
		],
		[
			14,
			60
		],
		[
			14,
			125
		],
		[
			18,
			80
		],
		[
			1,
			80
		],
		[
			57,
			105
		],
		[
			40,
			105
		],
		[
			9,
			60
		],
		[
			9,
			14
		],
		[
			9,
			53
		],
		[
			53,
			60
		],
		[
			52,
			104
		],
		[
			104,
			128
		],
		[
			52,
			128
		],
		[
			19,
			116
		],
		[
			30,
			116
		],
		[
			19,
			30
		],
		[
			6,
			131
		],
		[
			73,
			131
		],
		[
			6,
			73
		],
		[
			27,
			67
		],
		[
			27,
			133
		],
		[
			67,
			133
		],
		[
			69,
			81
		],
		[
			61,
			69
		],
		[
			61,
			81
		],
		[
			5,
			123
		],
		[
			5,
			70
		],
		[
			70,
			123
		],
		[
			4,
			16
		],
		[
			11,
			16
		],
		[
			4,
			11
		],
		[
			31,
			123
		],
		[
			31,
			70
		],
		[
			64,
			66
		],
		[
			64,
			67
		],
		[
			66,
			67
		],
		[
			19,
			38
		],
		[
			19,
			132
		],
		[
			38,
			132
		],
		[
			56,
			102
		],
		[
			18,
			102
		],
		[
			18,
			56
		],
		[
			1,
			105
		],
		[
			1,
			35
		],
		[
			35,
			105
		],
		[
			71,
			115
		],
		[
			26,
			115
		],
		[
			26,
			71
		],
		[
			16,
			89
		],
		[
			89,
			115
		],
		[
			16,
			115
		],
		[
			8,
			9
		],
		[
			8,
			14
		],
		[
			52,
			82
		],
		[
			120,
			133
		],
		[
			67,
			120
		],
		[
			54,
			110
		],
		[
			54,
			100
		],
		[
			25,
			56
		],
		[
			56,
			126
		],
		[
			65,
			86
		],
		[
			37,
			65
		],
		[
			4,
			89
		],
		[
			33,
			122
		],
		[
			33,
			90
		],
		[
			90,
			122
		],
		[
			45,
			133
		],
		[
			63,
			133
		],
		[
			10,
			82
		],
		[
			82,
			112
		],
		[
			51,
			59
		],
		[
			51,
			74
		],
		[
			68,
			80
		],
		[
			80,
			93
		],
		[
			68,
			93
		],
		[
			46,
			81
		],
		[
			56,
			99
		],
		[
			48,
			99
		],
		[
			48,
			56
		],
		[
			28,
			30
		],
		[
			28,
			113
		],
		[
			30,
			113
		],
		[
			17,
			50
		],
		[
			17,
			130
		],
		[
			50,
			130
		],
		[
			61,
			106
		],
		[
			49,
			106
		],
		[
			114,
			134
		],
		[
			107,
			114
		],
		[
			88,
			96
		],
		[
			33,
			96
		],
		[
			33,
			88
		],
		[
			13,
			97
		],
		[
			10,
			13
		],
		[
			79,
			101
		],
		[
			79,
			115
		],
		[
			101,
			115
		],
		[
			41,
			132
		],
		[
			19,
			41
		],
		[
			71,
			101
		],
		[
			71,
			90
		],
		[
			90,
			101
		],
		[
			9,
			135
		],
		[
			8,
			135
		],
		[
			53,
			107
		],
		[
			26,
			129
		],
		[
			26,
			44
		],
		[
			44,
			129
		],
		[
			48,
			135
		],
		[
			9,
			48
		],
		[
			30,
			96
		],
		[
			96,
			113
		],
		[
			39,
			68
		],
		[
			39,
			93
		],
		[
			82,
			134
		],
		[
			82,
			114
		],
		[
			117,
			118
		],
		[
			0,
			118
		],
		[
			0,
			117
		],
		[
			39,
			131
		],
		[
			39,
			73
		],
		[
			80,
			102
		],
		[
			93,
			102
		],
		[
			34,
			65
		],
		[
			34,
			54
		],
		[
			54,
			65
		],
		[
			12,
			90
		],
		[
			75,
			90
		],
		[
			8,
			99
		],
		[
			29,
			99
		],
		[
			8,
			29
		],
		[
			14,
			91
		],
		[
			14,
			72
		],
		[
			72,
			91
		],
		[
			45,
			127
		],
		[
			51,
			127
		],
		[
			21,
			89
		],
		[
			21,
			115
		],
		[
			42,
			89
		],
		[
			3,
			6
		],
		[
			3,
			131
		],
		[
			15,
			73
		],
		[
			6,
			15
		],
		[
			17,
			27
		],
		[
			27,
			130
		],
		[
			52,
			114
		],
		[
			61,
			76
		],
		[
			2,
			31
		],
		[
			2,
			70
		],
		[
			45,
			120
		],
		[
			11,
			32
		],
		[
			32,
			87
		],
		[
			11,
			87
		],
		[
			38,
			87
		],
		[
			32,
			38
		],
		[
			54,
			92
		],
		[
			86,
			131
		],
		[
			65,
			131
		],
		[
			41,
			46
		],
		[
			43,
			46
		],
		[
			41,
			43
		],
		[
			23,
			58
		],
		[
			58,
			98
		],
		[
			49,
			84
		],
		[
			90,
			103
		],
		[
			7,
			35
		],
		[
			7,
			105
		],
		[
			42,
			104
		],
		[
			26,
			119
		],
		[
			44,
			119
		],
		[
			28,
			116
		],
		[
			44,
			118
		],
		[
			118,
			119
		],
		[
			55,
			127
		],
		[
			22,
			127
		],
		[
			22,
			55
		],
		[
			29,
			58
		],
		[
			29,
			98
		],
		[
			43,
			47
		],
		[
			43,
			49
		],
		[
			47,
			49
		],
		[
			99,
			135
		],
		[
			48,
			53
		],
		[
			22,
			74
		],
		[
			22,
			94
		],
		[
			37,
			59
		],
		[
			37,
			51
		],
		[
			6,
			132
		],
		[
			3,
			132
		],
		[
			3,
			31
		],
		[
			3,
			123
		],
		[
			7,
			64
		],
		[
			7,
			67
		],
		[
			77,
			115
		],
		[
			16,
			77
		],
		[
			15,
			132
		],
		[
			102,
			108
		],
		[
			93,
			108
		],
		[
			83,
			128
		],
		[
			24,
			83
		],
		[
			24,
			128
		],
		[
			4,
			83
		],
		[
			11,
			83
		],
		[
			123,
			132
		],
		[
			0,
			97
		],
		[
			0,
			21
		],
		[
			21,
			97
		],
		[
			39,
			86
		],
		[
			35,
			80
		],
		[
			15,
			108
		],
		[
			87,
			108
		],
		[
			15,
			87
		],
		[
			29,
			105
		],
		[
			29,
			57
		],
		[
			34,
			100
		],
		[
			31,
			34
		],
		[
			31,
			100
		],
		[
			64,
			105
		],
		[
			40,
			64
		],
		[
			36,
			72
		],
		[
			118,
			124
		],
		[
			43,
			121
		],
		[
			54,
			59
		],
		[
			22,
			51
		],
		[
			1,
			29
		],
		[
			35,
			68
		],
		[
			7,
			27
		],
		[
			17,
			133
		],
		[
			17,
			63
		],
		[
			35,
			130
		],
		[
			7,
			130
		],
		[
			73,
			108
		],
		[
			73,
			93
		],
		[
			5,
			121
		],
		[
			5,
			43
		],
		[
			39,
			50
		],
		[
			50,
			68
		],
		[
			5,
			41
		],
		[
			5,
			132
		],
		[
			30,
			109
		],
		[
			19,
			109
		],
		[
			78,
			127
		],
		[
			83,
			87
		],
		[
			52,
			53
		],
		[
			53,
			114
		],
		[
			62,
			67
		],
		[
			3,
			34
		],
		[
			0,
			119
		],
		[
			8,
			58
		],
		[
			24,
			108
		],
		[
			83,
			108
		],
		[
			77,
			95
		],
		[
			28,
			77
		],
		[
			28,
			95
		],
		[
			68,
			130
		],
		[
			24,
			126
		],
		[
			24,
			56
		],
		[
			41,
			81
		],
		[
			19,
			81
		],
		[
			33,
			101
		],
		[
			69,
			109
		],
		[
			88,
			109
		],
		[
			81,
			109
		],
		[
			32,
			116
		],
		[
			28,
			32
		],
		[
			33,
			79
		],
		[
			75,
			129
		],
		[
			111,
			129
		],
		[
			32,
			95
		],
		[
			11,
			95
		],
		[
			17,
			86
		],
		[
			23,
			72
		],
		[
			58,
			72
		],
		[
			50,
			86
		],
		[
			20,
			45
		],
		[
			45,
			78
		],
		[
			111,
			118
		],
		[
			59,
			65
		],
		[
			77,
			79
		],
		[
			70,
			85
		],
		[
			70,
			121
		],
		[
			115,
			119
		],
		[
			44,
			111
		],
		[
			33,
			113
		],
		[
			79,
			113
		],
		[
			21,
			119
		],
		[
			71,
			75
		],
		[
			71,
			129
		],
		[
			8,
			72
		],
		[
			25,
			53
		],
		[
			38,
			116
		],
		[
			126,
			128
		],
		[
			77,
			113
		],
		[
			15,
			38
		],
		[
			25,
			48
		],
		[
			16,
			95
		],
		[
			34,
			131
		],
		[
			96,
			109
		],
		[
			24,
			102
		]
	],
	"score": 0.5087719298245614,
	"obtuse num": 0,
	"steiner num": 136
}