{
	"content_type": "CG_SHOP_2025_Solution",
	"instance_uid": "point-set_80_1675b331",
	"steiner_points_x": [
		9,
		23,
		63,
		"12181/257",
		21,
		48,
		35,
		59,
		63,
		24,
		32,
		19,
		28,
		29,
		13,
		12,
		63,
		38,
		"10325/257",
		57,
		16,
		50,
		54,
		40,
		47,
		"197/226",
		13,
		"557/17",
		"921/17",
		30,
		54,
		63,
		"7221/257",
		6,
		56,
		"77/113",
		"13221/257",
		"749/17",
		6,
		"8/5",
		12,
		16,
		59,
		"187/7",
		43,
		44,
		37,
		49,
		"1011/82",
		48,
		18,
		"273/226"
	],
	"steiner_points_y": [
		61,
		13,
		27,
		"424/257",
		29,
		36,
		25,
		36,
		45,
		60,
		66,
		12,
		67,
		26,
		24,
		34,
		39,
		39,
		"308/257",
		59,
		27,
		47,
		40,
		9,
		14,
		"7215/226",
		52,
		"1174/17",
		"1083/17",
		51,
		15,
		20,
		"114/257",
		31,
		42,
		"3930/113",
		"489/257",
		"1126/17",
		44,
		21,
		13,
		9,
		28,
		"494/7",
		22,
		50,
		58,
		25,
		"79/82",
		45,
		38,
		"6075/226"
	],
	"edges": [
		[
			12,
			19
		],
		[
			19,
			65
		],
		[
			57,
			106
		],
		[
			21,
			106
		],
		[
			21,
			57
		],
		[
			4,
			56
		],
		[
			3,
			56
		],
		[
			3,
			4
		],
		[
			38,
			121
		],
		[
			38,
			91
		],
		[
			91,
			121
		],
		[
			77,
			103
		],
		[
			17,
			77
		],
		[
			17,
			103
		],
		[
			6,
			33
		],
		[
			6,
			44
		],
		[
			33,
			44
		],
		[
			16,
			83
		],
		[
			16,
			116
		],
		[
			22,
			26
		],
		[
			26,
			62
		],
		[
			22,
			62
		],
		[
			17,
			104
		],
		[
			16,
			104
		],
		[
			16,
			17
		],
		[
			50,
			93
		],
		[
			40,
			50
		],
		[
			40,
			93
		],
		[
			0,
			130
		],
		[
			68,
			130
		],
		[
			0,
			68
		],
		[
			32,
			50
		],
		[
			32,
			93
		],
		[
			67,
			118
		],
		[
			67,
			74
		],
		[
			74,
			118
		],
		[
			36,
			85
		],
		[
			59,
			85
		],
		[
			36,
			59
		],
		[
			56,
			71
		],
		[
			56,
			58
		],
		[
			58,
			71
		],
		[
			58,
			119
		],
		[
			56,
			119
		],
		[
			70,
			73
		],
		[
			70,
			122
		],
		[
			73,
			122
		],
		[
			11,
			27
		],
		[
			27,
			44
		],
		[
			11,
			44
		],
		[
			41,
			86
		],
		[
			41,
			93
		],
		[
			86,
			93
		],
		[
			18,
			95
		],
		[
			18,
			113
		],
		[
			95,
			113
		],
		[
			62,
			88
		],
		[
			5,
			62
		],
		[
			27,
			54
		],
		[
			27,
			52
		],
		[
			52,
			54
		],
		[
			19,
			104
		],
		[
			104,
			110
		],
		[
			19,
			110
		],
		[
			23,
			37
		],
		[
			37,
			81
		],
		[
			23,
			81
		],
		[
			13,
			122
		],
		[
			82,
			122
		],
		[
			13,
			82
		],
		[
			30,
			131
		],
		[
			30,
			119
		],
		[
			66,
			129
		],
		[
			101,
			129
		],
		[
			66,
			101
		],
		[
			22,
			114
		],
		[
			22,
			88
		],
		[
			88,
			114
		],
		[
			10,
			130
		],
		[
			0,
			10
		],
		[
			18,
			30
		],
		[
			30,
			113
		],
		[
			50,
			130
		],
		[
			10,
			50
		],
		[
			21,
			63
		],
		[
			21,
			74
		],
		[
			22,
			66
		],
		[
			22,
			101
		],
		[
			84,
			130
		],
		[
			50,
			84
		],
		[
			102,
			114
		],
		[
			87,
			114
		],
		[
			87,
			102
		],
		[
			34,
			120
		],
		[
			120,
			121
		],
		[
			34,
			121
		],
		[
			42,
			124
		],
		[
			42,
			104
		],
		[
			104,
			124
		],
		[
			66,
			102
		],
		[
			66,
			114
		],
		[
			13,
			73
		],
		[
			51,
			112
		],
		[
			51,
			98
		],
		[
			44,
			54
		],
		[
			21,
			72
		],
		[
			72,
			118
		],
		[
			21,
			118
		],
		[
			24,
			55
		],
		[
			55,
			86
		],
		[
			24,
			86
		],
		[
			28,
			49
		],
		[
			28,
			96
		],
		[
			15,
			101
		],
		[
			15,
			22
		],
		[
			54,
			81
		],
		[
			23,
			54
		],
		[
			24,
			93
		],
		[
			13,
			60
		],
		[
			13,
			111
		],
		[
			73,
			127
		],
		[
			42,
			73
		],
		[
			42,
			127
		],
		[
			68,
			118
		],
		[
			68,
			95
		],
		[
			95,
			118
		],
		[
			64,
			85
		],
		[
			1,
			64
		],
		[
			1,
			85
		],
		[
			46,
			86
		],
		[
			46,
			55
		],
		[
			45,
			69
		],
		[
			69,
			126
		],
		[
			45,
			126
		],
		[
			35,
			121
		],
		[
			37,
			121
		],
		[
			35,
			37
		],
		[
			39,
			61
		],
		[
			39,
			79
		],
		[
			61,
			79
		],
		[
			18,
			53
		],
		[
			53,
			95
		],
		[
			14,
			83
		],
		[
			14,
			16
		],
		[
			27,
			41
		],
		[
			41,
			52
		],
		[
			68,
			72
		],
		[
			67,
			115
		],
		[
			67,
			105
		],
		[
			62,
			99
		],
		[
			5,
			99
		],
		[
			2,
			15
		],
		[
			2,
			26
		],
		[
			15,
			26
		],
		[
			55,
			124
		],
		[
			46,
			124
		],
		[
			3,
			120
		],
		[
			3,
			34
		],
		[
			35,
			51
		],
		[
			38,
			120
		],
		[
			101,
			125
		],
		[
			15,
			125
		],
		[
			45,
			89
		],
		[
			69,
			89
		],
		[
			64,
			102
		],
		[
			64,
			66
		],
		[
			0,
			72
		],
		[
			34,
			76
		],
		[
			34,
			128
		],
		[
			57,
			61
		],
		[
			43,
			61
		],
		[
			43,
			57
		],
		[
			36,
			97
		],
		[
			8,
			97
		],
		[
			8,
			36
		],
		[
			10,
			25
		],
		[
			25,
			50
		],
		[
			72,
			106
		],
		[
			0,
			106
		],
		[
			7,
			91
		],
		[
			7,
			81
		],
		[
			81,
			91
		],
		[
			67,
			113
		],
		[
			67,
			95
		],
		[
			58,
			94
		],
		[
			71,
			94
		],
		[
			7,
			75
		],
		[
			44,
			75
		],
		[
			7,
			44
		],
		[
			63,
			80
		],
		[
			21,
			80
		],
		[
			10,
			48
		],
		[
			25,
			48
		],
		[
			34,
			35
		],
		[
			47,
			126
		],
		[
			125,
			126
		],
		[
			47,
			125
		],
		[
			42,
			110
		],
		[
			13,
			42
		],
		[
			13,
			110
		],
		[
			20,
			83
		],
		[
			14,
			20
		],
		[
			84,
			100
		],
		[
			11,
			84
		],
		[
			11,
			100
		],
		[
			0,
			43
		],
		[
			43,
			106
		],
		[
			79,
			89
		],
		[
			61,
			89
		],
		[
			61,
			80
		],
		[
			39,
			80
		],
		[
			23,
			52
		],
		[
			87,
			122
		],
		[
			49,
			87
		],
		[
			49,
			122
		],
		[
			24,
			36
		],
		[
			24,
			40
		],
		[
			36,
			40
		],
		[
			8,
			85
		],
		[
			8,
			64
		],
		[
			33,
			94
		],
		[
			6,
			94
		],
		[
			71,
			120
		],
		[
			56,
			120
		],
		[
			47,
			78
		],
		[
			48,
			78
		],
		[
			47,
			48
		],
		[
			48,
			97
		],
		[
			25,
			97
		],
		[
			90,
			117
		],
		[
			90,
			107
		],
		[
			16,
			19
		],
		[
			19,
			116
		],
		[
			31,
			80
		],
		[
			1,
			70
		],
		[
			1,
			87
		],
		[
			70,
			87
		],
		[
			20,
			51
		],
		[
			20,
			98
		],
		[
			78,
			125
		],
		[
			0,
			109
		],
		[
			43,
			109
		],
		[
			64,
			129
		],
		[
			11,
			32
		],
		[
			27,
			32
		],
		[
			3,
			76
		],
		[
			105,
			113
		],
		[
			8,
			129
		],
		[
			6,
			11
		],
		[
			28,
			114
		],
		[
			28,
			87
		],
		[
			23,
			51
		],
		[
			37,
			51
		],
		[
			9,
			99
		],
		[
			99,
			108
		],
		[
			48,
			109
		],
		[
			10,
			109
		],
		[
			78,
			129
		],
		[
			8,
			78
		],
		[
			77,
			124
		],
		[
			77,
			104
		],
		[
			44,
			81
		],
		[
			33,
			71
		],
		[
			33,
			75
		],
		[
			71,
			75
		],
		[
			65,
			110
		],
		[
			53,
			130
		],
		[
			95,
			130
		],
		[
			38,
			75
		],
		[
			38,
			71
		],
		[
			32,
			84
		],
		[
			57,
			80
		],
		[
			25,
			40
		],
		[
			55,
			127
		],
		[
			124,
			127
		],
		[
			55,
			59
		],
		[
			36,
			55
		],
		[
			43,
			89
		],
		[
			52,
			103
		],
		[
			52,
			77
		],
		[
			94,
			100
		],
		[
			18,
			94
		],
		[
			18,
			100
		],
		[
			41,
			46
		],
		[
			78,
			97
		],
		[
			46,
			52
		],
		[
			46,
			77
		],
		[
			25,
			36
		],
		[
			69,
			79
		],
		[
			79,
			92
		],
		[
			69,
			92
		],
		[
			2,
			99
		],
		[
			2,
			108
		],
		[
			53,
			100
		],
		[
			2,
			125
		],
		[
			2,
			126
		],
		[
			29,
			90
		],
		[
			29,
			126
		],
		[
			90,
			126
		],
		[
			59,
			73
		],
		[
			59,
			70
		],
		[
			7,
			38
		],
		[
			125,
			129
		],
		[
			30,
			105
		],
		[
			30,
			58
		],
		[
			29,
			117
		],
		[
			23,
			103
		],
		[
			29,
			108
		],
		[
			26,
			99
		],
		[
			37,
			91
		],
		[
			70,
			85
		],
		[
			20,
			23
		],
		[
			14,
			17
		],
		[
			14,
			103
		],
		[
			18,
			58
		],
		[
			59,
			127
		],
		[
			2,
			29
		],
		[
			60,
			110
		],
		[
			6,
			100
		],
		[
			1,
			102
		],
		[
			43,
			45
		],
		[
			45,
			109
		],
		[
			45,
			47
		],
		[
			47,
			109
		],
		[
			69,
			90
		],
		[
			90,
			92
		],
		[
			92,
			107
		],
		[
			92,
			123
		],
		[
			28,
			88
		],
		[
			27,
			93
		],
		[
			79,
			123
		],
		[
			53,
			84
		],
		[
			20,
			103
		]
	],
	"score": 0.5094339622641509,
	"obtuse num": 0,
	"steiner num": 132
}