{
	"content_type": "CG_SHOP_2025_Solution",
	"instance_uid": "simple-polygon-exterior_40_ff947945",
	"steiner_points_x": [
		7502,
		3714,
		"172350/19",
		2154,
		6944,
		"714725/114",
		5976,
		6811,
		5556,
		2622,
		"75281420/15997",
		"7133000/4981",
		"278875/41",
		"3731801/3329",
		"34695222974/8949851",
		6852,
		"4148207673125/779287412",
		"15350/3",
		7476,
		"71780925195/140535821",
		8031,
		"7596797052/1088885",
		4053,
		"27050/3",
		"13519575/45673",
		4193,
		4259,
		"200142314222/40117025",
		8274,
		"94373398/15997",
		"18718650/2789",
		5619,
		"246321290/39273",
		7054,
		5218,
		"19591300/2257",
		"1853446/265",
		6844,
		"10283259680777125/1940815299586",
		"3991050/1193",
		5219,
		"74273678/15997",
		4717,
		3202,
		6161,
		6119,
		6846,
		6440,
		4917,
		"26129100/2909",
		"21875/12",
		"42822498/16645",
		8216,
		"2610335/3077",
		7593,
		"19702900/4981",
		"60772987/11645",
		"400988350/43937",
		"15368764/2029",
		8278,
		6205,
		7043,
		"58011959/11645",
		3994,
		5473,
		7207,
		"2952270/689",
		5445,
		7897,
		7996,
		8098,
		"309736925/78226",
		4220,
		3450,
		"3600130/689",
		3138,
		1476,
		7407,
		7468,
		6670,
		4817
	],
	"steiner_points_y": [
		4237,
		5451,
		"16775/4",
		6200,
		6787,
		"491000/57",
		3700,
		5472,
		3180,
		8837,
		"125295445/15997",
		"4686525/4981",
		"170500/41",
		"23305813/3329",
		"74930754974/8949851",
		7861,
		"29133351075/45840436",
		"11525/3",
		7692,
		"721715989045/140535821",
		4402,
		"8614679679/1088885",
		8864,
		"10450/3",
		"157535825/45673",
		8747,
		7161,
		"354205208569/40117025",
		5362,
		"112867648/15997",
		"15375600/2789",
		6258,
		"112977985/13091",
		7082,
		6032,
		"15359350/2257",
		"1990117/265",
		7935,
		"1722567649011525/3881630599172",
		"10370150/1193",
		8753,
		"125951428/15997",
		8119,
		8269,
		7791,
		4895,
		7158,
		7449,
		8288,
		"17787250/2909",
		"7125/8",
		"147727499/16645",
		5178,
		"15669520/3077",
		3419,
		"3070395/4981",
		"101911351/11645",
		"216048525/43937",
		"16137859/2029",
		4116,
		4754,
		7512,
		"102272607/11645",
		7598,
		4500,
		6689,
		"6158665/689",
		6374,
		5458,
		3247,
		4171,
		"69497343/78226",
		2293,
		8975,
		"6058135/689",
		3701,
		3426,
		6767,
		3124,
		5452,
		8003
	],
	"edges": [
		[
			11,
			83
		],
		[
			79,
			83
		],
		[
			29,
			46
		],
		[
			30,
			46
		],
		[
			44,
			86
		],
		[
			73,
			86
		],
		[
			44,
			73
		],
		[
			32,
			60
		],
		[
			33,
			60
		],
		[
			99,
			110
		],
		[
			99,
			109
		],
		[
			109,
			110
		],
		[
			48,
			57
		],
		[
			48,
			112
		],
		[
			57,
			112
		],
		[
			27,
			112
		],
		[
			111,
			112
		],
		[
			58,
			101
		],
		[
			61,
			101
		],
		[
			58,
			61
		],
		[
			34,
			110
		],
		[
			34,
			99
		],
		[
			93,
			116
		],
		[
			24,
			116
		],
		[
			81,
			120
		],
		[
			50,
			120
		],
		[
			26,
			51
		],
		[
			26,
			90
		],
		[
			5,
			86
		],
		[
			5,
			73
		],
		[
			108,
			117
		],
		[
			39,
			117
		],
		[
			39,
			108
		],
		[
			13,
			44
		],
		[
			44,
			70
		],
		[
			18,
			52
		],
		[
			18,
			30
		],
		[
			81,
			82
		],
		[
			54,
			82
		],
		[
			71,
			85
		],
		[
			71,
			119
		],
		[
			85,
			119
		],
		[
			76,
			87
		],
		[
			55,
			87
		],
		[
			55,
			76
		],
		[
			54,
			65
		],
		[
			65,
			82
		],
		[
			69,
			120
		],
		[
			15,
			119
		],
		[
			14,
			119
		],
		[
			19,
			46
		],
		[
			18,
			46
		],
		[
			17,
			19
		],
		[
			58,
			98
		],
		[
			61,
			98
		],
		[
			48,
			56
		],
		[
			29,
			48
		],
		[
			29,
			56
		],
		[
			35,
			99
		],
		[
			36,
			99
		],
		[
			94,
			109
		],
		[
			109,
			118
		],
		[
			94,
			118
		],
		[
			36,
			63
		],
		[
			36,
			42
		],
		[
			49,
			83
		],
		[
			53,
			83
		],
		[
			49,
			53
		],
		[
			69,
			87
		],
		[
			12,
			87
		],
		[
			12,
			86
		],
		[
			13,
			86
		],
		[
			41,
			66
		],
		[
			41,
			43
		],
		[
			43,
			66
		],
		[
			80,
			96
		],
		[
			45,
			80
		],
		[
			59,
			93
		],
		[
			63,
			99
		],
		[
			63,
			109
		],
		[
			70,
			71
		],
		[
			13,
			71
		],
		[
			46,
			48
		],
		[
			35,
			37
		],
		[
			2,
			58
		],
		[
			31,
			108
		],
		[
			32,
			108
		],
		[
			71,
			74
		],
		[
			74,
			85
		],
		[
			15,
			85
		],
		[
			24,
			26
		],
		[
			26,
			116
		],
		[
			1,
			3
		],
		[
			82,
			120
		],
		[
			82,
			88
		],
		[
			88,
			120
		],
		[
			27,
			90
		],
		[
			38,
			68
		],
		[
			39,
			68
		],
		[
			41,
			57
		],
		[
			41,
			104
		],
		[
			57,
			104
		],
		[
			76,
			101
		],
		[
			5,
			101
		],
		[
			30,
			94
		],
		[
			52,
			94
		],
		[
			11,
			62
		],
		[
			54,
			62
		],
		[
			22,
			41
		],
		[
			22,
			43
		],
		[
			33,
			110
		],
		[
			94,
			110
		],
		[
			33,
			94
		],
		[
			81,
			103
		],
		[
			54,
			103
		],
		[
			37,
			42
		],
		[
			37,
			97
		],
		[
			55,
			61
		],
		[
			9,
			11
		],
		[
			9,
			62
		],
		[
			9,
			79
		],
		[
			56,
			112
		],
		[
			31,
			40
		],
		[
			40,
			52
		],
		[
			92,
			108
		],
		[
			68,
			108
		],
		[
			68,
			92
		],
		[
			74,
			104
		],
		[
			41,
			74
		],
		[
			29,
			118
		],
		[
			28,
			118
		],
		[
			9,
			113
		],
		[
			47,
			108
		],
		[
			47,
			105
		],
		[
			105,
			108
		],
		[
			47,
			70
		],
		[
			70,
			105
		],
		[
			45,
			84
		],
		[
			84,
			96
		],
		[
			86,
			87
		],
		[
			77,
			84
		],
		[
			45,
			77
		],
		[
			84,
			88
		],
		[
			88,
			96
		],
		[
			10,
			49
		],
		[
			49,
			91
		],
		[
			90,
			111
		],
		[
			21,
			57
		],
		[
			21,
			41
		],
		[
			16,
			52
		],
		[
			16,
			18
		],
		[
			21,
			115
		],
		[
			20,
			115
		],
		[
			31,
			47
		],
		[
			17,
			104
		],
		[
			19,
			104
		],
		[
			39,
			89
		],
		[
			7,
			65
		],
		[
			62,
			65
		],
		[
			7,
			62
		],
		[
			4,
			58
		],
		[
			4,
			101
		],
		[
			27,
			115
		],
		[
			27,
			116
		],
		[
			115,
			116
		],
		[
			43,
			53
		],
		[
			23,
			43
		],
		[
			69,
			107
		],
		[
			69,
			71
		],
		[
			71,
			107
		],
		[
			17,
			100
		],
		[
			16,
			100
		],
		[
			15,
			100
		],
		[
			66,
			74
		],
		[
			66,
			107
		],
		[
			74,
			107
		],
		[
			14,
			47
		],
		[
			100,
			104
		],
		[
			85,
			104
		],
		[
			85,
			100
		],
		[
			1,
			75
		],
		[
			54,
			83
		],
		[
			61,
			77
		],
		[
			6,
			77
		],
		[
			50,
			107
		],
		[
			50,
			66
		],
		[
			84,
			120
		],
		[
			24,
			64
		],
		[
			37,
			92
		],
		[
			37,
			68
		],
		[
			14,
			31
		],
		[
			22,
			93
		],
		[
			15,
			31
		],
		[
			80,
			102
		],
		[
			67,
			102
		],
		[
			67,
			80
		],
		[
			102,
			106
		],
		[
			84,
			87
		],
		[
			69,
			84
		],
		[
			80,
			114
		],
		[
			22,
			116
		],
		[
			33,
			40
		],
		[
			32,
			40
		],
		[
			12,
			71
		],
		[
			70,
			119
		],
		[
			88,
			102
		],
		[
			55,
			77
		],
		[
			3,
			58
		],
		[
			55,
			84
		],
		[
			65,
			88
		],
		[
			4,
			73
		],
		[
			95,
			111
		],
		[
			7,
			88
		],
		[
			8,
			62
		],
		[
			28,
			109
		],
		[
			64,
			93
		],
		[
			16,
			31
		],
		[
			44,
			105
		],
		[
			73,
			105
		],
		[
			1,
			39
		],
		[
			32,
			92
		],
		[
			60,
			92
		],
		[
			30,
			118
		],
		[
			83,
			103
		],
		[
			49,
			79
		],
		[
			66,
			81
		],
		[
			20,
			112
		],
		[
			35,
			60
		],
		[
			35,
			92
		],
		[
			45,
			72
		],
		[
			20,
			27
		],
		[
			66,
			103
		],
		[
			56,
			95
		],
		[
			34,
			60
		],
		[
			56,
			78
		],
		[
			73,
			117
		],
		[
			105,
			117
		],
		[
			46,
			57
		],
		[
			5,
			87
		],
		[
			7,
			106
		],
		[
			3,
			73
		],
		[
			1,
			117
		],
		[
			22,
			115
		],
		[
			40,
			94
		],
		[
			43,
			83
		],
		[
			43,
			103
		],
		[
			45,
			114
		],
		[
			3,
			117
		]
	],
	"score": 0.5060975609756098,
	"obtuse num": 0,
	"steiner num": 121
}