{
	"content_type": "CG_SHOP_2025_Solution",
	"instance_uid": "simple-polygon-exterior_20_92dcd467",
	"steiner_points_x": [
		"2121968/913",
		"297075921872/56905138585",
		"151984959/462634",
		"103292511/492010",
		"43323281/31561",
		"75525003/63122",
		835,
		"1209481821893420408/2500607386685077",
		1906,
		"439976238560/526721529",
		298,
		"587086387/456089",
		"9331218386155/7246798121",
		"75575259677701/158461860314",
		"1095005375683/440771749",
		"1926544/231317",
		"1110063205/509954",
		"369504285/206557",
		"1141678726605/465588002",
		1304,
		1281,
		1124,
		704,
		882
	],
	"steiner_points_y": [
		"545139/913",
		"860093171184/56905138585",
		"256228245/462634",
		"299052117/492010",
		"1854369/31561",
		"3221339/63122",
		511,
		"49498351556631384/2500607386685077",
		414,
		"18543157952/526721529",
		628,
		"536864711/456089",
		"8595160704167/7246798121",
		"27525095362443/158461860314",
		"28085283891/40070159",
		"3247920/231317",
		"106549003/509954",
		"240200614/206557",
		"19146770761/42326182",
		426,
		583,
		188,
		1033,
		1053
	],
	"edges": [
		[
			29,
			33
		],
		[
			14,
			33
		],
		[
			14,
			29
		],
		[
			14,
			41
		],
		[
			13,
			14
		],
		[
			13,
			41
		],
		[
			9,
			13
		],
		[
			9,
			41
		],
		[
			13,
			26
		],
		[
			14,
			26
		],
		[
			15,
			22
		],
		[
			22,
			33
		],
		[
			15,
			33
		],
		[
			18,
			19
		],
		[
			18,
			23
		],
		[
			19,
			23
		],
		[
			31,
			43
		],
		[
			1,
			43
		],
		[
			1,
			31
		],
		[
			2,
			37
		],
		[
			2,
			31
		],
		[
			31,
			37
		],
		[
			14,
			22
		],
		[
			17,
			22
		],
		[
			14,
			17
		],
		[
			27,
			33
		],
		[
			15,
			27
		],
		[
			29,
			41
		],
		[
			6,
			7
		],
		[
			7,
			28
		],
		[
			6,
			28
		],
		[
			8,
			24
		],
		[
			7,
			8
		],
		[
			7,
			24
		],
		[
			9,
			10
		],
		[
			10,
			13
		],
		[
			11,
			31
		],
		[
			31,
			40
		],
		[
			11,
			40
		],
		[
			20,
			36
		],
		[
			20,
			38
		],
		[
			36,
			38
		],
		[
			12,
			42
		],
		[
			42,
			43
		],
		[
			12,
			43
		],
		[
			17,
			42
		],
		[
			17,
			30
		],
		[
			30,
			42
		],
		[
			5,
			28
		],
		[
			5,
			6
		],
		[
			8,
			9
		],
		[
			8,
			25
		],
		[
			9,
			25
		],
		[
			12,
			26
		],
		[
			26,
			42
		],
		[
			16,
			35
		],
		[
			15,
			35
		],
		[
			15,
			16
		],
		[
			9,
			39
		],
		[
			10,
			39
		],
		[
			1,
			42
		],
		[
			0,
			42
		],
		[
			0,
			1
		],
		[
			4,
			20
		],
		[
			4,
			38
		],
		[
			5,
			20
		],
		[
			3,
			5
		],
		[
			3,
			20
		],
		[
			31,
			32
		],
		[
			32,
			37
		],
		[
			12,
			13
		],
		[
			6,
			20
		],
		[
			11,
			12
		],
		[
			11,
			13
		],
		[
			21,
			23
		],
		[
			23,
			35
		],
		[
			21,
			35
		],
		[
			22,
			35
		],
		[
			18,
			35
		],
		[
			18,
			22
		],
		[
			0,
			30
		],
		[
			19,
			30
		],
		[
			0,
			19
		],
		[
			24,
			25
		],
		[
			10,
			40
		],
		[
			39,
			40
		],
		[
			8,
			28
		],
		[
			20,
			34
		],
		[
			4,
			34
		],
		[
			10,
			11
		],
		[
			3,
			34
		],
		[
			27,
			29
		],
		[
			17,
			26
		],
		[
			11,
			43
		],
		[
			18,
			30
		],
		[
			17,
			18
		],
		[
			28,
			39
		],
		[
			5,
			39
		],
		[
			6,
			36
		],
		[
			2,
			5
		],
		[
			2,
			3
		],
		[
			1,
			32
		],
		[
			5,
			40
		],
		[
			16,
			21
		],
		[
			8,
			39
		],
		[
			25,
			41
		],
		[
			25,
			29
		],
		[
			2,
			40
		],
		[
			3,
			37
		],
		[
			7,
			36
		]
	],
	"score": 0.52,
	"obtuse num": 0,
	"steiner num": 44
}