{
	"content_type": "CG_SHOP_2025_Solution",
	"instance_uid": "simple-polygon-exterior_40_785575e7",
	"steiner_points_x": [
		1499,
		2887,
		"25091270/7193",
		"1723407319/546905",
		3054,
		1597,
		"25107440/7193",
		2588,
		1751,
		"23676489/6850",
		"513300/197",
		"231399795/89641",
		"30048772/76577",
		1390,
		3262,
		3453,
		2956,
		"36489415366/17058821",
		"617278/197",
		506,
		"5543221194/4519957",
		"142025261/129533",
		494,
		3417,
		"29631851/19094",
		2274,
		1463,
		3460,
		"780202509696/470434301",
		"8637401745/4519957",
		2504,
		1855,
		3225,
		3066,
		"392432513/144241",
		2095,
		"495534/197",
		"10158259/3925",
		2887,
		"184030226/86593",
		"8363970/9953",
		"1316401218/448205",
		2231,
		"480753292/281125",
		2862,
		2534,
		"1295543927/448205",
		"152031036/86461",
		1649,
		"512046696553779/265818671170",
		2585,
		2924,
		292,
		1511,
		2633,
		"6438838896/4519957",
		2645,
		1684,
		"2516239971/915865",
		"3685626063/4519957",
		1877,
		1817,
		1423,
		"488076907/281125"
	],
	"steiner_points_y": [
		577,
		842,
		"2657339/7193",
		"654563593/546905",
		1065,
		930,
		"2785621/7193",
		1487,
		445,
		"10300723/6850",
		"354831/197",
		"55987994/89641",
		"91800735/76577",
		997,
		846,
		1090,
		681,
		"31294364464/17058821",
		"347404/197",
		1122,
		"304478766/4519957",
		"107784732/129533",
		638,
		1497,
		"12926355/19094",
		900,
		782,
		373,
		"849335714616/470434301",
		"91489440/4519957",
		516,
		1025,
		690,
		567,
		"172050811/144241",
		1251,
		"356100/197",
		"5338938/3925",
		614,
		"142121384/86593",
		"12896848/9953",
		"331489204/448205",
		581,
		"264435856/281125",
		362,
		1245,
		"324744146/448205",
		"125434947/86461",
		878,
		"1758183593181/7184288410",
		1513,
		860,
		806,
		734,
		1510,
		"242828514/4519957",
		1485,
		844,
		"2076312/915865",
		"432347172/4519957",
		1002,
		1090,
		547,
		"254807926/281125"
	],
	"edges": [
		[
			3,
			99
		],
		[
			28,
			80
		],
		[
			28,
			39
		],
		[
			93,
			97
		],
		[
			64,
			97
		],
		[
			64,
			93
		],
		[
			20,
			54
		],
		[
			21,
			54
		],
		[
			75,
			101
		],
		[
			30,
			101
		],
		[
			30,
			75
		],
		[
			19,
			24
		],
		[
			24,
			43
		],
		[
			47,
			77
		],
		[
			25,
			47
		],
		[
			26,
			29
		],
		[
			29,
			79
		],
		[
			23,
			51
		],
		[
			23,
			86
		],
		[
			38,
			66
		],
		[
			34,
			66
		],
		[
			34,
			38
		],
		[
			4,
			99
		],
		[
			33,
			40
		],
		[
			40,
			64
		],
		[
			37,
			39
		],
		[
			37,
			80
		],
		[
			56,
			86
		],
		[
			56,
			81
		],
		[
			21,
			56
		],
		[
			39,
			53
		],
		[
			38,
			53
		],
		[
			36,
			62
		],
		[
			3,
			36
		],
		[
			3,
			62
		],
		[
			16,
			55
		],
		[
			17,
			55
		],
		[
			32,
			89
		],
		[
			48,
			89
		],
		[
			32,
			48
		],
		[
			13,
			46
		],
		[
			45,
			53
		],
		[
			31,
			53
		],
		[
			31,
			45
		],
		[
			17,
			49
		],
		[
			0,
			59
		],
		[
			59,
			80
		],
		[
			28,
			68
		],
		[
			68,
			87
		],
		[
			50,
			94
		],
		[
			90,
			94
		],
		[
			50,
			90
		],
		[
			48,
			64
		],
		[
			2,
			92
		],
		[
			62,
			92
		],
		[
			2,
			62
		],
		[
			27,
			80
		],
		[
			88,
			97
		],
		[
			88,
			93
		],
		[
			54,
			55
		],
		[
			15,
			55
		],
		[
			15,
			54
		],
		[
			44,
			74
		],
		[
			24,
			44
		],
		[
			1,
			92
		],
		[
			55,
			63
		],
		[
			17,
			63
		],
		[
			10,
			84
		],
		[
			12,
			84
		],
		[
			10,
			12
		],
		[
			71,
			75
		],
		[
			71,
			101
		],
		[
			57,
			79
		],
		[
			76,
			79
		],
		[
			20,
			91
		],
		[
			44,
			91
		],
		[
			20,
			44
		],
		[
			4,
			36
		],
		[
			69,
			89
		],
		[
			6,
			69
		],
		[
			25,
			85
		],
		[
			75,
			85
		],
		[
			25,
			75
		],
		[
			41,
			74
		],
		[
			23,
			41
		],
		[
			32,
			97
		],
		[
			97,
			103
		],
		[
			78,
			86
		],
		[
			51,
			78
		],
		[
			12,
			72
		],
		[
			13,
			72
		],
		[
			100,
			103
		],
		[
			32,
			100
		],
		[
			4,
			102
		],
		[
			5,
			102
		],
		[
			56,
			73
		],
		[
			73,
			78
		],
		[
			56,
			78
		],
		[
			4,
			35
		],
		[
			7,
			22
		],
		[
			7,
			82
		],
		[
			22,
			82
		],
		[
			25,
			29
		],
		[
			65,
			75
		],
		[
			65,
			100
		],
		[
			75,
			100
		],
		[
			6,
			82
		],
		[
			37,
			62
		],
		[
			47,
			94
		],
		[
			94,
			96
		],
		[
			47,
			96
		],
		[
			78,
			84
		],
		[
			51,
			84
		],
		[
			40,
			102
		],
		[
			5,
			40
		],
		[
			33,
			66
		],
		[
			43,
			55
		],
		[
			43,
			63
		],
		[
			34,
			102
		],
		[
			35,
			102
		],
		[
			88,
			103
		],
		[
			20,
			55
		],
		[
			52,
			59
		],
		[
			59,
			92
		],
		[
			52,
			92
		],
		[
			19,
			58
		],
		[
			51,
			70
		],
		[
			22,
			70
		],
		[
			6,
			8
		],
		[
			66,
			93
		],
		[
			33,
			93
		],
		[
			41,
			91
		],
		[
			74,
			91
		],
		[
			28,
			53
		],
		[
			53,
			66
		],
		[
			41,
			86
		],
		[
			21,
			73
		],
		[
			7,
			9
		],
		[
			21,
			91
		],
		[
			81,
			91
		],
		[
			9,
			84
		],
		[
			66,
			88
		],
		[
			70,
			84
		],
		[
			9,
			70
		],
		[
			28,
			31
		],
		[
			28,
			30
		],
		[
			26,
			87
		],
		[
			14,
			72
		],
		[
			54,
			72
		],
		[
			14,
			54
		],
		[
			19,
			96
		],
		[
			24,
			96
		],
		[
			32,
			82
		],
		[
			32,
			65
		],
		[
			65,
			82
		],
		[
			30,
			87
		],
		[
			45,
			83
		],
		[
			65,
			85
		],
		[
			25,
			76
		],
		[
			76,
			90
		],
		[
			25,
			90
		],
		[
			45,
			66
		],
		[
			45,
			88
		],
		[
			71,
			103
		],
		[
			71,
			83
		],
		[
			21,
			72
		],
		[
			72,
			73
		],
		[
			42,
			67
		],
		[
			46,
			67
		],
		[
			83,
			88
		],
		[
			37,
			59
		],
		[
			19,
			63
		],
		[
			18,
			63
		],
		[
			40,
			48
		],
		[
			9,
			98
		],
		[
			5,
			69
		],
		[
			6,
			32
		],
		[
			23,
			65
		],
		[
			23,
			85
		],
		[
			77,
			85
		],
		[
			19,
			50
		],
		[
			19,
			94
		],
		[
			22,
			65
		],
		[
			47,
			90
		],
		[
			7,
			70
		],
		[
			83,
			101
		],
		[
			11,
			67
		],
		[
			39,
			61
		],
		[
			31,
			101
		],
		[
			4,
			60
		],
		[
			4,
			95
		],
		[
			12,
			73
		],
		[
			33,
			102
		],
		[
			5,
			95
		],
		[
			77,
			96
		],
		[
			5,
			48
		],
		[
			73,
			84
		],
		[
			74,
			85
		],
		[
			35,
			61
		],
		[
			36,
			61
		],
		[
			35,
			38
		],
		[
			43,
			44
		],
		[
			74,
			77
		],
		[
			12,
			67
		],
		[
			13,
			67
		],
		[
			37,
			92
		],
		[
			71,
			100
		],
		[
			41,
			81
		],
		[
			29,
			75
		]
	],
	"score": 0.5076923076923077,
	"obtuse num": 0,
	"steiner num": 104
}