{
	"content_type": "CG_SHOP_2025_Solution",
	"instance_uid": "simple-polygon_100_6101abad",
	"steiner_points_x": [
		9719,
		9627,
		"132115/34",
		4025,
		3622,
		"3179125/289",
		"129175/13",
		9975,
		9711,
		10024,
		10242,
		"47425/13",
		3865,
		4009,
		3525,
		4203,
		9715,
		3825,
		"3034375/289",
		9749,
		"3585358/365",
		9876,
		3625,
		3756,
		3983,
		6950,
		"651985/169",
		"6618675/697",
		9502,
		9562,
		7275
	],
	"steiner_points_y": [
		5712,
		7932,
		"137821/34",
		3700,
		6485,
		"1151250/289",
		"113000/13",
		4182,
		7658,
		5199,
		5865,
		"99250/13",
		4019,
		4286,
		"12550/3",
		4450,
		4250,
		5400,
		"987350/289",
		7446,
		"2716791/365",
		3649,
		6050,
		4328,
		8006,
		4650,
		"1119970/169",
		"5727900/697",
		5851,
		5723,
		7200
	],
	"edges": [
		[
			73,
			115
		],
		[
			74,
			115
		],
		[
			62,
			66
		],
		[
			63,
			66
		],
		[
			28,
			55
		],
		[
			29,
			55
		],
		[
			79,
			98
		],
		[
			80,
			98
		],
		[
			82,
			96
		],
		[
			82,
			107
		],
		[
			96,
			107
		],
		[
			44,
			124
		],
		[
			45,
			124
		],
		[
			21,
			23
		],
		[
			31,
			36
		],
		[
			32,
			36
		],
		[
			57,
			59
		],
		[
			70,
			103
		],
		[
			103,
			112
		],
		[
			70,
			112
		],
		[
			67,
			103
		],
		[
			68,
			103
		],
		[
			16,
			119
		],
		[
			119,
			120
		],
		[
			39,
			44
		],
		[
			39,
			43
		],
		[
			75,
			129
		],
		[
			100,
			129
		],
		[
			75,
			100
		],
		[
			14,
			100
		],
		[
			14,
			129
		],
		[
			101,
			127
		],
		[
			101,
			130
		],
		[
			93,
			95
		],
		[
			37,
			104
		],
		[
			104,
			126
		],
		[
			113,
			115
		],
		[
			73,
			113
		],
		[
			8,
			75
		],
		[
			8,
			76
		],
		[
			97,
			107
		],
		[
			98,
			107
		],
		[
			59,
			114
		],
		[
			82,
			121
		],
		[
			96,
			121
		],
		[
			28,
			125
		],
		[
			27,
			125
		],
		[
			13,
			100
		],
		[
			30,
			51
		],
		[
			30,
			52
		],
		[
			9,
			110
		],
		[
			10,
			110
		],
		[
			28,
			56
		],
		[
			28,
			115
		],
		[
			56,
			115
		],
		[
			13,
			110
		],
		[
			12,
			110
		],
		[
			86,
			93
		],
		[
			87,
			93
		],
		[
			31,
			49
		],
		[
			31,
			50
		],
		[
			8,
			100
		],
		[
			8,
			13
		],
		[
			8,
			110
		],
		[
			38,
			46
		],
		[
			46,
			124
		],
		[
			71,
			112
		],
		[
			61,
			112
		],
		[
			61,
			71
		],
		[
			39,
			41
		],
		[
			41,
			43
		],
		[
			72,
			113
		],
		[
			59,
			71
		],
		[
			59,
			123
		],
		[
			71,
			123
		],
		[
			30,
			55
		],
		[
			108,
			119
		],
		[
			119,
			130
		],
		[
			108,
			130
		],
		[
			36,
			49
		],
		[
			48,
			104
		],
		[
			104,
			122
		],
		[
			14,
			128
		],
		[
			15,
			128
		],
		[
			77,
			109
		],
		[
			4,
			109
		],
		[
			4,
			77
		],
		[
			17,
			119
		],
		[
			17,
			108
		],
		[
			17,
			19
		],
		[
			93,
			121
		],
		[
			86,
			121
		],
		[
			5,
			109
		],
		[
			7,
			109
		],
		[
			5,
			7
		],
		[
			68,
			70
		],
		[
			11,
			110
		],
		[
			115,
			125
		],
		[
			83,
			121
		],
		[
			85,
			121
		],
		[
			83,
			85
		],
		[
			8,
			109
		],
		[
			76,
			109
		],
		[
			62,
			112
		],
		[
			15,
			130
		],
		[
			128,
			130
		],
		[
			66,
			112
		],
		[
			19,
			101
		],
		[
			20,
			101
		],
		[
			66,
			103
		],
		[
			125,
			128
		],
		[
			125,
			130
		],
		[
			20,
			26
		],
		[
			21,
			26
		],
		[
			19,
			108
		],
		[
			101,
			108
		],
		[
			30,
			54
		],
		[
			77,
			79
		],
		[
			3,
			79
		],
		[
			3,
			98
		],
		[
			89,
			105
		],
		[
			89,
			91
		],
		[
			107,
			116
		],
		[
			33,
			35
		],
		[
			30,
			53
		],
		[
			72,
			123
		],
		[
			88,
			91
		],
		[
			88,
			92
		],
		[
			47,
			126
		],
		[
			38,
			47
		],
		[
			56,
			123
		],
		[
			57,
			123
		],
		[
			47,
			104
		],
		[
			38,
			111
		],
		[
			91,
			118
		],
		[
			102,
			112
		],
		[
			21,
			24
		],
		[
			24,
			26
		],
		[
			24,
			106
		],
		[
			80,
			107
		],
		[
			93,
			96
		],
		[
			87,
			92
		],
		[
			32,
			35
		],
		[
			51,
			117
		],
		[
			64,
			66
		],
		[
			3,
			77
		],
		[
			37,
			122
		],
		[
			37,
			49
		],
		[
			80,
			116
		],
		[
			71,
			114
		],
		[
			50,
			117
		],
		[
			125,
			129
		],
		[
			26,
			101
		],
		[
			113,
			123
		],
		[
			56,
			113
		],
		[
			2,
			98
		],
		[
			2,
			99
		],
		[
			0,
			2
		],
		[
			15,
			119
		],
		[
			128,
			129
		]
	],
	"score": 0.515625,
	"obtuse num": 0,
	"steiner num": 131
}