{
	"content_type": "CG_SHOP_2025_Solution",
	"instance_uid": "simple-polygon-exterior-20_20_1e719235",
	"steiner_points_x": [
		326,
		"240760170/6144497",
		"6450492189/2561210",
		"43865388/145909",
		"63280185268601/1226718103565",
		529,
		491,
		"135801603/6144497",
		1346,
		331,
		1636,
		"637235108414667/22540700141189",
		"935766565100950/2182694335941",
		"116046000/145909",
		350,
		"674205030/256121",
		"121420845/12288994",
		360,
		1399,
		"1486900808/3668437",
		1660,
		350,
		572,
		2556,
		"1295799801/1397345",
		"1440021496/3668437",
		"138558005/246154",
		"376945681315603/352118084426",
		727,
		"52210116/145909",
		795,
		384,
		1033,
		"34796365/80323",
		"2915943927/1259954",
		466,
		"33880329/12288994",
		"7369/3",
		1492,
		924,
		894,
		"960125477/1259954",
		"707005977/1259954"
	],
	"steiner_points_y": [
		541,
		"14408514955/6144497",
		"7187270767/2561210",
		"17692455/145909",
		"6701393830085848/2208092586417",
		3559,
		438,
		"8569153410/6144497",
		933,
		3565,
		2120,
		"39171740205731230/22540700141189",
		"18967319880017/25088440643",
		"7189985/145909",
		2852,
		"450594733/256121",
		"8782923085/12288994",
		682,
		2117,
		"5087313131/3668437",
		689,
		763,
		671,
		1751,
		"4242871353/1397345",
		"6351073739/3668437",
		"721527789/246154",
		"6184789555970287/1760590422130",
		3489,
		"16478275/145909",
		1595,
		401,
		1183,
		"51014927/80323",
		"3955226263/1259954",
		1734,
		"3912613425/12288994",
		"2992/3",
		2246,
		1281,
		1830,
		"4542881481/1259954",
		"4618935061/1259954"
	],
	"edges": [
		[
			50,
			59
		],
		[
			7,
			50
		],
		[
			7,
			59
		],
		[
			13,
			16
		],
		[
			16,
			25
		],
		[
			13,
			25
		],
		[
			32,
			42
		],
		[
			42,
			53
		],
		[
			17,
			38
		],
		[
			38,
			60
		],
		[
			17,
			60
		],
		[
			25,
			48
		],
		[
			25,
			61
		],
		[
			48,
			61
		],
		[
			17,
			44
		],
		[
			44,
			46
		],
		[
			13,
			48
		],
		[
			8,
			28
		],
		[
			10,
			43
		],
		[
			35,
			43
		],
		[
			16,
			24
		],
		[
			24,
			29
		],
		[
			16,
			29
		],
		[
			26,
			53
		],
		[
			19,
			26
		],
		[
			17,
			58
		],
		[
			38,
			58
		],
		[
			19,
			20
		],
		[
			19,
			51
		],
		[
			20,
			51
		],
		[
			20,
			36
		],
		[
			36,
			37
		],
		[
			20,
			37
		],
		[
			47,
			48
		],
		[
			18,
			60
		],
		[
			2,
			49
		],
		[
			1,
			49
		],
		[
			12,
			58
		],
		[
			44,
			58
		],
		[
			22,
			43
		],
		[
			39,
			59
		],
		[
			32,
			59
		],
		[
			3,
			42
		],
		[
			42,
			52
		],
		[
			3,
			52
		],
		[
			7,
			38
		],
		[
			8,
			38
		],
		[
			12,
			43
		],
		[
			12,
			22
		],
		[
			44,
			48
		],
		[
			20,
			56
		],
		[
			5,
			40
		],
		[
			40,
			57
		],
		[
			21,
			34
		],
		[
			18,
			34
		],
		[
			18,
			21
		],
		[
			16,
			34
		],
		[
			24,
			34
		],
		[
			2,
			33
		],
		[
			3,
			33
		],
		[
			51,
			56
		],
		[
			1,
			51
		],
		[
			1,
			56
		],
		[
			7,
			60
		],
		[
			1,
			23
		],
		[
			13,
			46
		],
		[
			25,
			62
		],
		[
			14,
			25
		],
		[
			7,
			52
		],
		[
			52,
			59
		],
		[
			3,
			6
		],
		[
			3,
			28
		],
		[
			25,
			29
		],
		[
			17,
			34
		],
		[
			44,
			47
		],
		[
			12,
			47
		],
		[
			14,
			29
		],
		[
			9,
			43
		],
		[
			9,
			28
		],
		[
			34,
			46
		],
		[
			28,
			40
		],
		[
			6,
			40
		],
		[
			42,
			59
		],
		[
			26,
			42
		],
		[
			45,
			55
		],
		[
			39,
			55
		],
		[
			32,
			37
		],
		[
			37,
			41
		],
		[
			32,
			41
		],
		[
			36,
			41
		],
		[
			3,
			26
		],
		[
			2,
			26
		],
		[
			20,
			53
		],
		[
			2,
			19
		],
		[
			39,
			50
		],
		[
			50,
			55
		],
		[
			27,
			41
		],
		[
			55,
			60
		],
		[
			50,
			60
		],
		[
			37,
			53
		],
		[
			2,
			51
		],
		[
			27,
			39
		],
		[
			39,
			41
		],
		[
			9,
			40
		],
		[
			9,
			57
		],
		[
			15,
			29
		],
		[
			12,
			54
		],
		[
			4,
			6
		],
		[
			27,
			45
		],
		[
			30,
			38
		],
		[
			8,
			30
		],
		[
			9,
			30
		],
		[
			30,
			58
		],
		[
			12,
			30
		],
		[
			28,
			52
		],
		[
			18,
			31
		],
		[
			31,
			45
		],
		[
			18,
			55
		],
		[
			30,
			43
		]
	],
	"score": 0.5113636363636364,
	"obtuse num": 0,
	"steiner num": 63
}