{
	"content_type": "CG_SHOP_2025_Solution",
	"instance_uid": "simple-polygon-exterior-20_20_e64ff8fc",
	"steiner_points_x": [
		"892874601483391489504/355645749152509789",
		"11738/3",
		"1017630883899744/261631002929",
		2589,
		3194,
		"770407361/1493810",
		"1205232093778871/334800250936",
		"18018224418/13629905",
		1516,
		1513,
		"3799287506/1359341",
		"309739338/192469",
		3702,
		"39269206569/13629905",
		1602,
		"5286896976/1359341",
		"31094066381883955394/24625684814317925",
		"83762572/59065",
		1341,
		"160952152/149381",
		3738,
		930,
		1402,
		"2035593386/2725981",
		"43858966094/13629905",
		"31515037702/13629905",
		"292506666/192469",
		"46741415/890257",
		1402,
		"539892570/192469",
		"39531478/25105",
		2510,
		"1052305676/267485",
		3667,
		1267,
		"202073809564642/161010067765",
		1606,
		"34431001106/13629905",
		2675,
		"29011101625119317328/8054833687175123",
		"483758490/192469"
	],
	"steiner_points_y": [
		"531589762866597786739/355645749152509789",
		"2068/3",
		"406483106982879/261631002929",
		785,
		1064,
		"2259280817/1493810",
		"257415741416473/167400125468",
		"3743447904/13629905",
		1161,
		1459,
		"2047093583/1359341",
		"324079844/192469",
		717,
		"1474206552/13629905",
		1556,
		"2105831811/1359341",
		"29015899961647882328/24625684814317925",
		"48784246/59065",
		"2877/2",
		"245900269/149381",
		722,
		848,
		1462,
		"916130656/2725981",
		"984098752/13629905",
		"2302219136/13629905",
		"325063444/192469",
		"796750634/890257",
		1432,
		"310943244/192469",
		"37731919/25105",
		1572,
		"395840533/267485",
		669,
		1441,
		"129673376612056/161010067765",
		1503,
		"1990844128/13629905",
		1359,
		"12646741327781330773/8054833687175123",
		"314147244/192469"
	],
	"edges": [
		[
			2,
			21
		],
		[
			9,
			41
		],
		[
			9,
			13
		],
		[
			13,
			41
		],
		[
			4,
			33
		],
		[
			5,
			33
		],
		[
			36,
			41
		],
		[
			15,
			41
		],
		[
			5,
			24
		],
		[
			5,
			23
		],
		[
			23,
			24
		],
		[
			38,
			42
		],
		[
			42,
			48
		],
		[
			38,
			48
		],
		[
			34,
			51
		],
		[
			31,
			34
		],
		[
			31,
			51
		],
		[
			13,
			15
		],
		[
			16,
			55
		],
		[
			16,
			37
		],
		[
			29,
			48
		],
		[
			29,
			42
		],
		[
			18,
			34
		],
		[
			34,
			50
		],
		[
			17,
			42
		],
		[
			1,
			35
		],
		[
			1,
			26
		],
		[
			15,
			54
		],
		[
			36,
			54
		],
		[
			6,
			33
		],
		[
			24,
			26
		],
		[
			24,
			30
		],
		[
			22,
			35
		],
		[
			35,
			59
		],
		[
			4,
			53
		],
		[
			3,
			53
		],
		[
			49,
			51
		],
		[
			51,
			60
		],
		[
			36,
			38
		],
		[
			20,
			51
		],
		[
			30,
			51
		],
		[
			7,
			37
		],
		[
			24,
			32
		],
		[
			26,
			32
		],
		[
			29,
			50
		],
		[
			18,
			29
		],
		[
			8,
			58
		],
		[
			8,
			20
		],
		[
			20,
			58
		],
		[
			8,
			23
		],
		[
			7,
			23
		],
		[
			6,
			23
		],
		[
			1,
			40
		],
		[
			26,
			40
		],
		[
			15,
			39
		],
		[
			39,
			54
		],
		[
			7,
			27
		],
		[
			27,
			37
		],
		[
			24,
			58
		],
		[
			30,
			58
		],
		[
			2,
			53
		],
		[
			41,
			55
		],
		[
			2,
			32
		],
		[
			32,
			40
		],
		[
			2,
			40
		],
		[
			28,
			37
		],
		[
			16,
			28
		],
		[
			18,
			46
		],
		[
			0,
			1
		],
		[
			6,
			57
		],
		[
			6,
			45
		],
		[
			26,
			59
		],
		[
			26,
			49
		],
		[
			19,
			56
		],
		[
			20,
			56
		],
		[
			7,
			45
		],
		[
			16,
			48
		],
		[
			18,
			42
		],
		[
			36,
			55
		],
		[
			19,
			28
		],
		[
			28,
			29
		],
		[
			19,
			29
		],
		[
			27,
			55
		],
		[
			24,
			53
		],
		[
			32,
			53
		],
		[
			8,
			28
		],
		[
			8,
			19
		],
		[
			1,
			21
		],
		[
			21,
			40
		],
		[
			30,
			49
		],
		[
			1,
			52
		],
		[
			4,
			44
		],
		[
			28,
			48
		],
		[
			34,
			56
		],
		[
			50,
			56
		],
		[
			51,
			56
		],
		[
			38,
			54
		],
		[
			13,
			47
		],
		[
			15,
			25
		],
		[
			10,
			43
		],
		[
			17,
			54
		],
		[
			10,
			27
		],
		[
			5,
			53
		],
		[
			9,
			27
		],
		[
			18,
			31
		],
		[
			10,
			13
		],
		[
			23,
			58
		],
		[
			11,
			13
		]
	],
	"score": 0.5119047619047619,
	"obtuse num": 0,
	"steiner num": 61
}