{
	"content_type": "CG_SHOP_2025_Solution",
	"instance_uid": "simple-polygon-exterior_60_8670ab75",
	"steiner_points_x": [
		78,
		"42563/629",
		19,
		79,
		28,
		59,
		58,
		28,
		"1545/31",
		47,
		"1083/17",
		"125/2",
		34,
		"65576/713",
		11,
		62,
		79,
		"3010/53",
		"285033/3125",
		"5455/377",
		"5911/74",
		"2652/41",
		"4274/281",
		"35024/401",
		45,
		"1927272903/21390625",
		"569373/6250",
		"7379/101",
		28,
		54,
		"244/221",
		"631/1370",
		50,
		"4507/377",
		69,
		66,
		84,
		"12028/205",
		51,
		"149829/3041",
		18,
		"15572/185",
		91,
		0,
		73,
		55,
		57,
		"2251/370",
		27,
		"14066916/1386809",
		"2527/41",
		"15572/185",
		81,
		"283734/3125",
		"4236/53",
		75,
		69,
		"948/493",
		41,
		59,
		"193/274",
		"38652/1385",
		23,
		20,
		"578151/6250",
		89,
		"285876/3125",
		"12805/562",
		"36708/14297",
		35,
		"1743/97",
		"564633/6250",
		22,
		43,
		"88669/3041",
		28,
		51,
		29,
		38,
		24,
		31,
		"28823/34250",
		60,
		77,
		"6989/101",
		62,
		"42401/629",
		76,
		82,
		64,
		"119359/3041",
		"67054/3041",
		64,
		"4596909/50125",
		"605/13",
		26,
		45,
		72,
		2,
		42,
		63,
		"669/25",
		67,
		41,
		"42979/629",
		"13119/169",
		72,
		38,
		26,
		44,
		47,
		11,
		18,
		"589639/6845",
		"771/25",
		51,
		"35127/401",
		"259/125",
		16,
		20,
		54,
		60,
		77,
		26,
		"9561/137",
		18,
		25,
		23,
		72,
		"2721/37",
		"158613/1961",
		44,
		39,
		59
	],
	"steiner_points_y": [
		46,
		"31039/629",
		55,
		72,
		49,
		56,
		80,
		4,
		"24/31",
		27,
		"19/17",
		"35/2",
		43,
		"70741/2139",
		49,
		42,
		79,
		"306/53",
		"166006/3125",
		"21308/377",
		"5755/74",
		"252/41",
		"7623/281",
		"15973/401",
		66,
		"1762464596/21390625",
		"350261/6250",
		"9453/101",
		39,
		38,
		"16599/221",
		"36933/1370",
		23,
		"25811/377",
		92,
		79,
		40,
		"6876/205",
		66,
		"291047/3041",
		85,
		85,
		19,
		54,
		41,
		32,
		46,
		"2293/370",
		37,
		"118124811/1386809",
		"152/41",
		"16509/185",
		62,
		"200213/3125",
		"516/53",
		44,
		83,
		"40359/493",
		17,
		40,
		"4915/274",
		"4356/1385",
		72,
		71,
		"119107/6250",
		64,
		"143807/3125",
		"23373/562",
		"1169643/14297",
		85,
		"5110/97",
		"475081/6250",
		62,
		88,
		"295495/3041",
		53,
		55,
		58,
		47,
		"21308/377",
		61,
		"440549/34250",
		21,
		41,
		"9492/101",
		75,
		"29014/629",
		57,
		57,
		7,
		"293263/3041",
		"297067/3041",
		37,
		"2004938/50125",
		"672/13",
		75,
		54,
		84,
		27,
		"71/2",
		66,
		"1567/25",
		70,
		70,
		"36239/629",
		"6237/169",
		37,
		22,
		47,
		13,
		40,
		43,
		15,
		"112592/1369",
		"1703/25",
		73,
		"18033/401",
		"1612/125",
		49,
		59,
		16,
		5,
		29,
		86,
		"12307/137",
		90,
		64,
		48,
		49,
		"102/37",
		"7806/1961",
		50,
		52,
		48
	],
	"edges": [
		[
			20,
			147
		],
		[
			20,
			39
		],
		[
			39,
			147
		],
		[
			52,
			53
		],
		[
			53,
			133
		],
		[
			52,
			133
		],
		[
			14,
			15
		],
		[
			14,
			172
		],
		[
			15,
			172
		],
		[
			57,
			74
		],
		[
			57,
			178
		],
		[
			74,
			178
		],
		[
			33,
			35
		],
		[
			33,
			165
		],
		[
			35,
			165
		],
		[
			84,
			175
		],
		[
			98,
			175
		],
		[
			84,
			98
		],
		[
			100,
			109
		],
		[
			109,
			185
		],
		[
			100,
			185
		],
		[
			41,
			116
		],
		[
			116,
			157
		],
		[
			41,
			157
		],
		[
			171,
			178
		],
		[
			74,
			171
		],
		[
			57,
			79
		],
		[
			5,
			57
		],
		[
			5,
			79
		],
		[
			29,
			30
		],
		[
			30,
			102
		],
		[
			29,
			102
		],
		[
			29,
			114
		],
		[
			30,
			114
		],
		[
			81,
			110
		],
		[
			70,
			81
		],
		[
			70,
			110
		],
		[
			114,
			190
		],
		[
			29,
			190
		],
		[
			23,
			105
		],
		[
			23,
			97
		],
		[
			97,
			105
		],
		[
			30,
			182
		],
		[
			30,
			31
		],
		[
			31,
			182
		],
		[
			54,
			174
		],
		[
			19,
			54
		],
		[
			19,
			174
		],
		[
			79,
			93
		],
		[
			93,
			179
		],
		[
			79,
			179
		],
		[
			19,
			140
		],
		[
			19,
			192
		],
		[
			140,
			192
		],
		[
			65,
			164
		],
		[
			65,
			160
		],
		[
			160,
			164
		],
		[
			143,
			165
		],
		[
			96,
			143
		],
		[
			96,
			165
		],
		[
			122,
			174
		],
		[
			122,
			155
		],
		[
			155,
			174
		],
		[
			129,
			133
		],
		[
			129,
			150
		],
		[
			133,
			150
		],
		[
			3,
			58
		],
		[
			2,
			3
		],
		[
			2,
			58
		],
		[
			49,
			184
		],
		[
			49,
			94
		],
		[
			94,
			184
		],
		[
			19,
			84
		],
		[
			84,
			156
		],
		[
			19,
			156
		],
		[
			98,
			136
		],
		[
			84,
			136
		],
		[
			9,
			12
		],
		[
			9,
			172
		],
		[
			12,
			172
		],
		[
			26,
			68
		],
		[
			26,
			27
		],
		[
			27,
			68
		],
		[
			3,
			93
		],
		[
			58,
			93
		],
		[
			0,
			109
		],
		[
			0,
			128
		],
		[
			109,
			128
		],
		[
			12,
			107
		],
		[
			12,
			13
		],
		[
			13,
			107
		],
		[
			41,
			95
		],
		[
			95,
			116
		],
		[
			42,
			63
		],
		[
			42,
			80
		],
		[
			63,
			80
		],
		[
			136,
			193
		],
		[
			65,
			136
		],
		[
			65,
			193
		],
		[
			48,
			184
		],
		[
			48,
			94
		],
		[
			169,
			180
		],
		[
			77,
			180
		],
		[
			77,
			169
		],
		[
			3,
			4
		],
		[
			2,
			4
		],
		[
			135,
			137
		],
		[
			137,
			192
		],
		[
			135,
			192
		],
		[
			24,
			31
		],
		[
			24,
			32
		],
		[
			31,
			32
		],
		[
			35,
			96
		],
		[
			83,
			96
		],
		[
			35,
			83
		],
		[
			115,
			143
		],
		[
			60,
			115
		],
		[
			60,
			143
		],
		[
			37,
			38
		],
		[
			38,
			125
		],
		[
			37,
			125
		],
		[
			91,
			158
		],
		[
			120,
			158
		],
		[
			91,
			120
		],
		[
			49,
			52
		],
		[
			51,
			52
		],
		[
			49,
			51
		],
		[
			22,
			75
		],
		[
			21,
			75
		],
		[
			21,
			22
		],
		[
			23,
			89
		],
		[
			89,
			119
		],
		[
			23,
			119
		],
		[
			52,
			66
		],
		[
			66,
			175
		],
		[
			52,
			175
		],
		[
			34,
			166
		],
		[
			33,
			34
		],
		[
			33,
			166
		],
		[
			46,
			48
		],
		[
			47,
			48
		],
		[
			46,
			47
		],
		[
			1,
			109
		],
		[
			1,
			128
		],
		[
			100,
			183
		],
		[
			183,
			185
		],
		[
			49,
			95
		],
		[
			66,
			95
		],
		[
			49,
			66
		],
		[
			61,
			65
		],
		[
			61,
			164
		],
		[
			34,
			104
		],
		[
			104,
			143
		],
		[
			34,
			143
		],
		[
			115,
			146
		],
		[
			104,
			115
		],
		[
			104,
			146
		],
		[
			99,
			133
		],
		[
			99,
			150
		],
		[
			47,
			87
		],
		[
			46,
			87
		],
		[
			95,
			162
		],
		[
			40,
			95
		],
		[
			40,
			162
		],
		[
			89,
			105
		],
		[
			147,
			164
		],
		[
			20,
			164
		],
		[
			50,
			51
		],
		[
			51,
			99
		],
		[
			50,
			99
		],
		[
			85,
			173
		],
		[
			43,
			173
		],
		[
			43,
			85
		],
		[
			113,
			125
		],
		[
			37,
			113
		],
		[
			93,
			132
		],
		[
			132,
			179
		],
		[
			36,
			148
		],
		[
			38,
			148
		],
		[
			36,
			38
		],
		[
			161,
			186
		],
		[
			55,
			161
		],
		[
			55,
			186
		],
		[
			56,
			187
		],
		[
			130,
			187
		],
		[
			56,
			130
		],
		[
			62,
			179
		],
		[
			62,
			79
		],
		[
			72,
			168
		],
		[
			72,
			88
		],
		[
			88,
			168
		],
		[
			145,
			175
		],
		[
			145,
			160
		],
		[
			160,
			175
		],
		[
			80,
			131
		],
		[
			63,
			131
		],
		[
			8,
			127
		],
		[
			8,
			88
		],
		[
			88,
			127
		],
		[
			35,
			182
		],
		[
			30,
			35
		],
		[
			37,
			86
		],
		[
			86,
			113
		],
		[
			151,
			185
		],
		[
			151,
			183
		],
		[
			76,
			80
		],
		[
			76,
			173
		],
		[
			80,
			173
		],
		[
			14,
			118
		],
		[
			67,
			118
		],
		[
			14,
			67
		],
		[
			140,
			174
		],
		[
			47,
			144
		],
		[
			87,
			144
		],
		[
			51,
			133
		],
		[
			53,
			54
		],
		[
			54,
			129
		],
		[
			53,
			129
		],
		[
			64,
			138
		],
		[
			72,
			138
		],
		[
			64,
			72
		],
		[
			60,
			148
		],
		[
			36,
			60
		],
		[
			154,
			191
		],
		[
			18,
			154
		],
		[
			18,
			191
		],
		[
			1,
			185
		],
		[
			1,
			151
		],
		[
			157,
			184
		],
		[
			48,
			157
		],
		[
			178,
			187
		],
		[
			130,
			178
		],
		[
			49,
			50
		],
		[
			135,
			139
		],
		[
			137,
			139
		],
		[
			3,
			79
		],
		[
			106,
			119
		],
		[
			18,
			119
		],
		[
			18,
			106
		],
		[
			147,
			188
		],
		[
			164,
			188
		],
		[
			138,
			192
		],
		[
			64,
			192
		],
		[
			35,
			102
		],
		[
			81,
			189
		],
		[
			70,
			189
		],
		[
			34,
			165
		],
		[
			56,
			64
		],
		[
			64,
			168
		],
		[
			56,
			168
		],
		[
			28,
			114
		],
		[
			114,
			189
		],
		[
			28,
			189
		],
		[
			20,
			40
		],
		[
			39,
			40
		],
		[
			36,
			126
		],
		[
			36,
			78
		],
		[
			78,
			126
		],
		[
			36,
			37
		],
		[
			69,
			105
		],
		[
			17,
			69
		],
		[
			17,
			105
		],
		[
			45,
			48
		],
		[
			45,
			157
		],
		[
			163,
			175
		],
		[
			84,
			163
		],
		[
			32,
			33
		],
		[
			33,
			182
		],
		[
			32,
			182
		],
		[
			168,
			187
		],
		[
			59,
			122
		],
		[
			122,
			123
		],
		[
			59,
			123
		],
		[
			129,
			183
		],
		[
			134,
			183
		],
		[
			129,
			134
		],
		[
			14,
			167
		],
		[
			15,
			167
		],
		[
			19,
			163
		],
		[
			9,
			15
		],
		[
			88,
			108
		],
		[
			16,
			88
		],
		[
			16,
			108
		],
		[
			140,
			161
		],
		[
			137,
			140
		],
		[
			137,
			161
		],
		[
			11,
			12
		],
		[
			11,
			107
		],
		[
			102,
			124
		],
		[
			73,
			102
		],
		[
			73,
			124
		],
		[
			141,
			177
		],
		[
			11,
			177
		],
		[
			11,
			141
		],
		[
			66,
			145
		],
		[
			59,
			155
		],
		[
			59,
			183
		],
		[
			155,
			183
		],
		[
			53,
			163
		],
		[
			53,
			175
		],
		[
			13,
			14
		],
		[
			13,
			67
		],
		[
			161,
			174
		],
		[
			174,
			186
		],
		[
			8,
			168
		],
		[
			8,
			187
		],
		[
			71,
			149
		],
		[
			28,
			71
		],
		[
			28,
			149
		],
		[
			17,
			89
		],
		[
			56,
			139
		],
		[
			56,
			135
		],
		[
			15,
			108
		],
		[
			15,
			16
		],
		[
			40,
			41
		],
		[
			147,
			148
		],
		[
			60,
			147
		],
		[
			3,
			5
		],
		[
			18,
			89
		],
		[
			56,
			62
		],
		[
			62,
			130
		],
		[
			131,
			173
		],
		[
			85,
			131
		],
		[
			27,
			77
		],
		[
			77,
			181
		],
		[
			27,
			181
		],
		[
			39,
			42
		],
		[
			39,
			63
		],
		[
			7,
			82
		],
		[
			82,
			171
		],
		[
			7,
			171
		],
		[
			20,
			162
		],
		[
			9,
			82
		],
		[
			15,
			82
		],
		[
			60,
			176
		],
		[
			36,
			176
		],
		[
			10,
			158
		],
		[
			9,
			158
		],
		[
			9,
			10
		],
		[
			69,
			159
		],
		[
			69,
			167
		],
		[
			159,
			167
		],
		[
			43,
			101
		],
		[
			101,
			111
		],
		[
			43,
			111
		],
		[
			0,
			58
		],
		[
			0,
			2
		],
		[
			28,
			81
		],
		[
			81,
			149
		],
		[
			57,
			130
		],
		[
			16,
			159
		],
		[
			16,
			167
		],
		[
			125,
			131
		],
		[
			113,
			131
		],
		[
			75,
			119
		],
		[
			75,
			106
		],
		[
			25,
			149
		],
		[
			25,
			71
		],
		[
			50,
			94
		],
		[
			59,
			100
		],
		[
			106,
			154
		],
		[
			101,
			173
		],
		[
			55,
			137
		],
		[
			55,
			139
		],
		[
			44,
			157
		],
		[
			44,
			45
		],
		[
			32,
			152
		],
		[
			152,
			166
		],
		[
			32,
			166
		],
		[
			61,
			193
		],
		[
			153,
			176
		],
		[
			126,
			176
		],
		[
			126,
			153
		],
		[
			7,
			127
		],
		[
			7,
			8
		],
		[
			18,
			170
		],
		[
			170,
			191
		],
		[
			156,
			191
		],
		[
			191,
			192
		],
		[
			156,
			192
		],
		[
			13,
			172
		],
		[
			146,
			188
		],
		[
			115,
			188
		],
		[
			120,
			177
		],
		[
			120,
			141
		],
		[
			21,
			104
		],
		[
			21,
			146
		],
		[
			22,
			23
		],
		[
			22,
			119
		],
		[
			62,
			139
		],
		[
			25,
			77
		],
		[
			25,
			181
		],
		[
			69,
			118
		],
		[
			118,
			167
		],
		[
			98,
			160
		],
		[
			5,
			74
		],
		[
			26,
			77
		],
		[
			158,
			171
		],
		[
			82,
			158
		],
		[
			110,
			149
		],
		[
			138,
			170
		],
		[
			159,
			170
		],
		[
			138,
			159
		],
		[
			7,
			178
		],
		[
			106,
			193
		],
		[
			106,
			136
		],
		[
			10,
			120
		],
		[
			24,
			97
		],
		[
			24,
			142
		],
		[
			97,
			142
		],
		[
			20,
			160
		],
		[
			160,
			162
		],
		[
			136,
			154
		],
		[
			139,
			179
		],
		[
			92,
			105
		],
		[
			69,
			92
		],
		[
			22,
			152
		],
		[
			23,
			152
		],
		[
			116,
			184
		],
		[
			49,
			116
		],
		[
			7,
			187
		],
		[
			61,
			188
		],
		[
			112,
			148
		],
		[
			38,
			112
		],
		[
			75,
			193
		],
		[
			146,
			193
		],
		[
			75,
			146
		],
		[
			112,
			125
		],
		[
			26,
			169
		],
		[
			63,
			125
		],
		[
			6,
			103
		],
		[
			5,
			103
		],
		[
			5,
			6
		],
		[
			154,
			156
		],
		[
			136,
			156
		],
		[
			108,
			127
		],
		[
			24,
			71
		],
		[
			31,
			71
		],
		[
			2,
			90
		],
		[
			90,
			117
		],
		[
			2,
			117
		],
		[
			92,
			118
		],
		[
			0,
			100
		],
		[
			54,
			163
		],
		[
			61,
			146
		],
		[
			129,
			155
		],
		[
			45,
			46
		],
		[
			17,
			18
		],
		[
			17,
			170
		],
		[
			17,
			159
		],
		[
			2,
			128
		],
		[
			117,
			128
		],
		[
			60,
			96
		],
		[
			96,
			176
		],
		[
			112,
			147
		],
		[
			44,
			76
		],
		[
			44,
			101
		],
		[
			76,
			101
		],
		[
			149,
			181
		],
		[
			47,
			94
		],
		[
			6,
			158
		],
		[
			6,
			91
		],
		[
			27,
			110
		],
		[
			27,
			70
		],
		[
			54,
			155
		],
		[
			76,
			157
		],
		[
			104,
			166
		],
		[
			39,
			112
		],
		[
			118,
			169
		],
		[
			67,
			169
		],
		[
			32,
			97
		],
		[
			93,
			123
		],
		[
			123,
			132
		],
		[
			189,
			190
		],
		[
			95,
			145
		],
		[
			40,
			42
		],
		[
			26,
			67
		],
		[
			105,
			142
		],
		[
			55,
			132
		],
		[
			55,
			179
		],
		[
			92,
			169
		],
		[
			92,
			180
		],
		[
			63,
			112
		],
		[
			83,
			153
		],
		[
			83,
			176
		],
		[
			82,
			108
		],
		[
			123,
			186
		],
		[
			132,
			186
		],
		[
			1,
			117
		],
		[
			10,
			12
		],
		[
			41,
			42
		],
		[
			60,
			188
		],
		[
			73,
			83
		],
		[
			73,
			153
		],
		[
			29,
			124
		],
		[
			142,
			180
		],
		[
			71,
			142
		],
		[
			71,
			180
		],
		[
			35,
			73
		],
		[
			138,
			191
		],
		[
			94,
			144
		],
		[
			92,
			142
		],
		[
			145,
			162
		],
		[
			16,
			72
		],
		[
			110,
			181
		],
		[
			28,
			31
		],
		[
			82,
			127
		],
		[
			4,
			5
		],
		[
			45,
			111
		],
		[
			46,
			111
		],
		[
			122,
			186
		],
		[
			37,
			78
		],
		[
			78,
			86
		],
		[
			67,
			121
		],
		[
			67,
			68
		],
		[
			68,
			121
		],
		[
			72,
			159
		],
		[
			44,
			111
		],
		[
			58,
			123
		],
		[
			58,
			59
		],
		[
			31,
			114
		],
		[
			42,
			76
		],
		[
			21,
			166
		],
		[
			21,
			152
		],
		[
			134,
			151
		],
		[
			0,
			59
		],
		[
			25,
			180
		],
		[
			57,
			62
		],
		[
			4,
			90
		],
		[
			97,
			152
		],
		[
			6,
			171
		],
		[
			6,
			74
		],
		[
			65,
			98
		],
		[
			10,
			177
		],
		[
			64,
			135
		],
		[
			134,
			150
		],
		[
			50,
			144
		],
		[
			4,
			103
		],
		[
			12,
			177
		],
		[
			41,
			76
		],
		[
			13,
			121
		]
	],
	"score": 0.5037037037037037,
	"obtuse num": 0,
	"steiner num": 194
}