{
	"content_type": "CG_SHOP_2025_Solution",
	"instance_uid": "simple-polygon-exterior_40_11434792",
	"steiner_points_x": [
		1247,
		"285683321/274165",
		2275,
		"518773202290/3015575881",
		2432,
		"2269669856/1684421",
		2140,
		"11861823/31954",
		"2365050/16553",
		"7055/4",
		2188,
		1337,
		3232,
		2148,
		"24098055813925/34189935764",
		"1811497/16553",
		"20311/8",
		3480,
		"1528953346/520013",
		"3533000248/1684421",
		2120,
		"548860717/754277",
		1498,
		"3018491/2593",
		2998,
		256,
		541,
		"9164505596/4276585",
		"2333598368/1661845",
		"9806966402/4276585",
		1308,
		1014,
		2088,
		1572,
		"15180352/42797",
		702,
		1328,
		"36451106/182177",
		"818141716/332369",
		"2836524489/1040026",
		1295,
		"1879138313/567209",
		1309,
		"24689321/32365",
		608,
		"25289147680280/11422058801",
		251,
		"9026538177721/24102167258",
		"1719808/16553",
		"1486665084/671437",
		2371,
		1417,
		"961375/16553",
		543,
		2474,
		2172,
		"2030709340/567209",
		756,
		"570394592100061/214999374850",
		"1954400382/567209",
		"4043522012/1661845",
		2115,
		2386,
		"250862975/589441",
		1308,
		"8827992009832/4136332205",
		2869
	],
	"steiner_points_y": [
		628,
		"469416328/274165",
		974,
		"4264951318582/3015575881",
		611,
		"123711181/1684421",
		1822,
		"3036129/31954",
		"18659446/16553",
		1929,
		465,
		1049,
		501,
		1768,
		"15096165974634/8547483941",
		"13209078/16553",
		1905,
		1489,
		"164314868/520013",
		"295626281/1684421",
		1823,
		"28147722/754277",
		957,
		"2368412/2593",
		1285,
		728,
		1537,
		"8199320833/4276585",
		"883765021/1661845",
		"8179428481/4276585",
		1186,
		1453,
		245,
		1202,
		"29545694/42797",
		563,
		1186,
		"257135198/182177",
		"196959089/332369",
		"142082709/520013",
		646,
		"272885642/567209",
		1682,
		"52930828/32365",
		1312,
		"2185884249061/11422058801",
		683,
		"517894701183/24102167258",
		"12306294/16553",
		"981763561/671437",
		1530,
		695,
		"4838646/16553",
		992,
		376,
		412,
		"517231882/567209",
		1313,
		"37340191585101/107499687425",
		"394214922/567209",
		"982082309/1661845",
		430,
		1481,
		"970070054/589441",
		1050,
		"7119948143087/12408996615",
		1068
	],
	"edges": [
		[
			12,
			99
		],
		[
			13,
			99
		],
		[
			66,
			83
		],
		[
			54,
			66
		],
		[
			54,
			83
		],
		[
			85,
			94
		],
		[
			85,
			95
		],
		[
			94,
			95
		],
		[
			31,
			63
		],
		[
			39,
			84
		],
		[
			84,
			93
		],
		[
			39,
			93
		],
		[
			34,
			38
		],
		[
			34,
			83
		],
		[
			40,
			63
		],
		[
			29,
			40
		],
		[
			47,
			87
		],
		[
			23,
			73
		],
		[
			49,
			73
		],
		[
			23,
			49
		],
		[
			20,
			64
		],
		[
			64,
			106
		],
		[
			20,
			106
		],
		[
			32,
			93
		],
		[
			29,
			32
		],
		[
			29,
			93
		],
		[
			35,
			97
		],
		[
			34,
			97
		],
		[
			66,
			103
		],
		[
			0,
			66
		],
		[
			0,
			103
		],
		[
			36,
			82
		],
		[
			41,
			82
		],
		[
			29,
			31
		],
		[
			35,
			37
		],
		[
			37,
			41
		],
		[
			80,
			91
		],
		[
			30,
			80
		],
		[
			30,
			91
		],
		[
			79,
			98
		],
		[
			9,
			79
		],
		[
			86,
			88
		],
		[
			86,
			92
		],
		[
			73,
			89
		],
		[
			42,
			89
		],
		[
			42,
			73
		],
		[
			7,
			27
		],
		[
			27,
			45
		],
		[
			9,
			13
		],
		[
			13,
			52
		],
		[
			9,
			52
		],
		[
			19,
			64
		],
		[
			50,
			100
		],
		[
			50,
			105
		],
		[
			62,
			73
		],
		[
			42,
			62
		],
		[
			50,
			95
		],
		[
			50,
			94
		],
		[
			73,
			76
		],
		[
			51,
			73
		],
		[
			51,
			76
		],
		[
			71,
			82
		],
		[
			70,
			82
		],
		[
			70,
			71
		],
		[
			24,
			102
		],
		[
			102,
			106
		],
		[
			24,
			106
		],
		[
			50,
			101
		],
		[
			101,
			105
		],
		[
			20,
			102
		],
		[
			76,
			82
		],
		[
			73,
			82
		],
		[
			18,
			64
		],
		[
			20,
			90
		],
		[
			21,
			90
		],
		[
			74,
			75
		],
		[
			4,
			75
		],
		[
			10,
			58
		],
		[
			10,
			79
		],
		[
			63,
			80
		],
		[
			40,
			80
		],
		[
			19,
			21
		],
		[
			6,
			28
		],
		[
			7,
			28
		],
		[
			32,
			71
		],
		[
			32,
			97
		],
		[
			71,
			97
		],
		[
			2,
			48
		],
		[
			2,
			55
		],
		[
			39,
			66
		],
		[
			38,
			66
		],
		[
			38,
			84
		],
		[
			14,
			57
		],
		[
			15,
			57
		],
		[
			26,
			94
		],
		[
			78,
			94
		],
		[
			3,
			55
		],
		[
			68,
			101
		],
		[
			9,
			26
		],
		[
			26,
			106
		],
		[
			9,
			106
		],
		[
			33,
			97
		],
		[
			19,
			56
		],
		[
			89,
			102
		],
		[
			23,
			53
		],
		[
			53,
			89
		],
		[
			65,
			86
		],
		[
			65,
			74
		],
		[
			74,
			86
		],
		[
			10,
			52
		],
		[
			45,
			68
		],
		[
			22,
			53
		],
		[
			42,
			105
		],
		[
			42,
			44
		],
		[
			44,
			105
		],
		[
			26,
			98
		],
		[
			25,
			78
		],
		[
			44,
			78
		],
		[
			25,
			44
		],
		[
			23,
			60
		],
		[
			22,
			60
		],
		[
			59,
			72
		],
		[
			72,
			85
		],
		[
			16,
			57
		],
		[
			17,
			57
		],
		[
			62,
			105
		],
		[
			44,
			100
		],
		[
			35,
			83
		],
		[
			0,
			77
		],
		[
			47,
			61
		],
		[
			4,
			47
		],
		[
			49,
			82
		],
		[
			60,
			67
		],
		[
			49,
			60
		],
		[
			6,
			61
		],
		[
			94,
			98
		],
		[
			21,
			56
		],
		[
			21,
			69
		],
		[
			31,
			70
		],
		[
			70,
			104
		],
		[
			31,
			104
		],
		[
			2,
			39
		],
		[
			0,
			2
		],
		[
			6,
			75
		],
		[
			4,
			6
		],
		[
			51,
			62
		],
		[
			30,
			62
		],
		[
			30,
			51
		],
		[
			25,
			42
		],
		[
			24,
			42
		],
		[
			3,
			39
		],
		[
			95,
			101
		],
		[
			8,
			94
		],
		[
			43,
			77
		],
		[
			25,
			106
		],
		[
			30,
			104
		],
		[
			51,
			104
		],
		[
			91,
			105
		],
		[
			62,
			91
		],
		[
			21,
			46
		],
		[
			46,
			69
		],
		[
			57,
			64
		],
		[
			14,
			64
		],
		[
			14,
			96
		],
		[
			29,
			74
		],
		[
			74,
			93
		],
		[
			94,
			100
		],
		[
			70,
			76
		],
		[
			45,
			72
		],
		[
			76,
			104
		],
		[
			68,
			91
		],
		[
			68,
			80
		],
		[
			28,
			40
		],
		[
			27,
			40
		],
		[
			89,
			90
		],
		[
			53,
			90
		],
		[
			31,
			71
		],
		[
			72,
			101
		],
		[
			68,
			72
		],
		[
			35,
			71
		],
		[
			41,
			71
		],
		[
			4,
			92
		],
		[
			11,
			52
		],
		[
			29,
			75
		],
		[
			55,
			65
		],
		[
			3,
			65
		],
		[
			72,
			95
		],
		[
			65,
			88
		],
		[
			13,
			96
		],
		[
			4,
			86
		],
		[
			21,
			53
		],
		[
			33,
			93
		],
		[
			46,
			67
		],
		[
			22,
			46
		],
		[
			13,
			106
		],
		[
			14,
			106
		],
		[
			34,
			84
		],
		[
			33,
			84
		],
		[
			3,
			93
		],
		[
			48,
			77
		],
		[
			90,
			102
		],
		[
			12,
			52
		],
		[
			12,
			81
		],
		[
			46,
			60
		],
		[
			27,
			80
		],
		[
			28,
			75
		],
		[
			18,
			57
		]
	],
	"score": 0.5073529411764706,
	"obtuse num": 0,
	"steiner num": 107
}