{
	"content_type": "CG_SHOP_2025_Solution",
	"instance_uid": "point-set_60_27bc003d",
	"steiner_points_x": [
		10521,
		8893,
		"129054470/52093",
		4212,
		8386,
		10684,
		"69531326/52093",
		6720,
		650,
		9879,
		9036,
		12940,
		3500,
		9411,
		10131,
		"13479625/1033",
		9410,
		4099,
		1699,
		8724,
		217,
		2228,
		10759,
		10071,
		9772,
		3485,
		6936,
		6682,
		2392,
		"412396421/31058",
		12937,
		10197,
		"22200970/1769",
		10054,
		3097,
		8993,
		"12118240/1769",
		8237,
		6113,
		9250,
		"7364100/1601",
		10151,
		3486,
		3751,
		3430,
		8700,
		4081,
		8900,
		8494,
		4451,
		12536,
		"2074969/21217",
		10650,
		"59193819044/78637551",
		4118,
		8409,
		12510,
		8495,
		10056,
		"190451396/52093",
		6097,
		8983,
		"190045750/15529",
		8397,
		4598,
		7594,
		"73778188/52093",
		10057,
		1776,
		2536,
		4109,
		4245,
		"15394695/1769",
		10310,
		12535,
		7898,
		2656,
		12967,
		4212,
		"414100/213",
		"20255180/1769",
		2400,
		8090,
		10596,
		2349,
		"202966400/52093",
		9379,
		6929,
		8418,
		8230,
		8927,
		8928,
		9102,
		12938,
		"231322/113",
		8428,
		8756,
		"17956940/1769",
		6097,
		4464,
		2147,
		11233,
		7680,
		12550,
		10050,
		"15745815/1769",
		"202835179/15529",
		1003,
		10667,
		4278,
		3097,
		"474853120959876400/42140746798321",
		224,
		2400,
		3500,
		2213,
		2537,
		"24600/11",
		3438,
		12531,
		9167,
		10466,
		8400,
		186,
		8639,
		10078,
		3006,
		7179,
		10596
	],
	"steiner_points_y": [
		6177,
		5440,
		"222168245/52093",
		10175,
		2038,
		5353,
		"376783241/52093",
		4985,
		10528,
		6341,
		555,
		2275,
		"27565964069300/2713680649",
		7996,
		5455,
		"307575/1033",
		10159,
		9869,
		10340,
		7266,
		10490,
		8732,
		5555,
		7662,
		7950,
		7288,
		1244,
		6391,
		5639,
		"171510831/31058",
		5382,
		750,
		"85790/1769",
		5390,
		5750,
		2095,
		"9980/1769",
		2538,
		1770,
		"27565964069300/2713680649",
		"60050/1601",
		5351,
		7600,
		4592,
		5750,
		350,
		7738,
		10158,
		1658,
		1756,
		5350,
		"443264083/42434",
		"27565964069300/2713680649",
		"229220747118/26212517",
		10159,
		1800,
		2192,
		5475,
		5458,
		"62685986/52093",
		1049,
		5761,
		"125051700/15529",
		1600,
		4700,
		10700,
		"365751758/52093",
		2339,
		8584,
		4987,
		7443,
		9964,
		"34615/1769",
		10187,
		2445,
		6389,
		10423,
		2055,
		10700,
		5650,
		"71160/1769",
		7700,
		10137,
		2388,
		10329,
		"30177500/52093",
		7540,
		8005,
		7961,
		8104,
		2383,
		8069,
		1869,
		2450,
		"608227/113",
		8105,
		5723,
		"53880/1769",
		1600,
		5749,
		5421,
		6894,
		10267,
		900,
		"27565964069300/2713680649",
		"37255/1769",
		"93937119/15529",
		10531,
		5506,
		9603,
		7301,
		"438781237789029450/42140746798321",
		10568,
		7300,
		7800,
		7571,
		5651,
		"53800/11",
		5650,
		5831,
		7787,
		8075,
		10157,
		10571,
		7341,
		5750,
		9132,
		8684,
		2150
	],
	"edges": [
		[
			46,
			136
		],
		[
			48,
			136
		],
		[
			71,
			116
		],
		[
			71,
			137
		],
		[
			116,
			137
		],
		[
			90,
			110
		],
		[
			110,
			179
		],
		[
			90,
			179
		],
		[
			42,
			83
		],
		[
			83,
			181
		],
		[
			42,
			181
		],
		[
			24,
			94
		],
		[
			45,
			94
		],
		[
			24,
			45
		],
		[
			127,
			152
		],
		[
			1,
			127
		],
		[
			1,
			152
		],
		[
			88,
			173
		],
		[
			88,
			139
		],
		[
			139,
			173
		],
		[
			54,
			123
		],
		[
			86,
			123
		],
		[
			54,
			86
		],
		[
			96,
			105
		],
		[
			105,
			132
		],
		[
			79,
			121
		],
		[
			121,
			156
		],
		[
			79,
			156
		],
		[
			20,
			65
		],
		[
			65,
			168
		],
		[
			20,
			168
		],
		[
			154,
			160
		],
		[
			160,
			177
		],
		[
			105,
			165
		],
		[
			99,
			107
		],
		[
			0,
			107
		],
		[
			0,
			99
		],
		[
			78,
			113
		],
		[
			78,
			128
		],
		[
			113,
			128
		],
		[
			37,
			162
		],
		[
			125,
			162
		],
		[
			39,
			98
		],
		[
			55,
			98
		],
		[
			39,
			55
		],
		[
			38,
			40
		],
		[
			33,
			40
		],
		[
			33,
			38
		],
		[
			15,
			182
		],
		[
			37,
			182
		],
		[
			73,
			99
		],
		[
			76,
			99
		],
		[
			73,
			76
		],
		[
			98,
			158
		],
		[
			39,
			158
		],
		[
			39,
			54
		],
		[
			39,
			123
		],
		[
			10,
			157
		],
		[
			10,
			140
		],
		[
			76,
			164
		],
		[
			73,
			164
		],
		[
			146,
			180
		],
		[
			79,
			146
		],
		[
			79,
			180
		],
		[
			127,
			150
		],
		[
			95,
			127
		],
		[
			95,
			150
		],
		[
			162,
			169
		],
		[
			162,
			187
		],
		[
			169,
			187
		],
		[
			78,
			144
		],
		[
			81,
			144
		],
		[
			78,
			81
		],
		[
			73,
			84
		],
		[
			84,
			146
		],
		[
			73,
			146
		],
		[
			11,
			164
		],
		[
			11,
			76
		],
		[
			101,
			143
		],
		[
			65,
			101
		],
		[
			65,
			143
		],
		[
			79,
			184
		],
		[
			79,
			135
		],
		[
			135,
			184
		],
		[
			83,
			84
		],
		[
			84,
			181
		],
		[
			10,
			25
		],
		[
			22,
			25
		],
		[
			10,
			22
		],
		[
			19,
			100
		],
		[
			19,
			34
		],
		[
			9,
			102
		],
		[
			7,
			9
		],
		[
			7,
			102
		],
		[
			24,
			27
		],
		[
			27,
			94
		],
		[
			14,
			99
		],
		[
			102,
			170
		],
		[
			85,
			102
		],
		[
			85,
			170
		],
		[
			101,
			150
		],
		[
			101,
			127
		],
		[
			98,
			124
		],
		[
			67,
			124
		],
		[
			67,
			98
		],
		[
			51,
			165
		],
		[
			51,
			157
		],
		[
			29,
			182
		],
		[
			103,
			109
		],
		[
			62,
			109
		],
		[
			62,
			103
		],
		[
			29,
			107
		],
		[
			103,
			178
		],
		[
			3,
			103
		],
		[
			3,
			178
		],
		[
			124,
			159
		],
		[
			103,
			124
		],
		[
			103,
			159
		],
		[
			30,
			32
		],
		[
			30,
			60
		],
		[
			32,
			60
		],
		[
			74,
			93
		],
		[
			93,
			118
		],
		[
			74,
			118
		],
		[
			86,
			96
		],
		[
			86,
			105
		],
		[
			129,
			177
		],
		[
			62,
			129
		],
		[
			36,
			163
		],
		[
			75,
			163
		],
		[
			47,
			141
		],
		[
			7,
			47
		],
		[
			7,
			141
		],
		[
			139,
			160
		],
		[
			63,
			138
		],
		[
			59,
			63
		],
		[
			61,
			121
		],
		[
			61,
			156
		],
		[
			60,
			185
		],
		[
			69,
			185
		],
		[
			60,
			69
		],
		[
			40,
			119
		],
		[
			40,
			145
		],
		[
			4,
			90
		],
		[
			89,
			90
		],
		[
			95,
			108
		],
		[
			95,
			152
		],
		[
			108,
			152
		],
		[
			60,
			161
		],
		[
			32,
			161
		],
		[
			103,
			129
		],
		[
			82,
			168
		],
		[
			56,
			168
		],
		[
			56,
			82
		],
		[
			59,
			72
		],
		[
			21,
			72
		],
		[
			63,
			125
		],
		[
			67,
			135
		],
		[
			67,
			87
		],
		[
			87,
			135
		],
		[
			67,
			159
		],
		[
			70,
			105
		],
		[
			70,
			165
		],
		[
			51,
			91
		],
		[
			10,
			91
		],
		[
			10,
			51
		],
		[
			110,
			134
		],
		[
			110,
			153
		],
		[
			134,
			153
		],
		[
			44,
			99
		],
		[
			44,
			76
		],
		[
			87,
			159
		],
		[
			148,
			151
		],
		[
			148,
			155
		],
		[
			151,
			155
		],
		[
			94,
			170
		],
		[
			43,
			94
		],
		[
			43,
			170
		],
		[
			42,
			60
		],
		[
			42,
			161
		],
		[
			105,
			123
		],
		[
			70,
			123
		],
		[
			28,
			82
		],
		[
			28,
			56
		],
		[
			45,
			104
		],
		[
			104,
			178
		],
		[
			45,
			178
		],
		[
			33,
			120
		],
		[
			38,
			120
		],
		[
			28,
			32
		],
		[
			32,
			179
		],
		[
			28,
			179
		],
		[
			53,
			78
		],
		[
			49,
			78
		],
		[
			72,
			186
		],
		[
			136,
			186
		],
		[
			72,
			136
		],
		[
			64,
			150
		],
		[
			64,
			95
		],
		[
			20,
			82
		],
		[
			82,
			110
		],
		[
			20,
			110
		],
		[
			107,
			151
		],
		[
			99,
			151
		],
		[
			8,
			185
		],
		[
			30,
			185
		],
		[
			8,
			30
		],
		[
			17,
			183
		],
		[
			58,
			183
		],
		[
			18,
			71
		],
		[
			18,
			137
		],
		[
			97,
			150
		],
		[
			61,
			97
		],
		[
			61,
			150
		],
		[
			88,
			160
		],
		[
			3,
			45
		],
		[
			52,
			172
		],
		[
			52,
			68
		],
		[
			68,
			172
		],
		[
			20,
			57
		],
		[
			57,
			110
		],
		[
			33,
			109
		],
		[
			33,
			119
		],
		[
			109,
			119
		],
		[
			17,
			172
		],
		[
			161,
			179
		],
		[
			159,
			178
		],
		[
			22,
			92
		],
		[
			22,
			36
		],
		[
			16,
			164
		],
		[
			50,
			164
		],
		[
			26,
			153
		],
		[
			26,
			71
		],
		[
			71,
			153
		],
		[
			6,
			40
		],
		[
			6,
			38
		],
		[
			13,
			112
		],
		[
			2,
			112
		],
		[
			12,
			149
		],
		[
			12,
			187
		],
		[
			149,
			187
		],
		[
			41,
			153
		],
		[
			28,
			30
		],
		[
			8,
			28
		],
		[
			85,
			130
		],
		[
			130,
			159
		],
		[
			85,
			159
		],
		[
			57,
			65
		],
		[
			27,
			43
		],
		[
			47,
			174
		],
		[
			7,
			174
		],
		[
			84,
			164
		],
		[
			164,
			181
		],
		[
			111,
			183
		],
		[
			72,
			114
		],
		[
			59,
			114
		],
		[
			72,
			77
		],
		[
			77,
			186
		],
		[
			2,
			133
		],
		[
			16,
			133
		],
		[
			81,
			141
		],
		[
			128,
			141
		],
		[
			81,
			128
		],
		[
			47,
			186
		],
		[
			174,
			186
		],
		[
			180,
			184
		],
		[
			3,
			24
		],
		[
			3,
			129
		],
		[
			24,
			129
		],
		[
			64,
			97
		],
		[
			63,
			131
		],
		[
			125,
			131
		],
		[
			98,
			109
		],
		[
			109,
			158
		],
		[
			57,
			134
		],
		[
			8,
			56
		],
		[
			54,
			158
		],
		[
			12,
			148
		],
		[
			148,
			184
		],
		[
			12,
			184
		],
		[
			46,
			72
		],
		[
			66,
			175
		],
		[
			126,
			175
		],
		[
			82,
			179
		],
		[
			49,
			167
		],
		[
			35,
			167
		],
		[
			126,
			173
		],
		[
			22,
			163
		],
		[
			80,
			111
		],
		[
			80,
			113
		],
		[
			74,
			101
		],
		[
			93,
			101
		],
		[
			22,
			140
		],
		[
			19,
			38
		],
		[
			6,
			19
		],
		[
			77,
			114
		],
		[
			115,
			123
		],
		[
			39,
			115
		],
		[
			148,
			149
		],
		[
			93,
			150
		],
		[
			61,
			93
		],
		[
			57,
			143
		],
		[
			56,
			101
		],
		[
			101,
			168
		],
		[
			27,
			173
		],
		[
			27,
			176
		],
		[
			173,
			176
		],
		[
			42,
			122
		],
		[
			122,
			161
		],
		[
			51,
			70
		],
		[
			70,
			152
		],
		[
			70,
			108
		],
		[
			106,
			169
		],
		[
			106,
			174
		],
		[
			169,
			174
		],
		[
			19,
			120
		],
		[
			12,
			87
		],
		[
			87,
			147
		],
		[
			12,
			147
		],
		[
			113,
			167
		],
		[
			68,
			113
		],
		[
			68,
			167
		],
		[
			66,
			128
		],
		[
			12,
			135
		],
		[
			54,
			120
		],
		[
			120,
			158
		],
		[
			116,
			143
		],
		[
			116,
			188
		],
		[
			143,
			188
		],
		[
			31,
			112
		],
		[
			35,
			68
		],
		[
			131,
			162
		],
		[
			131,
			169
		],
		[
			122,
			181
		],
		[
			73,
			151
		],
		[
			23,
			188
		],
		[
			23,
			91
		],
		[
			91,
			188
		],
		[
			48,
			144
		],
		[
			53,
			144
		],
		[
			56,
			185
		],
		[
			96,
			120
		],
		[
			86,
			120
		],
		[
			95,
			115
		],
		[
			64,
			115
		],
		[
			133,
			164
		],
		[
			133,
			181
		],
		[
			61,
			117
		],
		[
			117,
			156
		],
		[
			112,
			133
		],
		[
			112,
			181
		],
		[
			112,
			122
		],
		[
			42,
			69
		],
		[
			69,
			83
		],
		[
			55,
			115
		],
		[
			107,
			155
		],
		[
			9,
			141
		],
		[
			112,
			171
		],
		[
			155,
			182
		],
		[
			149,
			155
		],
		[
			149,
			182
		],
		[
			109,
			124
		],
		[
			69,
			146
		],
		[
			83,
			146
		],
		[
			147,
			187
		],
		[
			147,
			169
		],
		[
			1,
			91
		],
		[
			1,
			188
		],
		[
			104,
			159
		],
		[
			55,
			64
		],
		[
			55,
			97
		],
		[
			77,
			131
		],
		[
			77,
			169
		],
		[
			43,
			173
		],
		[
			67,
			97
		],
		[
			55,
			67
		],
		[
			121,
			185
		],
		[
			118,
			185
		],
		[
			118,
			121
		],
		[
			25,
			163
		],
		[
			61,
			118
		],
		[
			33,
			158
		],
		[
			85,
			104
		],
		[
			34,
			120
		],
		[
			104,
			170
		],
		[
			102,
			174
		],
		[
			142,
			162
		],
		[
			37,
			142
		],
		[
			23,
			163
		],
		[
			23,
			25
		],
		[
			173,
			175
		],
		[
			107,
			182
		],
		[
			24,
			176
		],
		[
			71,
			134
		],
		[
			102,
			130
		],
		[
			23,
			116
		],
		[
			114,
			131
		],
		[
			141,
			175
		],
		[
			128,
			175
		],
		[
			106,
			130
		],
		[
			102,
			106
		],
		[
			129,
			176
		],
		[
			63,
			114
		],
		[
			9,
			173
		],
		[
			141,
			173
		],
		[
			117,
			135
		],
		[
			67,
			117
		],
		[
			169,
			186
		],
		[
			130,
			147
		],
		[
			106,
			147
		],
		[
			142,
			187
		],
		[
			142,
			149
		],
		[
			25,
			91
		],
		[
			9,
			43
		],
		[
			56,
			74
		],
		[
			74,
			185
		],
		[
			94,
			104
		],
		[
			144,
			186
		],
		[
			136,
			144
		],
		[
			108,
			115
		],
		[
			151,
			184
		],
		[
			151,
			180
		],
		[
			137,
			163
		],
		[
			5,
			137
		],
		[
			5,
			163
		],
		[
			135,
			156
		],
		[
			97,
			117
		],
		[
			90,
			166
		],
		[
			142,
			182
		],
		[
			91,
			152
		],
		[
			108,
			123
		],
		[
			68,
			80
		],
		[
			88,
			176
		],
		[
			88,
			129
		],
		[
			127,
			143
		],
		[
			134,
			143
		],
		[
			116,
			134
		],
		[
			87,
			130
		],
		[
			9,
			170
		],
		[
			4,
			153
		],
		[
			1,
			143
		],
		[
			129,
			160
		],
		[
			166,
			179
		],
		[
			116,
			163
		],
		[
			70,
			91
		],
		[
			69,
			79
		],
		[
			69,
			121
		],
		[
			90,
			153
		],
		[
			78,
			167
		],
		[
			122,
			179
		],
		[
			73,
			180
		],
		[
			47,
			81
		],
		[
			80,
			183
		],
		[
			81,
			186
		],
		[
			80,
			172
		],
		[
			172,
			183
		]
	],
	"score": 0.5038461538461538
}