{
	"content_type": "CG_SHOP_2025_Solution",
	"instance_uid": "point-set_20_34a047f7",
	"steiner_points_x": [
		"62143653/7985",
		"6825255/1597",
		"7314132/1597",
		"5129829/1229",
		5956,
		"9396497731995810/1806374441933",
		7645,
		"5075163/1229",
		6385,
		"12828441685/1662226",
		4231,
		"118425/19",
		5857,
		"8965047/1025",
		"13086405/1597",
		5866,
		6343,
		"943675/221",
		4385,
		"57568341/7985",
		8309,
		"61439858085/10157701",
		6508,
		"852525/97",
		"56565650/8693",
		"46682751/7985",
		4231,
		"9647890/1597",
		7427
	],
	"steiner_points_y": [
		"28975716/7985",
		"5291460/1597",
		"5335404/1597",
		"3002130/1229",
		2313,
		"3626770780816916/1806374441933",
		1976,
		"3958785/1229",
		3175,
		"2671242301/1662226",
		2446,
		"66300/19",
		3149,
		"3111771/1025",
		"5854260/1597",
		3218,
		2835,
		"512825/221",
		2365,
		"28564452/7985",
		2923,
		"18819463566/10157701",
		1984,
		"254025/97",
		"876438100/495501",
		"27585972/7985",
		3227,
		"5545180/1597",
		3006
	],
	"edges": [
		[
			7,
			46
		],
		[
			7,
			30
		],
		[
			30,
			46
		],
		[
			1,
			24
		],
		[
			1,
			36
		],
		[
			24,
			36
		],
		[
			11,
			45
		],
		[
			11,
			35
		],
		[
			35,
			45
		],
		[
			7,
			13
		],
		[
			13,
			46
		],
		[
			2,
			37
		],
		[
			2,
			10
		],
		[
			28,
			39
		],
		[
			39,
			48
		],
		[
			28,
			48
		],
		[
			9,
			46
		],
		[
			27,
			46
		],
		[
			7,
			32
		],
		[
			6,
			32
		],
		[
			6,
			7
		],
		[
			14,
			19
		],
		[
			14,
			43
		],
		[
			5,
			33
		],
		[
			5,
			12
		],
		[
			4,
			30
		],
		[
			2,
			30
		],
		[
			2,
			4
		],
		[
			27,
			30
		],
		[
			23,
			30
		],
		[
			16,
			26
		],
		[
			3,
			26
		],
		[
			3,
			16
		],
		[
			7,
			38
		],
		[
			30,
			38
		],
		[
			3,
			17
		],
		[
			17,
			26
		],
		[
			6,
			38
		],
		[
			6,
			10
		],
		[
			10,
			38
		],
		[
			3,
			42
		],
		[
			16,
			42
		],
		[
			11,
			28
		],
		[
			0,
			28
		],
		[
			0,
			11
		],
		[
			11,
			47
		],
		[
			14,
			18
		],
		[
			18,
			40
		],
		[
			14,
			40
		],
		[
			5,
			40
		],
		[
			5,
			18
		],
		[
			13,
			21
		],
		[
			9,
			13
		],
		[
			19,
			26
		],
		[
			14,
			26
		],
		[
			32,
			35
		],
		[
			0,
			35
		],
		[
			0,
			32
		],
		[
			16,
			36
		],
		[
			36,
			42
		],
		[
			8,
			40
		],
		[
			8,
			14
		],
		[
			22,
			35
		],
		[
			22,
			32
		],
		[
			13,
			22
		],
		[
			7,
			22
		],
		[
			6,
			24
		],
		[
			24,
			25
		],
		[
			6,
			25
		],
		[
			5,
			34
		],
		[
			11,
			31
		],
		[
			3,
			44
		],
		[
			24,
			41
		],
		[
			16,
			48
		],
		[
			18,
			48
		],
		[
			16,
			18
		],
		[
			1,
			28
		],
		[
			28,
			36
		],
		[
			5,
			20
		],
		[
			24,
			42
		],
		[
			0,
			1
		],
		[
			42,
			44
		],
		[
			15,
			48
		],
		[
			15,
			18
		],
		[
			28,
			31
		],
		[
			33,
			40
		],
		[
			26,
			29
		],
		[
			2,
			38
		],
		[
			14,
			16
		],
		[
			1,
			32
		],
		[
			1,
			6
		],
		[
			41,
			42
		],
		[
			5,
			15
		],
		[
			36,
			48
		],
		[
			15,
			20
		],
		[
			15,
			39
		]
	],
	"score": 0.5166666666666667
}