{
	"content_type": "CG_SHOP_2025_Solution",
	"instance_uid": "point-set_150_20bcb550",
	"steiner_points_x": [
		"29050/677",
		1452,
		"25250/53",
		"12842574/1685",
		600,
		6810,
		6150,
		1456,
		7644,
		502,
		"12906364/1685",
		500,
		700,
		6700,
		"78724/1373",
		"3152904/421",
		1556,
		6158,
		175,
		7390,
		"871154244/113569",
		702,
		6349,
		6834,
		6162,
		400,
		6350,
		145,
		179,
		"4144270/673",
		582,
		819,
		201,
		6750,
		6168,
		847,
		"15647689/2105",
		"620860/89",
		6174,
		7079,
		451,
		"12868796/1685",
		6153,
		6165,
		6759,
		6450,
		"20900/677",
		"127480100/1885129",
		"47100/677",
		6167,
		150,
		1550,
		"12836804/1685",
		"7900/677",
		851,
		6950,
		6741,
		"28205100/458329",
		6322,
		150,
		100,
		7539,
		"59900/677",
		700,
		1550,
		1466,
		"35695/677",
		6560,
		300,
		"119368/1373",
		7464,
		7534,
		7044,
		6150,
		799,
		6166,
		"12965752/1685",
		500,
		6933,
		"22900/173",
		6374,
		700,
		772,
		1452,
		7645,
		6152,
		7444,
		"4275350/673",
		801,
		6848,
		6826,
		7445,
		6165,
		6550,
		6170,
		6168,
		6150,
		"2796664847946/373092305",
		7376,
		6159,
		"2995890/421",
		538,
		1571,
		6664,
		"31100/173",
		700,
		7555,
		1457,
		1545,
		6450,
		"987330/673",
		7353,
		"29300/53",
		"4208070/673",
		760,
		6150,
		6160,
		6510,
		1550,
		"111008/1373",
		6166,
		890,
		6550,
		"15200/1373",
		"3163538/445",
		250,
		7467,
		6850,
		"54800/677",
		"15700/677",
		1556,
		1550,
		1550,
		1475,
		200,
		1176,
		6252,
		849,
		"33350/53",
		"15341409/2105",
		787
	],
	"steiner_points_y": [
		"1444950/677",
		2460,
		"288450/53",
		"4136733/1685",
		1650,
		4447,
		3450,
		5061,
		958,
		4501,
		"2829038/1685",
		3450,
		1020,
		1998,
		"5918644/1373",
		"1378948/421",
		1650,
		2445,
		5175,
		3451,
		"164738298/113569",
		1150,
		2450,
		3864,
		5426,
		0,
		3250,
		4306,
		1884,
		"3740860/673",
		4404,
		4297,
		2139,
		4650,
		4508,
		4879,
		"7290168/2105",
		"9570/89",
		669,
		1950,
		1996,
		"3599182/1685",
		2647,
		1424,
		1226,
		850,
		"1656850/677",
		"8485051100/1885129",
		"975650/677",
		1157,
		4850,
		2950,
		"4255018/1685",
		"1994850/677",
		5443,
		551,
		3028,
		"756236650/458329",
		4642,
		4871,
		3250,
		2451,
		"642850/677",
		50,
		3450,
		4854,
		"1272180/677",
		1050,
		1946,
		"6670558/1373",
		3268,
		2522,
		2234,
		2950,
		2583,
		342,
		"1611584/1685",
		4850,
		3378,
		"76050/173",
		1500,
		0,
		664,
		2590,
		850,
		2152,
		1650,
		"3738600/673",
		2151,
		551,
		3003,
		1449,
		953,
		3250,
		454,
		1652,
		1951,
		"1213414875452/373092305",
		3251,
		5100,
		"1910380/421",
		4303,
		1133,
		1271,
		"22750/173",
		4850,
		2132,
		4299,
		2588,
		142,
		"3795290/673",
		2915,
		"290700/53",
		"3739760/673",
		5449,
		3959,
		4676,
		3373,
		2462,
		"6515898/1373",
		0,
		4659,
		4650,
		"4743450/1373",
		"84051/445",
		601,
		3243,
		2650,
		"775450/677",
		"1792050/677",
		2062,
		2900,
		0,
		5398,
		5150,
		3449,
		1188,
		5397,
		"292950/53",
		"8326808/2105",
		3439
	],
	"edges": [
		[
			225,
			270
		],
		[
			15,
			225
		],
		[
			182,
			218
		],
		[
			178,
			218
		],
		[
			178,
			182
		],
		[
			208,
			266
		],
		[
			184,
			208
		],
		[
			184,
			266
		],
		[
			13,
			76
		],
		[
			76,
			290
		],
		[
			13,
			290
		],
		[
			59,
			206
		],
		[
			59,
			243
		],
		[
			206,
			243
		],
		[
			79,
			269
		],
		[
			200,
			269
		],
		[
			79,
			200
		],
		[
			62,
			194
		],
		[
			39,
			194
		],
		[
			39,
			62
		],
		[
			53,
			218
		],
		[
			86,
			218
		],
		[
			53,
			86
		],
		[
			52,
			69
		],
		[
			69,
			190
		],
		[
			52,
			190
		],
		[
			211,
			221
		],
		[
			202,
			221
		],
		[
			202,
			211
		],
		[
			108,
			195
		],
		[
			108,
			121
		],
		[
			121,
			195
		],
		[
			139,
			185
		],
		[
			185,
			255
		],
		[
			139,
			255
		],
		[
			85,
			110
		],
		[
			85,
			203
		],
		[
			110,
			203
		],
		[
			35,
			244
		],
		[
			225,
			244
		],
		[
			35,
			225
		],
		[
			108,
			259
		],
		[
			5,
			108
		],
		[
			5,
			259
		],
		[
			61,
			205
		],
		[
			205,
			239
		],
		[
			61,
			239
		],
		[
			70,
			129
		],
		[
			70,
			133
		],
		[
			129,
			133
		],
		[
			14,
			183
		],
		[
			14,
			114
		],
		[
			114,
			183
		],
		[
			42,
			277
		],
		[
			147,
			277
		],
		[
			42,
			147
		],
		[
			81,
			211
		],
		[
			81,
			221
		],
		[
			150,
			182
		],
		[
			83,
			150
		],
		[
			83,
			182
		],
		[
			68,
			134
		],
		[
			134,
			217
		],
		[
			68,
			217
		],
		[
			236,
			256
		],
		[
			160,
			256
		],
		[
			160,
			236
		],
		[
			65,
			92
		],
		[
			40,
			65
		],
		[
			40,
			92
		],
		[
			162,
			232
		],
		[
			93,
			232
		],
		[
			93,
			162
		],
		[
			215,
			271
		],
		[
			185,
			271
		],
		[
			185,
			215
		],
		[
			117,
			232
		],
		[
			35,
			232
		],
		[
			35,
			117
		],
		[
			146,
			263
		],
		[
			146,
			237
		],
		[
			228,
			243
		],
		[
			206,
			228
		],
		[
			25,
			88
		],
		[
			88,
			101
		],
		[
			25,
			101
		],
		[
			215,
			249
		],
		[
			157,
			215
		],
		[
			157,
			249
		],
		[
			5,
			64
		],
		[
			49,
			64
		],
		[
			5,
			49
		],
		[
			180,
			271
		],
		[
			181,
			271
		],
		[
			180,
			181
		],
		[
			44,
			267
		],
		[
			44,
			173
		],
		[
			173,
			267
		],
		[
			191,
			256
		],
		[
			153,
			256
		],
		[
			257,
			265
		],
		[
			184,
			257
		],
		[
			184,
			265
		],
		[
			137,
			193
		],
		[
			137,
			230
		],
		[
			193,
			230
		],
		[
			188,
			244
		],
		[
			121,
			188
		],
		[
			121,
			244
		],
		[
			34,
			63
		],
		[
			34,
			249
		],
		[
			63,
			249
		],
		[
			233,
			281
		],
		[
			106,
			233
		],
		[
			106,
			281
		],
		[
			173,
			289
		],
		[
			155,
			173
		],
		[
			155,
			289
		],
		[
			76,
			161
		],
		[
			161,
			290
		],
		[
			193,
			252
		],
		[
			166,
			252
		],
		[
			166,
			193
		],
		[
			67,
			119
		],
		[
			2,
			67
		],
		[
			2,
			119
		],
		[
			258,
			268
		],
		[
			151,
			268
		],
		[
			151,
			258
		],
		[
			78,
			264
		],
		[
			78,
			288
		],
		[
			264,
			288
		],
		[
			103,
			276
		],
		[
			247,
			276
		],
		[
			81,
			222
		],
		[
			211,
			222
		],
		[
			285,
			290
		],
		[
			13,
			285
		],
		[
			75,
			262
		],
		[
			75,
			152
		],
		[
			181,
			257
		],
		[
			257,
			271
		],
		[
			74,
			213
		],
		[
			213,
			231
		],
		[
			228,
			248
		],
		[
			169,
			228
		],
		[
			169,
			248
		],
		[
			228,
			289
		],
		[
			169,
			289
		],
		[
			151,
			233
		],
		[
			233,
			258
		],
		[
			89,
			98
		],
		[
			89,
			99
		],
		[
			98,
			99
		],
		[
			96,
			184
		],
		[
			96,
			208
		],
		[
			57,
			68
		],
		[
			57,
			134
		],
		[
			243,
			267
		],
		[
			228,
			267
		],
		[
			44,
			265
		],
		[
			44,
			77
		],
		[
			77,
			265
		],
		[
			170,
			241
		],
		[
			236,
			241
		],
		[
			170,
			236
		],
		[
			16,
			75
		],
		[
			201,
			281
		],
		[
			106,
			201
		],
		[
			123,
			227
		],
		[
			71,
			227
		],
		[
			71,
			123
		],
		[
			100,
			197
		],
		[
			100,
			177
		],
		[
			177,
			197
		],
		[
			61,
			234
		],
		[
			205,
			234
		],
		[
			76,
			89
		],
		[
			76,
			98
		],
		[
			105,
			201
		],
		[
			201,
			214
		],
		[
			105,
			214
		],
		[
			106,
			111
		],
		[
			13,
			111
		],
		[
			13,
			106
		],
		[
			92,
			166
		],
		[
			40,
			166
		],
		[
			255,
			271
		],
		[
			80,
			126
		],
		[
			70,
			126
		],
		[
			70,
			80
		],
		[
			151,
			224
		],
		[
			224,
			233
		],
		[
			12,
			62
		],
		[
			61,
			62
		],
		[
			12,
			61
		],
		[
			6,
			183
		],
		[
			6,
			14
		],
		[
			84,
			204
		],
		[
			204,
			264
		],
		[
			84,
			264
		],
		[
			2,
			144
		],
		[
			119,
			144
		],
		[
			249,
			266
		],
		[
			215,
			266
		],
		[
			72,
			187
		],
		[
			72,
			274
		],
		[
			245,
			246
		],
		[
			166,
			245
		],
		[
			166,
			246
		],
		[
			235,
			246
		],
		[
			143,
			235
		],
		[
			143,
			246
		],
		[
			126,
			141
		],
		[
			141,
			163
		],
		[
			126,
			163
		],
		[
			35,
			252
		],
		[
			242,
			252
		],
		[
			35,
			242
		],
		[
			173,
			228
		],
		[
			172,
			192
		],
		[
			21,
			192
		],
		[
			21,
			172
		],
		[
			62,
			158
		],
		[
			62,
			241
		],
		[
			158,
			241
		],
		[
			27,
			146
		],
		[
			27,
			50
		],
		[
			50,
			146
		],
		[
			103,
			261
		],
		[
			261,
			276
		],
		[
			214,
			265
		],
		[
			214,
			257
		],
		[
			260,
			283
		],
		[
			204,
			283
		],
		[
			204,
			260
		],
		[
			116,
			161
		],
		[
			116,
			251
		],
		[
			161,
			251
		],
		[
			257,
			266
		],
		[
			215,
			257
		],
		[
			157,
			185
		],
		[
			139,
			157
		],
		[
			52,
			95
		],
		[
			69,
			95
		],
		[
			65,
			171
		],
		[
			92,
			171
		],
		[
			105,
			156
		],
		[
			156,
			214
		],
		[
			9,
			227
		],
		[
			9,
			24
		],
		[
			24,
			227
		],
		[
			120,
			251
		],
		[
			116,
			120
		],
		[
			149,
			210
		],
		[
			11,
			210
		],
		[
			11,
			149
		],
		[
			3,
			277
		],
		[
			125,
			277
		],
		[
			3,
			125
		],
		[
			35,
			188
		],
		[
			188,
			242
		],
		[
			12,
			194
		],
		[
			193,
			286
		],
		[
			230,
			286
		],
		[
			248,
			261
		],
		[
			248,
			276
		],
		[
			73,
			274
		],
		[
			73,
			91
		],
		[
			153,
			211
		],
		[
			66,
			80
		],
		[
			42,
			80
		],
		[
			42,
			66
		],
		[
			165,
			220
		],
		[
			186,
			220
		],
		[
			192,
			258
		],
		[
			192,
			268
		],
		[
			211,
			256
		],
		[
			41,
			71
		],
		[
			71,
			75
		],
		[
			41,
			75
		],
		[
			63,
			174
		],
		[
			174,
			263
		],
		[
			63,
			263
		],
		[
			56,
			134
		],
		[
			134,
			230
		],
		[
			56,
			230
		],
		[
			158,
			170
		],
		[
			228,
			240
		],
		[
			240,
			248
		],
		[
			137,
			245
		],
		[
			17,
			245
		],
		[
			17,
			137
		],
		[
			103,
			221
		],
		[
			235,
			268
		],
		[
			235,
			280
		],
		[
			268,
			280
		],
		[
			32,
			272
		],
		[
			96,
			272
		],
		[
			32,
			96
		],
		[
			132,
			135
		],
		[
			85,
			135
		],
		[
			85,
			132
		],
		[
			57,
			195
		],
		[
			57,
			121
		],
		[
			167,
			192
		],
		[
			167,
			268
		],
		[
			124,
			277
		],
		[
			3,
			124
		],
		[
			28,
			255
		],
		[
			28,
			139
		],
		[
			68,
			195
		],
		[
			12,
			68
		],
		[
			12,
			195
		],
		[
			69,
			86
		],
		[
			69,
			154
		],
		[
			86,
			154
		],
		[
			40,
			69
		],
		[
			69,
			113
		],
		[
			40,
			113
		],
		[
			194,
			217
		],
		[
			217,
			253
		],
		[
			194,
			253
		],
		[
			47,
			234
		],
		[
			226,
			234
		],
		[
			199,
			242
		],
		[
			87,
			199
		],
		[
			87,
			242
		],
		[
			224,
			238
		],
		[
			31,
			238
		],
		[
			31,
			224
		],
		[
			258,
			281
		],
		[
			192,
			281
		],
		[
			222,
			256
		],
		[
			4,
			275
		],
		[
			127,
			275
		],
		[
			4,
			127
		],
		[
			113,
			166
		],
		[
			183,
			250
		],
		[
			31,
			89
		],
		[
			43,
			89
		],
		[
			31,
			43
		],
		[
			9,
			200
		],
		[
			200,
			209
		],
		[
			9,
			209
		],
		[
			192,
			223
		],
		[
			122,
			223
		],
		[
			122,
			192
		],
		[
			220,
			276
		],
		[
			220,
			247
		],
		[
			25,
			194
		],
		[
			25,
			39
		],
		[
			220,
			248
		],
		[
			17,
			143
		],
		[
			143,
			148
		],
		[
			17,
			148
		],
		[
			41,
			123
		],
		[
			102,
			209
		],
		[
			22,
			209
		],
		[
			22,
			102
		],
		[
			105,
			223
		],
		[
			201,
			223
		],
		[
			45,
			147
		],
		[
			8,
			147
		],
		[
			8,
			45
		],
		[
			5,
			54
		],
		[
			5,
			107
		],
		[
			123,
			255
		],
		[
			227,
			255
		],
		[
			63,
			146
		],
		[
			181,
			290
		],
		[
			181,
			285
		],
		[
			6,
			115
		],
		[
			6,
			272
		],
		[
			115,
			272
		],
		[
			134,
			286
		],
		[
			9,
			79
		],
		[
			118,
			189
		],
		[
			45,
			118
		],
		[
			45,
			189
		],
		[
			60,
			275
		],
		[
			2,
			275
		],
		[
			2,
			60
		],
		[
			44,
			96
		],
		[
			48,
			96
		],
		[
			44,
			48
		],
		[
			257,
			285
		],
		[
			29,
			218
		],
		[
			55,
			218
		],
		[
			29,
			55
		],
		[
			91,
			205
		],
		[
			19,
			205
		],
		[
			193,
			245
		],
		[
			66,
			126
		],
		[
			19,
			234
		],
		[
			206,
			240
		],
		[
			33,
			115
		],
		[
			33,
			272
		],
		[
			111,
			224
		],
		[
			43,
			224
		],
		[
			43,
			111
		],
		[
			159,
			271
		],
		[
			159,
			180
		],
		[
			189,
			236
		],
		[
			189,
			256
		],
		[
			178,
			207
		],
		[
			178,
			216
		],
		[
			51,
			176
		],
		[
			176,
			243
		],
		[
			51,
			243
		],
		[
			73,
			205
		],
		[
			195,
			239
		],
		[
			12,
			239
		],
		[
			83,
			135
		],
		[
			83,
			132
		],
		[
			3,
			240
		],
		[
			3,
			248
		],
		[
			20,
			109
		],
		[
			20,
			213
		],
		[
			109,
			213
		],
		[
			112,
			244
		],
		[
			112,
			225
		],
		[
			106,
			285
		],
		[
			180,
			251
		],
		[
			120,
			180
		],
		[
			64,
			239
		],
		[
			64,
			195
		],
		[
			131,
			207
		],
		[
			53,
			207
		],
		[
			53,
			131
		],
		[
			223,
			281
		],
		[
			36,
			37
		],
		[
			37,
			130
		],
		[
			36,
			130
		],
		[
			10,
			36
		],
		[
			2,
			10
		],
		[
			2,
			36
		],
		[
			54,
			259
		],
		[
			72,
			73
		],
		[
			209,
			219
		],
		[
			200,
			219
		],
		[
			1,
			87
		],
		[
			57,
			87
		],
		[
			1,
			57
		],
		[
			111,
			233
		],
		[
			49,
			239
		],
		[
			49,
			205
		],
		[
			177,
			273
		],
		[
			149,
			177
		],
		[
			149,
			273
		],
		[
			41,
			262
		],
		[
			179,
			283
		],
		[
			199,
			286
		],
		[
			193,
			199
		],
		[
			20,
			94
		],
		[
			93,
			94
		],
		[
			20,
			93
		],
		[
			134,
			253
		],
		[
			56,
			253
		],
		[
			102,
			284
		],
		[
			24,
			284
		],
		[
			24,
			102
		],
		[
			168,
			284
		],
		[
			22,
			284
		],
		[
			213,
			282
		],
		[
			61,
			158
		],
		[
			225,
			259
		],
		[
			112,
			259
		],
		[
			181,
			251
		],
		[
			87,
			134
		],
		[
			87,
			286
		],
		[
			104,
			230
		],
		[
			56,
			104
		],
		[
			66,
			147
		],
		[
			79,
			227
		],
		[
			159,
			227
		],
		[
			79,
			159
		],
		[
			131,
			198
		],
		[
			1,
			188
		],
		[
			1,
			242
		],
		[
			35,
			282
		],
		[
			225,
			282
		],
		[
			140,
			148
		],
		[
			133,
			148
		],
		[
			133,
			140
		],
		[
			0,
			38
		],
		[
			0,
			42
		],
		[
			38,
			42
		],
		[
			10,
			162
		],
		[
			10,
			130
		],
		[
			130,
			162
		],
		[
			59,
			125
		],
		[
			42,
			125
		],
		[
			42,
			59
		],
		[
			143,
			167
		],
		[
			167,
			235
		],
		[
			4,
			144
		],
		[
			144,
			275
		],
		[
			7,
			163
		],
		[
			88,
			163
		],
		[
			7,
			88
		],
		[
			136,
			176
		],
		[
			122,
			136
		],
		[
			122,
			176
		],
		[
			46,
			62
		],
		[
			46,
			241
		],
		[
			95,
			238
		],
		[
			31,
			95
		],
		[
			246,
			280
		],
		[
			166,
			280
		],
		[
			158,
			226
		],
		[
			23,
			189
		],
		[
			23,
			236
		],
		[
			31,
			128
		],
		[
			99,
			128
		],
		[
			31,
			99
		],
		[
			67,
			198
		],
		[
			67,
			131
		],
		[
			104,
			140
		],
		[
			7,
			140
		],
		[
			7,
			104
		],
		[
			139,
			145
		],
		[
			28,
			145
		],
		[
			9,
			102
		],
		[
			141,
			147
		],
		[
			45,
			141
		],
		[
			45,
			81
		],
		[
			45,
			222
		],
		[
			14,
			58
		],
		[
			100,
			159
		],
		[
			120,
			159
		],
		[
			100,
			120
		],
		[
			39,
			46
		],
		[
			23,
			39
		],
		[
			23,
			46
		],
		[
			232,
			252
		],
		[
			150,
			178
		],
		[
			183,
			272
		],
		[
			26,
			127
		],
		[
			30,
			127
		],
		[
			26,
			30
		],
		[
			249,
			283
		],
		[
			174,
			283
		],
		[
			174,
			249
		],
		[
			159,
			255
		],
		[
			27,
			33
		],
		[
			27,
			115
		],
		[
			88,
			104
		],
		[
			118,
			163
		],
		[
			88,
			118
		],
		[
			18,
			109
		],
		[
			74,
			109
		],
		[
			101,
			118
		],
		[
			23,
			118
		],
		[
			23,
			101
		],
		[
			214,
			285
		],
		[
			135,
			196
		],
		[
			135,
			150
		],
		[
			51,
			136
		],
		[
			21,
			122
		],
		[
			98,
			138
		],
		[
			138,
			161
		],
		[
			98,
			161
		],
		[
			13,
			43
		],
		[
			43,
			76
		],
		[
			0,
			59
		],
		[
			48,
			173
		],
		[
			100,
			116
		],
		[
			116,
			149
		],
		[
			149,
			161
		],
		[
			161,
			210
		],
		[
			8,
			81
		],
		[
			151,
			238
		],
		[
			151,
			280
		],
		[
			238,
			280
		],
		[
			92,
			252
		],
		[
			171,
			252
		],
		[
			94,
			162
		],
		[
			55,
			132
		],
		[
			55,
			83
		],
		[
			25,
			56
		],
		[
			56,
			88
		],
		[
			58,
			97
		],
		[
			97,
			142
		],
		[
			189,
			222
		],
		[
			16,
			24
		],
		[
			16,
			284
		],
		[
			80,
			129
		],
		[
			32,
			33
		],
		[
			95,
			113
		],
		[
			52,
			128
		],
		[
			95,
			128
		],
		[
			4,
			229
		],
		[
			39,
			101
		],
		[
			105,
			122
		],
		[
			119,
			212
		],
		[
			125,
			206
		],
		[
			48,
			155
		],
		[
			0,
			51
		],
		[
			0,
			243
		],
		[
			29,
			132
		],
		[
			5,
			72
		],
		[
			72,
			107
		],
		[
			15,
			259
		],
		[
			17,
			246
		],
		[
			251,
			290
		],
		[
			85,
			138
		],
		[
			99,
			138
		],
		[
			85,
			99
		],
		[
			33,
			50
		],
		[
			32,
			50
		],
		[
			93,
			117
		],
		[
			48,
			183
		],
		[
			155,
			183
		],
		[
			12,
			217
		],
		[
			28,
			123
		],
		[
			7,
			126
		],
		[
			7,
			70
		],
		[
			81,
			124
		],
		[
			124,
			221
		],
		[
			77,
			105
		],
		[
			77,
			176
		],
		[
			105,
			176
		],
		[
			145,
			287
		],
		[
			139,
			287
		],
		[
			29,
			128
		],
		[
			128,
			132
		],
		[
			10,
			94
		],
		[
			99,
			132
		],
		[
			86,
			190
		],
		[
			96,
			265
		],
		[
			81,
			277
		],
		[
			34,
			146
		],
		[
			41,
			78
		],
		[
			41,
			288
		],
		[
			4,
			254
		],
		[
			133,
			143
		],
		[
			36,
			131
		],
		[
			36,
			67
		],
		[
			164,
			177
		],
		[
			27,
			97
		],
		[
			97,
			115
		],
		[
			79,
			197
		],
		[
			79,
			100
		],
		[
			110,
			138
		],
		[
			110,
			210
		],
		[
			138,
			210
		],
		[
			90,
			127
		],
		[
			30,
			90
		],
		[
			104,
			137
		],
		[
			137,
			148
		],
		[
			104,
			148
		],
		[
			38,
			80
		],
		[
			25,
			253
		],
		[
			38,
			129
		],
		[
			11,
			110
		],
		[
			90,
			109
		],
		[
			20,
			90
		],
		[
			32,
			208
		],
		[
			174,
			179
		],
		[
			27,
			142
		],
		[
			108,
			112
		],
		[
			112,
			121
		],
		[
			40,
			154
		],
		[
			65,
			154
		],
		[
			143,
			172
		],
		[
			133,
			172
		],
		[
			26,
			175
		],
		[
			30,
			175
		],
		[
			70,
			140
		],
		[
			34,
			208
		],
		[
			34,
			266
		],
		[
			60,
			90
		],
		[
			60,
			94
		],
		[
			90,
			94
		],
		[
			37,
			65
		],
		[
			65,
			130
		],
		[
			24,
			71
		],
		[
			37,
			131
		],
		[
			20,
			117
		],
		[
			117,
			213
		],
		[
			66,
			141
		],
		[
			67,
			278
		],
		[
			26,
			82
		],
		[
			77,
			267
		],
		[
			176,
			267
		],
		[
			119,
			278
		],
		[
			167,
			172
		],
		[
			18,
			30
		],
		[
			30,
			109
		],
		[
			8,
			277
		],
		[
			55,
			182
		],
		[
			221,
			261
		],
		[
			155,
			250
		],
		[
			169,
			186
		],
		[
			28,
			78
		],
		[
			78,
			145
		],
		[
			6,
			97
		],
		[
			14,
			97
		],
		[
			26,
			254
		],
		[
			78,
			123
		],
		[
			46,
			236
		],
		[
			190,
			218
		],
		[
			53,
			178
		],
		[
			156,
			265
		],
		[
			113,
			280
		],
		[
			145,
			204
		],
		[
			204,
			287
		],
		[
			38,
			51
		],
		[
			157,
			283
		],
		[
			157,
			287
		],
		[
			283,
			287
		],
		[
			135,
			279
		],
		[
			49,
			73
		],
		[
			125,
			240
		],
		[
			117,
			282
		],
		[
			124,
			261
		],
		[
			3,
			261
		],
		[
			77,
			156
		],
		[
			27,
			237
		],
		[
			10,
			60
		],
		[
			85,
			279
		],
		[
			4,
			26
		],
		[
			130,
			171
		],
		[
			118,
			141
		],
		[
			129,
			172
		],
		[
			21,
			129
		],
		[
			145,
			264
		],
		[
			29,
			52
		],
		[
			34,
			50
		],
		[
			50,
			208
		],
		[
			21,
			38
		],
		[
			201,
			285
		],
		[
			64,
			108
		],
		[
			49,
			72
		],
		[
			1,
			121
		],
		[
			29,
			190
		],
		[
			162,
			252
		],
		[
			162,
			171
		],
		[
			48,
			272
		],
		[
			116,
			177
		],
		[
			60,
			127
		],
		[
			38,
			136
		],
		[
			16,
			71
		],
		[
			113,
			238
		],
		[
			21,
			136
		],
		[
			158,
			234
		],
		[
			199,
			252
		],
		[
			37,
			154
		],
		[
			37,
			86
		],
		[
			86,
			131
		],
		[
			169,
			220
		]
	],
	"score": 0.5035211267605634
}