{
	"content_type": "CG_SHOP_2025_Solution",
	"instance_uid": "point-set_10_13860916",
	"steiner_points_x": [
		"5143/2",
		"1107983709/370957",
		543,
		2032,
		"981707469/478069",
		"239465715/147737",
		"26993690/42149",
		"264231498/132961",
		1791
	],
	"steiner_points_y": [
		"11207/8",
		"325705961/370957",
		1664,
		1423,
		"725714655/478069",
		"238502668/147737",
		"37774000/42149",
		"38047824/132961",
		1101
	],
	"edges": [
		[
			5,
			8
		],
		[
			8,
			16
		],
		[
			5,
			12
		],
		[
			8,
			12
		],
		[
			13,
			14
		],
		[
			10,
			13
		],
		[
			2,
			13
		],
		[
			13,
			18
		],
		[
			2,
			18
		],
		[
			9,
			17
		],
		[
			4,
			9
		],
		[
			2,
			8
		],
		[
			8,
			18
		],
		[
			3,
			9
		],
		[
			3,
			10
		],
		[
			9,
			10
		],
		[
			6,
			8
		],
		[
			6,
			18
		],
		[
			2,
			15
		],
		[
			2,
			12
		],
		[
			3,
			13
		],
		[
			3,
			18
		],
		[
			3,
			17
		],
		[
			17,
			18
		],
		[
			7,
			9
		],
		[
			0,
			2
		],
		[
			9,
			11
		],
		[
			0,
			13
		]
	],
	"score": 0.55
}