{
	"content_type": "CG_SHOP_2025_Solution",
	"instance_uid": "simple-polygon-exterior-20_40_84415804",
	"steiner_points_x": [
		"85613553/11261",
		"43167091427/5657969",
		"83855494257/11315938",
		7093,
		"76129/10",
		"77206638359399591450592/10284042901584800333",
		"15232/3",
		4275,
		1505,
		"22963/16",
		4589,
		2797,
		"2250247927/529465",
		5144,
		2086,
		7344,
		"11765064611/1699765",
		"1478605463/529465",
		4162,
		"22004/3",
		"382009442726/2357707645",
		"7536521811/1003714",
		7215,
		3911,
		5915,
		"3274359679/529465",
		3609,
		"8214958721/1538725",
		6002,
		"100409/13",
		7570,
		6994,
		6884,
		"2291171481/4046785",
		"768828575/2033509",
		7217,
		"76184838952257/10850916290",
		"121786/17",
		"294766/39",
		5026,
		"968702/4453",
		5090,
		"5098258353/749114",
		1610,
		2795,
		"1885171897/529465"
	],
	"steiner_points_y": [
		"48926676/11261",
		"20977315714/5657969",
		"25361881001/11315938",
		3406,
		"35969/10",
		"33301280627153270111662/10284042901584800333",
		4348,
		1203,
		2741,
		"12585/4",
		742,
		2593,
		"2157585456/529465",
		720,
		1193,
		3542,
		"1853356303/1699765",
		"1902976944/529465",
		2167,
		"26309/6",
		"6427492777428/2357707645",
		"42222854073/13048282",
		4875,
		3067,
		1906,
		"2495497872/529465",
		75,
		"472101822/1538725",
		3540,
		"56408/13",
		4577,
		2962,
		2332,
		"3100153342/4046785",
		"1879722694/2033509",
		4504,
		"39190117520611/10850916290",
		"85620/17",
		"41991/13",
		1565,
		"11390406/4453",
		3057,
		"2924371411/749114",
		2680,
		3587,
		"2037126216/529465"
	],
	"edges": [
		[
			48,
			83
		],
		[
			12,
			48
		],
		[
			12,
			83
		],
		[
			28,
			77
		],
		[
			28,
			62
		],
		[
			62,
			77
		],
		[
			26,
			34
		],
		[
			26,
			33
		],
		[
			63,
			85
		],
		[
			21,
			85
		],
		[
			21,
			63
		],
		[
			45,
			61
		],
		[
			35,
			45
		],
		[
			43,
			45
		],
		[
			45,
			71
		],
		[
			43,
			71
		],
		[
			0,
			39
		],
		[
			39,
			56
		],
		[
			22,
			81
		],
		[
			21,
			81
		],
		[
			18,
			53
		],
		[
			18,
			39
		],
		[
			39,
			53
		],
		[
			21,
			46
		],
		[
			21,
			52
		],
		[
			59,
			82
		],
		[
			75,
			82
		],
		[
			59,
			75
		],
		[
			32,
			70
		],
		[
			31,
			70
		],
		[
			18,
			79
		],
		[
			19,
			79
		],
		[
			18,
			19
		],
		[
			17,
			79
		],
		[
			16,
			79
		],
		[
			6,
			51
		],
		[
			5,
			51
		],
		[
			14,
			51
		],
		[
			5,
			14
		],
		[
			27,
			32
		],
		[
			27,
			70
		],
		[
			11,
			48
		],
		[
			48,
			80
		],
		[
			6,
			54
		],
		[
			4,
			6
		],
		[
			4,
			54
		],
		[
			13,
			51
		],
		[
			17,
			50
		],
		[
			17,
			53
		],
		[
			50,
			53
		],
		[
			68,
			82
		],
		[
			65,
			68
		],
		[
			65,
			82
		],
		[
			23,
			68
		],
		[
			25,
			68
		],
		[
			23,
			25
		],
		[
			7,
			74
		],
		[
			7,
			9
		],
		[
			20,
			63
		],
		[
			20,
			21
		],
		[
			84,
			85
		],
		[
			57,
			84
		],
		[
			36,
			38
		],
		[
			7,
			54
		],
		[
			34,
			44
		],
		[
			33,
			44
		],
		[
			61,
			78
		],
		[
			36,
			78
		],
		[
			61,
			71
		],
		[
			36,
			42
		],
		[
			38,
			56
		],
		[
			27,
			62
		],
		[
			0,
			53
		],
		[
			24,
			72
		],
		[
			64,
			72
		],
		[
			24,
			64
		],
		[
			28,
			70
		],
		[
			43,
			55
		],
		[
			45,
			55
		],
		[
			49,
			84
		],
		[
			12,
			84
		],
		[
			12,
			49
		],
		[
			1,
			53
		],
		[
			53,
			67
		],
		[
			40,
			69
		],
		[
			33,
			69
		],
		[
			34,
			55
		],
		[
			26,
			55
		],
		[
			50,
			66
		],
		[
			1,
			50
		],
		[
			36,
			72
		],
		[
			71,
			72
		],
		[
			36,
			71
		],
		[
			27,
			75
		],
		[
			22,
			46
		],
		[
			23,
			81
		],
		[
			7,
			73
		],
		[
			25,
			71
		],
		[
			24,
			71
		],
		[
			30,
			70
		],
		[
			28,
			30
		],
		[
			26,
			82
		],
		[
			25,
			82
		],
		[
			12,
			51
		],
		[
			51,
			83
		],
		[
			35,
			78
		],
		[
			55,
			76
		],
		[
			7,
			11
		],
		[
			6,
			11
		],
		[
			33,
			41
		],
		[
			46,
			68
		],
		[
			22,
			68
		],
		[
			15,
			63
		],
		[
			15,
			20
		],
		[
			25,
			43
		],
		[
			5,
			58
		],
		[
			4,
			58
		],
		[
			65,
			75
		],
		[
			28,
			29
		],
		[
			62,
			65
		],
		[
			62,
			75
		],
		[
			4,
			47
		],
		[
			3,
			47
		],
		[
			51,
			84
		],
		[
			32,
			59
		],
		[
			14,
			63
		],
		[
			13,
			63
		],
		[
			15,
			58
		],
		[
			14,
			58
		],
		[
			16,
			20
		],
		[
			16,
			19
		],
		[
			47,
			50
		],
		[
			47,
			66
		],
		[
			20,
			81
		],
		[
			19,
			81
		],
		[
			13,
			84
		],
		[
			35,
			55
		],
		[
			3,
			66
		],
		[
			16,
			58
		],
		[
			16,
			47
		],
		[
			47,
			58
		],
		[
			53,
			79
		],
		[
			49,
			80
		],
		[
			48,
			49
		],
		[
			76,
			82
		],
		[
			40,
			59
		],
		[
			13,
			85
		],
		[
			9,
			11
		],
		[
			19,
			64
		],
		[
			19,
			23
		],
		[
			23,
			64
		],
		[
			15,
			16
		],
		[
			60,
			80
		],
		[
			18,
			64
		],
		[
			39,
			64
		],
		[
			32,
			69
		],
		[
			35,
			44
		],
		[
			6,
			83
		],
		[
			26,
			40
		],
		[
			9,
			80
		],
		[
			43,
			76
		],
		[
			38,
			72
		],
		[
			2,
			7
		],
		[
			2,
			54
		],
		[
			38,
			64
		],
		[
			17,
			47
		],
		[
			3,
			54
		],
		[
			11,
			83
		]
	],
	"score": 0.5106382978723404
}