{
	"content_type": "CG_SHOP_2025_Solution",
	"instance_uid": "simple-polygon-exterior-20_20_c27f41dd",
	"steiner_points_x": [
		"1022831/337",
		2928,
		2392,
		1114,
		1228,
		"437964460444260168547760/376066604305081641961",
		2076,
		1980,
		"360689572/158201",
		2627,
		2874,
		"39501321164731/19392436781",
		"372102173/2845441",
		2860,
		1960,
		3298,
		"3446048628/1058201",
		53,
		"738224081212268/324380715061",
		"2968689611/1058201",
		3222,
		2502,
		"24479049442537/19392436781",
		53,
		1930,
		"5008620696/1601249",
		804,
		1262,
		"22264464/7829",
		1379,
		1525,
		"4563008001/1601249",
		2035,
		"495063/1010",
		"155063990/122581",
		2043,
		3038,
		"45967682/24221",
		"1853241623/2845441",
		2462,
		"1580623681/702122",
		2882,
		"691690829033457110801512521361/594941128676682208398721610",
		"357749990305478/120456078031",
		2976,
		1979,
		"4617434626/1601249",
		"250707790/122581",
		"4240837673/2845441"
	],
	"steiner_points_y": [
		"143963/337",
		1714,
		1473,
		1735,
		1404,
		"3457817805685694447231141/1880333021525408209805",
		758,
		1373,
		"308109488/158201",
		1141,
		1138,
		"37423971541247/19392436781",
		"2353678521/2845441",
		877,
		1423,
		985,
		"1721671064/1058201",
		1257,
		"185587645107439/648761430122",
		"1960534031/1058201",
		1558,
		1569,
		"36326087155133/19392436781",
		906,
		1355,
		"2080226598/1601249",
		1258,
		1720,
		"12672442/7829",
		888,
		396,
		"2068954182/1601249",
		1418,
		"1773271/1010",
		"225102520/122581",
		1367,
		1451,
		"24196495/24221",
		"1785673297/2845441",
		1241,
		"539050639/702122",
		1358,
		"1110115017307136832209196352001/594941128676682208398721610",
		"213251390051074/120456078031",
		1132,
		1350,
		"2070330982/1601249",
		"222643108/122581",
		"870049161/2845441"
	],
	"edges": [
		[
			29,
			59
		],
		[
			29,
			60
		],
		[
			59,
			60
		],
		[
			56,
			61
		],
		[
			45,
			56
		],
		[
			45,
			61
		],
		[
			29,
			51
		],
		[
			6,
			29
		],
		[
			24,
			44
		],
		[
			24,
			47
		],
		[
			44,
			47
		],
		[
			25,
			62
		],
		[
			21,
			40
		],
		[
			21,
			63
		],
		[
			40,
			63
		],
		[
			12,
			23
		],
		[
			23,
			25
		],
		[
			3,
			35
		],
		[
			4,
			35
		],
		[
			19,
			49
		],
		[
			0,
			49
		],
		[
			44,
			65
		],
		[
			27,
			44
		],
		[
			27,
			65
		],
		[
			11,
			52
		],
		[
			52,
			67
		],
		[
			14,
			46
		],
		[
			15,
			46
		],
		[
			33,
			35
		],
		[
			33,
			64
		],
		[
			35,
			64
		],
		[
			30,
			64
		],
		[
			30,
			33
		],
		[
			10,
			41
		],
		[
			9,
			41
		],
		[
			24,
			49
		],
		[
			0,
			24
		],
		[
			28,
			67
		],
		[
			11,
			28
		],
		[
			16,
			58
		],
		[
			15,
			58
		],
		[
			31,
			67
		],
		[
			30,
			66
		],
		[
			64,
			66
		],
		[
			52,
			55
		],
		[
			22,
			52
		],
		[
			22,
			55
		],
		[
			27,
			55
		],
		[
			27,
			52
		],
		[
			26,
			60
		],
		[
			1,
			26
		],
		[
			1,
			59
		],
		[
			7,
			51
		],
		[
			40,
			45
		],
		[
			5,
			40
		],
		[
			21,
			48
		],
		[
			8,
			21
		],
		[
			48,
			61
		],
		[
			48,
			56
		],
		[
			1,
			65
		],
		[
			57,
			65
		],
		[
			16,
			37
		],
		[
			15,
			37
		],
		[
			36,
			40
		],
		[
			7,
			41
		],
		[
			6,
			41
		],
		[
			19,
			38
		],
		[
			19,
			57
		],
		[
			11,
			41
		],
		[
			10,
			11
		],
		[
			11,
			22
		],
		[
			7,
			9
		],
		[
			9,
			48
		],
		[
			42,
			54
		],
		[
			25,
			42
		],
		[
			50,
			58
		],
		[
			50,
			68
		],
		[
			45,
			64
		],
		[
			35,
			45
		],
		[
			14,
			37
		],
		[
			38,
			60
		],
		[
			26,
			38
		],
		[
			8,
			63
		],
		[
			18,
			50
		],
		[
			19,
			50
		],
		[
			49,
			50
		],
		[
			49,
			58
		],
		[
			46,
			58
		],
		[
			8,
			9
		],
		[
			31,
			54
		],
		[
			3,
			33
		],
		[
			33,
			60
		],
		[
			2,
			33
		],
		[
			22,
			41
		],
		[
			6,
			59
		],
		[
			47,
			67
		],
		[
			47,
			54
		],
		[
			21,
			56
		],
		[
			55,
			65
		],
		[
			1,
			55
		],
		[
			46,
			49
		],
		[
			29,
			30
		],
		[
			29,
			33
		],
		[
			26,
			57
		],
		[
			16,
			43
		],
		[
			14,
			53
		],
		[
			9,
			39
		],
		[
			8,
			39
		],
		[
			19,
			26
		],
		[
			24,
			46
		],
		[
			40,
			56
		],
		[
			34,
			52
		],
		[
			27,
			34
		],
		[
			46,
			53
		],
		[
			44,
			57
		],
		[
			3,
			20
		],
		[
			30,
			51
		],
		[
			5,
			35
		],
		[
			7,
			61
		],
		[
			51,
			61
		],
		[
			22,
			59
		],
		[
			6,
			22
		],
		[
			0,
			44
		],
		[
			61,
			66
		],
		[
			23,
			24
		],
		[
			23,
			47
		],
		[
			25,
			47
		],
		[
			55,
			59
		],
		[
			34,
			47
		],
		[
			34,
			44
		],
		[
			23,
			46
		],
		[
			16,
			32
		],
		[
			12,
			46
		],
		[
			34,
			67
		]
	],
	"score": 0.51
}