{
	"content_type": "CG_SHOP_2025_Solution",
	"instance_uid": "simple-polygon_100_cb23308c",
	"steiner_points_x": [
		15049,
		5525,
		8125,
		14657,
		8225,
		8489,
		15112,
		"14911525/1721",
		8526,
		4950,
		14707,
		14740,
		14526,
		"89545615/15826",
		14964,
		8386,
		14665,
		14818,
		"83815907/9169",
		15127,
		8425,
		5271,
		"116566/25",
		"172398289/13273",
		8110,
		8525,
		"14588125/1721",
		15183,
		15222,
		8117,
		"11425/2",
		14712,
		5508,
		12470,
		8225,
		5431,
		15225,
		15170,
		8525,
		12866,
		5397,
		14964,
		12258,
		5843,
		9070,
		"14456125/1721",
		5377,
		15216,
		12313,
		15015,
		"7865275/1466",
		12985,
		15172,
		14861,
		8638,
		14781,
		15183,
		"676853/149",
		14604,
		11500,
		8125,
		15201,
		12322,
		5675,
		"1054075/122",
		14950,
		"734300/149",
		11499,
		5875,
		8523,
		15225,
		5857,
		15205,
		11674,
		5294,
		13905,
		5425,
		"1840113/122",
		"111687963/13385",
		8125,
		11668,
		"3258511/625",
		15131,
		14712,
		8331,
		8244,
		14796,
		15204,
		"110536267/13385",
		"30302275/5353",
		8418,
		14796,
		13182,
		12258,
		5895,
		"22725695/2677",
		5240,
		12426,
		5731,
		8385,
		4972,
		14741,
		14976,
		14701,
		"131764/25",
		13977,
		8225,
		14457,
		5812,
		15225,
		14773,
		8117,
		"131779/25",
		8525,
		11499,
		8405,
		8612,
		"3483700/773",
		15225,
		5856,
		12985,
		8125,
		14797,
		"30753999/5353",
		15225,
		"18382250/1717",
		4950,
		8230,
		15210,
		15222,
		8114,
		"121888675/15826",
		15225,
		"134752/25",
		5875
	],
	"steiner_points_y": [
		7792,
		6150,
		7075,
		8001,
		3553,
		3350,
		3451,
		"13185700/1721",
		8064,
		4950,
		10076,
		8133,
		3614,
		"141214681/15826",
		10140,
		3650,
		3015,
		8400,
		"39099890/9169",
		3412,
		3850,
		9454,
		"217287/25",
		"34654194/13273",
		7708,
		8200,
		"12009700/1721",
		3575,
		7900,
		8698,
		3525,
		5679,
		9281,
		6925,
		4924,
		8000,
		8241,
		7966,
		7900,
		4186,
		7881,
		10150,
		9282,
		7860,
		4825,
		"11529700/1721",
		8918,
		7990,
		8907,
		3370,
		"9287775/1466",
		2610,
		4036,
		3750,
		4391,
		3944,
		8011,
		"1467344/149",
		8418,
		4950,
		6775,
		8004,
		9131,
		5075,
		"1084025/122",
		10050,
		"1573400/149",
		4675,
		6150,
		8400,
		3412,
		3852,
		8105,
		9225,
		9165,
		4265,
		8764,
		"1227707/122",
		"43693496/13385",
		4825,
		9425,
		"4973027/625",
		7867,
		5700,
		3320,
		3297,
		5700,
		8241,
		"43395289/13385",
		"20402025/5353",
		4131,
		5624,
		5738,
		9126,
		3371,
		"8839190/2677",
		9400,
		8908,
		4452,
		3550,
		10536,
		10009,
		10137,
		8151,
		"197023/25",
		6470,
		4050,
		8063,
		8576,
		8105,
		10105,
		8063,
		8000,
		8875,
		4778,
		8580,
		7707,
		"4110450/773",
		3575,
		8034,
		2626,
		4925,
		10010,
		"17900169/5353",
		7887,
		"10360050/1717",
		4975,
		3681,
		8201,
		3650,
		8263,
		"155558125/15826",
		7990,
		"193039/25",
		3650
	],
	"edges": [
		[
			172,
			209
		],
		[
			95,
			172
		],
		[
			171,
			189
		],
		[
			189,
			198
		],
		[
			171,
			198
		],
		[
			12,
			173
		],
		[
			11,
			173
		],
		[
			104,
			194
		],
		[
			104,
			185
		],
		[
			185,
			194
		],
		[
			21,
			160
		],
		[
			21,
			168
		],
		[
			160,
			168
		],
		[
			178,
			185
		],
		[
			184,
			185
		],
		[
			178,
			184
		],
		[
			74,
			214
		],
		[
			159,
			214
		],
		[
			74,
			159
		],
		[
			122,
			174
		],
		[
			146,
			174
		],
		[
			122,
			146
		],
		[
			84,
			229
		],
		[
			85,
			229
		],
		[
			173,
			180
		],
		[
			10,
			173
		],
		[
			10,
			180
		],
		[
			165,
			222
		],
		[
			210,
			222
		],
		[
			165,
			210
		],
		[
			213,
			215
		],
		[
			129,
			215
		],
		[
			129,
			213
		],
		[
			102,
			126
		],
		[
			102,
			107
		],
		[
			96,
			117
		],
		[
			97,
			117
		],
		[
			17,
			159
		],
		[
			18,
			159
		],
		[
			67,
			159
		],
		[
			68,
			159
		],
		[
			32,
			213
		],
		[
			213,
			231
		],
		[
			186,
			191
		],
		[
			89,
			191
		],
		[
			33,
			208
		],
		[
			176,
			208
		],
		[
			33,
			176
		],
		[
			112,
			116
		],
		[
			112,
			149
		],
		[
			116,
			149
		],
		[
			24,
			138
		],
		[
			25,
			138
		],
		[
			208,
			219
		],
		[
			208,
			230
		],
		[
			219,
			230
		],
		[
			113,
			208
		],
		[
			176,
			212
		],
		[
			135,
			176
		],
		[
			135,
			212
		],
		[
			181,
			212
		],
		[
			204,
			212
		],
		[
			101,
			150
		],
		[
			46,
			101
		],
		[
			158,
			201
		],
		[
			158,
			197
		],
		[
			197,
			201
		],
		[
			100,
			103
		],
		[
			103,
			111
		],
		[
			100,
			111
		],
		[
			134,
			221
		],
		[
			20,
			221
		],
		[
			20,
			134
		],
		[
			103,
			203
		],
		[
			111,
			203
		],
		[
			135,
			219
		],
		[
			135,
			208
		],
		[
			5,
			193
		],
		[
			14,
			193
		],
		[
			5,
			14
		],
		[
			21,
			163
		],
		[
			21,
			221
		],
		[
			163,
			221
		],
		[
			16,
			192
		],
		[
			17,
			192
		],
		[
			57,
			221
		],
		[
			179,
			221
		],
		[
			57,
			179
		],
		[
			75,
			192
		],
		[
			76,
			192
		],
		[
			135,
			140
		],
		[
			140,
			212
		],
		[
			66,
			154
		],
		[
			118,
			154
		],
		[
			19,
			134
		],
		[
			166,
			200
		],
		[
			157,
			200
		],
		[
			8,
			180
		],
		[
			9,
			180
		],
		[
			108,
			211
		],
		[
			108,
			138
		],
		[
			138,
			211
		],
		[
			104,
			227
		],
		[
			115,
			227
		],
		[
			104,
			115
		],
		[
			134,
			179
		],
		[
			101,
			168
		],
		[
			163,
			168
		],
		[
			101,
			163
		],
		[
			105,
			199
		],
		[
			61,
			199
		],
		[
			61,
			105
		],
		[
			16,
			205
		],
		[
			16,
			133
		],
		[
			133,
			205
		],
		[
			145,
			160
		],
		[
			76,
			139
		],
		[
			77,
			139
		],
		[
			25,
			108
		],
		[
			26,
			108
		],
		[
			111,
			137
		],
		[
			111,
			156
		],
		[
			137,
			156
		],
		[
			185,
			188
		],
		[
			4,
			142
		],
		[
			3,
			142
		],
		[
			95,
			228
		],
		[
			136,
			228
		],
		[
			7,
			180
		],
		[
			59,
			185
		],
		[
			55,
			101
		],
		[
			55,
			163
		],
		[
			64,
			115
		],
		[
			63,
			115
		],
		[
			107,
			216
		],
		[
			22,
			216
		],
		[
			130,
			234
		],
		[
			194,
			234
		],
		[
			130,
			194
		],
		[
			171,
			234
		],
		[
			189,
			234
		],
		[
			156,
			172
		],
		[
			94,
			172
		],
		[
			94,
			156
		],
		[
			17,
			75
		],
		[
			187,
			228
		],
		[
			111,
			228
		],
		[
			111,
			187
		],
		[
			88,
			191
		],
		[
			167,
			214
		],
		[
			74,
			167
		],
		[
			99,
			202
		],
		[
			0,
			202
		],
		[
			42,
			174
		],
		[
			59,
			194
		],
		[
			45,
			160
		],
		[
			44,
			160
		],
		[
			120,
			206
		],
		[
			190,
			206
		],
		[
			120,
			190
		],
		[
			78,
			220
		],
		[
			79,
			220
		],
		[
			179,
			198
		],
		[
			57,
			198
		],
		[
			78,
			139
		],
		[
			139,
			220
		],
		[
			140,
			204
		],
		[
			136,
			187
		],
		[
			69,
			159
		],
		[
			45,
			168
		],
		[
			45,
			101
		],
		[
			18,
			67
		],
		[
			67,
			225
		],
		[
			139,
			175
		],
		[
			175,
			220
		],
		[
			96,
			187
		],
		[
			6,
			173
		],
		[
			7,
			173
		],
		[
			13,
			173
		],
		[
			5,
			173
		],
		[
			5,
			13
		],
		[
			103,
			207
		],
		[
			203,
			207
		],
		[
			30,
			169
		],
		[
			169,
			215
		],
		[
			30,
			215
		],
		[
			110,
			197
		],
		[
			162,
			197
		],
		[
			110,
			162
		],
		[
			102,
			160
		],
		[
			44,
			102
		],
		[
			48,
			226
		],
		[
			109,
			226
		],
		[
			48,
			109
		],
		[
			201,
			210
		],
		[
			110,
			201
		],
		[
			110,
			210
		],
		[
			129,
			230
		],
		[
			129,
			208
		],
		[
			184,
			195
		],
		[
			105,
			184
		],
		[
			105,
			195
		],
		[
			41,
			196
		],
		[
			42,
			196
		],
		[
			2,
			162
		],
		[
			142,
			162
		],
		[
			2,
			142
		],
		[
			104,
			234
		],
		[
			197,
			207
		],
		[
			158,
			207
		],
		[
			172,
			228
		],
		[
			66,
			190
		],
		[
			154,
			190
		],
		[
			14,
			148
		],
		[
			15,
			148
		],
		[
			158,
			203
		],
		[
			201,
			222
		],
		[
			66,
			120
		],
		[
			90,
			192
		],
		[
			90,
			175
		],
		[
			175,
			192
		],
		[
			54,
			226
		],
		[
			54,
			109
		],
		[
			148,
			193
		],
		[
			162,
			193
		],
		[
			148,
			162
		],
		[
			227,
			234
		],
		[
			129,
			231
		],
		[
			126,
			160
		],
		[
			117,
			222
		],
		[
			117,
			201
		],
		[
			128,
			137
		],
		[
			137,
			147
		],
		[
			128,
			147
		],
		[
			23,
			138
		],
		[
			2,
			210
		],
		[
			2,
			110
		],
		[
			114,
			202
		],
		[
			0,
			114
		],
		[
			73,
			167
		],
		[
			102,
			216
		],
		[
			98,
			117
		],
		[
			127,
			229
		],
		[
			127,
			153
		],
		[
			153,
			229
		],
		[
			93,
			161
		],
		[
			94,
			161
		],
		[
			155,
			175
		],
		[
			175,
			191
		],
		[
			155,
			191
		],
		[
			100,
			205
		],
		[
			103,
			205
		],
		[
			104,
			184
		],
		[
			104,
			199
		],
		[
			184,
			199
		],
		[
			75,
			159
		],
		[
			125,
			211
		],
		[
			108,
			125
		],
		[
			156,
			161
		],
		[
			165,
			202
		],
		[
			114,
			165
		],
		[
			123,
			220
		],
		[
			116,
			220
		],
		[
			124,
			219
		],
		[
			211,
			219
		],
		[
			124,
			211
		],
		[
			142,
			193
		],
		[
			40,
			200
		],
		[
			147,
			232
		],
		[
			93,
			147
		],
		[
			43,
			102
		],
		[
			124,
			143
		],
		[
			43,
			124
		],
		[
			43,
			143
		],
		[
			192,
			205
		],
		[
			90,
			205
		],
		[
			144,
			225
		],
		[
			19,
			144
		],
		[
			205,
			207
		],
		[
			182,
			224
		],
		[
			91,
			182
		],
		[
			114,
			210
		],
		[
			1,
			210
		],
		[
			1,
			114
		],
		[
			133,
			207
		],
		[
			23,
			216
		],
		[
			177,
			202
		],
		[
			165,
			177
		],
		[
			15,
			197
		],
		[
			133,
			197
		],
		[
			15,
			133
		],
		[
			117,
			187
		],
		[
			117,
			203
		],
		[
			111,
			117
		],
		[
			117,
			158
		],
		[
			112,
			155
		],
		[
			112,
			175
		],
		[
			148,
			197
		],
		[
			111,
			172
		],
		[
			56,
			163
		],
		[
			56,
			221
		],
		[
			62,
			199
		],
		[
			72,
			167
		],
		[
			34,
			174
		],
		[
			34,
			146
		],
		[
			111,
			182
		],
		[
			100,
			182
		],
		[
			98,
			222
		],
		[
			137,
			182
		],
		[
			143,
			219
		],
		[
			91,
			100
		],
		[
			91,
			205
		],
		[
			26,
			125
		],
		[
			27,
			125
		],
		[
			128,
			224
		],
		[
			92,
			128
		],
		[
			174,
			196
		],
		[
			4,
			193
		],
		[
			33,
			146
		],
		[
			146,
			176
		],
		[
			206,
			227
		],
		[
			120,
			227
		],
		[
			28,
			169
		],
		[
			28,
			125
		],
		[
			125,
			169
		],
		[
			58,
			198
		],
		[
			171,
			179
		],
		[
			49,
			109
		],
		[
			154,
			179
		],
		[
			179,
			190
		],
		[
			50,
			109
		],
		[
			217,
			226
		],
		[
			47,
			226
		],
		[
			112,
			220
		],
		[
			69,
			214
		],
		[
			134,
			154
		],
		[
			144,
			154
		],
		[
			118,
			144
		],
		[
			30,
			213
		],
		[
			179,
			206
		],
		[
			171,
			206
		],
		[
			87,
			152
		],
		[
			152,
			191
		],
		[
			87,
			191
		],
		[
			124,
			216
		],
		[
			124,
			138
		],
		[
			138,
			216
		],
		[
			134,
			144
		],
		[
			106,
			153
		],
		[
			106,
			127
		],
		[
			39,
			200
		],
		[
			29,
			169
		],
		[
			70,
			214
		],
		[
			121,
			157
		],
		[
			121,
			196
		],
		[
			157,
			196
		],
		[
			131,
			183
		],
		[
			90,
			131
		],
		[
			206,
			234
		],
		[
			135,
			143
		],
		[
			140,
			143
		],
		[
			211,
			230
		],
		[
			125,
			230
		],
		[
			152,
			155
		],
		[
			147,
			161
		],
		[
			164,
			213
		],
		[
			79,
			151
		],
		[
			151,
			220
		],
		[
			89,
			131
		],
		[
			131,
			191
		],
		[
			37,
			132
		],
		[
			36,
			132
		],
		[
			115,
			120
		],
		[
			139,
			192
		],
		[
			194,
			223
		],
		[
			122,
			212
		],
		[
			46,
			55
		],
		[
			55,
			226
		],
		[
			46,
			226
		],
		[
			31,
			213
		],
		[
			128,
			232
		],
		[
			60,
			105
		],
		[
			53,
			109
		],
		[
			52,
			109
		],
		[
			119,
			170
		],
		[
			82,
			119
		],
		[
			137,
			161
		],
		[
			131,
			175
		],
		[
			82,
			106
		],
		[
			83,
			106
		],
		[
			98,
			165
		],
		[
			215,
			230
		],
		[
			83,
			127
		],
		[
			114,
			141
		],
		[
			81,
			149
		],
		[
			140,
			233
		],
		[
			86,
			152
		],
		[
			51,
			109
		],
		[
			127,
			218
		],
		[
			218,
			229
		],
		[
			153,
			155
		],
		[
			152,
			153
		],
		[
			81,
			119
		],
		[
			85,
			153
		],
		[
			86,
			153
		],
		[
			121,
			132
		],
		[
			132,
			196
		],
		[
			119,
			149
		],
		[
			106,
			149
		],
		[
			106,
			119
		],
		[
			37,
			121
		],
		[
			38,
			121
		],
		[
			71,
			167
		],
		[
			169,
			230
		],
		[
			132,
			174
		],
		[
			34,
			132
		],
		[
			121,
			200
		],
		[
			35,
			132
		],
		[
			65,
			120
		],
		[
			64,
			120
		],
		[
			208,
			231
		],
		[
			102,
			124
		],
		[
			112,
			153
		],
		[
			70,
			167
		],
		[
			149,
			153
		],
		[
			143,
			233
		],
		[
			38,
			200
		],
		[
			122,
			176
		],
		[
			115,
			199
		],
		[
			62,
			115
		],
		[
			128,
			182
		],
		[
			67,
			144
		]
	],
	"score": 0.5036764705882353
}