{
	"content_type": "CG_SHOP_2025_Solution",
	"instance_uid": "simple-polygon_150_f24b0f8e",
	"steiner_points_x": [
		"100773243/11785",
		8742,
		"67158891/11785",
		"390215/89",
		4789,
		3683,
		3925,
		10175,
		"133175/13",
		5447,
		"546575/53",
		4169,
		5018,
		4228,
		9675,
		8095,
		9675,
		4142,
		3776,
		3880,
		9588,
		9441,
		9875,
		9326,
		4543,
		8474,
		4798,
		"59485825/8837",
		"70965/17",
		6826,
		10075,
		4886,
		"73027935/8837",
		4025,
		9615,
		4820,
		3925,
		"759425/221",
		"54302/13",
		9684,
		8463,
		5667,
		3825
	],
	"steiner_points_y": [
		"99164694/11785",
		5874,
		"102588378/11785",
		"301630/89",
		4962,
		6417,
		5150,
		5550,
		"53350/13",
		7242,
		"467350/53",
		8245,
		4375,
		3889,
		6150,
		4650,
		3750,
		7277,
		7932,
		7803,
		6656,
		5500,
		4283,
		6082,
		6509,
		7632,
		7605,
		"34299175/8837",
		"150070/17",
		5321,
		5050,
		4350,
		"34155110/8837",
		6598,
		5110,
		5449,
		4050,
		"1432450/221",
		"50565/13",
		7516,
		6668,
		8394,
		8450
	],
	"edges": [
		[
			92,
			168
		],
		[
			93,
			168
		],
		[
			46,
			184
		],
		[
			47,
			184
		],
		[
			49,
			52
		],
		[
			52,
			180
		],
		[
			13,
			163
		],
		[
			130,
			163
		],
		[
			13,
			130
		],
		[
			19,
			21
		],
		[
			141,
			145
		],
		[
			142,
			145
		],
		[
			34,
			36
		],
		[
			167,
			183
		],
		[
			167,
			174
		],
		[
			174,
			183
		],
		[
			117,
			156
		],
		[
			118,
			156
		],
		[
			57,
			173
		],
		[
			164,
			173
		],
		[
			57,
			164
		],
		[
			96,
			98
		],
		[
			98,
			187
		],
		[
			28,
			37
		],
		[
			29,
			37
		],
		[
			70,
			170
		],
		[
			71,
			170
		],
		[
			3,
			6
		],
		[
			4,
			6
		],
		[
			92,
			161
		],
		[
			161,
			168
		],
		[
			18,
			27
		],
		[
			21,
			27
		],
		[
			18,
			21
		],
		[
			171,
			184
		],
		[
			47,
			171
		],
		[
			14,
			28
		],
		[
			14,
			172
		],
		[
			28,
			172
		],
		[
			146,
			148
		],
		[
			118,
			120
		],
		[
			91,
			191
		],
		[
			176,
			191
		],
		[
			91,
			176
		],
		[
			27,
			166
		],
		[
			28,
			166
		],
		[
			163,
			188
		],
		[
			132,
			163
		],
		[
			151,
			165
		],
		[
			151,
			171
		],
		[
			165,
			171
		],
		[
			105,
			110
		],
		[
			106,
			110
		],
		[
			137,
			186
		],
		[
			42,
			46
		],
		[
			43,
			46
		],
		[
			106,
			109
		],
		[
			107,
			109
		],
		[
			95,
			169
		],
		[
			167,
			169
		],
		[
			95,
			167
		],
		[
			170,
			175
		],
		[
			175,
			189
		],
		[
			170,
			189
		],
		[
			30,
			32
		],
		[
			94,
			168
		],
		[
			115,
			125
		],
		[
			116,
			125
		],
		[
			116,
			156
		],
		[
			116,
			123
		],
		[
			123,
			156
		],
		[
			12,
			163
		],
		[
			12,
			132
		],
		[
			57,
			68
		],
		[
			57,
			67
		],
		[
			17,
			166
		],
		[
			17,
			27
		],
		[
			70,
			164
		],
		[
			70,
			173
		],
		[
			69,
			164
		],
		[
			43,
			45
		],
		[
			86,
			192
		],
		[
			85,
			192
		],
		[
			126,
			128
		],
		[
			8,
			133
		],
		[
			9,
			133
		],
		[
			59,
			61
		],
		[
			61,
			157
		],
		[
			40,
			165
		],
		[
			40,
			182
		],
		[
			165,
			182
		],
		[
			103,
			112
		],
		[
			104,
			112
		],
		[
			41,
			46
		],
		[
			159,
			179
		],
		[
			103,
			179
		],
		[
			103,
			159
		],
		[
			56,
			171
		],
		[
			57,
			171
		],
		[
			130,
			188
		],
		[
			30,
			33
		],
		[
			13,
			162
		],
		[
			162,
			177
		],
		[
			173,
			190
		],
		[
			70,
			190
		],
		[
			104,
			111
		],
		[
			83,
			175
		],
		[
			150,
			175
		],
		[
			122,
			156
		],
		[
			120,
			122
		],
		[
			120,
			156
		],
		[
			72,
			82
		],
		[
			73,
			82
		],
		[
			151,
			173
		],
		[
			151,
			190
		],
		[
			29,
			36
		],
		[
			103,
			174
		],
		[
			159,
			174
		],
		[
			135,
			138
		],
		[
			138,
			186
		],
		[
			86,
			88
		],
		[
			85,
			89
		],
		[
			89,
			178
		],
		[
			22,
			25
		],
		[
			22,
			26
		],
		[
			140,
			148
		],
		[
			141,
			148
		],
		[
			30,
			34
		],
		[
			21,
			26
		],
		[
			125,
			154
		],
		[
			126,
			154
		],
		[
			2,
			6
		],
		[
			2,
			7
		],
		[
			68,
			164
		],
		[
			105,
			111
		],
		[
			14,
			40
		],
		[
			91,
			161
		],
		[
			62,
			65
		],
		[
			62,
			66
		],
		[
			0,
			140
		],
		[
			0,
			148
		],
		[
			126,
			129
		],
		[
			126,
			181
		],
		[
			129,
			181
		],
		[
			40,
			172
		],
		[
			15,
			17
		],
		[
			37,
			172
		],
		[
			167,
			176
		],
		[
			174,
			176
		],
		[
			2,
			134
		],
		[
			7,
			134
		],
		[
			94,
			169
		],
		[
			59,
			62
		],
		[
			8,
			134
		],
		[
			39,
			172
		],
		[
			41,
			184
		],
		[
			102,
			174
		],
		[
			102,
			183
		],
		[
			72,
			189
		],
		[
			82,
			189
		],
		[
			152,
			191
		],
		[
			84,
			191
		],
		[
			74,
			78
		],
		[
			74,
			79
		],
		[
			168,
			169
		],
		[
			49,
			53
		],
		[
			2,
			135
		],
		[
			1,
			135
		],
		[
			58,
			67
		],
		[
			80,
			82
		],
		[
			159,
			175
		],
		[
			159,
			191
		],
		[
			175,
			191
		],
		[
			155,
			183
		],
		[
			100,
			183
		],
		[
			100,
			155
		],
		[
			154,
			181
		],
		[
			96,
			167
		],
		[
			96,
			183
		],
		[
			73,
			80
		],
		[
			75,
			78
		],
		[
			161,
			176
		],
		[
			114,
			125
		],
		[
			59,
			67
		],
		[
			47,
			55
		],
		[
			48,
			55
		],
		[
			90,
			178
		],
		[
			165,
			184
		],
		[
			142,
			144
		],
		[
			30,
			36
		],
		[
			159,
			176
		],
		[
			179,
			190
		],
		[
			159,
			190
		],
		[
			116,
			124
		],
		[
			170,
			190
		],
		[
			175,
			190
		],
		[
			150,
			191
		],
		[
			71,
			189
		],
		[
			141,
			146
		],
		[
			101,
			183
		],
		[
			169,
			176
		],
		[
			96,
			155
		],
		[
			98,
			155
		],
		[
			9,
			132
		],
		[
			171,
			173
		],
		[
			50,
			52
		],
		[
			41,
			165
		],
		[
			162,
			179
		],
		[
			177,
			179
		],
		[
			161,
			169
		],
		[
			9,
			11
		],
		[
			99,
			155
		],
		[
			162,
			181
		],
		[
			154,
			162
		],
		[
			113,
			185
		],
		[
			114,
			185
		],
		[
			151,
			179
		],
		[
			84,
			90
		],
		[
			112,
			185
		],
		[
			103,
			185
		],
		[
			179,
			185
		],
		[
			36,
			158
		],
		[
			165,
			179
		],
		[
			165,
			177
		],
		[
			55,
			171
		],
		[
			11,
			132
		],
		[
			132,
			153
		],
		[
			135,
			140
		],
		[
			1,
			140
		],
		[
			38,
			172
		],
		[
			48,
			54
		],
		[
			49,
			54
		],
		[
			154,
			179
		],
		[
			154,
			185
		],
		[
			135,
			139
		],
		[
			75,
			160
		],
		[
			76,
			160
		],
		[
			23,
			25
		],
		[
			90,
			191
		],
		[
			83,
			189
		],
		[
			74,
			80
		],
		[
			63,
			65
		],
		[
			130,
			181
		],
		[
			13,
			181
		],
		[
			114,
			154
		],
		[
			59,
			66
		]
	],
	"score": 0.5113636363636364
}