{
	"content_type": "CG_SHOP_2025_Solution",
	"instance_uid": "simple-polygon-exterior_20_87cff693",
	"steiner_points_x": [
		6850,
		"132370600/19601",
		843,
		"62500/277",
		6126,
		698,
		"70281623175/134860648",
		6445,
		6750,
		6564,
		"1558966591400/252245269",
		"2588623650/2862029",
		"6893175/7673",
		"1017635520737/153110329",
		731,
		"17537461875/2862029",
		890,
		"25230807469575/21960348517",
		600,
		"252640/37",
		"869861775/139129",
		685,
		"1387915/194",
		6150,
		6450,
		"46335209563909345800/62851154305760993",
		"10685591492/1578457",
		6150,
		6250,
		"132370600/19601",
		600,
		449,
		"2430050/373",
		952,
		6850,
		"17537461875/2862029",
		678,
		"1017635520737/153110329",
		"18102144075/33715162",
		"31250/277",
		"191553936751970850/168501754170941",
		6599,
		400,
		"10685591492/1578457",
		601,
		600,
		"2593344670600/384199201",
		350,
		"10685591492/1578457",
		"79493350/12869",
		6850,
		"711950/97",
		6150,
		"6064109891229600/8191209996841",
		"122570600/19601",
		"51000/277"
	],
	"steiner_points_y": [
		"70500/97",
		"16970/37",
		4555,
		"349600/277",
		1800,
		4638,
		"629953312375/134860648",
		1124,
		"861500/19601",
		1111,
		"10054424500/252245269",
		"13211219000/2862029",
		"35312375/7673",
		"16970/37",
		4455,
		"5755777875/2862029",
		4502,
		"99007632177625/21960348517",
		2301,
		"16970/37",
		"314853625/139129",
		4023,
		"234561/194",
		1800,
		2000,
		"294269573637725966750/62851154305760993",
		"772813166/1578457",
		800,
		"842250/373",
		"861500/19601",
		2000,
		2074,
		"801000/373",
		4009,
		800,
		2000,
		4456,
		"92414364513/153110329",
		"313913179625/67430324",
		"493350/277",
		"755564335611813500/168501754170941",
		1442,
		4000,
		"70500/97",
		1500,
		1300,
		"16877322500/384199201",
		4500,
		500,
		"6351500/12869",
		500,
		"70500/97",
		1300,
		"38402518572019750/8191209996841",
		"791500/19601",
		"402500/277"
	],
	"edges": [
		[
			56,
			58
		],
		[
			25,
			58
		],
		[
			25,
			56
		],
		[
			36,
			60
		],
		[
			53,
			60
		],
		[
			36,
			53
		],
		[
			24,
			50
		],
		[
			50,
			55
		],
		[
			24,
			55
		],
		[
			40,
			48
		],
		[
			37,
			48
		],
		[
			21,
			46
		],
		[
			18,
			21
		],
		[
			13,
			62
		],
		[
			12,
			62
		],
		[
			13,
			67
		],
		[
			46,
			70
		],
		[
			39,
			70
		],
		[
			18,
			68
		],
		[
			46,
			68
		],
		[
			45,
			73
		],
		[
			1,
			74
		],
		[
			69,
			74
		],
		[
			28,
			33
		],
		[
			21,
			33
		],
		[
			21,
			28
		],
		[
			4,
			23
		],
		[
			31,
			32
		],
		[
			32,
			73
		],
		[
			9,
			38
		],
		[
			9,
			62
		],
		[
			38,
			62
		],
		[
			37,
			60
		],
		[
			32,
			37
		],
		[
			5,
			65
		],
		[
			4,
			65
		],
		[
			27,
			61
		],
		[
			29,
			61
		],
		[
			27,
			29
		],
		[
			68,
			70
		],
		[
			34,
			56
		],
		[
			25,
			34
		],
		[
			5,
			64
		],
		[
			64,
			65
		],
		[
			43,
			61
		],
		[
			43,
			44
		],
		[
			44,
			61
		],
		[
			64,
			72
		],
		[
			65,
			72
		],
		[
			47,
			65
		],
		[
			47,
			72
		],
		[
			54,
			71
		],
		[
			42,
			54
		],
		[
			35,
			50
		],
		[
			38,
			50
		],
		[
			35,
			38
		],
		[
			25,
			45
		],
		[
			14,
			25
		],
		[
			13,
			56
		],
		[
			41,
			56
		],
		[
			13,
			41
		],
		[
			3,
			65
		],
		[
			2,
			65
		],
		[
			2,
			47
		],
		[
			50,
			51
		],
		[
			38,
			51
		],
		[
			0,
			47
		],
		[
			0,
			72
		],
		[
			29,
			42
		],
		[
			42,
			61
		],
		[
			9,
			11
		],
		[
			41,
			62
		],
		[
			6,
			64
		],
		[
			28,
			74
		],
		[
			33,
			74
		],
		[
			28,
			66
		],
		[
			38,
			41
		],
		[
			16,
			61
		],
		[
			7,
			51
		],
		[
			8,
			51
		],
		[
			29,
			63
		],
		[
			29,
			54
		],
		[
			54,
			63
		],
		[
			24,
			64
		],
		[
			24,
			72
		],
		[
			20,
			71
		],
		[
			20,
			54
		],
		[
			43,
			72
		],
		[
			61,
			72
		],
		[
			20,
			70
		],
		[
			70,
			71
		],
		[
			4,
			75
		],
		[
			15,
			43
		],
		[
			43,
			55
		],
		[
			15,
			55
		],
		[
			30,
			69
		],
		[
			20,
			63
		],
		[
			24,
			43
		],
		[
			5,
			7
		],
		[
			19,
			27
		],
		[
			19,
			29
		],
		[
			22,
			25
		],
		[
			22,
			45
		],
		[
			6,
			24
		],
		[
			58,
			67
		],
		[
			22,
			34
		],
		[
			9,
			51
		],
		[
			5,
			8
		],
		[
			26,
			58
		],
		[
			18,
			63
		],
		[
			63,
			68
		],
		[
			17,
			70
		],
		[
			39,
			49
		],
		[
			21,
			49
		],
		[
			21,
			39
		],
		[
			63,
			70
		],
		[
			48,
			52
		],
		[
			22,
			32
		],
		[
			35,
			48
		],
		[
			15,
			48
		],
		[
			35,
			53
		],
		[
			38,
			53
		],
		[
			19,
			63
		],
		[
			5,
			75
		],
		[
			47,
			69
		],
		[
			8,
			10
		],
		[
			0,
			27
		],
		[
			34,
			41
		],
		[
			44,
			48
		],
		[
			6,
			50
		],
		[
			27,
			72
		],
		[
			57,
			63
		],
		[
			22,
			36
		],
		[
			32,
			36
		],
		[
			1,
			47
		],
		[
			28,
			49
		],
		[
			18,
			33
		],
		[
			33,
			57
		],
		[
			11,
			62
		],
		[
			34,
			53
		],
		[
			34,
			36
		],
		[
			7,
			50
		],
		[
			8,
			59
		],
		[
			8,
			75
		],
		[
			1,
			57
		],
		[
			1,
			33
		],
		[
			1,
			19
		],
		[
			35,
			37
		],
		[
			44,
			52
		],
		[
			41,
			53
		],
		[
			35,
			55
		]
	],
	"score": 0.5087719298245614,
	"obtuse num": 0,
	"steiner num": 76
}