{
	"content_type": "CG_SHOP_2025_Solution",
	"instance_uid": "simple-polygon-exterior-20_40_5faf6985",
	"steiner_points_x": [
		57,
		41,
		41,
		37,
		"12647/485",
		11,
		"12390/289",
		"17213/578",
		42,
		"563/41",
		23,
		"11401/289",
		21,
		"13053/233",
		"1475/24",
		"28177/1193",
		51,
		24,
		"24747/485",
		"733/17",
		21,
		"111/2",
		"767009/20281",
		18,
		"817/137",
		"673/17",
		"19492/313",
		"947/29",
		15,
		21,
		"109/5",
		"38685/626",
		"859/29",
		"19628/313",
		28,
		"2982/65"
	],
	"steiner_points_y": [
		39,
		1,
		25,
		22,
		"156/485",
		24,
		"2062/289",
		"1821/578",
		44,
		"24/41",
		8,
		"1761/289",
		15,
		"14001/233",
		"973/24",
		"65542/1193",
		33,
		54,
		"706/485",
		"1063/17",
		34,
		"93/2",
		"1231214/20281",
		43,
		"5569/137",
		"958/17",
		"6301/313",
		"1040/29",
		12,
		22,
		"271/5",
		"20077/626",
		"14/29",
		"2901/313",
		28,
		"846/65"
	],
	"edges": [
		[
			29,
			65
		],
		[
			29,
			32
		],
		[
			24,
			74
		],
		[
			34,
			74
		],
		[
			24,
			34
		],
		[
			0,
			2
		],
		[
			30,
			59
		],
		[
			30,
			31
		],
		[
			55,
			57
		],
		[
			57,
			70
		],
		[
			8,
			45
		],
		[
			39,
			45
		],
		[
			8,
			39
		],
		[
			14,
			17
		],
		[
			14,
			20
		],
		[
			17,
			20
		],
		[
			14,
			75
		],
		[
			33,
			57
		],
		[
			57,
			65
		],
		[
			40,
			54
		],
		[
			40,
			61
		],
		[
			54,
			61
		],
		[
			33,
			35
		],
		[
			35,
			67
		],
		[
			37,
			63
		],
		[
			63,
			64
		],
		[
			57,
			62
		],
		[
			60,
			74
		],
		[
			9,
			74
		],
		[
			9,
			60
		],
		[
			41,
			47
		],
		[
			41,
			51
		],
		[
			2,
			6
		],
		[
			3,
			6
		],
		[
			21,
			43
		],
		[
			43,
			75
		],
		[
			38,
			60
		],
		[
			39,
			60
		],
		[
			16,
			17
		],
		[
			17,
			73
		],
		[
			21,
			51
		],
		[
			21,
			46
		],
		[
			36,
			63
		],
		[
			25,
			48
		],
		[
			26,
			48
		],
		[
			10,
			22
		],
		[
			10,
			23
		],
		[
			1,
			3
		],
		[
			7,
			69
		],
		[
			52,
			69
		],
		[
			7,
			52
		],
		[
			26,
			28
		],
		[
			28,
			61
		],
		[
			35,
			60
		],
		[
			34,
			60
		],
		[
			7,
			45
		],
		[
			6,
			45
		],
		[
			22,
			43
		],
		[
			18,
			73
		],
		[
			12,
			22
		],
		[
			11,
			22
		],
		[
			25,
			42
		],
		[
			24,
			42
		],
		[
			5,
			50
		],
		[
			13,
			50
		],
		[
			5,
			13
		],
		[
			40,
			71
		],
		[
			22,
			51
		],
		[
			41,
			46
		],
		[
			18,
			66
		],
		[
			29,
			59
		],
		[
			29,
			30
		],
		[
			12,
			47
		],
		[
			12,
			51
		],
		[
			30,
			53
		],
		[
			62,
			65
		],
		[
			39,
			64
		],
		[
			23,
			24
		],
		[
			23,
			74
		],
		[
			27,
			30
		],
		[
			3,
			68
		],
		[
			35,
			38
		],
		[
			50,
			68
		],
		[
			38,
			63
		],
		[
			35,
			63
		],
		[
			42,
			75
		],
		[
			20,
			42
		],
		[
			42,
			43
		],
		[
			14,
			21
		],
		[
			28,
			30
		],
		[
			14,
			15
		],
		[
			15,
			17
		],
		[
			19,
			71
		],
		[
			18,
			71
		],
		[
			56,
			71
		],
		[
			40,
			56
		],
		[
			36,
			57
		],
		[
			36,
			70
		],
		[
			15,
			41
		],
		[
			15,
			58
		],
		[
			9,
			69
		],
		[
			8,
			69
		],
		[
			19,
			56
		],
		[
			11,
			52
		],
		[
			11,
			69
		],
		[
			3,
			49
		],
		[
			13,
			44
		],
		[
			26,
			40
		],
		[
			25,
			33
		],
		[
			33,
			48
		],
		[
			33,
			36
		],
		[
			52,
			68
		],
		[
			50,
			52
		],
		[
			8,
			60
		],
		[
			19,
			42
		],
		[
			42,
			56
		],
		[
			38,
			64
		],
		[
			24,
			43
		],
		[
			23,
			43
		],
		[
			2,
			45
		],
		[
			18,
			20
		],
		[
			25,
			67
		],
		[
			26,
			56
		],
		[
			10,
			74
		],
		[
			49,
			68
		],
		[
			0,
			45
		],
		[
			10,
			69
		],
		[
			28,
			48
		],
		[
			11,
			50
		],
		[
			12,
			50
		],
		[
			29,
			33
		],
		[
			15,
			46
		],
		[
			13,
			72
		],
		[
			47,
			72
		],
		[
			29,
			48
		],
		[
			25,
			34
		],
		[
			6,
			52
		],
		[
			25,
			56
		]
	],
	"score": 0.5135135135135135
}