{
	"content_type": "CG_SHOP_2025_Solution",
	"instance_uid": "simple-polygon-exterior_40_ff947945",
	"steiner_points_x": [
		"19702900/4981",
		"18718650/2789",
		"15350/3",
		6750,
		"15368764/2029",
		6617,
		"10283259680777125/1940815299586",
		4220,
		1475,
		"3600130/689",
		7963,
		6102,
		6719,
		6877,
		"42822498/16645",
		5965,
		6969,
		"26129100/2909",
		"19591300/2257",
		7336,
		7478,
		"714725/114",
		8047,
		7573,
		3450,
		"36384946/16645",
		5976,
		8889,
		5089,
		"246321290/39273",
		"2610335/3077",
		"94373398/15997",
		3138,
		8925,
		4039,
		4917,
		7524,
		5196,
		"21875/12",
		3132,
		6795,
		6775,
		6168,
		5171,
		4192,
		"400988350/43937",
		2622,
		3608,
		6019,
		"75281420/15997",
		"1853446/265",
		4817,
		6389,
		"172350/19",
		8587,
		5363,
		7043,
		"3991050/1193",
		"309736925/78226",
		6358,
		4717,
		"13519575/45673",
		3557,
		4134,
		5693,
		"71780925195/140535821",
		6154,
		8014,
		7967,
		6787,
		6900,
		"4148207673125/779287412",
		"2952270/689",
		5650,
		"27050/3",
		"58011959/11645",
		"1151824953/165095",
		8201,
		4786,
		8219,
		7468,
		7100,
		5476,
		"7133000/4981",
		7074,
		"11675/3",
		2155,
		4652,
		7596,
		"200142314222/40117025",
		"23104414547/4975067",
		5219,
		"60772987/11645"
	],
	"steiner_points_y": [
		"3070395/4981",
		"15375600/2789",
		"11525/3",
		7980,
		"16137859/2029",
		7240,
		"1722567649011525/3881630599172",
		2293,
		3427,
		"6058135/689",
		5872,
		5236,
		7428,
		7464,
		"147727499/16645",
		5091,
		7062,
		"17787250/2909",
		"15359350/2257",
		7632,
		6807,
		"491000/57",
		4134,
		4357,
		8975,
		"139415723/16645",
		3700,
		4942,
		6119,
		"112977985/13091",
		"15669520/3077",
		"112867648/15997",
		3701,
		5081,
		8877,
		8288,
		4978,
		4592,
		"7125/8",
		7987,
		7349,
		4125,
		7846,
		5917,
		8762,
		"216048525/43937",
		8837,
		5286,
		4707,
		"125295445/15997",
		"1990117/265",
		8003,
		7384,
		"16775/4",
		3928,
		6324,
		7512,
		"10370150/1193",
		"69497343/78226",
		7822,
		8123,
		"157535825/45673",
		7752,
		7087,
		3272,
		"721715989045/140535821",
		7734,
		4390,
		3327,
		7852,
		5577,
		"29133351075/45840436",
		"6158665/689",
		6236,
		"10450/3",
		"102272607/11645",
		"1305896706/165095",
		6557,
		6954,
		5116,
		3124,
		7051,
		6132,
		"4686525/4981",
		6862,
		"16725/2",
		6200,
		6707,
		3467,
		"354205208569/40117025",
		"78334887319/9950134",
		8753,
		"101911351/11645"
	],
	"edges": [
		[
			15,
			51
		],
		[
			14,
			51
		],
		[
			59,
			96
		],
		[
			96,
			116
		],
		[
			59,
			116
		],
		[
			77,
			87
		],
		[
			21,
			77
		],
		[
			21,
			87
		],
		[
			24,
			26
		],
		[
			30,
			66
		],
		[
			18,
			66
		],
		[
			18,
			30
		],
		[
			1,
			39
		],
		[
			52,
			92
		],
		[
			92,
			99
		],
		[
			52,
			99
		],
		[
			67,
			119
		],
		[
			35,
			67
		],
		[
			35,
			119
		],
		[
			14,
			110
		],
		[
			31,
			110
		],
		[
			14,
			31
		],
		[
			39,
			50
		],
		[
			50,
			117
		],
		[
			39,
			117
		],
		[
			23,
			126
		],
		[
			22,
			126
		],
		[
			15,
			55
		],
		[
			51,
			55
		],
		[
			36,
			67
		],
		[
			42,
			77
		],
		[
			21,
			42
		],
		[
			3,
			60
		],
		[
			60,
			121
		],
		[
			3,
			121
		],
		[
			10,
			86
		],
		[
			86,
			97
		],
		[
			6,
			43
		],
		[
			43,
			61
		],
		[
			29,
			66
		],
		[
			56,
			124
		],
		[
			13,
			124
		],
		[
			13,
			56
		],
		[
			79,
			126
		],
		[
			65,
			126
		],
		[
			65,
			79
		],
		[
			60,
			110
		],
		[
			110,
			124
		],
		[
			60,
			124
		],
		[
			113,
			122
		],
		[
			95,
			122
		],
		[
			95,
			113
		],
		[
			15,
			31
		],
		[
			16,
			31
		],
		[
			35,
			94
		],
		[
			36,
			94
		],
		[
			104,
			111
		],
		[
			29,
			104
		],
		[
			29,
			111
		],
		[
			79,
			86
		],
		[
			79,
			97
		],
		[
			61,
			131
		],
		[
			49,
			131
		],
		[
			49,
			61
		],
		[
			28,
			108
		],
		[
			108,
			114
		],
		[
			50,
			119
		],
		[
			39,
			119
		],
		[
			89,
			91
		],
		[
			71,
			91
		],
		[
			22,
			72
		],
		[
			48,
			72
		],
		[
			22,
			48
		],
		[
			5,
			96
		],
		[
			4,
			96
		],
		[
			61,
			69
		],
		[
			95,
			127
		],
		[
			68,
			95
		],
		[
			68,
			127
		],
		[
			7,
			112
		],
		[
			112,
			115
		],
		[
			21,
			72
		],
		[
			17,
			88
		],
		[
			16,
			88
		],
		[
			1,
			117
		],
		[
			62,
			128
		],
		[
			62,
			108
		],
		[
			108,
			128
		],
		[
			52,
			80
		],
		[
			45,
			80
		],
		[
			45,
			52
		],
		[
			15,
			88
		],
		[
			44,
			116
		],
		[
			5,
			121
		],
		[
			4,
			121
		],
		[
			91,
			106
		],
		[
			82,
			91
		],
		[
			82,
			106
		],
		[
			26,
			78
		],
		[
			27,
			78
		],
		[
			37,
			93
		],
		[
			37,
			85
		],
		[
			107,
			119
		],
		[
			32,
			107
		],
		[
			32,
			119
		],
		[
			41,
			113
		],
		[
			13,
			113
		],
		[
			99,
			106
		],
		[
			82,
			99
		],
		[
			12,
			113
		],
		[
			24,
			101
		],
		[
			19,
			77
		],
		[
			76,
			110
		],
		[
			31,
			76
		],
		[
			84,
			125
		],
		[
			84,
			100
		],
		[
			100,
			125
		],
		[
			5,
			80
		],
		[
			5,
			56
		],
		[
			56,
			80
		],
		[
			45,
			56
		],
		[
			8,
			74
		],
		[
			9,
			74
		],
		[
			90,
			96
		],
		[
			71,
			113
		],
		[
			71,
			95
		],
		[
			83,
			122
		],
		[
			51,
			122
		],
		[
			51,
			83
		],
		[
			90,
			109
		],
		[
			109,
			116
		],
		[
			7,
			74
		],
		[
			41,
			51
		],
		[
			51,
			113
		],
		[
			39,
			57
		],
		[
			77,
			88
		],
		[
			17,
			77
		],
		[
			52,
			53
		],
		[
			52,
			109
		],
		[
			53,
			109
		],
		[
			33,
			63
		],
		[
			32,
			63
		],
		[
			17,
			19
		],
		[
			50,
			60
		],
		[
			50,
			110
		],
		[
			75,
			84
		],
		[
			7,
			84
		],
		[
			7,
			75
		],
		[
			35,
			107
		],
		[
			34,
			107
		],
		[
			50,
			76
		],
		[
			44,
			59
		],
		[
			5,
			53
		],
		[
			53,
			90
		],
		[
			31,
			63
		],
		[
			32,
			76
		],
		[
			76,
			119
		],
		[
			53,
			80
		],
		[
			99,
			109
		],
		[
			102,
			125
		],
		[
			102,
			130
		],
		[
			33,
			107
		],
		[
			40,
			111
		],
		[
			46,
			111
		],
		[
			65,
			86
		],
		[
			9,
			64
		],
		[
			102,
			126
		],
		[
			79,
			102
		],
		[
			70,
			105
		],
		[
			70,
			101
		],
		[
			33,
			128
		],
		[
			33,
			62
		],
		[
			131,
			132
		],
		[
			20,
			47
		],
		[
			42,
			47
		],
		[
			27,
			72
		],
		[
			27,
			48
		],
		[
			78,
			98
		],
		[
			94,
			108
		],
		[
			94,
			114
		],
		[
			29,
			120
		],
		[
			28,
			120
		],
		[
			61,
			82
		],
		[
			61,
			99
		],
		[
			83,
			87
		],
		[
			77,
			83
		],
		[
			87,
			126
		],
		[
			22,
			87
		],
		[
			20,
			27
		],
		[
			27,
			47
		],
		[
			115,
			131
		],
		[
			103,
			118
		],
		[
			89,
			103
		],
		[
			89,
			118
		],
		[
			43,
			116
		],
		[
			43,
			109
		],
		[
			56,
			121
		],
		[
			121,
			124
		],
		[
			71,
			118
		],
		[
			60,
			117
		],
		[
			71,
			106
		],
		[
			13,
			110
		],
		[
			41,
			110
		],
		[
			115,
			129
		],
		[
			129,
			131
		],
		[
			40,
			98
		],
		[
			47,
			111
		],
		[
			47,
			104
		],
		[
			34,
			94
		],
		[
			26,
			48
		],
		[
			79,
			125
		],
		[
			11,
			79
		],
		[
			103,
			130
		],
		[
			68,
			122
		],
		[
			82,
			132
		],
		[
			63,
			81
		],
		[
			4,
			59
		],
		[
			55,
			83
		],
		[
			102,
			103
		],
		[
			26,
			123
		],
		[
			19,
			66
		],
		[
			42,
			66
		],
		[
			16,
			81
		],
		[
			54,
			86
		],
		[
			103,
			127
		],
		[
			118,
			127
		],
		[
			18,
			81
		],
		[
			16,
			18
		],
		[
			62,
			94
		],
		[
			48,
			70
		],
		[
			22,
			70
		],
		[
			75,
			100
		],
		[
			47,
			98
		],
		[
			92,
			106
		],
		[
			71,
			92
		],
		[
			100,
			130
		],
		[
			81,
			128
		],
		[
			30,
			128
		],
		[
			73,
			119
		],
		[
			67,
			73
		],
		[
			3,
			117
		],
		[
			2,
			117
		],
		[
			74,
			84
		],
		[
			95,
			118
		],
		[
			42,
			104
		],
		[
			108,
			120
		],
		[
			120,
			128
		],
		[
			74,
			125
		],
		[
			103,
			126
		],
		[
			87,
			103
		],
		[
			66,
			104
		],
		[
			91,
			130
		],
		[
			12,
			92
		],
		[
			45,
			92
		],
		[
			12,
			45
		],
		[
			55,
			77
		],
		[
			55,
			88
		],
		[
			34,
			62
		],
		[
			38,
			73
		],
		[
			39,
			73
		],
		[
			3,
			59
		],
		[
			68,
			83
		],
		[
			68,
			87
		],
		[
			20,
			72
		],
		[
			87,
			127
		],
		[
			75,
			91
		],
		[
			91,
			100
		],
		[
			63,
			128
		],
		[
			36,
			114
		],
		[
			36,
			93
		],
		[
			37,
			67
		],
		[
			37,
			73
		],
		[
			43,
			99
		],
		[
			1,
			58
		],
		[
			13,
			45
		],
		[
			30,
			120
		],
		[
			2,
			59
		],
		[
			9,
			97
		],
		[
			75,
			132
		],
		[
			75,
			115
		],
		[
			9,
			11
		],
		[
			11,
			74
		],
		[
			75,
			82
		],
		[
			24,
			48
		]
	],
	"score": 0.5053191489361702
}