{
	"content_type": "CG_SHOP_2025_Solution",
	"instance_uid": "simple-polygon-exterior-20_40_65de7236",
	"steiner_points_x": [
		38,
		41,
		123,
		"234075654946/1240787525",
		89,
		106,
		"181643/1010",
		98,
		"53103/626",
		100,
		"112191809/660650",
		"238977/2465",
		"604259/3650",
		83,
		7,
		105,
		118,
		14,
		109,
		"272676/5305",
		60,
		26,
		"12459058/65193",
		46,
		53,
		"28768/1013",
		62,
		38,
		"835255/5954",
		"294684497576/2226025013",
		15,
		21,
		"71277/4129",
		77,
		"214544/1825",
		117,
		"24048/3061",
		46,
		"13566/461",
		69,
		"146/3",
		28,
		87,
		"1302946871/7576465",
		"1148/167",
		"436513/2545",
		115,
		"5673/241",
		"15762/3061",
		71,
		43,
		26,
		"161297/853",
		22,
		35,
		"164172/5305",
		118,
		13,
		"257319/1825",
		172,
		44,
		118,
		"857/37",
		190,
		113,
		"6302791771/32922465",
		110,
		"7725/73",
		184,
		68,
		44,
		"1159/6",
		51,
		100,
		66,
		28,
		50,
		42,
		41,
		"13737/427",
		18,
		70,
		"7140/3061",
		26,
		97,
		85,
		"24/7",
		34,
		108,
		"590191/3649",
		21,
		"669999319/3540050",
		35,
		"477/4",
		19,
		68,
		24,
		"78944374/610037",
		181,
		42,
		108,
		76,
		"95235/793",
		145,
		95,
		"212/7",
		26,
		54,
		100,
		"3177/320",
		141,
		"1384229/80800"
	],
	"steiner_points_y": [
		73,
		122,
		32,
		"148754914009/2481575050",
		148,
		161,
		"21761/1010",
		75,
		"100331/626",
		5,
		"5048809/66065",
		"272746/2465",
		"264913/3650",
		149,
		107,
		149,
		60,
		61,
		93,
		"933783/5305",
		93,
		128,
		"1493043/21731",
		139,
		132,
		"109458/1013",
		82,
		76,
		"45345/5954",
		"398707256853/2226025013",
		80,
		121,
		"61800/4129",
		154,
		"113158/1825",
		160,
		"404100/3061",
		143,
		"59233/461",
		142,
		"5/3",
		145,
		150,
		"14658288/1515293",
		"61630/501",
		"42454/2545",
		78,
		"21082/241",
		"328145/3061",
		93,
		145,
		65,
		"101704/853",
		114,
		65,
		"917206/5305",
		181,
		123,
		"122583/1825",
		58,
		73,
		174,
		"2774/37",
		79,
		18,
		"753086004/10974155",
		76,
		"1300/73",
		86,
		84,
		64,
		"515/6",
		141,
		181,
		72,
		116,
		113,
		140,
		80,
		"34719/427",
		118,
		111,
		"249110/3061",
		71,
		58,
		147,
		"640/7",
		105,
		35,
		"615989/3649",
		85,
		"211595933/3540050",
		74,
		"25/4",
		132,
		100,
		78,
		"208194189/1220074",
		119,
		99,
		23,
		141,
		"44829/3172",
		116,
		157,
		"585/7",
		80,
		169,
		174,
		"19329/128",
		115,
		"47335317/323200"
	],
	"edges": [
		[
			32,
			106
		],
		[
			33,
			106
		],
		[
			13,
			123
		],
		[
			13,
			132
		],
		[
			123,
			132
		],
		[
			33,
			47
		],
		[
			33,
			124
		],
		[
			47,
			124
		],
		[
			125,
			141
		],
		[
			51,
			125
		],
		[
			51,
			141
		],
		[
			136,
			146
		],
		[
			12,
			146
		],
		[
			12,
			136
		],
		[
			69,
			137
		],
		[
			40,
			110
		],
		[
			40,
			100
		],
		[
			100,
			110
		],
		[
			11,
			57
		],
		[
			10,
			57
		],
		[
			29,
			38
		],
		[
			29,
			129
		],
		[
			38,
			129
		],
		[
			60,
			118
		],
		[
			118,
			139
		],
		[
			60,
			139
		],
		[
			57,
			72
		],
		[
			71,
			97
		],
		[
			97,
			134
		],
		[
			71,
			134
		],
		[
			41,
			64
		],
		[
			64,
			116
		],
		[
			41,
			116
		],
		[
			5,
			49
		],
		[
			5,
			133
		],
		[
			31,
			121
		],
		[
			30,
			121
		],
		[
			119,
			145
		],
		[
			87,
			130
		],
		[
			15,
			130
		],
		[
			67,
			119
		],
		[
			67,
			132
		],
		[
			119,
			132
		],
		[
			14,
			67
		],
		[
			116,
			121
		],
		[
			121,
			135
		],
		[
			116,
			135
		],
		[
			6,
			140
		],
		[
			107,
			140
		],
		[
			26,
			144
		],
		[
			82,
			144
		],
		[
			26,
			82
		],
		[
			82,
			125
		],
		[
			53,
			125
		],
		[
			53,
			82
		],
		[
			34,
			124
		],
		[
			36,
			98
		],
		[
			36,
			52
		],
		[
			37,
			143
		],
		[
			36,
			143
		],
		[
			55,
			144
		],
		[
			45,
			144
		],
		[
			45,
			55
		],
		[
			12,
			123
		],
		[
			102,
			123
		],
		[
			25,
			27
		],
		[
			25,
			147
		],
		[
			27,
			147
		],
		[
			63,
			112
		],
		[
			63,
			77
		],
		[
			77,
			112
		],
		[
			1,
			131
		],
		[
			1,
			46
		],
		[
			134,
			151
		],
		[
			17,
			151
		],
		[
			17,
			134
		],
		[
			70,
			130
		],
		[
			15,
			70
		],
		[
			4,
			85
		],
		[
			24,
			77
		],
		[
			24,
			112
		],
		[
			47,
			114
		],
		[
			109,
			114
		],
		[
			47,
			109
		],
		[
			50,
			52
		],
		[
			11,
			70
		],
		[
			70,
			102
		],
		[
			29,
			143
		],
		[
			38,
			143
		],
		[
			58,
			106
		],
		[
			58,
			86
		],
		[
			86,
			106
		],
		[
			54,
			84
		],
		[
			54,
			88
		],
		[
			63,
			117
		],
		[
			77,
			117
		],
		[
			34,
			106
		],
		[
			89,
			135
		],
		[
			31,
			135
		],
		[
			31,
			89
		],
		[
			35,
			108
		],
		[
			50,
			108
		],
		[
			79,
			121
		],
		[
			64,
			121
		],
		[
			64,
			79
		],
		[
			62,
			103
		],
		[
			0,
			103
		],
		[
			6,
			80
		],
		[
			6,
			49
		],
		[
			104,
			140
		],
		[
			104,
			107
		],
		[
			60,
			109
		],
		[
			66,
			109
		],
		[
			60,
			66
		],
		[
			89,
			109
		],
		[
			60,
			89
		],
		[
			116,
			127
		],
		[
			116,
			139
		],
		[
			127,
			139
		],
		[
			143,
			150
		],
		[
			29,
			150
		],
		[
			41,
			63
		],
		[
			63,
			64
		],
		[
			16,
			115
		],
		[
			78,
			115
		],
		[
			59,
			147
		],
		[
			23,
			147
		],
		[
			23,
			59
		],
		[
			65,
			115
		],
		[
			1,
			85
		],
		[
			1,
			2
		],
		[
			34,
			128
		],
		[
			124,
			128
		],
		[
			8,
			94
		],
		[
			8,
			91
		],
		[
			91,
			94
		],
		[
			35,
			62
		],
		[
			35,
			103
		],
		[
			54,
			97
		],
		[
			97,
			120
		],
		[
			54,
			120
		],
		[
			19,
			21
		],
		[
			103,
			108
		],
		[
			108,
			111
		],
		[
			103,
			111
		],
		[
			65,
			127
		],
		[
			16,
			127
		],
		[
			37,
			50
		],
		[
			110,
			114
		],
		[
			7,
			114
		],
		[
			7,
			110
		],
		[
			114,
			124
		],
		[
			7,
			124
		],
		[
			60,
			135
		],
		[
			61,
			115
		],
		[
			61,
			78
		],
		[
			32,
			89
		],
		[
			8,
			57
		],
		[
			8,
			72
		],
		[
			44,
			55
		],
		[
			44,
			144
		],
		[
			43,
			131
		],
		[
			100,
			114
		],
		[
			26,
			73
		],
		[
			25,
			73
		],
		[
			19,
			149
		],
		[
			86,
			98
		],
		[
			36,
			86
		],
		[
			14,
			118
		],
		[
			14,
			139
		],
		[
			8,
			110
		],
		[
			94,
			110
		],
		[
			38,
			138
		],
		[
			39,
			138
		],
		[
			13,
			146
		],
		[
			119,
			146
		],
		[
			133,
			142
		],
		[
			35,
			99
		],
		[
			35,
			43
		],
		[
			43,
			99
		],
		[
			79,
			141
		],
		[
			121,
			141
		],
		[
			81,
			151
		],
		[
			17,
			81
		],
		[
			75,
			101
		],
		[
			101,
			137
		],
		[
			75,
			137
		],
		[
			20,
			22
		],
		[
			92,
			108
		],
		[
			3,
			56
		],
		[
			56,
			98
		],
		[
			3,
			98
		],
		[
			25,
			48
		],
		[
			54,
			126
		],
		[
			15,
			54
		],
		[
			15,
			126
		],
		[
			71,
			115
		],
		[
			61,
			71
		],
		[
			56,
			128
		],
		[
			42,
			56
		],
		[
			42,
			128
		],
		[
			70,
			136
		],
		[
			102,
			136
		],
		[
			77,
			90
		],
		[
			24,
			90
		],
		[
			24,
			147
		],
		[
			24,
			79
		],
		[
			24,
			73
		],
		[
			73,
			79
		],
		[
			70,
			126
		],
		[
			21,
			23
		],
		[
			65,
			87
		],
		[
			28,
			101
		],
		[
			11,
			122
		],
		[
			70,
			122
		],
		[
			19,
			81
		],
		[
			127,
			145
		],
		[
			139,
			145
		],
		[
			7,
			80
		],
		[
			96,
			101
		],
		[
			90,
			117
		],
		[
			144,
			148
		],
		[
			45,
			148
		],
		[
			61,
			134
		],
		[
			42,
			104
		],
		[
			42,
			142
		],
		[
			104,
			142
		],
		[
			8,
			80
		],
		[
			94,
			132
		],
		[
			94,
			123
		],
		[
			87,
			127
		],
		[
			4,
			83
		],
		[
			83,
			85
		],
		[
			149,
			151
		],
		[
			4,
			133
		],
		[
			57,
			91
		],
		[
			84,
			97
		],
		[
			40,
			67
		],
		[
			40,
			132
		],
		[
			51,
			55
		],
		[
			29,
			55
		],
		[
			52,
			99
		],
		[
			129,
			137
		],
		[
			5,
			104
		],
		[
			18,
			76
		],
		[
			18,
			84
		],
		[
			79,
			112
		],
		[
			22,
			59
		],
		[
			22,
			95
		],
		[
			30,
			58
		],
		[
			32,
			58
		],
		[
			30,
			32
		],
		[
			36,
			150
		],
		[
			81,
			117
		],
		[
			81,
			90
		],
		[
			40,
			94
		],
		[
			55,
			75
		],
		[
			29,
			75
		],
		[
			66,
			114
		],
		[
			44,
			51
		],
		[
			17,
			61
		],
		[
			71,
			120
		],
		[
			113,
			148
		],
		[
			27,
			148
		],
		[
			17,
			117
		],
		[
			78,
			117
		],
		[
			87,
			146
		],
		[
			130,
			146
		],
		[
			16,
			41
		],
		[
			41,
			78
		],
		[
			16,
			116
		],
		[
			44,
			125
		],
		[
			92,
			138
		],
		[
			47,
			89
		],
		[
			60,
			116
		],
		[
			45,
			75
		],
		[
			93,
			120
		],
		[
			54,
			93
		],
		[
			91,
			123
		],
		[
			11,
			91
		],
		[
			11,
			123
		],
		[
			15,
			93
		],
		[
			6,
			124
		],
		[
			32,
			47
		],
		[
			30,
			141
		],
		[
			34,
			56
		],
		[
			44,
			82
		],
		[
			26,
			53
		],
		[
			66,
			100
		],
		[
			41,
			117
		],
		[
			49,
			107
		],
		[
			128,
			140
		],
		[
			42,
			140
		],
		[
			130,
			136
		],
		[
			100,
			118
		],
		[
			66,
			118
		],
		[
			21,
			90
		],
		[
			23,
			90
		],
		[
			3,
			99
		],
		[
			3,
			52
		],
		[
			4,
			42
		],
		[
			48,
			144
		],
		[
			48,
			148
		],
		[
			65,
			93
		],
		[
			18,
			134
		],
		[
			1,
			3
		],
		[
			1,
			99
		],
		[
			145,
			146
		],
		[
			96,
			148
		],
		[
			64,
			112
		],
		[
			67,
			100
		],
		[
			74,
			106
		],
		[
			62,
			131
		],
		[
			36,
			58
		],
		[
			93,
			115
		],
		[
			67,
			118
		],
		[
			51,
			58
		],
		[
			56,
			74
		],
		[
			58,
			150
		],
		[
			21,
			81
		],
		[
			101,
			148
		],
		[
			6,
			128
		],
		[
			4,
			68
		],
		[
			62,
			105
		],
		[
			53,
			141
		],
		[
			73,
			141
		],
		[
			53,
			73
		],
		[
			108,
			138
		],
		[
			74,
			86
		],
		[
			37,
			108
		],
		[
			18,
			97
		],
		[
			45,
			101
		],
		[
			37,
			138
		],
		[
			71,
			93
		],
		[
			3,
			42
		],
		[
			51,
			150
		],
		[
			18,
			149
		]
	],
	"score": 0.504424778761062
}