{
	"content_type": "CG_SHOP_2025_Solution",
	"instance_uid": "simple-polygon_100_4ee8f447",
	"steiner_points_x": [
		8014,
		9049,
		2654,
		7708,
		5394,
		"961900/613",
		8511,
		5071,
		6148,
		5525,
		8769,
		"2197400/949",
		8157,
		"10766685485/1355929",
		6460,
		9063,
		9029,
		4887,
		950,
		"1391000/601",
		"702432/145",
		5794,
		7028,
		8473,
		8844,
		3557,
		"9587964095/1355929",
		5231,
		"44276/5",
		"12152367860/1355929",
		"59170029/17449",
		7860,
		407,
		"1494999/233",
		8941,
		8331,
		2166,
		5448,
		7031,
		2165,
		1526,
		9108,
		7096,
		7901,
		6051,
		1100,
		8846,
		"1144110564/226409",
		5448,
		8925,
		9110,
		"34703300/6961"
	],
	"steiner_points_y": [
		9370,
		9092,
		6320,
		9375,
		9322,
		"1039575/613",
		1267,
		9378,
		9160,
		9253,
		8751,
		"79350/949",
		9355,
		"10604904431/1355929",
		9307,
		955,
		9056,
		8262,
		900,
		"1012375/601",
		"1203486/145",
		9071,
		8061,
		9377,
		798,
		6416,
		"10453864807/1355929",
		9365,
		331,
		"10782463731/1355929",
		"50928590/17449",
		9384,
		7607,
		"377432/233",
		8367,
		9309,
		3680,
		9425,
		8023,
		3475,
		900,
		9059,
		2859,
		8129,
		8056,
		150,
		8595,
		"2123499950/226409",
		9296,
		548,
		9059,
		"52201725/6961"
	],
	"edges": [
		[
			30,
			39
		],
		[
			31,
			39
		],
		[
			72,
			106
		],
		[
			72,
			115
		],
		[
			106,
			115
		],
		[
			13,
			122
		],
		[
			14,
			122
		],
		[
			138,
			143
		],
		[
			122,
			138
		],
		[
			122,
			143
		],
		[
			82,
			133
		],
		[
			64,
			82
		],
		[
			101,
			116
		],
		[
			101,
			141
		],
		[
			116,
			141
		],
		[
			80,
			142
		],
		[
			81,
			142
		],
		[
			19,
			121
		],
		[
			18,
			121
		],
		[
			126,
			143
		],
		[
			113,
			143
		],
		[
			16,
			108
		],
		[
			17,
			108
		],
		[
			57,
			111
		],
		[
			13,
			103
		],
		[
			103,
			122
		],
		[
			8,
			135
		],
		[
			9,
			135
		],
		[
			9,
			112
		],
		[
			10,
			112
		],
		[
			129,
			143
		],
		[
			116,
			123
		],
		[
			101,
			123
		],
		[
			67,
			128
		],
		[
			68,
			128
		],
		[
			12,
			103
		],
		[
			35,
			37
		],
		[
			141,
			150
		],
		[
			5,
			141
		],
		[
			102,
			125
		],
		[
			92,
			125
		],
		[
			92,
			102
		],
		[
			137,
			148
		],
		[
			104,
			148
		],
		[
			104,
			137
		],
		[
			96,
			144
		],
		[
			97,
			144
		],
		[
			117,
			151
		],
		[
			25,
			151
		],
		[
			25,
			117
		],
		[
			71,
			115
		],
		[
			98,
			122
		],
		[
			98,
			138
		],
		[
			29,
			40
		],
		[
			30,
			40
		],
		[
			28,
			102
		],
		[
			41,
			102
		],
		[
			28,
			41
		],
		[
			61,
			140
		],
		[
			60,
			140
		],
		[
			22,
			127
		],
		[
			107,
			127
		],
		[
			22,
			107
		],
		[
			24,
			117
		],
		[
			117,
			120
		],
		[
			43,
			90
		],
		[
			46,
			90
		],
		[
			43,
			46
		],
		[
			143,
			146
		],
		[
			134,
			146
		],
		[
			134,
			143
		],
		[
			47,
			139
		],
		[
			48,
			139
		],
		[
			124,
			149
		],
		[
			69,
			124
		],
		[
			69,
			149
		],
		[
			24,
			127
		],
		[
			24,
			107
		],
		[
			98,
			108
		],
		[
			98,
			144
		],
		[
			108,
			144
		],
		[
			14,
			114
		],
		[
			15,
			114
		],
		[
			90,
			136
		],
		[
			47,
			136
		],
		[
			47,
			90
		],
		[
			21,
			104
		],
		[
			59,
			140
		],
		[
			58,
			140
		],
		[
			7,
			123
		],
		[
			8,
			123
		],
		[
			110,
			116
		],
		[
			4,
			116
		],
		[
			4,
			110
		],
		[
			89,
			136
		],
		[
			110,
			143
		],
		[
			135,
			143
		],
		[
			110,
			135
		],
		[
			55,
			57
		],
		[
			76,
			79
		],
		[
			76,
			78
		],
		[
			108,
			114
		],
		[
			16,
			114
		],
		[
			6,
			123
		],
		[
			6,
			101
		],
		[
			4,
			141
		],
		[
			5,
			101
		],
		[
			43,
			45
		],
		[
			64,
			75
		],
		[
			64,
			142
		],
		[
			75,
			142
		],
		[
			62,
			130
		],
		[
			62,
			83
		],
		[
			70,
			124
		],
		[
			115,
			124
		],
		[
			70,
			115
		],
		[
			55,
			118
		],
		[
			53,
			55
		],
		[
			50,
			61
		],
		[
			61,
			105
		],
		[
			109,
			148
		],
		[
			20,
			148
		],
		[
			20,
			109
		],
		[
			50,
			119
		],
		[
			50,
			84
		],
		[
			84,
			119
		],
		[
			50,
			85
		],
		[
			95,
			125
		],
		[
			27,
			125
		],
		[
			27,
			95
		],
		[
			43,
			91
		],
		[
			91,
			102
		],
		[
			129,
			134
		],
		[
			0,
			134
		],
		[
			31,
			37
		],
		[
			31,
			38
		],
		[
			110,
			146
		],
		[
			49,
			86
		],
		[
			49,
			139
		],
		[
			86,
			139
		],
		[
			109,
			121
		],
		[
			24,
			121
		],
		[
			24,
			109
		],
		[
			19,
			109
		],
		[
			24,
			104
		],
		[
			24,
			148
		],
		[
			108,
			121
		],
		[
			18,
			108
		],
		[
			103,
			143
		],
		[
			103,
			131
		],
		[
			131,
			143
		],
		[
			112,
			135
		],
		[
			52,
			140
		],
		[
			118,
			140
		],
		[
			73,
			106
		],
		[
			93,
			125
		],
		[
			94,
			125
		],
		[
			136,
			139
		],
		[
			88,
			136
		],
		[
			88,
			139
		],
		[
			24,
			96
		],
		[
			96,
			117
		],
		[
			26,
			151
		],
		[
			107,
			147
		],
		[
			106,
			124
		],
		[
			34,
			132
		],
		[
			35,
			132
		],
		[
			11,
			100
		],
		[
			100,
			131
		],
		[
			11,
			131
		],
		[
			26,
			95
		],
		[
			68,
			149
		],
		[
			55,
			140
		],
		[
			79,
			142
		],
		[
			63,
			82
		],
		[
			63,
			130
		],
		[
			55,
			58
		],
		[
			100,
			143
		],
		[
			98,
			114
		],
		[
			53,
			145
		],
		[
			123,
			135
		],
		[
			110,
			123
		],
		[
			29,
			41
		],
		[
			1,
			134
		],
		[
			33,
			132
		],
		[
			24,
			144
		],
		[
			121,
			144
		],
		[
			114,
			122
		],
		[
			12,
			131
		],
		[
			32,
			132
		],
		[
			75,
			79
		],
		[
			10,
			100
		],
		[
			87,
			139
		],
		[
			51,
			140
		],
		[
			51,
			61
		],
		[
			100,
			112
		],
		[
			64,
			106
		],
		[
			75,
			106
		],
		[
			28,
			125
		],
		[
			104,
			127
		],
		[
			112,
			143
		],
		[
			49,
			85
		],
		[
			65,
			149
		],
		[
			128,
			149
		],
		[
			62,
			84
		],
		[
			74,
			106
		],
		[
			99,
			138
		],
		[
			31,
			132
		],
		[
			2,
			146
		],
		[
			3,
			146
		],
		[
			1,
			146
		],
		[
			65,
			124
		],
		[
			3,
			110
		],
		[
			126,
			138
		],
		[
			82,
			142
		],
		[
			42,
			91
		],
		[
			21,
			127
		],
		[
			42,
			102
		],
		[
			23,
			107
		],
		[
			65,
			106
		],
		[
			37,
			132
		]
	],
	"score": 0.5094339622641509
}