{
	"content_type": "CG_SHOP_2025_Solution",
	"instance_uid": "ortho_40_df58ce3b",
	"steiner_points_x": [
		533744,
		884391,
		1000000,
		-881320,
		807870,
		943071,
		853288,
		-627105,
		-627105,
		324873,
		965766
	],
	"steiner_points_y": [
		0,
		916900,
		916900,
		775024,
		889192,
		916900,
		948012,
		785137,
		925570,
		925570,
		934901
	],
	"edges": [
		[
			7,
			9
		],
		[
			7,
			42
		],
		[
			9,
			42
		],
		[
			41,
			45
		],
		[
			13,
			41
		],
		[
			13,
			45
		],
		[
			27,
			28
		],
		[
			27,
			29
		],
		[
			28,
			29
		],
		[
			19,
			21
		],
		[
			19,
			22
		],
		[
			21,
			22
		],
		[
			7,
			50
		],
		[
			7,
			12
		],
		[
			12,
			50
		],
		[
			25,
			48
		],
		[
			26,
			48
		],
		[
			25,
			26
		],
		[
			6,
			13
		],
		[
			6,
			46
		],
		[
			13,
			46
		],
		[
			7,
			8
		],
		[
			8,
			9
		],
		[
			13,
			14
		],
		[
			13,
			15
		],
		[
			14,
			15
		],
		[
			11,
			50
		],
		[
			11,
			12
		],
		[
			27,
			30
		],
		[
			27,
			43
		],
		[
			30,
			43
		],
		[
			6,
			41
		],
		[
			19,
			20
		],
		[
			20,
			21
		],
		[
			27,
			33
		],
		[
			33,
			43
		],
		[
			19,
			49
		],
		[
			22,
			49
		],
		[
			18,
			44
		],
		[
			18,
			46
		],
		[
			44,
			46
		],
		[
			42,
			50
		],
		[
			10,
			50
		],
		[
			10,
			42
		],
		[
			30,
			32
		],
		[
			32,
			43
		],
		[
			30,
			31
		],
		[
			31,
			32
		],
		[
			4,
			19
		],
		[
			4,
			49
		],
		[
			24,
			38
		],
		[
			24,
			39
		],
		[
			38,
			39
		],
		[
			35,
			36
		],
		[
			35,
			37
		],
		[
			36,
			37
		],
		[
			47,
			48
		],
		[
			26,
			47
		],
		[
			38,
			47
		],
		[
			24,
			47
		],
		[
			10,
			11
		],
		[
			5,
			44
		],
		[
			6,
			44
		],
		[
			5,
			6
		],
		[
			33,
			34
		],
		[
			33,
			35
		],
		[
			34,
			35
		],
		[
			26,
			27
		],
		[
			26,
			33
		],
		[
			33,
			47
		],
		[
			35,
			47
		],
		[
			24,
			49
		],
		[
			39,
			49
		],
		[
			12,
			45
		],
		[
			12,
			13
		],
		[
			4,
			44
		],
		[
			4,
			5
		],
		[
			15,
			17
		],
		[
			15,
			18
		],
		[
			17,
			18
		],
		[
			15,
			46
		],
		[
			22,
			23
		],
		[
			22,
			24
		],
		[
			23,
			24
		],
		[
			4,
			39
		],
		[
			1,
			2
		],
		[
			1,
			3
		],
		[
			2,
			3
		],
		[
			35,
			38
		],
		[
			37,
			38
		],
		[
			4,
			18
		],
		[
			18,
			19
		],
		[
			29,
			30
		],
		[
			24,
			48
		],
		[
			0,
			3
		],
		[
			3,
			40
		],
		[
			0,
			40
		],
		[
			0,
			39
		],
		[
			3,
			39
		],
		[
			1,
			40
		],
		[
			3,
			4
		],
		[
			7,
			45
		],
		[
			15,
			16
		],
		[
			16,
			17
		]
	],
	"score": 0.5416666666666666
}