{
	"content_type": "CG_SHOP_2025_Solution",
	"instance_uid": "simple-polygon-exterior-20_10_ce9152de",
	"steiner_points_x": [
		"739142381/241933",
		"1583812117794245966534434003/2013303351594814372643449",
		"4532125379/2664382",
		2697,
		1795,
		2806,
		143,
		"27182/11",
		"11828/7",
		"26376439/259298",
		"469000751/162482",
		"11650552465358509368803556082294108/15010507279654745320357229614789",
		2603,
		"19297979044/7455661"
	],
	"steiner_points_y": [
		"135711727/241933",
		"2109791306819039253224251038/2013303351594814372643449",
		"1279787551/1141878",
		565,
		335,
		1197,
		733,
		"15307/11",
		"26512/21",
		"165442859/259298",
		"215093507/162482",
		"16685282704624547926824094604812368/15010507279654745320357229614789",
		1210,
		"10519320092/7455661"
	],
	"edges": [
		[
			7,
			8
		],
		[
			7,
			23
		],
		[
			8,
			23
		],
		[
			6,
			14
		],
		[
			6,
			13
		],
		[
			13,
			14
		],
		[
			4,
			16
		],
		[
			16,
			19
		],
		[
			4,
			19
		],
		[
			5,
			11
		],
		[
			11,
			16
		],
		[
			5,
			16
		],
		[
			6,
			17
		],
		[
			7,
			17
		],
		[
			6,
			7
		],
		[
			8,
			9
		],
		[
			9,
			23
		],
		[
			0,
			15
		],
		[
			15,
			20
		],
		[
			0,
			20
		],
		[
			17,
			23
		],
		[
			3,
			16
		],
		[
			3,
			11
		],
		[
			8,
			15
		],
		[
			9,
			15
		],
		[
			9,
			20
		],
		[
			6,
			18
		],
		[
			17,
			18
		],
		[
			11,
			12
		],
		[
			3,
			12
		],
		[
			12,
			14
		],
		[
			3,
			14
		],
		[
			1,
			13
		],
		[
			10,
			13
		],
		[
			1,
			10
		],
		[
			12,
			18
		],
		[
			6,
			12
		],
		[
			1,
			14
		],
		[
			10,
			15
		],
		[
			0,
			10
		],
		[
			5,
			21
		],
		[
			11,
			21
		],
		[
			15,
			22
		],
		[
			8,
			22
		],
		[
			11,
			18
		],
		[
			18,
			21
		],
		[
			7,
			22
		],
		[
			2,
			14
		],
		[
			1,
			2
		],
		[
			13,
			15
		],
		[
			13,
			22
		],
		[
			4,
			5
		],
		[
			6,
			22
		],
		[
			3,
			19
		],
		[
			2,
			3
		]
	],
	"score": 0.5333333333333333
}