{
	"content_type": "CG_SHOP_2025_Solution",
	"instance_uid": "simple-polygon_60_0347cd75",
	"steiner_points_x": [
		1690,
		984,
		109,
		856,
		408,
		1537,
		919,
		835,
		954,
		1020,
		1212,
		2057,
		"243214779/115354",
		207,
		"116086857/57677",
		"240531833/188786",
		"16405466/192389",
		"113988512/257053",
		"6232587/15809",
		2662,
		"5943/2",
		3067,
		3128,
		"456302491/132553",
		3622,
		"91402/25",
		3656,
		3479,
		"1165151771/310330"
	],
	"steiner_points_y": [
		1049,
		750,
		783,
		810,
		737,
		449,
		669,
		1550,
		881,
		1574,
		1754,
		1590,
		"200537417/115354",
		792,
		"98042970/57677",
		"334348229/188786",
		"340899714/192389",
		"463991762/257053",
		"4655222/15809",
		1183,
		497,
		461,
		771,
		"25186031/132553",
		1089,
		"27864/25",
		1544,
		1561,
		"521332903/310330"
	],
	"edges": [
		[
			8,
			12
		],
		[
			12,
			77
		],
		[
			8,
			77
		],
		[
			9,
			11
		],
		[
			9,
			12
		],
		[
			11,
			12
		],
		[
			56,
			60
		],
		[
			33,
			56
		],
		[
			33,
			60
		],
		[
			17,
			62
		],
		[
			18,
			62
		],
		[
			17,
			18
		],
		[
			7,
			69
		],
		[
			67,
			69
		],
		[
			7,
			67
		],
		[
			7,
			70
		],
		[
			69,
			70
		],
		[
			13,
			63
		],
		[
			14,
			63
		],
		[
			13,
			14
		],
		[
			8,
			67
		],
		[
			7,
			8
		],
		[
			86,
			88
		],
		[
			49,
			86
		],
		[
			49,
			88
		],
		[
			49,
			87
		],
		[
			50,
			87
		],
		[
			49,
			50
		],
		[
			58,
			71
		],
		[
			71,
			72
		],
		[
			58,
			72
		],
		[
			45,
			84
		],
		[
			52,
			84
		],
		[
			45,
			52
		],
		[
			51,
			87
		],
		[
			50,
			51
		],
		[
			60,
			68
		],
		[
			60,
			61
		],
		[
			61,
			68
		],
		[
			16,
			73
		],
		[
			62,
			73
		],
		[
			16,
			62
		],
		[
			3,
			68
		],
		[
			3,
			60
		],
		[
			16,
			17
		],
		[
			27,
			60
		],
		[
			60,
			65
		],
		[
			27,
			65
		],
		[
			9,
			76
		],
		[
			11,
			76
		],
		[
			41,
			81
		],
		[
			81,
			82
		],
		[
			41,
			82
		],
		[
			80,
			82
		],
		[
			80,
			81
		],
		[
			54,
			79
		],
		[
			55,
			79
		],
		[
			54,
			55
		],
		[
			20,
			78
		],
		[
			21,
			78
		],
		[
			20,
			21
		],
		[
			9,
			10
		],
		[
			10,
			76
		],
		[
			6,
			70
		],
		[
			6,
			7
		],
		[
			9,
			77
		],
		[
			48,
			49
		],
		[
			48,
			88
		],
		[
			84,
			85
		],
		[
			45,
			85
		],
		[
			70,
			75
		],
		[
			4,
			70
		],
		[
			4,
			75
		],
		[
			63,
			64
		],
		[
			14,
			64
		],
		[
			13,
			68
		],
		[
			13,
			67
		],
		[
			67,
			68
		],
		[
			43,
			82
		],
		[
			52,
			82
		],
		[
			43,
			52
		],
		[
			14,
			15
		],
		[
			14,
			16
		],
		[
			15,
			16
		],
		[
			14,
			73
		],
		[
			12,
			67
		],
		[
			3,
			70
		],
		[
			3,
			69
		],
		[
			40,
			81
		],
		[
			40,
			41
		],
		[
			2,
			71
		],
		[
			60,
			71
		],
		[
			2,
			60
		],
		[
			19,
			73
		],
		[
			64,
			73
		],
		[
			19,
			64
		],
		[
			34,
			55
		],
		[
			34,
			56
		],
		[
			55,
			56
		],
		[
			19,
			78
		],
		[
			19,
			22
		],
		[
			22,
			78
		],
		[
			58,
			59
		],
		[
			1,
			58
		],
		[
			1,
			59
		],
		[
			61,
			63
		],
		[
			63,
			68
		],
		[
			34,
			79
		],
		[
			35,
			79
		],
		[
			34,
			35
		],
		[
			86,
			87
		],
		[
			37,
			40
		],
		[
			38,
			40
		],
		[
			37,
			38
		],
		[
			36,
			81
		],
		[
			37,
			81
		],
		[
			36,
			37
		],
		[
			68,
			69
		],
		[
			33,
			34
		],
		[
			53,
			79
		],
		[
			53,
			54
		],
		[
			3,
			75
		],
		[
			45,
			87
		],
		[
			45,
			51
		],
		[
			27,
			61
		],
		[
			24,
			66
		],
		[
			25,
			66
		],
		[
			24,
			25
		],
		[
			2,
			3
		],
		[
			19,
			20
		],
		[
			40,
			83
		],
		[
			38,
			83
		],
		[
			46,
			86
		],
		[
			47,
			86
		],
		[
			46,
			47
		],
		[
			39,
			83
		],
		[
			38,
			39
		],
		[
			12,
			13
		],
		[
			52,
			53
		],
		[
			52,
			79
		],
		[
			41,
			43
		],
		[
			42,
			43
		],
		[
			41,
			42
		],
		[
			31,
			60
		],
		[
			31,
			33
		],
		[
			35,
			52
		],
		[
			43,
			84
		],
		[
			45,
			86
		],
		[
			0,
			59
		],
		[
			0,
			1
		],
		[
			44,
			84
		],
		[
			43,
			44
		],
		[
			36,
			80
		],
		[
			44,
			85
		],
		[
			51,
			52
		],
		[
			1,
			72
		],
		[
			26,
			66
		],
		[
			27,
			66
		],
		[
			26,
			27
		],
		[
			31,
			65
		],
		[
			5,
			70
		],
		[
			5,
			6
		],
		[
			45,
			46
		],
		[
			30,
			65
		],
		[
			29,
			30
		],
		[
			29,
			65
		],
		[
			35,
			82
		],
		[
			22,
			64
		],
		[
			35,
			80
		],
		[
			30,
			31
		],
		[
			24,
			64
		],
		[
			22,
			24
		],
		[
			71,
			74
		],
		[
			72,
			74
		],
		[
			31,
			32
		],
		[
			32,
			33
		],
		[
			24,
			63
		],
		[
			63,
			66
		],
		[
			57,
			58
		],
		[
			57,
			71
		],
		[
			57,
			60
		],
		[
			56,
			57
		],
		[
			28,
			65
		],
		[
			28,
			29
		],
		[
			23,
			24
		],
		[
			22,
			23
		],
		[
			4,
			5
		],
		[
			27,
			28
		],
		[
			47,
			88
		],
		[
			61,
			66
		],
		[
			19,
			62
		],
		[
			2,
			74
		],
		[
			25,
			26
		],
		[
			18,
			19
		]
	],
	"score": 0.5166666666666667
}