{
	"content_type": "CG_SHOP_2025_Solution",
	"instance_uid": "simple-polygon-exterior-20_10_15783346",
	"steiner_points_x": [
		"1723616065/808273",
		"1509938759334217/671737003402",
		"19203647/10573",
		1498,
		1644,
		1679,
		"1663105573/808273",
		"84557890435537/45946278685",
		"552311109/1574765",
		1395,
		1927,
		"1808464969/808273",
		1404,
		"95212571/56845",
		1933,
		"3118607580/2562629",
		"1621969/673",
		"728801447448692179079/315114851112393509",
		"9883/6",
		"17275568535637/8545870429"
	],
	"steiner_points_y": [
		"1216452869/808273",
		"1750830063641469/671737003402",
		"19148447/10573",
		1958,
		2476,
		1929,
		"1009228446/808273",
		"23187442288258/45946278685",
		"3743053938/1574765",
		1677,
		1565,
		"1507026695/808273",
		1362,
		"31433338/56845",
		2160,
		"1083015207/2562629",
		"1652645/673",
		"1696704003234720537297/630229702224787018",
		"8425/6",
		"17518885758635/8545870429"
	],
	"edges": [
		[
			13,
			15
		],
		[
			7,
			15
		],
		[
			7,
			13
		],
		[
			6,
			15
		],
		[
			12,
			15
		],
		[
			6,
			12
		],
		[
			17,
			23
		],
		[
			16,
			23
		],
		[
			16,
			17
		],
		[
			0,
			19
		],
		[
			0,
			18
		],
		[
			18,
			19
		],
		[
			5,
			21
		],
		[
			5,
			26
		],
		[
			21,
			26
		],
		[
			8,
			9
		],
		[
			9,
			23
		],
		[
			8,
			23
		],
		[
			23,
			28
		],
		[
			16,
			28
		],
		[
			1,
			3
		],
		[
			3,
			18
		],
		[
			1,
			18
		],
		[
			8,
			17
		],
		[
			10,
			20
		],
		[
			20,
			21
		],
		[
			10,
			21
		],
		[
			4,
			11
		],
		[
			11,
			27
		],
		[
			4,
			27
		],
		[
			20,
			28
		],
		[
			16,
			20
		],
		[
			12,
			20
		],
		[
			12,
			21
		],
		[
			13,
			18
		],
		[
			13,
			19
		],
		[
			15,
			29
		],
		[
			12,
			29
		],
		[
			3,
			14
		],
		[
			3,
			11
		],
		[
			11,
			14
		],
		[
			2,
			11
		],
		[
			2,
			27
		],
		[
			9,
			22
		],
		[
			22,
			23
		],
		[
			19,
			22
		],
		[
			0,
			22
		],
		[
			7,
			19
		],
		[
			4,
			5
		],
		[
			5,
			11
		],
		[
			13,
			14
		],
		[
			14,
			15
		],
		[
			10,
			16
		],
		[
			2,
			3
		],
		[
			1,
			2
		],
		[
			15,
			24
		],
		[
			24,
			29
		],
		[
			5,
			24
		],
		[
			5,
			29
		],
		[
			14,
			18
		],
		[
			21,
			29
		],
		[
			6,
			7
		],
		[
			14,
			24
		],
		[
			4,
			26
		],
		[
			19,
			28
		],
		[
			22,
			28
		],
		[
			6,
			28
		],
		[
			6,
			20
		],
		[
			9,
			25
		],
		[
			8,
			25
		],
		[
			11,
			24
		],
		[
			0,
			9
		],
		[
			0,
			25
		],
		[
			7,
			28
		]
	],
	"score": 0.5238095238095238
}