{
	"content_type": "CG_SHOP_2025_Solution",
	"instance_uid": "simple-polygon_10_297edd18",
	"steiner_points_x": [
		41,
		49,
		30,
		"94/3",
		"3685/74"
	],
	"steiner_points_y": [
		36,
		45,
		15,
		"109/3",
		"3869/74"
	],
	"edges": [
		[
			2,
			12
		],
		[
			3,
			12
		],
		[
			2,
			3
		],
		[
			4,
			13
		],
		[
			10,
			13
		],
		[
			4,
			10
		],
		[
			1,
			13
		],
		[
			12,
			13
		],
		[
			1,
			12
		],
		[
			6,
			10
		],
		[
			4,
			6
		],
		[
			0,
			13
		],
		[
			0,
			10
		],
		[
			7,
			10
		],
		[
			10,
			11
		],
		[
			7,
			11
		],
		[
			1,
			2
		],
		[
			5,
			6
		],
		[
			4,
			5
		],
		[
			4,
			12
		],
		[
			3,
			4
		],
		[
			6,
			7
		],
		[
			8,
			11
		],
		[
			7,
			8
		],
		[
			11,
			14
		],
		[
			8,
			14
		],
		[
			0,
			11
		],
		[
			0,
			14
		],
		[
			9,
			14
		],
		[
			0,
			9
		]
	],
	"score": 0.5833333333333334
}