{
	"content_type": "CG_SHOP_2025_Solution",
	"instance_uid": "simple-polygon_250_432b4814",
	"steiner_points_x": [
		2562,
		"14793131/5353",
		2200,
		2376,
		1869,
		762,
		1327,
		1309,
		1541,
		1151,
		"19729/13",
		1177,
		1577,
		1177,
		1477,
		1977,
		2427,
		2252,
		2732,
		2277,
		2250,
		2496,
		2686,
		2330,
		2027,
		3077,
		"10110112/2581",
		4062,
		5426,
		5151,
		4623,
		4870,
		4809,
		4366,
		4937,
		4302,
		"396626/97",
		4827,
		5112,
		5298,
		5562,
		5927,
		6319,
		5962,
		6227,
		5873,
		5622,
		6430,
		6416,
		5727,
		5587,
		"75326/13",
		5347,
		5877,
		6029,
		6377,
		5984,
		"108564/17",
		6435,
		5002,
		4122,
		3153,
		"1031334/317",
		"1015934/317",
		2940,
		2777,
		3030,
		3127,
		527,
		277,
		"14870087/87781",
		404,
		"199691161/647057",
		"5479/12",
		"64494040/647057",
		"1610/9"
	],
	"steiner_points_y": [
		9,
		"1527480/5353",
		260,
		410,
		313,
		1115,
		396,
		685,
		125,
		386,
		"10713/13",
		1361,
		1742,
		1784,
		2029,
		1634,
		1911,
		1935,
		652,
		1520,
		1154,
		735,
		1165,
		963,
		760,
		510,
		"816310/2581",
		487,
		1234,
		848,
		1379,
		756,
		1422,
		1269,
		1795,
		1459,
		"41362/97",
		310,
		262,
		231,
		115,
		467,
		595,
		717,
		328,
		870,
		275,
		259,
		810,
		127,
		1411,
		"15905/13",
		1650,
		1910,
		1788,
		1360,
		1311,
		"21105/17",
		2014,
		2110,
		2009,
		961,
		"443220/317",
		"423620/317",
		1803,
		2060,
		2109,
		"3595/2",
		1792,
		1951,
		"177267910/87781",
		960,
		"107577238/647057",
		"635/3",
		"66086314/647057",
		"1138/9"
	],
	"edges": [
		[
			229,
			236
		],
		[
			235,
			236
		],
		[
			229,
			235
		],
		[
			88,
			279
		],
		[
			278,
			279
		],
		[
			88,
			278
		],
		[
			103,
			304
		],
		[
			104,
			304
		],
		[
			103,
			104
		],
		[
			76,
			293
		],
		[
			78,
			293
		],
		[
			76,
			78
		],
		[
			154,
			277
		],
		[
			41,
			277
		],
		[
			41,
			154
		],
		[
			57,
			296
		],
		[
			296,
			299
		],
		[
			57,
			299
		],
		[
			256,
			258
		],
		[
			240,
			258
		],
		[
			240,
			256
		],
		[
			90,
			278
		],
		[
			97,
			278
		],
		[
			90,
			97
		],
		[
			112,
			119
		],
		[
			113,
			119
		],
		[
			112,
			113
		],
		[
			31,
			268
		],
		[
			32,
			268
		],
		[
			31,
			32
		],
		[
			28,
			273
		],
		[
			29,
			273
		],
		[
			28,
			29
		],
		[
			91,
			92
		],
		[
			91,
			301
		],
		[
			92,
			301
		],
		[
			244,
			252
		],
		[
			245,
			252
		],
		[
			244,
			245
		],
		[
			291,
			294
		],
		[
			291,
			292
		],
		[
			292,
			294
		],
		[
			14,
			257
		],
		[
			255,
			257
		],
		[
			14,
			255
		],
		[
			256,
			259
		],
		[
			238,
			256
		],
		[
			238,
			259
		],
		[
			233,
			322
		],
		[
			234,
			322
		],
		[
			233,
			234
		],
		[
			239,
			240
		],
		[
			239,
			256
		],
		[
			64,
			297
		],
		[
			65,
			297
		],
		[
			64,
			65
		],
		[
			24,
			25
		],
		[
			24,
			26
		],
		[
			25,
			26
		],
		[
			234,
			323
		],
		[
			235,
			323
		],
		[
			234,
			235
		],
		[
			180,
			314
		],
		[
			181,
			314
		],
		[
			180,
			181
		],
		[
			73,
			292
		],
		[
			292,
			293
		],
		[
			73,
			293
		],
		[
			91,
			93
		],
		[
			93,
			301
		],
		[
			66,
			297
		],
		[
			65,
			66
		],
		[
			30,
			271
		],
		[
			31,
			271
		],
		[
			30,
			31
		],
		[
			119,
			305
		],
		[
			112,
			305
		],
		[
			68,
			298
		],
		[
			70,
			298
		],
		[
			68,
			70
		],
		[
			256,
			257
		],
		[
			13,
			257
		],
		[
			13,
			256
		],
		[
			242,
			254
		],
		[
			244,
			254
		],
		[
			242,
			244
		],
		[
			160,
			272
		],
		[
			171,
			272
		],
		[
			160,
			171
		],
		[
			242,
			258
		],
		[
			241,
			242
		],
		[
			241,
			258
		],
		[
			98,
			279
		],
		[
			279,
			282
		],
		[
			98,
			282
		],
		[
			83,
			85
		],
		[
			83,
			86
		],
		[
			85,
			86
		],
		[
			257,
			259
		],
		[
			60,
			291
		],
		[
			60,
			294
		],
		[
			240,
			241
		],
		[
			89,
			90
		],
		[
			89,
			278
		],
		[
			96,
			300
		],
		[
			97,
			300
		],
		[
			96,
			97
		],
		[
			121,
			304
		],
		[
			303,
			304
		],
		[
			121,
			303
		],
		[
			88,
			89
		],
		[
			243,
			244
		],
		[
			242,
			243
		],
		[
			91,
			94
		],
		[
			93,
			94
		],
		[
			248,
			250
		],
		[
			249,
			250
		],
		[
			248,
			249
		],
		[
			183,
			317
		],
		[
			184,
			317
		],
		[
			183,
			184
		],
		[
			59,
			299
		],
		[
			291,
			299
		],
		[
			59,
			291
		],
		[
			29,
			272
		],
		[
			271,
			272
		],
		[
			29,
			271
		],
		[
			111,
			305
		],
		[
			111,
			112
		],
		[
			95,
			300
		],
		[
			95,
			96
		],
		[
			246,
			252
		],
		[
			245,
			246
		],
		[
			12,
			256
		],
		[
			12,
			258
		],
		[
			27,
			274
		],
		[
			28,
			274
		],
		[
			27,
			28
		],
		[
			94,
			95
		],
		[
			94,
			300
		],
		[
			252,
			253
		],
		[
			6,
			252
		],
		[
			6,
			253
		],
		[
			42,
			152
		],
		[
			152,
			283
		],
		[
			42,
			283
		],
		[
			305,
			307
		],
		[
			110,
			305
		],
		[
			110,
			307
		],
		[
			182,
			183
		],
		[
			182,
			317
		],
		[
			100,
			302
		],
		[
			130,
			302
		],
		[
			100,
			130
		],
		[
			110,
			111
		],
		[
			306,
			307
		],
		[
			305,
			306
		],
		[
			106,
			306
		],
		[
			106,
			305
		],
		[
			123,
			303
		],
		[
			126,
			303
		],
		[
			123,
			126
		],
		[
			189,
			190
		],
		[
			189,
			191
		],
		[
			190,
			191
		],
		[
			90,
			300
		],
		[
			182,
			314
		],
		[
			181,
			182
		],
		[
			182,
			185
		],
		[
			185,
			317
		],
		[
			104,
			105
		],
		[
			104,
			106
		],
		[
			105,
			106
		],
		[
			186,
			188
		],
		[
			186,
			189
		],
		[
			188,
			189
		],
		[
			247,
			248
		],
		[
			247,
			250
		],
		[
			22,
			269
		],
		[
			269,
			270
		],
		[
			22,
			270
		],
		[
			101,
			130
		],
		[
			100,
			101
		],
		[
			12,
			13
		],
		[
			2,
			247
		],
		[
			2,
			250
		],
		[
			107,
			108
		],
		[
			107,
			109
		],
		[
			108,
			109
		],
		[
			26,
			273
		],
		[
			26,
			28
		],
		[
			98,
			278
		],
		[
			133,
			302
		],
		[
			99,
			302
		],
		[
			99,
			133
		],
		[
			115,
			308
		],
		[
			114,
			115
		],
		[
			114,
			308
		],
		[
			109,
			306
		],
		[
			109,
			307
		],
		[
			122,
			303
		],
		[
			121,
			122
		],
		[
			26,
			274
		],
		[
			246,
			253
		],
		[
			107,
			306
		],
		[
			203,
			262
		],
		[
			16,
			203
		],
		[
			16,
			262
		],
		[
			113,
			308
		],
		[
			113,
			114
		],
		[
			24,
			273
		],
		[
			186,
			187
		],
		[
			187,
			188
		],
		[
			23,
			270
		],
		[
			22,
			23
		],
		[
			269,
			272
		],
		[
			270,
			272
		],
		[
			152,
			277
		],
		[
			152,
			154
		],
		[
			210,
			263
		],
		[
			211,
			263
		],
		[
			210,
			211
		],
		[
			170,
			311
		],
		[
			166,
			170
		],
		[
			166,
			311
		],
		[
			212,
			263
		],
		[
			211,
			212
		],
		[
			82,
			290
		],
		[
			54,
			290
		],
		[
			54,
			82
		],
		[
			160,
			268
		],
		[
			268,
			271
		],
		[
			160,
			271
		],
		[
			81,
			296
		],
		[
			79,
			81
		],
		[
			79,
			296
		],
		[
			33,
			268
		],
		[
			159,
			268
		],
		[
			33,
			159
		],
		[
			201,
			267
		],
		[
			19,
			267
		],
		[
			19,
			201
		],
		[
			44,
			46
		],
		[
			44,
			50
		],
		[
			46,
			50
		],
		[
			215,
			319
		],
		[
			319,
			320
		],
		[
			215,
			320
		],
		[
			55,
			290
		],
		[
			56,
			290
		],
		[
			55,
			56
		],
		[
			263,
			264
		],
		[
			208,
			263
		],
		[
			208,
			264
		],
		[
			154,
			155
		],
		[
			41,
			155
		],
		[
			293,
			295
		],
		[
			76,
			295
		],
		[
			61,
			294
		],
		[
			60,
			61
		],
		[
			57,
			81
		],
		[
			152,
			285
		],
		[
			283,
			285
		],
		[
			53,
			288
		],
		[
			288,
			289
		],
		[
			53,
			289
		],
		[
			90,
			94
		],
		[
			51,
			287
		],
		[
			287,
			288
		],
		[
			51,
			288
		],
		[
			79,
			291
		],
		[
			291,
			296
		],
		[
			4,
			5
		],
		[
			4,
			6
		],
		[
			5,
			6
		],
		[
			57,
			290
		],
		[
			56,
			57
		],
		[
			0,
			2
		],
		[
			2,
			251
		],
		[
			0,
			251
		],
		[
			167,
			170
		],
		[
			166,
			167
		],
		[
			87,
			279
		],
		[
			87,
			88
		],
		[
			44,
			287
		],
		[
			44,
			86
		],
		[
			86,
			287
		],
		[
			58,
			299
		],
		[
			58,
			59
		],
		[
			81,
			290
		],
		[
			81,
			82
		],
		[
			54,
			289
		],
		[
			82,
			289
		],
		[
			247,
			253
		],
		[
			2,
			253
		],
		[
			132,
			302
		],
		[
			130,
			132
		],
		[
			167,
			313
		],
		[
			168,
			313
		],
		[
			167,
			168
		],
		[
			170,
			313
		],
		[
			213,
			318
		],
		[
			214,
			318
		],
		[
			213,
			214
		],
		[
			63,
			297
		],
		[
			62,
			63
		],
		[
			62,
			297
		],
		[
			212,
			213
		],
		[
			212,
			318
		],
		[
			59,
			60
		],
		[
			78,
			79
		],
		[
			78,
			291
		],
		[
			97,
			98
		],
		[
			83,
			289
		],
		[
			82,
			83
		],
		[
			90,
			91
		],
		[
			0,
			249
		],
		[
			0,
			250
		],
		[
			106,
			120
		],
		[
			120,
			305
		],
		[
			50,
			287
		],
		[
			104,
			120
		],
		[
			120,
			304
		],
		[
			168,
			169
		],
		[
			168,
			312
		],
		[
			169,
			312
		],
		[
			294,
			297
		],
		[
			62,
			294
		],
		[
			3,
			253
		],
		[
			4,
			253
		],
		[
			3,
			4
		],
		[
			214,
			319
		],
		[
			214,
			215
		],
		[
			119,
			120
		],
		[
			318,
			319
		],
		[
			312,
			313
		],
		[
			106,
			107
		],
		[
			7,
			252
		],
		[
			8,
			252
		],
		[
			7,
			8
		],
		[
			83,
			288
		],
		[
			2,
			3
		],
		[
			216,
			320
		],
		[
			215,
			216
		],
		[
			61,
			62
		],
		[
			120,
			121
		],
		[
			102,
			303
		],
		[
			102,
			127
		],
		[
			127,
			303
		],
		[
			101,
			128
		],
		[
			101,
			129
		],
		[
			128,
			129
		],
		[
			1,
			2
		],
		[
			1,
			251
		],
		[
			102,
			128
		],
		[
			127,
			128
		],
		[
			63,
			64
		],
		[
			322,
			323
		],
		[
			228,
			229
		],
		[
			228,
			259
		],
		[
			229,
			259
		],
		[
			229,
			323
		],
		[
			209,
			263
		],
		[
			209,
			210
		],
		[
			47,
			49
		],
		[
			48,
			49
		],
		[
			47,
			48
		],
		[
			33,
			34
		],
		[
			33,
			275
		],
		[
			34,
			275
		],
		[
			115,
			117
		],
		[
			116,
			117
		],
		[
			115,
			116
		],
		[
			185,
			314
		],
		[
			314,
			315
		],
		[
			185,
			315
		],
		[
			38,
			157
		],
		[
			38,
			158
		],
		[
			157,
			158
		],
		[
			147,
			310
		],
		[
			148,
			310
		],
		[
			147,
			148
		],
		[
			272,
			273
		],
		[
			270,
			273
		],
		[
			117,
			308
		],
		[
			179,
			315
		],
		[
			179,
			195
		],
		[
			195,
			315
		],
		[
			44,
			45
		],
		[
			45,
			46
		],
		[
			34,
			35
		],
		[
			34,
			158
		],
		[
			35,
			158
		],
		[
			158,
			275
		],
		[
			146,
			310
		],
		[
			146,
			147
		],
		[
			173,
			272
		],
		[
			171,
			173
		],
		[
			180,
			315
		],
		[
			43,
			283
		],
		[
			42,
			43
		],
		[
			194,
			315
		],
		[
			194,
			195
		],
		[
			161,
			170
		],
		[
			161,
			171
		],
		[
			170,
			171
		],
		[
			163,
			311
		],
		[
			165,
			311
		],
		[
			163,
			165
		],
		[
			159,
			275
		],
		[
			162,
			311
		],
		[
			162,
			163
		],
		[
			165,
			166
		],
		[
			161,
			162
		],
		[
			162,
			170
		],
		[
			194,
			316
		],
		[
			315,
			316
		],
		[
			203,
			265
		],
		[
			16,
			265
		],
		[
			189,
			316
		],
		[
			186,
			316
		],
		[
			185,
			316
		],
		[
			185,
			186
		],
		[
			208,
			209
		],
		[
			46,
			47
		],
		[
			46,
			49
		],
		[
			179,
			180
		],
		[
			196,
			266
		],
		[
			197,
			266
		],
		[
			196,
			197
		],
		[
			191,
			316
		],
		[
			179,
			196
		],
		[
			195,
			196
		],
		[
			198,
			266
		],
		[
			197,
			198
		],
		[
			203,
			204
		],
		[
			204,
			262
		],
		[
			205,
			262
		],
		[
			262,
			264
		],
		[
			205,
			264
		],
		[
			39,
			156
		],
		[
			39,
			157
		],
		[
			156,
			157
		],
		[
			218,
			255
		],
		[
			219,
			255
		],
		[
			218,
			219
		],
		[
			261,
			262
		],
		[
			261,
			263
		],
		[
			262,
			263
		],
		[
			179,
			266
		],
		[
			75,
			295
		],
		[
			75,
			76
		],
		[
			220,
			321
		],
		[
			220,
			226
		],
		[
			226,
			321
		],
		[
			236,
			259
		],
		[
			15,
			262
		],
		[
			15,
			16
		],
		[
			38,
			39
		],
		[
			212,
			217
		],
		[
			217,
			318
		],
		[
			103,
			303
		],
		[
			292,
			297
		],
		[
			35,
			37
		],
		[
			36,
			37
		],
		[
			35,
			36
		],
		[
			73,
			295
		],
		[
			221,
			222
		],
		[
			221,
			225
		],
		[
			222,
			225
		],
		[
			66,
			292
		],
		[
			135,
			137
		],
		[
			135,
			139
		],
		[
			137,
			139
		],
		[
			135,
			309
		],
		[
			137,
			309
		],
		[
			66,
			298
		],
		[
			66,
			68
		],
		[
			101,
			102
		],
		[
			142,
			143
		],
		[
			142,
			149
		],
		[
			143,
			149
		],
		[
			142,
			285
		],
		[
			149,
			285
		],
		[
			151,
			285
		],
		[
			149,
			151
		],
		[
			29,
			30
		],
		[
			224,
			225
		],
		[
			222,
			224
		],
		[
			43,
			86
		],
		[
			43,
			44
		],
		[
			292,
			298
		],
		[
			232,
			322
		],
		[
			232,
			233
		],
		[
			218,
			261
		],
		[
			14,
			261
		],
		[
			14,
			218
		],
		[
			280,
			285
		],
		[
			280,
			283
		],
		[
			102,
			103
		],
		[
			291,
			293
		],
		[
			87,
			281
		],
		[
			279,
			281
		],
		[
			223,
			224
		],
		[
			222,
			223
		],
		[
			99,
			100
		],
		[
			86,
			288
		],
		[
			217,
			261
		],
		[
			217,
			263
		],
		[
			221,
			321
		],
		[
			225,
			321
		],
		[
			228,
			257
		],
		[
			99,
			282
		],
		[
			98,
			99
		],
		[
			73,
			298
		],
		[
			280,
			282
		],
		[
			281,
			282
		],
		[
			280,
			281
		],
		[
			133,
			282
		],
		[
			134,
			282
		],
		[
			133,
			134
		],
		[
			230,
			324
		],
		[
			231,
			324
		],
		[
			230,
			231
		],
		[
			37,
			38
		],
		[
			37,
			158
		],
		[
			219,
			226
		],
		[
			219,
			227
		],
		[
			226,
			227
		],
		[
			140,
			280
		],
		[
			140,
			282
		],
		[
			231,
			325
		],
		[
			232,
			325
		],
		[
			231,
			232
		],
		[
			140,
			142
		],
		[
			142,
			280
		],
		[
			134,
			135
		],
		[
			134,
			284
		],
		[
			135,
			284
		],
		[
			282,
			284
		],
		[
			155,
			156
		],
		[
			40,
			155
		],
		[
			40,
			156
		],
		[
			139,
			284
		],
		[
			24,
			270
		],
		[
			171,
			172
		],
		[
			172,
			173
		],
		[
			49,
			50
		],
		[
			19,
			202
		],
		[
			201,
			202
		],
		[
			130,
			131
		],
		[
			131,
			132
		],
		[
			159,
			160
		],
		[
			164,
			165
		],
		[
			163,
			164
		],
		[
			205,
			206
		],
		[
			206,
			264
		],
		[
			66,
			67
		],
		[
			67,
			68
		],
		[
			57,
			58
		],
		[
			122,
			123
		],
		[
			119,
			308
		],
		[
			71,
			298
		],
		[
			70,
			71
		],
		[
			123,
			125
		],
		[
			125,
			126
		],
		[
			140,
			284
		],
		[
			118,
			308
		],
		[
			117,
			118
		],
		[
			72,
			298
		],
		[
			72,
			73
		],
		[
			86,
			281
		],
		[
			86,
			87
		],
		[
			79,
			80
		],
		[
			80,
			81
		],
		[
			118,
			119
		],
		[
			123,
			124
		],
		[
			124,
			125
		],
		[
			177,
			266
		],
		[
			178,
			266
		],
		[
			177,
			178
		],
		[
			192,
			316
		],
		[
			191,
			192
		],
		[
			52,
			288
		],
		[
			52,
			53
		],
		[
			126,
			127
		],
		[
			129,
			130
		],
		[
			83,
			84
		],
		[
			84,
			85
		],
		[
			43,
			280
		],
		[
			43,
			281
		],
		[
			71,
			72
		],
		[
			132,
			133
		],
		[
			192,
			194
		],
		[
			193,
			194
		],
		[
			192,
			193
		],
		[
			136,
			309
		],
		[
			136,
			137
		],
		[
			178,
			179
		],
		[
			68,
			69
		],
		[
			69,
			70
		],
		[
			137,
			138
		],
		[
			138,
			139
		],
		[
			53,
			54
		],
		[
			139,
			140
		],
		[
			143,
			144
		],
		[
			143,
			145
		],
		[
			144,
			145
		],
		[
			18,
			265
		],
		[
			202,
			265
		],
		[
			18,
			202
		],
		[
			149,
			310
		],
		[
			148,
			149
		],
		[
			200,
			267
		],
		[
			200,
			201
		],
		[
			143,
			310
		],
		[
			145,
			310
		],
		[
			174,
			272
		],
		[
			173,
			174
		],
		[
			204,
			205
		],
		[
			74,
			295
		],
		[
			74,
			75
		],
		[
			207,
			264
		],
		[
			207,
			208
		],
		[
			140,
			141
		],
		[
			141,
			142
		],
		[
			175,
			269
		],
		[
			174,
			175
		],
		[
			174,
			269
		],
		[
			32,
			33
		],
		[
			198,
			199
		],
		[
			198,
			200
		],
		[
			199,
			200
		],
		[
			266,
			267
		],
		[
			198,
			267
		],
		[
			145,
			146
		],
		[
			73,
			74
		],
		[
			42,
			277
		],
		[
			149,
			150
		],
		[
			150,
			151
		],
		[
			51,
			52
		],
		[
			160,
			161
		],
		[
			206,
			207
		],
		[
			152,
			153
		],
		[
			153,
			154
		],
		[
			54,
			55
		],
		[
			50,
			51
		],
		[
			76,
			77
		],
		[
			77,
			78
		],
		[
			151,
			152
		],
		[
			228,
			255
		],
		[
			8,
			244
		],
		[
			6,
			7
		],
		[
			17,
			265
		],
		[
			16,
			17
		],
		[
			11,
			254
		],
		[
			12,
			254
		],
		[
			11,
			12
		],
		[
			176,
			267
		],
		[
			19,
			176
		],
		[
			8,
			9
		],
		[
			8,
			11
		],
		[
			9,
			11
		],
		[
			21,
			269
		],
		[
			21,
			22
		],
		[
			257,
			260
		],
		[
			14,
			260
		],
		[
			217,
			218
		],
		[
			17,
			18
		],
		[
			8,
			254
		],
		[
			227,
			255
		],
		[
			155,
			276
		],
		[
			41,
			276
		],
		[
			18,
			19
		],
		[
			39,
			40
		],
		[
			23,
			24
		],
		[
			10,
			11
		],
		[
			9,
			10
		],
		[
			12,
			242
		],
		[
			277,
			286
		],
		[
			41,
			286
		],
		[
			13,
			260
		],
		[
			40,
			276
		],
		[
			42,
			286
		],
		[
			20,
			175
		],
		[
			20,
			269
		],
		[
			220,
			221
		],
		[
			324,
			325
		],
		[
			246,
			247
		],
		[
			227,
			228
		],
		[
			20,
			21
		],
		[
			177,
			267
		],
		[
			176,
			177
		],
		[
			19,
			20
		],
		[
			20,
			176
		],
		[
			175,
			176
		],
		[
			14,
			15
		],
		[
			15,
			261
		],
		[
			202,
			203
		],
		[
			237,
			259
		],
		[
			236,
			237
		],
		[
			322,
			325
		],
		[
			237,
			238
		],
		[
			219,
			220
		],
		[
			238,
			239
		]
	],
	"score": 0.5064935064935064
}