{
	"content_type": "CG_SHOP_2025_Solution",
	"instance_uid": "simple-polygon-exterior-20_60_53ad6d23",
	"steiner_points_x": [
		66,
		44,
		21,
		"3882/61",
		"4293/185",
		24,
		66,
		41,
		"1619343047/201242596",
		47,
		"88024/2213",
		15,
		"482/7",
		34,
		11,
		49,
		"37029/2213",
		20,
		"34/3",
		"2081/325",
		41,
		21,
		14,
		67,
		46,
		35,
		42,
		42,
		"438/65",
		11,
		46,
		59,
		"5595/481",
		"121/3",
		12,
		"4293/185",
		62,
		51,
		"1145/34",
		59,
		"4662/265",
		43,
		9,
		59,
		"447/25",
		11,
		"613822/29945",
		"2505755/75242",
		28,
		61,
		50,
		52,
		28,
		"13086/197",
		"762/11",
		"110490/2213",
		"262/31",
		"146919132003/17407484554",
		"7399/145",
		14,
		"599/10",
		44,
		15,
		8,
		64,
		"773/82",
		17,
		"1293/173",
		"11201/170",
		"12043/181",
		"13465/197",
		"2541/346",
		"1439/85",
		31,
		29,
		14,
		7,
		36,
		"1047/85",
		55,
		"2023/325",
		15,
		"13267/197",
		"63913/2213",
		"232/17",
		13,
		64,
		19,
		25,
		"17/2",
		"5557/85",
		"4499/650",
		"1121903/16745",
		"13380/197",
		"1371/85",
		19,
		17,
		"2073/113",
		24,
		28,
		29
	],
	"steiner_points_y": [
		35,
		62,
		27,
		"2255/61",
		5,
		19,
		49,
		34,
		"10549235503/201242596",
		"3364/47",
		"157714/2213",
		50,
		48,
		48,
		52,
		45,
		"155544/2213",
		56,
		24,
		"10483/325",
		60,
		14,
		53,
		54,
		53,
		5,
		23,
		41,
		"2489/65",
		32,
		49,
		23,
		"6005/481",
		5,
		57,
		"2029/185",
		54,
		36,
		"2115/34",
		31,
		"6049/265",
		51,
		"55/3",
		38,
		"1304/25",
		44,
		"607398/29945",
		"2670775/37621",
		6,
		42,
		5,
		9,
		5,
		"2752/197",
		"592/11",
		"158670/2213",
		"1738/31",
		"1822911293269/34814969108",
		"8913/145",
		20,
		14,
		38,
		44,
		46,
		43,
		"5317/82",
		29,
		"7972/173",
		"2627/170",
		"2806/181",
		"8058/197",
		"15949/346",
		"2492/85",
		9,
		68,
		27,
		29,
		9,
		"3224/85",
		29,
		"9439/325",
		32,
		"5286/197",
		"156688/2213",
		"486/17",
		41,
		22,
		33,
		32,
		"83/2",
		"1879/85",
		"13516/325",
		"368222/16745",
		"6868/197",
		"3152/85",
		40,
		19,
		"2014/113",
		42,
		48,
		51
	],
	"edges": [
		[
			84,
			101
		],
		[
			84,
			90
		],
		[
			90,
			101
		],
		[
			32,
			91
		],
		[
			33,
			91
		],
		[
			32,
			33
		],
		[
			31,
			91
		],
		[
			31,
			32
		],
		[
			31,
			139
		],
		[
			91,
			139
		],
		[
			25,
			31
		],
		[
			25,
			32
		],
		[
			23,
			111
		],
		[
			23,
			24
		],
		[
			24,
			111
		],
		[
			33,
			120
		],
		[
			33,
			36
		],
		[
			36,
			120
		],
		[
			48,
			49
		],
		[
			47,
			48
		],
		[
			47,
			49
		],
		[
			48,
			50
		],
		[
			49,
			50
		],
		[
			37,
			150
		],
		[
			37,
			142
		],
		[
			142,
			150
		],
		[
			40,
			96
		],
		[
			66,
			96
		],
		[
			40,
			66
		],
		[
			74,
			82
		],
		[
			74,
			94
		],
		[
			82,
			94
		],
		[
			8,
			10
		],
		[
			8,
			9
		],
		[
			9,
			10
		],
		[
			48,
			75
		],
		[
			75,
			90
		],
		[
			48,
			90
		],
		[
			7,
			147
		],
		[
			147,
			154
		],
		[
			7,
			154
		],
		[
			22,
			133
		],
		[
			21,
			133
		],
		[
			21,
			22
		],
		[
			4,
			74
		],
		[
			74,
			117
		],
		[
			4,
			117
		],
		[
			73,
			159
		],
		[
			9,
			73
		],
		[
			9,
			159
		],
		[
			105,
			123
		],
		[
			71,
			123
		],
		[
			71,
			105
		],
		[
			52,
			97
		],
		[
			28,
			52
		],
		[
			28,
			97
		],
		[
			51,
			52
		],
		[
			28,
			51
		],
		[
			52,
			75
		],
		[
			51,
			75
		],
		[
			49,
			96
		],
		[
			40,
			49
		],
		[
			58,
			77
		],
		[
			2,
			77
		],
		[
			2,
			58
		],
		[
			24,
			25
		],
		[
			24,
			32
		],
		[
			81,
			95
		],
		[
			21,
			81
		],
		[
			21,
			95
		],
		[
			8,
			11
		],
		[
			11,
			148
		],
		[
			8,
			148
		],
		[
			24,
			120
		],
		[
			111,
			120
		],
		[
			81,
			157
		],
		[
			19,
			81
		],
		[
			19,
			157
		],
		[
			50,
			109
		],
		[
			40,
			50
		],
		[
			40,
			109
		],
		[
			1,
			77
		],
		[
			77,
			104
		],
		[
			1,
			104
		],
		[
			80,
			84
		],
		[
			80,
			101
		],
		[
			10,
			87
		],
		[
			9,
			87
		],
		[
			106,
			156
		],
		[
			106,
			157
		],
		[
			156,
			157
		],
		[
			23,
			25
		],
		[
			25,
			26
		],
		[
			26,
			31
		],
		[
			52,
			53
		],
		[
			52,
			121
		],
		[
			53,
			121
		],
		[
			48,
			84
		],
		[
			42,
			43
		],
		[
			43,
			44
		],
		[
			42,
			44
		],
		[
			53,
			75
		],
		[
			105,
			145
		],
		[
			145,
			149
		],
		[
			105,
			149
		],
		[
			1,
			2
		],
		[
			26,
			67
		],
		[
			27,
			67
		],
		[
			26,
			27
		],
		[
			68,
			116
		],
		[
			4,
			116
		],
		[
			4,
			68
		],
		[
			87,
			121
		],
		[
			53,
			87
		],
		[
			73,
			160
		],
		[
			159,
			160
		],
		[
			30,
			31
		],
		[
			26,
			30
		],
		[
			27,
			121
		],
		[
			67,
			121
		],
		[
			50,
			51
		],
		[
			28,
			50
		],
		[
			88,
			89
		],
		[
			79,
			89
		],
		[
			79,
			88
		],
		[
			76,
			143
		],
		[
			134,
			143
		],
		[
			76,
			134
		],
		[
			10,
			11
		],
		[
			141,
			144
		],
		[
			89,
			144
		],
		[
			89,
			141
		],
		[
			30,
			139
		],
		[
			29,
			30
		],
		[
			29,
			139
		],
		[
			69,
			115
		],
		[
			45,
			115
		],
		[
			45,
			69
		],
		[
			17,
			78
		],
		[
			78,
			102
		],
		[
			17,
			102
		],
		[
			103,
			109
		],
		[
			63,
			109
		],
		[
			63,
			103
		],
		[
			145,
			154
		],
		[
			145,
			155
		],
		[
			154,
			155
		],
		[
			2,
			134
		],
		[
			58,
			134
		],
		[
			21,
			108
		],
		[
			95,
			108
		],
		[
			22,
			65
		],
		[
			21,
			65
		],
		[
			58,
			98
		],
		[
			56,
			98
		],
		[
			56,
			58
		],
		[
			9,
			54
		],
		[
			54,
			87
		],
		[
			0,
			71
		],
		[
			0,
			122
		],
		[
			71,
			122
		],
		[
			29,
			99
		],
		[
			99,
			139
		],
		[
			1,
			82
		],
		[
			1,
			94
		],
		[
			132,
			141
		],
		[
			132,
			144
		],
		[
			14,
			15
		],
		[
			15,
			148
		],
		[
			14,
			148
		],
		[
			41,
			83
		],
		[
			83,
			96
		],
		[
			41,
			96
		],
		[
			19,
			102
		],
		[
			19,
			92
		],
		[
			92,
			102
		],
		[
			6,
			88
		],
		[
			6,
			89
		],
		[
			29,
			38
		],
		[
			38,
			99
		],
		[
			55,
			73
		],
		[
			54,
			55
		],
		[
			54,
			73
		],
		[
			57,
			98
		],
		[
			98,
			107
		],
		[
			57,
			107
		],
		[
			19,
			20
		],
		[
			20,
			92
		],
		[
			55,
			56
		],
		[
			55,
			58
		],
		[
			83,
			114
		],
		[
			42,
			83
		],
		[
			42,
			114
		],
		[
			38,
			63
		],
		[
			38,
			103
		],
		[
			128,
			150
		],
		[
			129,
			150
		],
		[
			128,
			129
		],
		[
			8,
			159
		],
		[
			8,
			158
		],
		[
			158,
			159
		],
		[
			0,
			159
		],
		[
			0,
			59
		],
		[
			59,
			159
		],
		[
			56,
			80
		],
		[
			55,
			80
		],
		[
			47,
			84
		],
		[
			84,
			118
		],
		[
			47,
			118
		],
		[
			53,
			90
		],
		[
			91,
			99
		],
		[
			37,
			99
		],
		[
			37,
			91
		],
		[
			56,
			57
		],
		[
			13,
			62
		],
		[
			14,
			62
		],
		[
			13,
			14
		],
		[
			22,
			86
		],
		[
			23,
			86
		],
		[
			22,
			23
		],
		[
			57,
			69
		],
		[
			57,
			70
		],
		[
			69,
			70
		],
		[
			126,
			135
		],
		[
			100,
			126
		],
		[
			100,
			135
		],
		[
			33,
			128
		],
		[
			36,
			128
		],
		[
			54,
			90
		],
		[
			54,
			101
		],
		[
			122,
			155
		],
		[
			0,
			155
		],
		[
			91,
			146
		],
		[
			33,
			146
		],
		[
			20,
			95
		],
		[
			20,
			81
		],
		[
			27,
			97
		],
		[
			30,
			97
		],
		[
			27,
			30
		],
		[
			13,
			18
		],
		[
			18,
			62
		],
		[
			128,
			146
		],
		[
			24,
			33
		],
		[
			98,
			134
		],
		[
			107,
			134
		],
		[
			18,
			100
		],
		[
			18,
			106
		],
		[
			100,
			106
		],
		[
			70,
			107
		],
		[
			12,
			22
		],
		[
			13,
			22
		],
		[
			12,
			13
		],
		[
			59,
			160
		],
		[
			58,
			59
		],
		[
			58,
			160
		],
		[
			38,
			60
		],
		[
			60,
			63
		],
		[
			122,
			145
		],
		[
			2,
			76
		],
		[
			2,
			3
		],
		[
			3,
			76
		],
		[
			12,
			86
		],
		[
			12,
			26
		],
		[
			26,
			86
		],
		[
			36,
			113
		],
		[
			36,
			129
		],
		[
			113,
			129
		],
		[
			7,
			148
		],
		[
			7,
			8
		],
		[
			89,
			136
		],
		[
			79,
			136
		],
		[
			16,
			17
		],
		[
			16,
			78
		],
		[
			43,
			47
		],
		[
			43,
			118
		],
		[
			37,
			146
		],
		[
			78,
			135
		],
		[
			78,
			100
		],
		[
			2,
			94
		],
		[
			60,
			153
		],
		[
			39,
			60
		],
		[
			39,
			153
		],
		[
			100,
			156
		],
		[
			7,
			158
		],
		[
			53,
			54
		],
		[
			94,
			125
		],
		[
			2,
			125
		],
		[
			64,
			95
		],
		[
			20,
			64
		],
		[
			55,
			101
		],
		[
			68,
			117
		],
		[
			29,
			97
		],
		[
			5,
			123
		],
		[
			5,
			127
		],
		[
			123,
			127
		],
		[
			41,
			42
		],
		[
			39,
			130
		],
		[
			39,
			72
		],
		[
			72,
			130
		],
		[
			141,
			154
		],
		[
			141,
			147
		],
		[
			117,
			127
		],
		[
			68,
			127
		],
		[
			37,
			38
		],
		[
			37,
			60
		],
		[
			50,
			75
		],
		[
			25,
			86
		],
		[
			130,
			153
		],
		[
			18,
			65
		],
		[
			65,
			106
		],
		[
			40,
			124
		],
		[
			66,
			124
		],
		[
			46,
			57
		],
		[
			46,
			69
		],
		[
			12,
			14
		],
		[
			39,
			124
		],
		[
			72,
			124
		],
		[
			10,
			67
		],
		[
			11,
			67
		],
		[
			19,
			119
		],
		[
			102,
			119
		],
		[
			135,
			144
		],
		[
			16,
			135
		],
		[
			16,
			144
		],
		[
			3,
			125
		],
		[
			13,
			65
		],
		[
			64,
			108
		],
		[
			47,
			96
		],
		[
			138,
			145
		],
		[
			138,
			154
		],
		[
			66,
			83
		],
		[
			29,
			103
		],
		[
			11,
			26
		],
		[
			41,
			47
		],
		[
			23,
			137
		],
		[
			22,
			137
		],
		[
			43,
			45
		],
		[
			44,
			45
		],
		[
			39,
			63
		],
		[
			94,
			116
		],
		[
			116,
			125
		],
		[
			133,
			137
		],
		[
			119,
			156
		],
		[
			19,
			156
		],
		[
			57,
			61
		],
		[
			46,
			61
		],
		[
			34,
			110
		],
		[
			110,
			111
		],
		[
			34,
			111
		],
		[
			149,
			151
		],
		[
			88,
			149
		],
		[
			88,
			151
		],
		[
			41,
			43
		],
		[
			23,
			93
		],
		[
			93,
			137
		],
		[
			11,
			14
		],
		[
			11,
			12
		],
		[
			28,
			29
		],
		[
			79,
			140
		],
		[
			136,
			140
		],
		[
			17,
			136
		],
		[
			16,
			136
		],
		[
			105,
			122
		],
		[
			78,
			119
		],
		[
			55,
			160
		],
		[
			5,
			149
		],
		[
			5,
			151
		],
		[
			66,
			114
		],
		[
			62,
			126
		],
		[
			62,
			100
		],
		[
			43,
			46
		],
		[
			45,
			46
		],
		[
			147,
			148
		],
		[
			82,
			104
		],
		[
			132,
			147
		],
		[
			44,
			115
		],
		[
			66,
			72
		],
		[
			72,
			114
		],
		[
			50,
			103
		],
		[
			28,
			103
		],
		[
			60,
			142
		],
		[
			7,
			155
		],
		[
			155,
			158
		],
		[
			108,
			133
		],
		[
			46,
			118
		],
		[
			61,
			118
		],
		[
			59,
			77
		],
		[
			65,
			157
		],
		[
			63,
			124
		],
		[
			71,
			82
		],
		[
			71,
			104
		],
		[
			61,
			80
		],
		[
			61,
			84
		],
		[
			142,
			153
		],
		[
			126,
			132
		],
		[
			126,
			144
		],
		[
			107,
			143
		],
		[
			117,
			123
		],
		[
			108,
			112
		],
		[
			85,
			108
		],
		[
			85,
			112
		],
		[
			17,
			140
		],
		[
			100,
			119
		],
		[
			23,
			110
		],
		[
			93,
			110
		],
		[
			74,
			123
		],
		[
			71,
			74
		],
		[
			16,
			89
		],
		[
			6,
			145
		],
		[
			6,
			149
		],
		[
			35,
			120
		],
		[
			35,
			36
		],
		[
			146,
			150
		],
		[
			6,
			138
		],
		[
			89,
			138
		],
		[
			85,
			133
		],
		[
			59,
			104
		],
		[
			109,
			124
		],
		[
			10,
			121
		],
		[
			34,
			120
		],
		[
			0,
			104
		],
		[
			34,
			35
		],
		[
			85,
			137
		],
		[
			85,
			93
		],
		[
			0,
			158
		],
		[
			4,
			94
		],
		[
			64,
			112
		],
		[
			150,
			152
		],
		[
			142,
			152
		],
		[
			35,
			113
		],
		[
			15,
			147
		],
		[
			27,
			52
		],
		[
			127,
			131
		],
		[
			5,
			131
		],
		[
			65,
			81
		],
		[
			5,
			105
		],
		[
			138,
			141
		],
		[
			68,
			131
		],
		[
			15,
			62
		],
		[
			57,
			80
		],
		[
			15,
			126
		],
		[
			129,
			152
		],
		[
			15,
			132
		]
	],
	"score": 0.36450000000000005
}