{
	"content_type": "CG_SHOP_2025_Solution",
	"instance_uid": "ortho_150_53eb4022",
	"steiner_points_x": [
		867975,
		561542,
		953846,
		79277,
		583827,
		685531,
		99923,
		573710,
		-479882,
		-56100,
		1084731,
		993050,
		1256733,
		"2873876/5",
		1051750,
		213208,
		800686,
		359291,
		710594,
		-294671,
		65096,
		900166,
		1202364,
		710595,
		160143,
		790655,
		592804,
		323079,
		619375,
		1027695,
		1075996,
		998251,
		402553,
		619374,
		800686,
		1040030,
		269841,
		691193,
		683179,
		359291,
		463556,
		424168
	],
	"steiner_points_y": [
		1000000,
		-703375,
		0,
		-670,
		-443133,
		177743,
		-3086,
		-562500,
		819848,
		720432,
		808381,
		0,
		-402226,
		-847097,
		-214950,
		-40344,
		-385956,
		177743,
		-317351,
		665320,
		2893,
		0,
		-356528,
		-385956,
		-10137,
		470545,
		-460209,
		660735,
		-502359,
		-243964,
		-277965,
		-420606,
		46589,
		-562500,
		-562501,
		549809,
		-14104,
		1005116,
		862938,
		-1,
		-847097,
		-758392
	],
	"edges": [
		[
			46,
			47
		],
		[
			46,
			48
		],
		[
			47,
			48
		],
		[
			12,
			13
		],
		[
			12,
			16
		],
		[
			13,
			16
		],
		[
			56,
			59
		],
		[
			59,
			164
		],
		[
			56,
			164
		],
		[
			55,
			180
		],
		[
			56,
			180
		],
		[
			55,
			56
		],
		[
			87,
			175
		],
		[
			127,
			175
		],
		[
			87,
			127
		],
		[
			33,
			178
		],
		[
			173,
			178
		],
		[
			33,
			173
		],
		[
			128,
			130
		],
		[
			128,
			167
		],
		[
			130,
			167
		],
		[
			39,
			181
		],
		[
			41,
			181
		],
		[
			39,
			41
		],
		[
			101,
			103
		],
		[
			101,
			187
		],
		[
			103,
			187
		],
		[
			26,
			163
		],
		[
			24,
			26
		],
		[
			24,
			163
		],
		[
			52,
			54
		],
		[
			53,
			54
		],
		[
			52,
			53
		],
		[
			38,
			180
		],
		[
			38,
			179
		],
		[
			179,
			180
		],
		[
			106,
			187
		],
		[
			103,
			106
		],
		[
			71,
			152
		],
		[
			72,
			152
		],
		[
			71,
			72
		],
		[
			91,
			150
		],
		[
			99,
			150
		],
		[
			91,
			99
		],
		[
			146,
			147
		],
		[
			146,
			153
		],
		[
			147,
			153
		],
		[
			60,
			168
		],
		[
			5,
			168
		],
		[
			5,
			60
		],
		[
			79,
			185
		],
		[
			80,
			185
		],
		[
			79,
			80
		],
		[
			4,
			182
		],
		[
			5,
			182
		],
		[
			4,
			5
		],
		[
			123,
			177
		],
		[
			125,
			177
		],
		[
			123,
			125
		],
		[
			46,
			162
		],
		[
			46,
			49
		],
		[
			49,
			162
		],
		[
			152,
			161
		],
		[
			71,
			161
		],
		[
			49,
			52
		],
		[
			49,
			55
		],
		[
			52,
			55
		],
		[
			45,
			180
		],
		[
			172,
			180
		],
		[
			45,
			172
		],
		[
			110,
			159
		],
		[
			112,
			159
		],
		[
			110,
			112
		],
		[
			49,
			50
		],
		[
			50,
			52
		],
		[
			101,
			188
		],
		[
			187,
			188
		],
		[
			46,
			172
		],
		[
			49,
			172
		],
		[
			139,
			140
		],
		[
			139,
			141
		],
		[
			140,
			141
		],
		[
			16,
			178
		],
		[
			178,
			183
		],
		[
			16,
			183
		],
		[
			45,
			181
		],
		[
			44,
			45
		],
		[
			44,
			181
		],
		[
			38,
			181
		],
		[
			38,
			45
		],
		[
			51,
			52
		],
		[
			50,
			51
		],
		[
			147,
			148
		],
		[
			147,
			170
		],
		[
			148,
			170
		],
		[
			80,
			84
		],
		[
			84,
			185
		],
		[
			66,
			161
		],
		[
			67,
			161
		],
		[
			66,
			67
		],
		[
			28,
			183
		],
		[
			31,
			183
		],
		[
			28,
			31
		],
		[
			166,
			173
		],
		[
			37,
			173
		],
		[
			37,
			166
		],
		[
			54,
			55
		],
		[
			68,
			161
		],
		[
			67,
			68
		],
		[
			62,
			171
		],
		[
			62,
			75
		],
		[
			75,
			171
		],
		[
			59,
			179
		],
		[
			60,
			179
		],
		[
			59,
			60
		],
		[
			62,
			76
		],
		[
			75,
			76
		],
		[
			114,
			115
		],
		[
			114,
			169
		],
		[
			115,
			169
		],
		[
			1,
			147
		],
		[
			1,
			153
		],
		[
			45,
			46
		],
		[
			90,
			101
		],
		[
			90,
			188
		],
		[
			63,
			171
		],
		[
			62,
			63
		],
		[
			33,
			183
		],
		[
			31,
			33
		],
		[
			139,
			142
		],
		[
			141,
			142
		],
		[
			133,
			167
		],
		[
			130,
			133
		],
		[
			99,
			160
		],
		[
			97,
			99
		],
		[
			97,
			160
		],
		[
			57,
			164
		],
		[
			58,
			164
		],
		[
			57,
			58
		],
		[
			138,
			186
		],
		[
			138,
			189
		],
		[
			186,
			189
		],
		[
			64,
			171
		],
		[
			63,
			64
		],
		[
			143,
			145
		],
		[
			143,
			146
		],
		[
			145,
			146
		],
		[
			114,
			159
		],
		[
			112,
			114
		],
		[
			42,
			43
		],
		[
			42,
			44
		],
		[
			43,
			44
		],
		[
			58,
			59
		],
		[
			65,
			152
		],
		[
			65,
			72
		],
		[
			27,
			183
		],
		[
			27,
			28
		],
		[
			149,
			170
		],
		[
			0,
			170
		],
		[
			0,
			149
		],
		[
			148,
			149
		],
		[
			41,
			44
		],
		[
			41,
			42
		],
		[
			38,
			60
		],
		[
			79,
			175
		],
		[
			175,
			185
		],
		[
			48,
			162
		],
		[
			68,
			69
		],
		[
			68,
			70
		],
		[
			69,
			70
		],
		[
			37,
			38
		],
		[
			37,
			60
		],
		[
			119,
			159
		],
		[
			122,
			159
		],
		[
			119,
			122
		],
		[
			56,
			179
		],
		[
			127,
			177
		],
		[
			87,
			177
		],
		[
			17,
			157
		],
		[
			157,
			183
		],
		[
			17,
			183
		],
		[
			153,
			156
		],
		[
			2,
			156
		],
		[
			2,
			153
		],
		[
			17,
			27
		],
		[
			1,
			170
		],
		[
			0,
			1
		],
		[
			90,
			91
		],
		[
			90,
			150
		],
		[
			17,
			18
		],
		[
			17,
			151
		],
		[
			18,
			151
		],
		[
			65,
			171
		],
		[
			65,
			75
		],
		[
			173,
			176
		],
		[
			154,
			176
		],
		[
			154,
			173
		],
		[
			168,
			173
		],
		[
			37,
			168
		],
		[
			72,
			75
		],
		[
			156,
			174
		],
		[
			2,
			174
		],
		[
			40,
			41
		],
		[
			39,
			40
		],
		[
			68,
			71
		],
		[
			91,
			160
		],
		[
			143,
			144
		],
		[
			144,
			145
		],
		[
			55,
			172
		],
		[
			34,
			173
		],
		[
			34,
			166
		],
		[
			125,
			127
		],
		[
			159,
			177
		],
		[
			110,
			177
		],
		[
			128,
			175
		],
		[
			127,
			128
		],
		[
			64,
			65
		],
		[
			20,
			191
		],
		[
			20,
			23
		],
		[
			23,
			191
		],
		[
			28,
			30
		],
		[
			30,
			31
		],
		[
			114,
			119
		],
		[
			80,
			81
		],
		[
			80,
			82
		],
		[
			81,
			82
		],
		[
			128,
			155
		],
		[
			155,
			167
		],
		[
			77,
			155
		],
		[
			155,
			175
		],
		[
			77,
			175
		],
		[
			94,
			160
		],
		[
			94,
			97
		],
		[
			95,
			96
		],
		[
			95,
			97
		],
		[
			96,
			97
		],
		[
			139,
			165
		],
		[
			142,
			165
		],
		[
			34,
			184
		],
		[
			166,
			184
		],
		[
			3,
			165
		],
		[
			165,
			186
		],
		[
			3,
			186
		],
		[
			115,
			118
		],
		[
			118,
			169
		],
		[
			8,
			11
		],
		[
			8,
			154
		],
		[
			11,
			154
		],
		[
			8,
			9
		],
		[
			8,
			10
		],
		[
			9,
			10
		],
		[
			13,
			14
		],
		[
			13,
			15
		],
		[
			14,
			15
		],
		[
			84,
			86
		],
		[
			86,
			185
		],
		[
			136,
			182
		],
		[
			4,
			136
		],
		[
			20,
			21
		],
		[
			20,
			22
		],
		[
			21,
			22
		],
		[
			61,
			155
		],
		[
			5,
			61
		],
		[
			5,
			155
		],
		[
			139,
			186
		],
		[
			123,
			159
		],
		[
			122,
			123
		],
		[
			138,
			139
		],
		[
			33,
			34
		],
		[
			19,
			163
		],
		[
			19,
			26
		],
		[
			19,
			190
		],
		[
			163,
			190
		],
		[
			84,
			85
		],
		[
			85,
			86
		],
		[
			136,
			137
		],
		[
			136,
			138
		],
		[
			137,
			138
		],
		[
			26,
			151
		],
		[
			27,
			151
		],
		[
			26,
			27
		],
		[
			103,
			105
		],
		[
			105,
			106
		],
		[
			130,
			132
		],
		[
			132,
			133
		],
		[
			1,
			2
		],
		[
			22,
			191
		],
		[
			10,
			11
		],
		[
			15,
			16
		],
		[
			70,
			71
		],
		[
			19,
			151
		],
		[
			18,
			19
		],
		[
			82,
			84
		],
		[
			20,
			190
		],
		[
			23,
			190
		],
		[
			119,
			120
		],
		[
			120,
			122
		],
		[
			3,
			189
		],
		[
			4,
			189
		],
		[
			3,
			4
		],
		[
			92,
			94
		],
		[
			93,
			94
		],
		[
			92,
			93
		],
		[
			106,
			107
		],
		[
			106,
			108
		],
		[
			107,
			108
		],
		[
			31,
			32
		],
		[
			32,
			33
		],
		[
			77,
			78
		],
		[
			77,
			79
		],
		[
			78,
			79
		],
		[
			28,
			29
		],
		[
			29,
			30
		],
		[
			133,
			134
		],
		[
			133,
			135
		],
		[
			134,
			135
		],
		[
			72,
			73
		],
		[
			72,
			74
		],
		[
			73,
			74
		],
		[
			19,
			20
		],
		[
			92,
			160
		],
		[
			135,
			167
		],
		[
			34,
			36
		],
		[
			36,
			184
		],
		[
			135,
			155
		],
		[
			143,
			156
		],
		[
			146,
			156
		],
		[
			108,
			187
		],
		[
			108,
			188
		],
		[
			87,
			88
		],
		[
			88,
			177
		],
		[
			12,
			154
		],
		[
			12,
			176
		],
		[
			34,
			35
		],
		[
			35,
			36
		],
		[
			88,
			89
		],
		[
			88,
			90
		],
		[
			89,
			90
		],
		[
			136,
			189
		],
		[
			143,
			174
		],
		[
			8,
			173
		],
		[
			101,
			150
		],
		[
			115,
			116
		],
		[
			115,
			117
		],
		[
			116,
			117
		],
		[
			97,
			98
		],
		[
			98,
			99
		],
		[
			121,
			122
		],
		[
			120,
			121
		],
		[
			76,
			155
		],
		[
			61,
			76
		],
		[
			119,
			169
		],
		[
			103,
			104
		],
		[
			104,
			105
		],
		[
			142,
			174
		],
		[
			165,
			174
		],
		[
			2,
			165
		],
		[
			2,
			3
		],
		[
			110,
			111
		],
		[
			111,
			112
		],
		[
			125,
			126
		],
		[
			126,
			127
		],
		[
			83,
			84
		],
		[
			82,
			83
		],
		[
			76,
			77
		],
		[
			7,
			168
		],
		[
			5,
			7
		],
		[
			123,
			124
		],
		[
			124,
			125
		],
		[
			60,
			61
		],
		[
			177,
			188
		],
		[
			108,
			177
		],
		[
			108,
			109
		],
		[
			108,
			110
		],
		[
			109,
			110
		],
		[
			87,
			185
		],
		[
			88,
			188
		],
		[
			142,
			143
		],
		[
			16,
			176
		],
		[
			101,
			102
		],
		[
			102,
			103
		],
		[
			115,
			158
		],
		[
			118,
			158
		],
		[
			128,
			129
		],
		[
			129,
			130
		],
		[
			155,
			182
		],
		[
			135,
			182
		],
		[
			99,
			100
		],
		[
			100,
			150
		],
		[
			130,
			131
		],
		[
			131,
			132
		],
		[
			135,
			136
		],
		[
			7,
			173
		],
		[
			176,
			178
		],
		[
			94,
			95
		],
		[
			91,
			92
		],
		[
			61,
			62
		],
		[
			11,
			12
		],
		[
			16,
			157
		],
		[
			25,
			26
		],
		[
			24,
			25
		],
		[
			117,
			158
		],
		[
			112,
			113
		],
		[
			113,
			114
		],
		[
			74,
			75
		],
		[
			5,
			6
		],
		[
			6,
			7
		],
		[
			7,
			8
		]
	],
	"score": 0.5116279069767442
}