{
	"content_type": "CG_SHOP_2025_Solution",
	"instance_uid": "ortho_10_d2723dcc",
	"steiner_points_x": [
		1000000,
		782088,
		0
	],
	"steiner_points_y": [
		735756,
		0,
		753684
	],
	"edges": [
		[
			7,
			9
		],
		[
			7,
			12
		],
		[
			9,
			12
		],
		[
			6,
			7
		],
		[
			6,
			12
		],
		[
			7,
			8
		],
		[
			8,
			9
		],
		[
			0,
			6
		],
		[
			6,
			11
		],
		[
			0,
			11
		],
		[
			4,
			5
		],
		[
			4,
			10
		],
		[
			5,
			10
		],
		[
			0,
			12
		],
		[
			5,
			11
		],
		[
			1,
			5
		],
		[
			1,
			11
		],
		[
			2,
			3
		],
		[
			2,
			4
		],
		[
			3,
			4
		],
		[
			1,
			10
		],
		[
			5,
			6
		],
		[
			2,
			10
		]
	],
	"score": 0.625
}