{
	"content_type": "CG_SHOP_2025_Solution",
	"instance_uid": "point-set_60_74409a1d",
	"steiner_points_x": [
		"2518189/47497",
		"33551841/14657",
		3017,
		999,
		1140,
		2483,
		"26753093/14657",
		"18145637/14657",
		"5366340/1907",
		3103,
		"5547/8",
		2531,
		"1058179002/1710805",
		2132,
		2927,
		2615,
		2449,
		3280,
		"38901614/14657",
		440,
		3331,
		2414,
		2289,
		"33463995/14657",
		"22140452/14657",
		1855,
		196,
		157,
		"241820710/71053",
		3240,
		"70440088/178205",
		"23487613/9829",
		"2132788455/557386",
		3377,
		1388,
		2654,
		3010,
		2716,
		2235,
		1954,
		1942,
		"4045387/47497",
		2899,
		1094,
		"20114425/35641",
		3584,
		1078,
		920,
		"34141839/9290",
		627,
		2995,
		887,
		"7396/5",
		827,
		"48167189/14657",
		617,
		1237,
		2332,
		"44839810/14657",
		3178,
		3480,
		2808,
		2652,
		"3428858470/923689",
		3533,
		3373,
		455,
		3088,
		"3325557779/3421610",
		"2166890637/557386",
		969,
		"1603031228/1710805",
		"29479/10",
		1960,
		2385,
		3115,
		3575,
		"118164563/356410",
		2809,
		518,
		3235,
		3271,
		742
	],
	"steiner_points_y": [
		"36523320/47497",
		"28538083/14657",
		1607,
		1192,
		1490,
		748,
		"28762835/14657",
		"29047379/14657",
		"3679957/1907",
		648,
		"159/8",
		1063,
		"30331794/1710805",
		445,
		683,
		1149,
		333,
		"1135/4",
		"28361231/14657",
		1716,
		1547,
		947,
		1943,
		"28540987/14657",
		"28915319/14657",
		1835,
		366,
		755,
		"25035251/71053",
		1463,
		"314196516/178205",
		"1017065/9829",
		"614789149/557386",
		1828,
		1166,
		1931,
		1689,
		1050,
		834,
		1644,
		1302,
		"47898312/47497",
		534,
		579,
		"68559519/35641",
		1286,
		920,
		975,
		"15039397/9290",
		1673,
		1816,
		155,
		"212/5",
		347,
		"28054931/14657",
		71,
		1951,
		1312,
		"28164927/14657",
		906,
		1683,
		1617,
		1618,
		"484009900/923689",
		1327,
		407,
		543,
		777,
		"95324263/3421610",
		"423452479/557386",
		130,
		"45949516/1710805",
		"778/5",
		854,
		153,
		474,
		1335,
		"606831561/356410",
		1794,
		1581,
		1651,
		1786,
		724
	],
	"edges": [
		[
			19,
			123
		],
		[
			13,
			19
		],
		[
			13,
			123
		],
		[
			53,
			122
		],
		[
			16,
			122
		],
		[
			16,
			53
		],
		[
			47,
			80
		],
		[
			47,
			120
		],
		[
			80,
			120
		],
		[
			5,
			23
		],
		[
			23,
			130
		],
		[
			5,
			130
		],
		[
			81,
			98
		],
		[
			65,
			81
		],
		[
			65,
			98
		],
		[
			64,
			94
		],
		[
			63,
			94
		],
		[
			63,
			64
		],
		[
			21,
			29
		],
		[
			21,
			79
		],
		[
			29,
			79
		],
		[
			121,
			122
		],
		[
			16,
			121
		],
		[
			12,
			81
		],
		[
			12,
			65
		],
		[
			52,
			107
		],
		[
			15,
			52
		],
		[
			15,
			107
		],
		[
			43,
			103
		],
		[
			11,
			43
		],
		[
			11,
			103
		],
		[
			59,
			63
		],
		[
			63,
			107
		],
		[
			59,
			107
		],
		[
			52,
			142
		],
		[
			20,
			52
		],
		[
			20,
			142
		],
		[
			56,
			95
		],
		[
			56,
			82
		],
		[
			82,
			95
		],
		[
			78,
			95
		],
		[
			61,
			95
		],
		[
			61,
			78
		],
		[
			69,
			74
		],
		[
			69,
			102
		],
		[
			74,
			102
		],
		[
			63,
			139
		],
		[
			109,
			139
		],
		[
			63,
			109
		],
		[
			8,
			51
		],
		[
			51,
			114
		],
		[
			8,
			114
		],
		[
			2,
			62
		],
		[
			18,
			62
		],
		[
			2,
			18
		],
		[
			26,
			32
		],
		[
			19,
			32
		],
		[
			19,
			26
		],
		[
			15,
			34
		],
		[
			15,
			142
		],
		[
			34,
			142
		],
		[
			47,
			93
		],
		[
			93,
			120
		],
		[
			85,
			99
		],
		[
			56,
			85
		],
		[
			56,
			99
		],
		[
			21,
			137
		],
		[
			79,
			137
		],
		[
			59,
			139
		],
		[
			21,
			59
		],
		[
			21,
			139
		],
		[
			48,
			99
		],
		[
			48,
			56
		],
		[
			17,
			101
		],
		[
			17,
			60
		],
		[
			60,
			101
		],
		[
			39,
			135
		],
		[
			39,
			102
		],
		[
			102,
			135
		],
		[
			38,
			51
		],
		[
			38,
			118
		],
		[
			51,
			118
		],
		[
			16,
			40
		],
		[
			28,
			40
		],
		[
			16,
			28
		],
		[
			43,
			107
		],
		[
			106,
			107
		],
		[
			43,
			106
		],
		[
			18,
			96
		],
		[
			62,
			96
		],
		[
			38,
			141
		],
		[
			51,
			141
		],
		[
			46,
			81
		],
		[
			36,
			81
		],
		[
			36,
			46
		],
		[
			26,
			69
		],
		[
			32,
			69
		],
		[
			99,
			117
		],
		[
			48,
			117
		],
		[
			60,
			87
		],
		[
			17,
			87
		],
		[
			35,
			64
		],
		[
			35,
			94
		],
		[
			14,
			113
		],
		[
			20,
			113
		],
		[
			14,
			20
		],
		[
			40,
			89
		],
		[
			28,
			89
		],
		[
			1,
			65
		],
		[
			1,
			12
		],
		[
			14,
			103
		],
		[
			23,
			103
		],
		[
			14,
			23
		],
		[
			73,
			76
		],
		[
			76,
			134
		],
		[
			73,
			134
		],
		[
			74,
			97
		],
		[
			12,
			74
		],
		[
			12,
			97
		],
		[
			34,
			59
		],
		[
			15,
			59
		],
		[
			53,
			54
		],
		[
			54,
			75
		],
		[
			53,
			75
		],
		[
			64,
			116
		],
		[
			35,
			116
		],
		[
			79,
			104
		],
		[
			29,
			104
		],
		[
			66,
			83
		],
		[
			7,
			83
		],
		[
			7,
			66
		],
		[
			16,
			62
		],
		[
			40,
			62
		],
		[
			19,
			33
		],
		[
			4,
			33
		],
		[
			4,
			19
		],
		[
			64,
			109
		],
		[
			50,
			116
		],
		[
			35,
			50
		],
		[
			0,
			35
		],
		[
			0,
			50
		],
		[
			30,
			109
		],
		[
			30,
			64
		],
		[
			17,
			34
		],
		[
			17,
			59
		],
		[
			16,
			54
		],
		[
			87,
			126
		],
		[
			34,
			87
		],
		[
			34,
			126
		],
		[
			5,
			49
		],
		[
			14,
			49
		],
		[
			5,
			14
		],
		[
			28,
			54
		],
		[
			38,
			140
		],
		[
			140,
			141
		],
		[
			50,
			84
		],
		[
			84,
			116
		],
		[
			27,
			120
		],
		[
			58,
			120
		],
		[
			27,
			58
		],
		[
			12,
			71
		],
		[
			71,
			97
		],
		[
			11,
			23
		],
		[
			4,
			13
		],
		[
			4,
			92
		],
		[
			13,
			92
		],
		[
			32,
			119
		],
		[
			33,
			119
		],
		[
			32,
			33
		],
		[
			10,
			44
		],
		[
			44,
			134
		],
		[
			10,
			134
		],
		[
			74,
			127
		],
		[
			69,
			127
		],
		[
			97,
			119
		],
		[
			28,
			97
		],
		[
			28,
			119
		],
		[
			21,
			45
		],
		[
			45,
			137
		],
		[
			50,
			66
		],
		[
			66,
			84
		],
		[
			1,
			74
		],
		[
			1,
			102
		],
		[
			17,
			45
		],
		[
			45,
			59
		],
		[
			68,
			95
		],
		[
			68,
			138
		],
		[
			95,
			138
		],
		[
			7,
			85
		],
		[
			7,
			56
		],
		[
			18,
			140
		],
		[
			2,
			140
		],
		[
			80,
			89
		],
		[
			80,
			124
		],
		[
			89,
			124
		],
		[
			76,
			102
		],
		[
			55,
			102
		],
		[
			55,
			76
		],
		[
			24,
			125
		],
		[
			24,
			26
		],
		[
			26,
			125
		],
		[
			11,
			73
		],
		[
			11,
			133
		],
		[
			73,
			133
		],
		[
			36,
			100
		],
		[
			46,
			100
		],
		[
			45,
			101
		],
		[
			54,
			97
		],
		[
			113,
			126
		],
		[
			20,
			126
		],
		[
			71,
			75
		],
		[
			75,
			97
		],
		[
			11,
			44
		],
		[
			23,
			44
		],
		[
			38,
			110
		],
		[
			110,
			118
		],
		[
			19,
			125
		],
		[
			24,
			57
		],
		[
			24,
			77
		],
		[
			57,
			77
		],
		[
			24,
			39
		],
		[
			39,
			57
		],
		[
			46,
			71
		],
		[
			31,
			46
		],
		[
			31,
			71
		],
		[
			70,
			111
		],
		[
			111,
			131
		],
		[
			70,
			131
		],
		[
			9,
			60
		],
		[
			9,
			87
		],
		[
			46,
			117
		],
		[
			100,
			117
		],
		[
			29,
			109
		],
		[
			29,
			30
		],
		[
			2,
			40
		],
		[
			99,
			100
		],
		[
			68,
			78
		],
		[
			37,
			86
		],
		[
			9,
			37
		],
		[
			9,
			86
		],
		[
			94,
			133
		],
		[
			94,
			100
		],
		[
			100,
			133
		],
		[
			66,
			85
		],
		[
			95,
			122
		],
		[
			56,
			122
		],
		[
			24,
			135
		],
		[
			26,
			135
		],
		[
			43,
			52
		],
		[
			47,
			140
		],
		[
			80,
			140
		],
		[
			39,
			55
		],
		[
			55,
			57
		],
		[
			25,
			111
		],
		[
			6,
			111
		],
		[
			6,
			25
		],
		[
			79,
			90
		],
		[
			90,
			137
		],
		[
			55,
			132
		],
		[
			57,
			132
		],
		[
			62,
			121
		],
		[
			96,
			121
		],
		[
			89,
			140
		],
		[
			122,
			138
		],
		[
			121,
			138
		],
		[
			4,
			105
		],
		[
			41,
			105
		],
		[
			4,
			41
		],
		[
			90,
			104
		],
		[
			58,
			93
		],
		[
			61,
			82
		],
		[
			31,
			53
		],
		[
			31,
			75
		],
		[
			13,
			22
		],
		[
			22,
			123
		],
		[
			71,
			81
		],
		[
			33,
			124
		],
		[
			105,
			124
		],
		[
			33,
			105
		],
		[
			77,
			125
		],
		[
			48,
			122
		],
		[
			30,
			104
		],
		[
			88,
			125
		],
		[
			77,
			88
		],
		[
			120,
			124
		],
		[
			48,
			53
		],
		[
			0,
			94
		],
		[
			0,
			100
		],
		[
			82,
			83
		],
		[
			61,
			83
		],
		[
			20,
			103
		],
		[
			27,
			41
		],
		[
			27,
			108
		],
		[
			41,
			108
		],
		[
			51,
			93
		],
		[
			93,
			141
		],
		[
			44,
			112
		],
		[
			10,
			112
		],
		[
			18,
			38
		],
		[
			67,
			116
		],
		[
			42,
			116
		],
		[
			42,
			67
		],
		[
			3,
			30
		],
		[
			3,
			104
		],
		[
			58,
			108
		],
		[
			1,
			76
		],
		[
			49,
			111
		],
		[
			5,
			111
		],
		[
			38,
			96
		],
		[
			96,
			110
		],
		[
			29,
			139
		],
		[
			28,
			33
		],
		[
			33,
			89
		],
		[
			30,
			42
		],
		[
			42,
			64
		],
		[
			105,
			136
		],
		[
			41,
			136
		],
		[
			50,
			85
		],
		[
			3,
			42
		],
		[
			130,
			131
		],
		[
			128,
			130
		],
		[
			128,
			131
		],
		[
			68,
			110
		],
		[
			68,
			118
		],
		[
			49,
			113
		],
		[
			25,
			49
		],
		[
			25,
			113
		],
		[
			111,
			130
		],
		[
			114,
			118
		],
		[
			86,
			87
		],
		[
			8,
			93
		],
		[
			8,
			58
		],
		[
			37,
			115
		],
		[
			72,
			115
		],
		[
			37,
			72
		],
		[
			31,
			117
		],
		[
			52,
			103
		],
		[
			6,
			115
		],
		[
			6,
			70
		],
		[
			70,
			115
		],
		[
			91,
			134
		],
		[
			10,
			91
		],
		[
			97,
			127
		],
		[
			119,
			127
		],
		[
			123,
			125
		],
		[
			86,
			126
		],
		[
			6,
			126
		],
		[
			6,
			86
		],
		[
			0,
			99
		],
		[
			0,
			85
		],
		[
			44,
			73
		],
		[
			124,
			136
		],
		[
			120,
			136
		],
		[
			7,
			82
		],
		[
			2,
			89
		],
		[
			47,
			141
		],
		[
			88,
			123
		],
		[
			126,
			142
		],
		[
			13,
			129
		],
		[
			22,
			129
		],
		[
			98,
			133
		],
		[
			36,
			133
		],
		[
			36,
			98
		],
		[
			41,
			92
		],
		[
			92,
			129
		],
		[
			25,
			126
		],
		[
			67,
			84
		],
		[
			132,
			134
		],
		[
			91,
			132
		],
		[
			96,
			138
		],
		[
			32,
			127
		],
		[
			31,
			48
		],
		[
			11,
			94
		],
		[
			76,
			132
		],
		[
			86,
			115
		],
		[
			112,
			130
		],
		[
			23,
			112
		],
		[
			11,
			106
		],
		[
			94,
			106
		],
		[
			110,
			138
		],
		[
			69,
			135
		],
		[
			65,
			76
		],
		[
			73,
			98
		],
		[
			65,
			73
		],
		[
			70,
			72
		],
		[
			27,
			136
		],
		[
			63,
			106
		],
		[
			112,
			128
		]
	],
	"score": 0.5059523809523809
}