{
	"content_type": "CG_SHOP_2025_Solution",
	"instance_uid": "point-set_20_72cd2066",
	"steiner_points_x": [
		"4112328964/2300905",
		1843,
		2922,
		2797,
		2545,
		3417,
		"5283/2",
		2871,
		1661,
		508,
		"6159296833/2300905",
		"13731410897/4601810",
		390,
		418,
		1147,
		"463577211/556565",
		"20933189/193609",
		2335,
		1728,
		"371177982/114725",
		801,
		"1960803259/3557989",
		"61614851/111313",
		"96109161/27409",
		"769580631/229450",
		"6143121504/3557989",
		269,
		1146
	],
	"steiner_points_y": [
		"335736383/2300905",
		1480,
		940,
		1345,
		1410,
		1226,
		"3679/2",
		1771,
		310,
		297,
		"1509360626/2300905",
		"3828756709/4601810",
		919,
		1439,
		604,
		"22235832/556565",
		"256347384/193609",
		1741,
		1802,
		"190700974/114725",
		1112,
		"5667989200/3557989",
		"9188292/111313",
		"31591529/27409",
		"373276067/229450",
		"6439068898/3557989",
		1422,
		310
	],
	"edges": [
		[
			1,
			11
		],
		[
			11,
			47
		],
		[
			1,
			47
		],
		[
			17,
			35
		],
		[
			11,
			17
		],
		[
			11,
			35
		],
		[
			38,
			45
		],
		[
			38,
			41
		],
		[
			41,
			45
		],
		[
			13,
			36
		],
		[
			36,
			46
		],
		[
			13,
			46
		],
		[
			6,
			29
		],
		[
			6,
			17
		],
		[
			17,
			29
		],
		[
			3,
			37
		],
		[
			3,
			16
		],
		[
			16,
			37
		],
		[
			5,
			22
		],
		[
			22,
			30
		],
		[
			5,
			30
		],
		[
			2,
			3
		],
		[
			3,
			26
		],
		[
			2,
			26
		],
		[
			0,
			37
		],
		[
			0,
			3
		],
		[
			26,
			27
		],
		[
			2,
			27
		],
		[
			18,
			46
		],
		[
			18,
			36
		],
		[
			21,
			38
		],
		[
			8,
			38
		],
		[
			8,
			21
		],
		[
			4,
			9
		],
		[
			4,
			44
		],
		[
			9,
			44
		],
		[
			19,
			27
		],
		[
			2,
			19
		],
		[
			27,
			39
		],
		[
			19,
			39
		],
		[
			0,
			26
		],
		[
			34,
			47
		],
		[
			28,
			34
		],
		[
			28,
			47
		],
		[
			15,
			17
		],
		[
			15,
			29
		],
		[
			17,
			42
		],
		[
			35,
			42
		],
		[
			33,
			46
		],
		[
			7,
			46
		],
		[
			7,
			33
		],
		[
			12,
			29
		],
		[
			12,
			15
		],
		[
			8,
			37
		],
		[
			21,
			37
		],
		[
			16,
			24
		],
		[
			5,
			24
		],
		[
			5,
			16
		],
		[
			21,
			34
		],
		[
			21,
			28
		],
		[
			10,
			47
		],
		[
			1,
			10
		],
		[
			10,
			28
		],
		[
			8,
			45
		],
		[
			19,
			25
		],
		[
			4,
			19
		],
		[
			4,
			25
		],
		[
			15,
			42
		],
		[
			11,
			34
		],
		[
			6,
			11
		],
		[
			6,
			34
		],
		[
			5,
			20
		],
		[
			20,
			30
		],
		[
			4,
			39
		],
		[
			21,
			40
		],
		[
			38,
			40
		],
		[
			22,
			23
		],
		[
			23,
			25
		],
		[
			22,
			25
		],
		[
			2,
			23
		],
		[
			19,
			23
		],
		[
			3,
			24
		],
		[
			2,
			24
		],
		[
			23,
			24
		],
		[
			13,
			40
		],
		[
			32,
			40
		],
		[
			13,
			32
		],
		[
			34,
			40
		],
		[
			9,
			25
		],
		[
			22,
			31
		],
		[
			14,
			22
		],
		[
			14,
			31
		],
		[
			25,
			43
		],
		[
			9,
			43
		],
		[
			0,
			8
		],
		[
			7,
			18
		],
		[
			13,
			33
		],
		[
			30,
			31
		],
		[
			12,
			36
		],
		[
			12,
			13
		],
		[
			1,
			35
		],
		[
			16,
			21
		],
		[
			12,
			32
		],
		[
			20,
			28
		],
		[
			10,
			20
		],
		[
			39,
			44
		],
		[
			5,
			28
		],
		[
			33,
			40
		],
		[
			14,
			25
		],
		[
			14,
			43
		],
		[
			6,
			40
		],
		[
			29,
			32
		],
		[
			40,
			41
		],
		[
			6,
			32
		],
		[
			5,
			23
		],
		[
			5,
			21
		],
		[
			33,
			41
		],
		[
			7,
			41
		]
	],
	"score": 0.5172413793103449
}