{
	"content_type": "CG_SHOP_2025_Solution",
	"instance_uid": "point-set_80_1675b331",
	"steiner_points_x": [
		13,
		9,
		55,
		"749/17",
		"107/226",
		46,
		41,
		"808/13",
		52,
		"273/226",
		45,
		10,
		38,
		49,
		23,
		10,
		31,
		63,
		26,
		27,
		21,
		58,
		"187/7",
		"13221/257",
		24,
		8,
		15,
		40,
		44,
		33,
		60,
		30,
		43,
		21,
		20,
		58,
		21,
		63,
		57,
		15,
		48,
		"7221/257",
		18,
		23,
		24,
		24,
		12,
		30,
		10,
		16,
		47,
		47,
		43,
		"517/17",
		4,
		52,
		55,
		6,
		37,
		32,
		63,
		55,
		16,
		"921/17",
		20,
		50,
		"197/226",
		"10325/257",
		56,
		6,
		"1011/82",
		63,
		"573/17",
		"8/5"
	],
	"steiner_points_y": [
		22,
		33,
		49,
		"1126/17",
		"8565/226",
		43,
		30,
		"731/13",
		46,
		"6075/226",
		"3/2",
		61,
		40,
		36,
		13,
		55,
		44,
		27,
		63,
		51,
		16,
		35,
		"494/7",
		"489/257",
		37,
		47,
		52,
		9,
		20,
		66,
		27,
		68,
		35,
		41,
		13,
		41,
		36,
		39,
		52,
		26,
		48,
		"114/257",
		27,
		20,
		24,
		48,
		13,
		26,
		40,
		37,
		14,
		26,
		53,
		"1184/17",
		41,
		58,
		39,
		31,
		25,
		63,
		45,
		13,
		9,
		"1083/17",
		30,
		43,
		"7215/226",
		"308/257",
		59,
		59,
		"79/82",
		20,
		"1170/17",
		21
	],
	"edges": [
		[
			57,
			61
		],
		[
			43,
			61
		],
		[
			43,
			57
		],
		[
			68,
			129
		],
		[
			128,
			129
		],
		[
			68,
			128
		],
		[
			41,
			127
		],
		[
			27,
			41
		],
		[
			27,
			127
		],
		[
			11,
			44
		],
		[
			11,
			123
		],
		[
			44,
			123
		],
		[
			52,
			54
		],
		[
			23,
			52
		],
		[
			23,
			54
		],
		[
			19,
			130
		],
		[
			130,
			141
		],
		[
			19,
			141
		],
		[
			63,
			149
		],
		[
			21,
			149
		],
		[
			21,
			63
		],
		[
			6,
			44
		],
		[
			6,
			11
		],
		[
			39,
			61
		],
		[
			39,
			79
		],
		[
			61,
			79
		],
		[
			114,
			142
		],
		[
			37,
			114
		],
		[
			37,
			142
		],
		[
			27,
			54
		],
		[
			27,
			52
		],
		[
			43,
			125
		],
		[
			0,
			125
		],
		[
			0,
			43
		],
		[
			6,
			119
		],
		[
			6,
			33
		],
		[
			33,
			119
		],
		[
			27,
			123
		],
		[
			54,
			123
		],
		[
			12,
			19
		],
		[
			19,
			65
		],
		[
			12,
			65
		],
		[
			46,
			52
		],
		[
			46,
			77
		],
		[
			52,
			77
		],
		[
			0,
			68
		],
		[
			68,
			72
		],
		[
			0,
			72
		],
		[
			34,
			126
		],
		[
			126,
			142
		],
		[
			34,
			142
		],
		[
			8,
			93
		],
		[
			8,
			64
		],
		[
			64,
			93
		],
		[
			0,
			113
		],
		[
			68,
			113
		],
		[
			47,
			78
		],
		[
			48,
			78
		],
		[
			47,
			48
		],
		[
			10,
			104
		],
		[
			10,
			25
		],
		[
			25,
			104
		],
		[
			105,
			128
		],
		[
			128,
			134
		],
		[
			105,
			134
		],
		[
			95,
			106
		],
		[
			72,
			106
		],
		[
			72,
			95
		],
		[
			56,
			71
		],
		[
			56,
			58
		],
		[
			58,
			71
		],
		[
			77,
			107
		],
		[
			52,
			107
		],
		[
			96,
			125
		],
		[
			10,
			96
		],
		[
			10,
			125
		],
		[
			24,
			127
		],
		[
			40,
			127
		],
		[
			24,
			40
		],
		[
			7,
			114
		],
		[
			7,
			100
		],
		[
			100,
			114
		],
		[
			42,
			73
		],
		[
			13,
			73
		],
		[
			13,
			42
		],
		[
			8,
			85
		],
		[
			8,
			92
		],
		[
			85,
			92
		],
		[
			53,
			144
		],
		[
			122,
			144
		],
		[
			53,
			122
		],
		[
			64,
			136
		],
		[
			1,
			136
		],
		[
			1,
			64
		],
		[
			85,
			145
		],
		[
			8,
			145
		],
		[
			59,
			131
		],
		[
			55,
			131
		],
		[
			55,
			59
		],
		[
			46,
			108
		],
		[
			46,
			55
		],
		[
			55,
			108
		],
		[
			43,
			106
		],
		[
			57,
			106
		],
		[
			11,
			124
		],
		[
			123,
			124
		],
		[
			65,
			141
		],
		[
			25,
			48
		],
		[
			25,
			96
		],
		[
			48,
			96
		],
		[
			26,
			135
		],
		[
			118,
			135
		],
		[
			26,
			118
		],
		[
			43,
			45
		],
		[
			45,
			99
		],
		[
			43,
			99
		],
		[
			86,
			138
		],
		[
			24,
			138
		],
		[
			24,
			86
		],
		[
			2,
			132
		],
		[
			29,
			132
		],
		[
			2,
			29
		],
		[
			135,
			148
		],
		[
			135,
			143
		],
		[
			143,
			148
		],
		[
			18,
			80
		],
		[
			58,
			80
		],
		[
			18,
			58
		],
		[
			69,
			139
		],
		[
			45,
			139
		],
		[
			45,
			69
		],
		[
			81,
			137
		],
		[
			18,
			81
		],
		[
			18,
			137
		],
		[
			11,
			32
		],
		[
			32,
			124
		],
		[
			45,
			98
		],
		[
			43,
			98
		],
		[
			118,
			148
		],
		[
			9,
			148
		],
		[
			9,
			143
		],
		[
			14,
			90
		],
		[
			14,
			16
		],
		[
			16,
			90
		],
		[
			18,
			30
		],
		[
			30,
			58
		],
		[
			13,
			60
		],
		[
			13,
			151
		],
		[
			60,
			151
		],
		[
			22,
			66
		],
		[
			66,
			88
		],
		[
			22,
			88
		],
		[
			13,
			97
		],
		[
			97,
			151
		],
		[
			60,
			141
		],
		[
			60,
			65
		],
		[
			61,
			98
		],
		[
			19,
			103
		],
		[
			12,
			103
		],
		[
			101,
			136
		],
		[
			115,
			136
		],
		[
			101,
			115
		],
		[
			29,
			109
		],
		[
			83,
			109
		],
		[
			29,
			83
		],
		[
			91,
			149
		],
		[
			91,
			95
		],
		[
			95,
			149
		],
		[
			15,
			82
		],
		[
			15,
			26
		],
		[
			26,
			82
		],
		[
			74,
			134
		],
		[
			74,
			105
		],
		[
			27,
			124
		],
		[
			68,
			105
		],
		[
			72,
			105
		],
		[
			39,
			91
		],
		[
			61,
			91
		],
		[
			77,
			108
		],
		[
			16,
			103
		],
		[
			90,
			103
		],
		[
			24,
			41
		],
		[
			16,
			19
		],
		[
			29,
			139
		],
		[
			109,
			139
		],
		[
			31,
			91
		],
		[
			31,
			39
		],
		[
			82,
			88
		],
		[
			22,
			82
		],
		[
			42,
			108
		],
		[
			108,
			131
		],
		[
			42,
			131
		],
		[
			35,
			142
		],
		[
			35,
			37
		],
		[
			16,
			130
		],
		[
			38,
			142
		],
		[
			38,
			126
		],
		[
			25,
			40
		],
		[
			40,
			104
		],
		[
			66,
			145
		],
		[
			88,
			145
		],
		[
			30,
			137
		],
		[
			81,
			129
		],
		[
			81,
			128
		],
		[
			8,
			112
		],
		[
			92,
			112
		],
		[
			14,
			17
		],
		[
			16,
			17
		],
		[
			53,
			116
		],
		[
			116,
			144
		],
		[
			31,
			149
		],
		[
			31,
			63
		],
		[
			87,
			148
		],
		[
			9,
			87
		],
		[
			71,
			80
		],
		[
			120,
			145
		],
		[
			88,
			120
		],
		[
			47,
			99
		],
		[
			47,
			96
		],
		[
			96,
			99
		],
		[
			1,
			101
		],
		[
			69,
			79
		],
		[
			79,
			111
		],
		[
			69,
			111
		],
		[
			69,
			98
		],
		[
			41,
			138
		],
		[
			29,
			135
		],
		[
			2,
			135
		],
		[
			59,
			86
		],
		[
			55,
			86
		],
		[
			73,
			110
		],
		[
			13,
			110
		],
		[
			20,
			147
		],
		[
			20,
			90
		],
		[
			90,
			147
		],
		[
			94,
			100
		],
		[
			94,
			114
		],
		[
			69,
			109
		],
		[
			21,
			95
		],
		[
			0,
			106
		],
		[
			23,
			107
		],
		[
			70,
			110
		],
		[
			70,
			101
		],
		[
			101,
			110
		],
		[
			55,
			138
		],
		[
			100,
			123
		],
		[
			54,
			100
		],
		[
			49,
			101
		],
		[
			28,
			101
		],
		[
			28,
			49
		],
		[
			47,
			139
		],
		[
			45,
			47
		],
		[
			57,
			91
		],
		[
			49,
			110
		],
		[
			21,
			74
		],
		[
			63,
			74
		],
		[
			2,
			120
		],
		[
			2,
			15
		],
		[
			15,
			120
		],
		[
			79,
			102
		],
		[
			102,
			111
		],
		[
			22,
			115
		],
		[
			22,
			140
		],
		[
			115,
			140
		],
		[
			104,
			116
		],
		[
			113,
			116
		],
		[
			104,
			113
		],
		[
			78,
			120
		],
		[
			85,
			120
		],
		[
			78,
			85
		],
		[
			23,
			51
		],
		[
			20,
			23
		],
		[
			20,
			51
		],
		[
			51,
			147
		],
		[
			71,
			126
		],
		[
			38,
			71
		],
		[
			22,
			62
		],
		[
			62,
			140
		],
		[
			113,
			125
		],
		[
			37,
			94
		],
		[
			41,
			46
		],
		[
			41,
			52
		],
		[
			80,
			119
		],
		[
			33,
			80
		],
		[
			119,
			122
		],
		[
			6,
			122
		],
		[
			50,
			116
		],
		[
			50,
			144
		],
		[
			32,
			50
		],
		[
			50,
			127
		],
		[
			32,
			127
		],
		[
			28,
			117
		],
		[
			49,
			117
		],
		[
			17,
			130
		],
		[
			78,
			92
		],
		[
			21,
			72
		],
		[
			21,
			105
		],
		[
			113,
			129
		],
		[
			50,
			104
		],
		[
			48,
			92
		],
		[
			36,
			86
		],
		[
			36,
			112
		],
		[
			86,
			112
		],
		[
			40,
			50
		],
		[
			51,
			121
		],
		[
			121,
			147
		],
		[
			20,
			107
		],
		[
			14,
			107
		],
		[
			14,
			20
		],
		[
			25,
			36
		],
		[
			36,
			40
		],
		[
			116,
			129
		],
		[
			7,
			75
		],
		[
			44,
			75
		],
		[
			7,
			44
		],
		[
			82,
			118
		],
		[
			53,
			129
		],
		[
			53,
			81
		],
		[
			7,
			38
		],
		[
			38,
			114
		],
		[
			78,
			132
		],
		[
			47,
			132
		],
		[
			79,
			98
		],
		[
			36,
			92
		],
		[
			23,
			37
		],
		[
			23,
			94
		],
		[
			46,
			138
		],
		[
			29,
			143
		],
		[
			83,
			143
		],
		[
			124,
			127
		],
		[
			99,
			125
		],
		[
			42,
			130
		],
		[
			42,
			141
		],
		[
			97,
			110
		],
		[
			49,
			97
		],
		[
			71,
			75
		],
		[
			38,
			75
		],
		[
			17,
			107
		],
		[
			56,
			153
		],
		[
			4,
			56
		],
		[
			4,
			153
		],
		[
			11,
			122
		],
		[
			109,
			152
		],
		[
			109,
			111
		],
		[
			111,
			152
		],
		[
			28,
			140
		],
		[
			117,
			140
		],
		[
			44,
			100
		],
		[
			33,
			71
		],
		[
			33,
			75
		],
		[
			67,
			81
		],
		[
			67,
			128
		],
		[
			57,
			95
		],
		[
			67,
			134
		],
		[
			3,
			56
		],
		[
			56,
			126
		],
		[
			3,
			126
		],
		[
			18,
			119
		],
		[
			83,
			152
		],
		[
			15,
			88
		],
		[
			34,
			35
		],
		[
			73,
			131
		],
		[
			30,
			146
		],
		[
			30,
			89
		],
		[
			89,
			146
		],
		[
			111,
			133
		],
		[
			102,
			133
		],
		[
			58,
			153
		],
		[
			24,
			36
		],
		[
			1,
			70
		],
		[
			32,
			144
		],
		[
			32,
			122
		],
		[
			137,
			146
		],
		[
			67,
			146
		],
		[
			67,
			137
		],
		[
			3,
			4
		],
		[
			62,
			118
		],
		[
			5,
			118
		],
		[
			5,
			62
		],
		[
			64,
			145
		],
		[
			64,
			66
		],
		[
			133,
			152
		],
		[
			3,
			34
		],
		[
			59,
			112
		],
		[
			93,
			112
		],
		[
			59,
			93
		],
		[
			34,
			150
		],
		[
			35,
			150
		],
		[
			10,
			113
		],
		[
			25,
			92
		],
		[
			62,
			82
		],
		[
			3,
			76
		],
		[
			4,
			76
		],
		[
			33,
			44
		],
		[
			29,
			47
		],
		[
			87,
			118
		],
		[
			59,
			73
		],
		[
			59,
			70
		],
		[
			70,
			73
		],
		[
			28,
			115
		],
		[
			120,
			132
		],
		[
			35,
			51
		],
		[
			35,
			121
		],
		[
			5,
			140
		],
		[
			37,
			51
		],
		[
			67,
			84
		],
		[
			84,
			134
		],
		[
			39,
			102
		],
		[
			70,
			93
		],
		[
			13,
			141
		],
		[
			30,
			153
		],
		[
			84,
			146
		],
		[
			74,
			84
		],
		[
			108,
			130
		],
		[
			66,
			115
		],
		[
			66,
			136
		],
		[
			77,
			130
		],
		[
			18,
			53
		],
		[
			53,
			119
		],
		[
			54,
			94
		],
		[
			17,
			77
		],
		[
			89,
			153
		],
		[
			1,
			93
		],
		[
			5,
			87
		],
		[
			34,
			76
		],
		[
			76,
			150
		],
		[
			2,
			26
		]
	],
	"score": 0.5066666666666667
}