{
	"content_type": "CG_SHOP_2025_Solution",
	"instance_uid": "point-set_40_8cbf31aa",
	"steiner_points_x": [
		2480,
		5273,
		"1687959000/1205089",
		"2183458547/205426",
		"8599902387/1747093",
		2829,
		3294,
		"2039836333/2434706",
		6552,
		10622,
		7150,
		"14238836852/1747093",
		"109804214621/16040149",
		"1162185570/1205089",
		3148,
		4517,
		2510,
		10686,
		"1023082338/102713",
		11325,
		5309,
		1986,
		6407,
		4494,
		8885,
		9008,
		8646,
		7616,
		7549,
		3460,
		"1924732475/205426",
		"2483712315/1205089",
		"2283079850/236681",
		11325,
		9439
	],
	"steiner_points_y": [
		5624,
		2547,
		"6726970140/1205089",
		"114123865/205426",
		"14528203648/1747093",
		0,
		2199,
		"2026024485/2434706",
		5687,
		625,
		3661,
		"15488943058/1747093",
		"3325655820/16040149",
		"5855317540/1205089",
		4381,
		1893,
		1428,
		1420,
		"50212460/102713",
		3345,
		3346,
		1494,
		6282,
		6834,
		2344,
		2741,
		7693,
		1906,
		5932,
		0,
		"88308625/205426",
		"8046208440/1205089",
		"2096286670/236681",
		6210,
		3944
	],
	"edges": [
		[
			9,
			37
		],
		[
			15,
			37
		],
		[
			9,
			15
		],
		[
			3,
			30
		],
		[
			21,
			30
		],
		[
			3,
			21
		],
		[
			49,
			58
		],
		[
			43,
			49
		],
		[
			43,
			58
		],
		[
			35,
			39
		],
		[
			35,
			57
		],
		[
			39,
			57
		],
		[
			17,
			31
		],
		[
			31,
			66
		],
		[
			17,
			66
		],
		[
			10,
			60
		],
		[
			50,
			60
		],
		[
			10,
			50
		],
		[
			10,
			65
		],
		[
			10,
			32
		],
		[
			32,
			65
		],
		[
			62,
			63
		],
		[
			18,
			62
		],
		[
			18,
			63
		],
		[
			44,
			63
		],
		[
			44,
			62
		],
		[
			16,
			40
		],
		[
			40,
			71
		],
		[
			16,
			71
		],
		[
			2,
			23
		],
		[
			2,
			13
		],
		[
			13,
			23
		],
		[
			11,
			45
		],
		[
			11,
			30
		],
		[
			30,
			45
		],
		[
			2,
			44
		],
		[
			44,
			51
		],
		[
			2,
			51
		],
		[
			16,
			63
		],
		[
			16,
			34
		],
		[
			34,
			63
		],
		[
			4,
			15
		],
		[
			15,
			45
		],
		[
			4,
			45
		],
		[
			25,
			53
		],
		[
			28,
			53
		],
		[
			25,
			28
		],
		[
			2,
			17
		],
		[
			17,
			23
		],
		[
			11,
			15
		],
		[
			4,
			9
		],
		[
			39,
			64
		],
		[
			35,
			64
		],
		[
			8,
			16
		],
		[
			8,
			40
		],
		[
			10,
			41
		],
		[
			10,
			67
		],
		[
			41,
			67
		],
		[
			7,
			31
		],
		[
			23,
			31
		],
		[
			7,
			23
		],
		[
			32,
			74
		],
		[
			19,
			32
		],
		[
			19,
			74
		],
		[
			48,
			68
		],
		[
			50,
			68
		],
		[
			48,
			50
		],
		[
			27,
			38
		],
		[
			0,
			27
		],
		[
			0,
			38
		],
		[
			7,
			36
		],
		[
			31,
			36
		],
		[
			24,
			32
		],
		[
			24,
			74
		],
		[
			35,
			65
		],
		[
			24,
			65
		],
		[
			24,
			35
		],
		[
			27,
			54
		],
		[
			0,
			54
		],
		[
			41,
			55
		],
		[
			41,
			52
		],
		[
			52,
			55
		],
		[
			22,
			27
		],
		[
			22,
			38
		],
		[
			33,
			62
		],
		[
			33,
			44
		],
		[
			28,
			42
		],
		[
			40,
			42
		],
		[
			28,
			40
		],
		[
			1,
			35
		],
		[
			1,
			57
		],
		[
			24,
			59
		],
		[
			59,
			74
		],
		[
			64,
			65
		],
		[
			10,
			64
		],
		[
			8,
			28
		],
		[
			8,
			54
		],
		[
			28,
			54
		],
		[
			33,
			66
		],
		[
			17,
			33
		],
		[
			1,
			24
		],
		[
			25,
			54
		],
		[
			30,
			69
		],
		[
			45,
			69
		],
		[
			36,
			73
		],
		[
			7,
			73
		],
		[
			22,
			55
		],
		[
			46,
			55
		],
		[
			22,
			46
		],
		[
			19,
			50
		],
		[
			19,
			68
		],
		[
			19,
			66
		],
		[
			19,
			31
		],
		[
			5,
			64
		],
		[
			5,
			39
		],
		[
			18,
			54
		],
		[
			0,
			18
		],
		[
			21,
			46
		],
		[
			21,
			55
		],
		[
			16,
			18
		],
		[
			66,
			68
		],
		[
			33,
			68
		],
		[
			1,
			59
		],
		[
			5,
			70
		],
		[
			5,
			58
		],
		[
			58,
			70
		],
		[
			5,
			14
		],
		[
			14,
			70
		],
		[
			49,
			57
		],
		[
			29,
			57
		],
		[
			29,
			49
		],
		[
			36,
			59
		],
		[
			59,
			73
		],
		[
			38,
			60
		],
		[
			41,
			60
		],
		[
			38,
			41
		],
		[
			34,
			44
		],
		[
			39,
			58
		],
		[
			39,
			49
		],
		[
			64,
			67
		],
		[
			14,
			64
		],
		[
			14,
			67
		],
		[
			34,
			71
		],
		[
			32,
			50
		],
		[
			18,
			48
		],
		[
			48,
			62
		],
		[
			2,
			33
		],
		[
			11,
			46
		],
		[
			11,
			21
		],
		[
			42,
			53
		],
		[
			26,
			61
		],
		[
			26,
			56
		],
		[
			56,
			61
		],
		[
			19,
			36
		],
		[
			36,
			74
		],
		[
			11,
			56
		],
		[
			46,
			56
		],
		[
			52,
			67
		],
		[
			37,
			61
		],
		[
			15,
			61
		],
		[
			62,
			68
		],
		[
			12,
			57
		],
		[
			1,
			12
		],
		[
			6,
			61
		],
		[
			6,
			37
		],
		[
			26,
			46
		],
		[
			22,
			26
		],
		[
			0,
			48
		],
		[
			48,
			60
		],
		[
			0,
			60
		],
		[
			8,
			18
		],
		[
			37,
			47
		],
		[
			9,
			47
		],
		[
			42,
			71
		],
		[
			23,
			72
		],
		[
			13,
			72
		],
		[
			12,
			29
		],
		[
			3,
			69
		],
		[
			14,
			52
		],
		[
			13,
			51
		],
		[
			20,
			49
		],
		[
			20,
			43
		],
		[
			26,
			27
		],
		[
			20,
			29
		],
		[
			21,
			52
		],
		[
			3,
			52
		],
		[
			7,
			72
		],
		[
			25,
			27
		],
		[
			25,
			26
		],
		[
			15,
			56
		],
		[
			6,
			25
		],
		[
			6,
			26
		],
		[
			38,
			55
		],
		[
			6,
			53
		],
		[
			6,
			47
		]
	],
	"score": 0.5138888888888888
}