{
	"content_type": "CG_SHOP_2025_Solution",
	"instance_uid": "point-set_10_13860916",
	"steiner_points_x": [
		543,
		"233312003/132961",
		2032,
		"5143/2",
		1791,
		"239465715/147737",
		"26993690/42149",
		"1107983709/370957",
		"981707469/478069",
		2298
	],
	"steiner_points_y": [
		1664,
		"51338592/132961",
		1423,
		"11207/8",
		1101,
		"238502668/147737",
		"37774000/42149",
		"325705961/370957",
		"725714655/478069",
		1009
	],
	"edges": [
		[
			10,
			15
		],
		[
			2,
			15
		],
		[
			2,
			10
		],
		[
			5,
			10
		],
		[
			8,
			10
		],
		[
			5,
			8
		],
		[
			4,
			9
		],
		[
			9,
			17
		],
		[
			4,
			17
		],
		[
			3,
			12
		],
		[
			12,
			13
		],
		[
			3,
			13
		],
		[
			2,
			12
		],
		[
			0,
			2
		],
		[
			0,
			12
		],
		[
			4,
			19
		],
		[
			9,
			19
		],
		[
			8,
			16
		],
		[
			5,
			16
		],
		[
			12,
			14
		],
		[
			2,
			14
		],
		[
			11,
			19
		],
		[
			4,
			11
		],
		[
			3,
			19
		],
		[
			14,
			19
		],
		[
			3,
			14
		],
		[
			2,
			8
		],
		[
			11,
			14
		],
		[
			1,
			10
		],
		[
			1,
			5
		],
		[
			6,
			14
		],
		[
			6,
			11
		],
		[
			9,
			13
		],
		[
			7,
			13
		],
		[
			7,
			9
		],
		[
			0,
			15
		],
		[
			7,
			17
		],
		[
			8,
			14
		],
		[
			6,
			8
		],
		[
			3,
			9
		],
		[
			6,
			16
		],
		[
			0,
			18
		],
		[
			12,
			18
		],
		[
			13,
			18
		]
	],
	"score": 0.5454545454545454
}