{
	"content_type": "CG_SHOP_2025_Solution",
	"instance_uid": "point-set_80_d77fb670",
	"steiner_points_x": [
		3460,
		0,
		0,
		7481,
		7247,
		2608,
		"258318190/67283",
		6405,
		1642,
		421,
		8168,
		1196,
		1839,
		"25627851086/10062749",
		2291,
		5704,
		"47091880/53441",
		3610,
		10610,
		9879,
		5150,
		"40462/5",
		3459,
		4971,
		7302,
		"1427375/533",
		9071,
		5704,
		4753,
		4971,
		2200,
		11325,
		4971,
		2608,
		5228,
		8793,
		0,
		4490,
		10761,
		2459,
		1089,
		421,
		7136,
		4469,
		0,
		6374,
		7150,
		9985,
		3548,
		4658,
		7115,
		9350,
		"20095180173/10062749",
		454,
		10609,
		3460,
		5680,
		9985,
		8168,
		9138,
		5154,
		3460,
		1643,
		"28353279715/10062749",
		"68772385/6866",
		"85769200/53441",
		9985,
		8621,
		5132,
		8697
	],
	"steiner_points_y": [
		9070,
		1865,
		5257,
		7467,
		2357,
		1520,
		"2218050/67283",
		3669,
		2473,
		3659,
		5410,
		5849,
		626,
		"1608830870/10062749",
		2655,
		403,
		"461964594/53441",
		1998,
		0,
		4272,
		3175,
		0,
		6520,
		796,
		3537,
		9070,
		3181,
		0,
		1902,
		422,
		3660,
		1985,
		0,
		794,
		920,
		9070,
		2750,
		5010,
		7124,
		495,
		2191,
		5257,
		347,
		5853,
		3659,
		1573,
		9070,
		8275,
		8047,
		6520,
		0,
		1111,
		"2152108660/10062749",
		1865,
		5100,
		5725,
		2348,
		0,
		9070,
		5606,
		318,
		3175,
		3345,
		"1341208800/10062749",
		"60826745/6866",
		"474446820/53441",
		6520,
		6520,
		464,
		3970
	],
	"edges": [
		[
			17,
			139
		],
		[
			17,
			27
		],
		[
			27,
			139
		],
		[
			16,
			77
		],
		[
			77,
			141
		],
		[
			16,
			141
		],
		[
			71,
			88
		],
		[
			71,
			120
		],
		[
			88,
			120
		],
		[
			91,
			121
		],
		[
			69,
			121
		],
		[
			69,
			91
		],
		[
			1,
			106
		],
		[
			1,
			29
		],
		[
			29,
			106
		],
		[
			4,
			16
		],
		[
			11,
			16
		],
		[
			4,
			11
		],
		[
			58,
			111
		],
		[
			29,
			58
		],
		[
			29,
			111
		],
		[
			33,
			89
		],
		[
			89,
			142
		],
		[
			33,
			142
		],
		[
			114,
			148
		],
		[
			95,
			114
		],
		[
			95,
			148
		],
		[
			61,
			96
		],
		[
			61,
			76
		],
		[
			76,
			96
		],
		[
			24,
			84
		],
		[
			84,
			136
		],
		[
			24,
			136
		],
		[
			101,
			122
		],
		[
			53,
			122
		],
		[
			53,
			101
		],
		[
			45,
			127
		],
		[
			78,
			127
		],
		[
			45,
			78
		],
		[
			31,
			126
		],
		[
			2,
			31
		],
		[
			2,
			126
		],
		[
			11,
			141
		],
		[
			49,
			61
		],
		[
			49,
			96
		],
		[
			6,
			123
		],
		[
			6,
			129
		],
		[
			123,
			129
		],
		[
			45,
			63
		],
		[
			51,
			63
		],
		[
			45,
			51
		],
		[
			68,
			90
		],
		[
			50,
			90
		],
		[
			50,
			68
		],
		[
			46,
			91
		],
		[
			61,
			91
		],
		[
			46,
			61
		],
		[
			73,
			129
		],
		[
			73,
			123
		],
		[
			15,
			123
		],
		[
			6,
			15
		],
		[
			41,
			91
		],
		[
			41,
			46
		],
		[
			102,
			135
		],
		[
			19,
			135
		],
		[
			19,
			102
		],
		[
			1,
			99
		],
		[
			1,
			35
		],
		[
			35,
			99
		],
		[
			17,
			63
		],
		[
			63,
			146
		],
		[
			17,
			146
		],
		[
			7,
			27
		],
		[
			27,
			67
		],
		[
			7,
			67
		],
		[
			95,
			130
		],
		[
			95,
			122
		],
		[
			122,
			130
		],
		[
			25,
			84
		],
		[
			25,
			52
		],
		[
			52,
			84
		],
		[
			0,
			93
		],
		[
			0,
			143
		],
		[
			93,
			143
		],
		[
			30,
			89
		],
		[
			30,
			142
		],
		[
			33,
			120
		],
		[
			116,
			120
		],
		[
			33,
			116
		],
		[
			53,
			60
		],
		[
			60,
			101
		],
		[
			15,
			38
		],
		[
			15,
			117
		],
		[
			38,
			117
		],
		[
			57,
			134
		],
		[
			40,
			134
		],
		[
			40,
			57
		],
		[
			0,
			86
		],
		[
			0,
			21
		],
		[
			21,
			86
		],
		[
			38,
			135
		],
		[
			15,
			135
		],
		[
			59,
			74
		],
		[
			59,
			115
		],
		[
			74,
			115
		],
		[
			40,
			64
		],
		[
			64,
			66
		],
		[
			40,
			66
		],
		[
			20,
			45
		],
		[
			20,
			78
		],
		[
			32,
			110
		],
		[
			38,
			110
		],
		[
			32,
			38
		],
		[
			19,
			41
		],
		[
			41,
			102
		],
		[
			23,
			58
		],
		[
			23,
			111
		],
		[
			100,
			108
		],
		[
			100,
			136
		],
		[
			108,
			136
		],
		[
			10,
			13
		],
		[
			10,
			86
		],
		[
			13,
			86
		],
		[
			119,
			132
		],
		[
			93,
			119
		],
		[
			93,
			132
		],
		[
			48,
			106
		],
		[
			106,
			131
		],
		[
			48,
			131
		],
		[
			71,
			85
		],
		[
			26,
			85
		],
		[
			26,
			71
		],
		[
			52,
			53
		],
		[
			25,
			53
		],
		[
			5,
			70
		],
		[
			5,
			105
		],
		[
			70,
			105
		],
		[
			0,
			113
		],
		[
			21,
			113
		],
		[
			43,
			46
		],
		[
			41,
			43
		],
		[
			34,
			65
		],
		[
			34,
			54
		],
		[
			54,
			65
		],
		[
			21,
			85
		],
		[
			85,
			113
		],
		[
			11,
			100
		],
		[
			4,
			100
		],
		[
			13,
			109
		],
		[
			10,
			109
		],
		[
			101,
			130
		],
		[
			22,
			127
		],
		[
			51,
			127
		],
		[
			22,
			51
		],
		[
			33,
			79
		],
		[
			79,
			88
		],
		[
			33,
			88
		],
		[
			45,
			146
		],
		[
			45,
			118
		],
		[
			118,
			146
		],
		[
			64,
			67
		],
		[
			66,
			67
		],
		[
			50,
			139
		],
		[
			17,
			50
		],
		[
			62,
			67
		],
		[
			62,
			66
		],
		[
			27,
			146
		],
		[
			3,
			31
		],
		[
			3,
			128
		],
		[
			31,
			128
		],
		[
			20,
			118
		],
		[
			103,
			108
		],
		[
			42,
			103
		],
		[
			42,
			108
		],
		[
			73,
			117
		],
		[
			117,
			123
		],
		[
			114,
			136
		],
		[
			108,
			114
		],
		[
			21,
			42
		],
		[
			13,
			42
		],
		[
			13,
			21
		],
		[
			89,
			121
		],
		[
			30,
			121
		],
		[
			34,
			129
		],
		[
			3,
			129
		],
		[
			3,
			34
		],
		[
			32,
			117
		],
		[
			4,
			108
		],
		[
			5,
			43
		],
		[
			43,
			105
		],
		[
			87,
			100
		],
		[
			87,
			136
		],
		[
			24,
			87
		],
		[
			87,
			104
		],
		[
			24,
			104
		],
		[
			5,
			41
		],
		[
			5,
			102
		],
		[
			67,
			118
		],
		[
			62,
			118
		],
		[
			72,
			98
		],
		[
			36,
			72
		],
		[
			36,
			98
		],
		[
			30,
			91
		],
		[
			23,
			72
		],
		[
			23,
			36
		],
		[
			2,
			70
		],
		[
			70,
			80
		],
		[
			2,
			80
		],
		[
			57,
			99
		],
		[
			99,
			134
		],
		[
			70,
			128
		],
		[
			31,
			70
		],
		[
			13,
			103
		],
		[
			19,
			110
		],
		[
			30,
			110
		],
		[
			19,
			30
		],
		[
			3,
			6
		],
		[
			6,
			102
		],
		[
			3,
			102
		],
		[
			85,
			97
		],
		[
			85,
			94
		],
		[
			94,
			97
		],
		[
			73,
			104
		],
		[
			73,
			90
		],
		[
			90,
			104
		],
		[
			37,
			65
		],
		[
			59,
			65
		],
		[
			37,
			59
		],
		[
			81,
			133
		],
		[
			12,
			133
		],
		[
			12,
			81
		],
		[
			35,
			68
		],
		[
			68,
			139
		],
		[
			35,
			139
		],
		[
			8,
			29
		],
		[
			8,
			58
		],
		[
			18,
			56
		],
		[
			18,
			106
		],
		[
			56,
			106
		],
		[
			61,
			69
		],
		[
			69,
			76
		],
		[
			4,
			42
		],
		[
			24,
			56
		],
		[
			56,
			104
		],
		[
			51,
			59
		],
		[
			51,
			74
		],
		[
			11,
			117
		],
		[
			100,
			117
		],
		[
			21,
			97
		],
		[
			80,
			105
		],
		[
			8,
			131
		],
		[
			29,
			131
		],
		[
			89,
			124
		],
		[
			89,
			116
		],
		[
			116,
			124
		],
		[
			102,
			128
		],
		[
			6,
			135
		],
		[
			1,
			18
		],
		[
			18,
			149
		],
		[
			1,
			149
		],
		[
			37,
			147
		],
		[
			65,
			147
		],
		[
			52,
			122
		],
		[
			64,
			134
		],
		[
			42,
			97
		],
		[
			4,
			97
		],
		[
			82,
			121
		],
		[
			121,
			124
		],
		[
			82,
			124
		],
		[
			112,
			140
		],
		[
			107,
			140
		],
		[
			107,
			112
		],
		[
			16,
			97
		],
		[
			69,
			82
		],
		[
			18,
			104
		],
		[
			104,
			149
		],
		[
			16,
			94
		],
		[
			109,
			112
		],
		[
			109,
			140
		],
		[
			7,
			139
		],
		[
			7,
			64
		],
		[
			103,
			114
		],
		[
			103,
			109
		],
		[
			120,
			133
		],
		[
			71,
			133
		],
		[
			22,
			55
		],
		[
			22,
			144
		],
		[
			55,
			144
		],
		[
			54,
			115
		],
		[
			54,
			59
		],
		[
			5,
			128
		],
		[
			26,
			113
		],
		[
			9,
			14
		],
		[
			14,
			60
		],
		[
			9,
			60
		],
		[
			58,
			72
		],
		[
			29,
			99
		],
		[
			95,
			140
		],
		[
			95,
			107
		],
		[
			90,
			149
		],
		[
			103,
			148
		],
		[
			125,
			136
		],
		[
			84,
			125
		],
		[
			79,
			94
		],
		[
			88,
			94
		],
		[
			63,
			147
		],
		[
			17,
			147
		],
		[
			83,
			147
		],
		[
			39,
			147
		],
		[
			39,
			83
		],
		[
			28,
			32
		],
		[
			32,
			141
		],
		[
			28,
			141
		],
		[
			77,
			79
		],
		[
			79,
			142
		],
		[
			77,
			142
		],
		[
			0,
			119
		],
		[
			8,
			14
		],
		[
			8,
			72
		],
		[
			14,
			72
		],
		[
			56,
			84
		],
		[
			11,
			32
		],
		[
			85,
			88
		],
		[
			28,
			77
		],
		[
			28,
			142
		],
		[
			109,
			148
		],
		[
			140,
			148
		],
		[
			107,
			130
		],
		[
			77,
			94
		],
		[
			67,
			146
		],
		[
			81,
			116
		],
		[
			116,
			133
		],
		[
			7,
			134
		],
		[
			22,
			74
		],
		[
			65,
			83
		],
		[
			25,
			48
		],
		[
			25,
			56
		],
		[
			48,
			56
		],
		[
			35,
			149
		],
		[
			68,
			149
		],
		[
			55,
			127
		],
		[
			55,
			78
		],
		[
			26,
			92
		],
		[
			71,
			92
		],
		[
			14,
			98
		],
		[
			34,
			83
		],
		[
			110,
			142
		],
		[
			28,
			110
		],
		[
			9,
			131
		],
		[
			8,
			9
		],
		[
			83,
			129
		],
		[
			73,
			83
		],
		[
			19,
			38
		],
		[
			52,
			125
		],
		[
			10,
			112
		],
		[
			86,
			143
		],
		[
			52,
			95
		],
		[
			39,
			73
		],
		[
			71,
			75
		],
		[
			75,
			92
		],
		[
			26,
			44
		],
		[
			44,
			113
		],
		[
			75,
			133
		],
		[
			12,
			75
		],
		[
			113,
			119
		],
		[
			92,
			132
		],
		[
			75,
			132
		],
		[
			87,
			117
		],
		[
			44,
			92
		],
		[
			95,
			125
		],
		[
			31,
			34
		],
		[
			73,
			87
		],
		[
			29,
			57
		],
		[
			57,
			111
		],
		[
			44,
			132
		],
		[
			7,
			99
		],
		[
			46,
			49
		],
		[
			34,
			126
		],
		[
			39,
			90
		],
		[
			54,
			126
		],
		[
			7,
			35
		],
		[
			37,
			51
		],
		[
			48,
			53
		],
		[
			9,
			48
		],
		[
			9,
			53
		],
		[
			114,
			125
		],
		[
			19,
			91
		],
		[
			43,
			47
		],
		[
			47,
			105
		],
		[
			43,
			49
		],
		[
			47,
			49
		],
		[
			44,
			119
		],
		[
			20,
			62
		],
		[
			39,
			50
		],
		[
			50,
			147
		],
		[
			54,
			138
		],
		[
			115,
			138
		],
		[
			49,
			145
		],
		[
			47,
			145
		],
		[
			37,
			63
		],
		[
			96,
			145
		],
		[
			14,
			137
		],
		[
			98,
			137
		],
		[
			60,
			137
		],
		[
			74,
			144
		],
		[
			126,
			138
		]
	],
	"score": 0.5070422535211268
}