{
	"content_type": "CG_SHOP_2025_Solution",
	"instance_uid": "point-set_40_1b92b629",
	"steiner_points_x": [
		85,
		"-34237/1165",
		26,
		55,
		"10854/793",
		-27,
		"399/5",
		"-333/233",
		"-702201/9074",
		47,
		39,
		"6321/65",
		"411/5",
		34,
		"-13287/233",
		"7106/181",
		8,
		63,
		43,
		20,
		"-4503/53",
		"-839715/9074",
		-27,
		68,
		16,
		-39,
		"-27301/1165",
		-85,
		60,
		-27,
		31,
		-46,
		-49,
		"5614/65",
		"1036/13",
		"26001/793",
		-53,
		54,
		"-5031/53",
		"5861/65",
		-69,
		"-135/61",
		16,
		"-28107/793",
		"39555/793",
		"6067/65",
		-94,
		-69,
		67,
		"-860011/9074"
	],
	"steiner_points_y": [
		69,
		"103371/1165",
		-16,
		78,
		"-55554/793",
		47,
		"437/5",
		"21249/233",
		"-34225/9074",
		-25,
		-36,
		"4353/65",
		"-267/5",
		-67,
		"20106/233",
		"17026/181",
		57,
		53,
		-53,
		73,
		"4088/53",
		"237605/9074",
		61,
		-72,
		-55,
		-44,
		"103983/1165",
		30,
		68,
		35,
		42,
		36,
		73,
		"-1303/65",
		"-955/13",
		"-60042/793",
		49,
		-8,
		"2240/53",
		"673/65",
		0,
		"-3986/61",
		39,
		"-44010/793",
		"-64058/793",
		"2321/65",
		31,
		67,
		-33,
		"277725/9074"
	],
	"edges": [
		[
			11,
			43
		],
		[
			43,
			68
		],
		[
			11,
			68
		],
		[
			20,
			22
		],
		[
			20,
			57
		],
		[
			22,
			57
		],
		[
			24,
			28
		],
		[
			24,
			76
		],
		[
			28,
			76
		],
		[
			28,
			31
		],
		[
			24,
			31
		],
		[
			23,
			47
		],
		[
			8,
			47
		],
		[
			8,
			23
		],
		[
			19,
			40
		],
		[
			36,
			40
		],
		[
			19,
			36
		],
		[
			8,
			59
		],
		[
			7,
			8
		],
		[
			7,
			59
		],
		[
			31,
			72
		],
		[
			31,
			54
		],
		[
			54,
			72
		],
		[
			12,
			82
		],
		[
			4,
			12
		],
		[
			4,
			82
		],
		[
			5,
			66
		],
		[
			23,
			66
		],
		[
			5,
			23
		],
		[
			29,
			82
		],
		[
			29,
			56
		],
		[
			56,
			82
		],
		[
			12,
			42
		],
		[
			12,
			49
		],
		[
			42,
			49
		],
		[
			13,
			82
		],
		[
			13,
			56
		],
		[
			47,
			66
		],
		[
			15,
			72
		],
		[
			10,
			72
		],
		[
			10,
			15
		],
		[
			5,
			39
		],
		[
			39,
			62
		],
		[
			5,
			62
		],
		[
			50,
			58
		],
		[
			34,
			50
		],
		[
			34,
			58
		],
		[
			35,
			36
		],
		[
			36,
			79
		],
		[
			35,
			79
		],
		[
			39,
			45
		],
		[
			29,
			39
		],
		[
			29,
			45
		],
		[
			25,
			35
		],
		[
			19,
			25
		],
		[
			19,
			35
		],
		[
			2,
			6
		],
		[
			4,
			6
		],
		[
			2,
			4
		],
		[
			0,
			9
		],
		[
			0,
			40
		],
		[
			9,
			40
		],
		[
			31,
			33
		],
		[
			33,
			54
		],
		[
			70,
			82
		],
		[
			12,
			70
		],
		[
			4,
			29
		],
		[
			45,
			69
		],
		[
			37,
			69
		],
		[
			37,
			45
		],
		[
			6,
			69
		],
		[
			4,
			69
		],
		[
			12,
			22
		],
		[
			22,
			25
		],
		[
			12,
			25
		],
		[
			21,
			33
		],
		[
			21,
			54
		],
		[
			31,
			87
		],
		[
			28,
			87
		],
		[
			23,
			59
		],
		[
			4,
			17
		],
		[
			2,
			17
		],
		[
			7,
			43
		],
		[
			7,
			30
		],
		[
			30,
			43
		],
		[
			33,
			60
		],
		[
			33,
			87
		],
		[
			60,
			87
		],
		[
			23,
			39
		],
		[
			23,
			56
		],
		[
			39,
			56
		],
		[
			0,
			43
		],
		[
			0,
			68
		],
		[
			53,
			58
		],
		[
			53,
			64
		],
		[
			58,
			64
		],
		[
			7,
			55
		],
		[
			30,
			55
		],
		[
			24,
			37
		],
		[
			37,
			76
		],
		[
			25,
			77
		],
		[
			12,
			77
		],
		[
			34,
			52
		],
		[
			34,
			88
		],
		[
			52,
			88
		],
		[
			24,
			72
		],
		[
			15,
			24
		],
		[
			0,
			46
		],
		[
			0,
			30
		],
		[
			30,
			46
		],
		[
			34,
			63
		],
		[
			52,
			63
		],
		[
			20,
			68
		],
		[
			9,
			68
		],
		[
			9,
			20
		],
		[
			36,
			51
		],
		[
			40,
			51
		],
		[
			6,
			80
		],
		[
			67,
			80
		],
		[
			6,
			67
		],
		[
			36,
			85
		],
		[
			79,
			85
		],
		[
			4,
			42
		],
		[
			17,
			42
		],
		[
			10,
			41
		],
		[
			41,
			66
		],
		[
			10,
			66
		],
		[
			37,
			71
		],
		[
			71,
			76
		],
		[
			0,
			26
		],
		[
			26,
			46
		],
		[
			10,
			62
		],
		[
			5,
			10
		],
		[
			48,
			80
		],
		[
			48,
			67
		],
		[
			51,
			85
		],
		[
			14,
			63
		],
		[
			1,
			63
		],
		[
			1,
			14
		],
		[
			22,
			38
		],
		[
			11,
			38
		],
		[
			11,
			22
		],
		[
			42,
			50
		],
		[
			49,
			50
		],
		[
			16,
			32
		],
		[
			32,
			86
		],
		[
			16,
			86
		],
		[
			11,
			20
		],
		[
			17,
			81
		],
		[
			2,
			81
		],
		[
			45,
			62
		],
		[
			6,
			71
		],
		[
			67,
			71
		],
		[
			35,
			77
		],
		[
			13,
			38
		],
		[
			38,
			70
		],
		[
			13,
			70
		],
		[
			50,
			64
		],
		[
			26,
			40
		],
		[
			26,
			51
		],
		[
			18,
			65
		],
		[
			18,
			27
		],
		[
			27,
			65
		],
		[
			17,
			64
		],
		[
			64,
			81
		],
		[
			37,
			62
		],
		[
			15,
			37
		],
		[
			15,
			62
		],
		[
			56,
			59
		],
		[
			53,
			75
		],
		[
			44,
			75
		],
		[
			44,
			53
		],
		[
			3,
			58
		],
		[
			3,
			53
		],
		[
			32,
			78
		],
		[
			28,
			78
		],
		[
			28,
			32
		],
		[
			18,
			83
		],
		[
			27,
			83
		],
		[
			25,
			57
		],
		[
			17,
			50
		],
		[
			21,
			60
		],
		[
			13,
			59
		],
		[
			38,
			59
		],
		[
			18,
			81
		],
		[
			81,
			83
		],
		[
			49,
			77
		],
		[
			61,
			67
		],
		[
			48,
			61
		],
		[
			9,
			19
		],
		[
			34,
			49
		],
		[
			2,
			18
		],
		[
			6,
			65
		],
		[
			65,
			80
		],
		[
			69,
			71
		],
		[
			60,
			78
		],
		[
			78,
			87
		],
		[
			16,
			78
		],
		[
			7,
			11
		],
		[
			3,
			14
		],
		[
			3,
			63
		],
		[
			49,
			88
		],
		[
			67,
			76
		],
		[
			77,
			88
		],
		[
			73,
			88
		],
		[
			73,
			77
		],
		[
			52,
			73
		],
		[
			19,
			57
		],
		[
			9,
			57
		],
		[
			3,
			84
		],
		[
			14,
			84
		],
		[
			7,
			38
		],
		[
			3,
			75
		],
		[
			3,
			34
		],
		[
			8,
			55
		],
		[
			75,
			84
		],
		[
			44,
			64
		],
		[
			63,
			74
		],
		[
			1,
			74
		],
		[
			2,
			65
		],
		[
			52,
			74
		],
		[
			44,
			81
		],
		[
			32,
			67
		],
		[
			67,
			86
		],
		[
			29,
			69
		],
		[
			27,
			80
		],
		[
			27,
			48
		],
		[
			22,
			70
		],
		[
			86,
			89
		],
		[
			16,
			89
		],
		[
			32,
			76
		],
		[
			41,
			72
		],
		[
			41,
			54
		],
		[
			35,
			73
		],
		[
			73,
			79
		],
		[
			61,
			86
		],
		[
			61,
			89
		]
	],
	"score": 0.5098039215686274
}