{
	"content_type": "CG_SHOP_2025_Solution",
	"instance_uid": "simple-polygon-exterior-20_40_65de7236",
	"steiner_points_x": [
		"436513/2545",
		"78944374/610037",
		"590191/3649",
		77,
		189,
		66,
		"3177/320",
		"1302946871/7576465",
		67,
		"146/3",
		188,
		"238977/2465",
		"257319/1825",
		"320289/1706",
		52,
		"318468/5305",
		140,
		100,
		61,
		100,
		34,
		118,
		22,
		41,
		"7725/73",
		"1384229/80800",
		"164172/5305",
		184,
		"17804/93",
		100,
		96,
		177,
		"2742/3061",
		26,
		41,
		50,
		"604259/3650",
		97,
		"272676/5305",
		95,
		68,
		83,
		111,
		"294684497576/2226025013",
		"1148/167",
		"1159/6",
		"835255/5954",
		7,
		"661202/3505",
		71,
		56,
		47,
		64,
		"24048/3061",
		"477/4",
		"8138/43",
		"12459058/65193",
		"112191809/660650",
		"53103/626",
		60,
		121,
		87,
		"181643/1010",
		110,
		19,
		118,
		179,
		33,
		85,
		163,
		"161297/853",
		"214544/1825",
		"95235/793",
		48,
		21,
		123,
		76,
		113,
		106,
		43,
		45,
		106,
		89,
		42,
		26,
		108,
		117,
		"53103/626",
		115,
		44,
		69,
		109,
		44,
		62,
		19,
		28,
		"28768/1013",
		"13566/461",
		167,
		18,
		"24/7",
		"71277/4129",
		"212/7",
		145,
		118,
		21,
		"15762/3061",
		35,
		25,
		"5673/241",
		14,
		26,
		38,
		61,
		"13737/427",
		12,
		"7032/3061",
		38,
		35,
		41,
		26,
		"857/37",
		24
	],
	"steiner_points_y": [
		"42454/2545",
		"208194189/1220074",
		"615989/3649",
		154,
		120,
		71,
		"19329/128",
		"14658288/1515293",
		126,
		"5/3",
		79,
		"272746/2465",
		"122583/1825",
		"222309/1706",
		132,
		"940779/5305",
		115,
		5,
		171,
		174,
		136,
		174,
		114,
		99,
		"1300/73",
		"47335317/323200",
		"917206/5305",
		86,
		"2127/31",
		181,
		157,
		129,
		"208795/3061",
		128,
		79,
		113,
		"264913/3650",
		75,
		"933783/5305",
		61,
		84,
		150,
		38,
		"398707256853/2226025013",
		"61630/501",
		"515/6",
		"45345/5954",
		107,
		"210034/3505",
		93,
		140,
		139,
		95,
		"404100/3061",
		"25/4",
		"2569/43",
		"1493043/21731",
		"5048809/66065",
		"100331/626",
		93,
		35,
		150,
		"21761/1010",
		77,
		123,
		60,
		118,
		141,
		147,
		110,
		"101704/853",
		"113158/1825",
		"44829/3172",
		143,
		121,
		32,
		141,
		18,
		161,
		141,
		136,
		149,
		148,
		148,
		65,
		23,
		160,
		181,
		78,
		73,
		142,
		93,
		64,
		82,
		132,
		116,
		"109458/1013",
		"59233/461",
		66,
		118,
		"640/7",
		"61800/4129",
		"585/7",
		116,
		181,
		85,
		"328145/3061",
		66,
		90,
		"21082/241",
		61,
		80,
		73,
		101,
		"34719/427",
		80,
		"248120/3061",
		76,
		74,
		122,
		71,
		"2774/37",
		79
	],
	"edges": [
		[
			142,
			149
		],
		[
			148,
			149
		],
		[
			142,
			148
		],
		[
			1,
			138
		],
		[
			88,
			138
		],
		[
			1,
			88
		],
		[
			8,
			147
		],
		[
			132,
			147
		],
		[
			8,
			132
		],
		[
			152,
			158
		],
		[
			157,
			158
		],
		[
			152,
			157
		],
		[
			13,
			160
		],
		[
			12,
			160
		],
		[
			12,
			13
		],
		[
			117,
			125
		],
		[
			115,
			125
		],
		[
			115,
			117
		],
		[
			97,
			109
		],
		[
			67,
			109
		],
		[
			67,
			97
		],
		[
			7,
			8
		],
		[
			7,
			49
		],
		[
			8,
			49
		],
		[
			51,
			122
		],
		[
			121,
			122
		],
		[
			51,
			121
		],
		[
			112,
			115
		],
		[
			112,
			117
		],
		[
			6,
			82
		],
		[
			82,
			125
		],
		[
			6,
			125
		],
		[
			41,
			61
		],
		[
			28,
			61
		],
		[
			28,
			41
		],
		[
			13,
			154
		],
		[
			154,
			158
		],
		[
			13,
			158
		],
		[
			17,
			65
		],
		[
			65,
			107
		],
		[
			17,
			107
		],
		[
			6,
			79
		],
		[
			79,
			82
		],
		[
			74,
			157
		],
		[
			74,
			129
		],
		[
			129,
			157
		],
		[
			4,
			47
		],
		[
			4,
			40
		],
		[
			40,
			47
		],
		[
			16,
			135
		],
		[
			135,
			137
		],
		[
			16,
			137
		],
		[
			63,
			153
		],
		[
			99,
			153
		],
		[
			63,
			99
		],
		[
			14,
			154
		],
		[
			14,
			157
		],
		[
			154,
			157
		],
		[
			14,
			74
		],
		[
			11,
			150
		],
		[
			10,
			150
		],
		[
			10,
			11
		],
		[
			142,
			151
		],
		[
			149,
			151
		],
		[
			72,
			155
		],
		[
			11,
			155
		],
		[
			11,
			72
		],
		[
			124,
			150
		],
		[
			8,
			124
		],
		[
			8,
			150
		],
		[
			15,
			145
		],
		[
			145,
			155
		],
		[
			15,
			155
		],
		[
			74,
			133
		],
		[
			129,
			133
		],
		[
			52,
			128
		],
		[
			36,
			128
		],
		[
			36,
			52
		],
		[
			5,
			57
		],
		[
			5,
			94
		],
		[
			57,
			94
		],
		[
			41,
			126
		],
		[
			61,
			126
		],
		[
			4,
			94
		],
		[
			4,
			86
		],
		[
			86,
			94
		],
		[
			107,
			123
		],
		[
			119,
			123
		],
		[
			107,
			119
		],
		[
			63,
			148
		],
		[
			63,
			142
		],
		[
			62,
			136
		],
		[
			15,
			136
		],
		[
			15,
			62
		],
		[
			36,
			143
		],
		[
			37,
			143
		],
		[
			36,
			37
		],
		[
			47,
			86
		],
		[
			147,
			158
		],
		[
			147,
			160
		],
		[
			158,
			160
		],
		[
			3,
			4
		],
		[
			3,
			40
		],
		[
			129,
			152
		],
		[
			30,
			131
		],
		[
			32,
			131
		],
		[
			30,
			32
		],
		[
			35,
			97
		],
		[
			35,
			76
		],
		[
			76,
			97
		],
		[
			45,
			129
		],
		[
			45,
			133
		],
		[
			63,
			74
		],
		[
			14,
			63
		],
		[
			140,
			155
		],
		[
			15,
			140
		],
		[
			57,
			64
		],
		[
			5,
			64
		],
		[
			147,
			152
		],
		[
			54,
			75
		],
		[
			48,
			54
		],
		[
			48,
			75
		],
		[
			7,
			45
		],
		[
			45,
			79
		],
		[
			7,
			79
		],
		[
			142,
			154
		],
		[
			14,
			142
		],
		[
			6,
			64
		],
		[
			64,
			125
		],
		[
			76,
			138
		],
		[
			52,
			138
		],
		[
			52,
			76
		],
		[
			10,
			72
		],
		[
			12,
			161
		],
		[
			160,
			161
		],
		[
			111,
			128
		],
		[
			52,
			111
		],
		[
			116,
			130
		],
		[
			43,
			130
		],
		[
			43,
			116
		],
		[
			124,
			147
		],
		[
			124,
			160
		],
		[
			37,
			109
		],
		[
			36,
			109
		],
		[
			80,
			133
		],
		[
			45,
			80
		],
		[
			77,
			80
		],
		[
			45,
			77
		],
		[
			132,
			152
		],
		[
			155,
			161
		],
		[
			11,
			161
		],
		[
			3,
			138
		],
		[
			3,
			52
		],
		[
			11,
			160
		],
		[
			11,
			124
		],
		[
			5,
			112
		],
		[
			94,
			112
		],
		[
			24,
			90
		],
		[
			24,
			130
		],
		[
			90,
			130
		],
		[
			18,
			134
		],
		[
			104,
			134
		],
		[
			18,
			104
		],
		[
			161,
			162
		],
		[
			12,
			162
		],
		[
			155,
			162
		],
		[
			60,
			137
		],
		[
			60,
			159
		],
		[
			137,
			159
		],
		[
			51,
			131
		],
		[
			51,
			56
		],
		[
			56,
			131
		],
		[
			36,
			56
		],
		[
			36,
			131
		],
		[
			16,
			159
		],
		[
			75,
			159
		],
		[
			16,
			75
		],
		[
			13,
			151
		],
		[
			151,
			154
		],
		[
			35,
			138
		],
		[
			35,
			88
		],
		[
			33,
			77
		],
		[
			33,
			79
		],
		[
			77,
			79
		],
		[
			17,
			60
		],
		[
			60,
			107
		],
		[
			48,
			130
		],
		[
			48,
			90
		],
		[
			56,
			143
		],
		[
			12,
			151
		],
		[
			151,
			162
		],
		[
			62,
			135
		],
		[
			135,
			136
		],
		[
			24,
			43
		],
		[
			24,
			25
		],
		[
			25,
			43
		],
		[
			6,
			49
		],
		[
			6,
			57
		],
		[
			49,
			57
		],
		[
			136,
			148
		],
		[
			15,
			148
		],
		[
			114,
			139
		],
		[
			104,
			139
		],
		[
			104,
			114
		],
		[
			8,
			9
		],
		[
			9,
			49
		],
		[
			62,
			87
		],
		[
			15,
			87
		],
		[
			108,
			122
		],
		[
			51,
			108
		],
		[
			63,
			136
		],
		[
			16,
			136
		],
		[
			16,
			63
		],
		[
			145,
			151
		],
		[
			145,
			149
		],
		[
			15,
			149
		],
		[
			18,
			46
		],
		[
			18,
			93
		],
		[
			46,
			93
		],
		[
			145,
			162
		],
		[
			74,
			99
		],
		[
			99,
			133
		],
		[
			63,
			75
		],
		[
			75,
			153
		],
		[
			73,
			135
		],
		[
			73,
			137
		],
		[
			62,
			114
		],
		[
			62,
			139
		],
		[
			37,
			38
		],
		[
			38,
			71
		],
		[
			37,
			71
		],
		[
			91,
			120
		],
		[
			54,
			91
		],
		[
			54,
			120
		],
		[
			24,
			123
		],
		[
			23,
			123
		],
		[
			23,
			24
		],
		[
			19,
			20
		],
		[
			19,
			46
		],
		[
			20,
			46
		],
		[
			65,
			134
		],
		[
			18,
			65
		],
		[
			1,
			3
		],
		[
			106,
			110
		],
		[
			44,
			106
		],
		[
			44,
			110
		],
		[
			2,
			40
		],
		[
			1,
			40
		],
		[
			1,
			2
		],
		[
			73,
			104
		],
		[
			73,
			134
		],
		[
			24,
			113
		],
		[
			113,
			123
		],
		[
			82,
			100
		],
		[
			100,
			125
		],
		[
			48,
			116
		],
		[
			36,
			97
		],
		[
			36,
			76
		],
		[
			35,
			67
		],
		[
			50,
			67
		],
		[
			35,
			50
		],
		[
			38,
			39
		],
		[
			38,
			42
		],
		[
			39,
			42
		],
		[
			34,
			82
		],
		[
			34,
			105
		],
		[
			82,
			105
		],
		[
			60,
			120
		],
		[
			120,
			159
		],
		[
			37,
			106
		],
		[
			71,
			106
		],
		[
			30,
			116
		],
		[
			30,
			48
		],
		[
			106,
			109
		],
		[
			67,
			106
		],
		[
			18,
			84
		],
		[
			84,
			93
		],
		[
			21,
			107
		],
		[
			19,
			107
		],
		[
			19,
			21
		],
		[
			59,
			118
		],
		[
			59,
			61
		],
		[
			61,
			118
		],
		[
			29,
			56
		],
		[
			29,
			143
		],
		[
			51,
			116
		],
		[
			108,
			116
		],
		[
			33,
			103
		],
		[
			34,
			103
		],
		[
			33,
			34
		],
		[
			41,
			42
		],
		[
			41,
			83
		],
		[
			42,
			83
		],
		[
			70,
			98
		],
		[
			59,
			98
		],
		[
			59,
			70
		],
		[
			21,
			123
		],
		[
			24,
			58
		],
		[
			25,
			58
		],
		[
			17,
			73
		],
		[
			17,
			134
		],
		[
			118,
			126
		],
		[
			53,
			71
		],
		[
			39,
			71
		],
		[
			39,
			53
		],
		[
			70,
			101
		],
		[
			26,
			101
		],
		[
			26,
			70
		],
		[
			155,
			156
		],
		[
			140,
			156
		],
		[
			22,
			66
		],
		[
			20,
			22
		],
		[
			20,
			66
		],
		[
			84,
			104
		],
		[
			84,
			139
		],
		[
			26,
			43
		],
		[
			25,
			26
		],
		[
			81,
			101
		],
		[
			101,
			108
		],
		[
			81,
			108
		],
		[
			105,
			111
		],
		[
			52,
			105
		],
		[
			88,
			95
		],
		[
			68,
			88
		],
		[
			68,
			95
		],
		[
			103,
			128
		],
		[
			103,
			131
		],
		[
			128,
			131
		],
		[
			46,
			65
		],
		[
			17,
			137
		],
		[
			48,
			153
		],
		[
			67,
			110
		],
		[
			19,
			65
		],
		[
			84,
			87
		],
		[
			87,
			146
		],
		[
			84,
			146
		],
		[
			80,
			99
		],
		[
			21,
			22
		],
		[
			20,
			21
		],
		[
			34,
			79
		],
		[
			3,
			105
		],
		[
			54,
			159
		],
		[
			45,
			132
		],
		[
			129,
			132
		],
		[
			23,
			78
		],
		[
			24,
			78
		],
		[
			60,
			119
		],
		[
			114,
			135
		],
		[
			73,
			114
		],
		[
			29,
			42
		],
		[
			29,
			41
		],
		[
			90,
			91
		],
		[
			54,
			90
		],
		[
			101,
			122
		],
		[
			26,
			98
		],
		[
			80,
			89
		],
		[
			80,
			92
		],
		[
			89,
			92
		],
		[
			44,
			71
		],
		[
			21,
			23
		],
		[
			22,
			23
		],
		[
			32,
			33
		],
		[
			32,
			103
		],
		[
			27,
			58
		],
		[
			25,
			27
		],
		[
			26,
			81
		],
		[
			43,
			81
		],
		[
			32,
			77
		],
		[
			81,
			116
		],
		[
			87,
			139
		],
		[
			38,
			143
		],
		[
			50,
			85
		],
		[
			67,
			85
		],
		[
			7,
			132
		],
		[
			27,
			98
		],
		[
			27,
			127
		],
		[
			98,
			127
		],
		[
			0,
			50
		],
		[
			0,
			85
		],
		[
			100,
			105
		],
		[
			72,
			156
		],
		[
			30,
			51
		],
		[
			5,
			117
		],
		[
			22,
			78
		],
		[
			29,
			51
		],
		[
			77,
			89
		],
		[
			66,
			78
		],
		[
			31,
			92
		],
		[
			31,
			89
		],
		[
			87,
			140
		],
		[
			140,
			146
		],
		[
			59,
			144
		],
		[
			59,
			69
		],
		[
			69,
			144
		],
		[
			88,
			96
		],
		[
			68,
			96
		],
		[
			103,
			111
		],
		[
			34,
			111
		],
		[
			29,
			38
		],
		[
			55,
			58
		],
		[
			27,
			55
		],
		[
			91,
			113
		],
		[
			90,
			113
		],
		[
			70,
			122
		],
		[
			70,
			121
		],
		[
			3,
			100
		],
		[
			31,
			32
		],
		[
			30,
			31
		],
		[
			4,
			112
		],
		[
			25,
			98
		],
		[
			58,
			78
		],
		[
			55,
			78
		],
		[
			4,
			115
		],
		[
			3,
			115
		],
		[
			119,
			120
		],
		[
			91,
			119
		],
		[
			8,
			141
		],
		[
			141,
			150
		],
		[
			0,
			96
		],
		[
			50,
			96
		],
		[
			35,
			96
		],
		[
			92,
			99
		],
		[
			100,
			115
		],
		[
			64,
			117
		],
		[
			6,
			7
		],
		[
			1,
			102
		],
		[
			2,
			102
		],
		[
			31,
			48
		],
		[
			1,
			95
		],
		[
			61,
			144
		],
		[
			32,
			89
		],
		[
			59,
			127
		],
		[
			69,
			127
		],
		[
			118,
			121
		],
		[
			121,
			126
		],
		[
			29,
			121
		],
		[
			29,
			126
		],
		[
			95,
			102
		],
		[
			113,
			119
		],
		[
			28,
			144
		],
		[
			10,
			141
		],
		[
			70,
			118
		],
		[
			28,
			83
		],
		[
			92,
			153
		],
		[
			31,
			153
		],
		[
			0,
			68
		],
		[
			2,
			47
		],
		[
			9,
			141
		],
		[
			85,
			110
		],
		[
			44,
			53
		]
	],
	"score": 0.5040322580645161
}