{
	"content_type": "CG_SHOP_2025_Solution",
	"instance_uid": "simple-polygon-exterior-20_20_e64ff8fc",
	"steiner_points_x": [
		"292506666/192469",
		"1543069499/1493810",
		1516,
		"18018224418/13629905",
		3702,
		1341,
		"1205232093778871/334800250936",
		"539892570/192469",
		"31515037702/13629905",
		1513,
		"3799287506/1359341",
		"39269206569/13629905",
		"2035593386/2725981",
		"29011101625119317328/8054833687175123",
		2524,
		3152,
		"31094066381883955394/24625684814317925",
		1402,
		"34431001106/13629905",
		3607,
		929,
		2673,
		3669,
		"43858966094/13629905",
		"39531478/25105",
		"1017630883899744/261631002929",
		"770407361/1493810",
		1602,
		"210449714/53497",
		"202073809564642/161010067765",
		"892874601483391489504/355645749152509789",
		"655418590146144/261631002929",
		3738,
		"7323/5",
		1060,
		"11738/3",
		"309739338/192469",
		"5286896976/1359341",
		1605,
		2507,
		"46741415/890257",
		1399,
		"482799708/192469"
	],
	"steiner_points_y": [
		"325063444/192469",
		"2443186103/1493810",
		1161,
		"3743447904/13629905",
		717,
		"2877/2",
		"257415741416473/167400125468",
		"310943244/192469",
		"2302219136/13629905",
		1459,
		"2047093583/1359341",
		"1474206552/13629905",
		"916130656/2725981",
		"12646741327781330773/8054833687175123",
		816,
		974,
		"29015899961647882328/24625684814317925",
		1432,
		"1990844128/13629905",
		714,
		848,
		1353,
		669,
		"984098752/13629905",
		"37731919/25105",
		"406483106982879/261631002929",
		"2259280817/1493810",
		1556,
		"78746338/53497",
		"129673376612056/161010067765",
		"531589762866597786739/355645749152509789",
		"427157324662879/261631002929",
		722,
		"4159/5",
		1522,
		"2068/3",
		"324079844/192469",
		"2105831811/1359341",
		1504,
		1607,
		"796750634/890257",
		1460,
		"314201969/192469"
	],
	"edges": [
		[
			16,
			37
		],
		[
			22,
			37
		],
		[
			16,
			22
		],
		[
			29,
			61
		],
		[
			29,
			37
		],
		[
			37,
			61
		],
		[
			39,
			42
		],
		[
			4,
			42
		],
		[
			4,
			39
		],
		[
			1,
			52
		],
		[
			1,
			48
		],
		[
			48,
			52
		],
		[
			26,
			30
		],
		[
			27,
			30
		],
		[
			26,
			27
		],
		[
			26,
			57
		],
		[
			26,
			33
		],
		[
			33,
			57
		],
		[
			26,
			39
		],
		[
			24,
			26
		],
		[
			24,
			39
		],
		[
			8,
			50
		],
		[
			41,
			50
		],
		[
			8,
			41
		],
		[
			27,
			33
		],
		[
			45,
			57
		],
		[
			33,
			45
		],
		[
			18,
			29
		],
		[
			18,
			61
		],
		[
			2,
			42
		],
		[
			24,
			42
		],
		[
			2,
			24
		],
		[
			51,
			62
		],
		[
			59,
			62
		],
		[
			51,
			59
		],
		[
			30,
			59
		],
		[
			27,
			59
		],
		[
			26,
			35
		],
		[
			30,
			35
		],
		[
			1,
			26
		],
		[
			26,
			52
		],
		[
			35,
			39
		],
		[
			34,
			41
		],
		[
			8,
			34
		],
		[
			47,
			51
		],
		[
			47,
			56
		],
		[
			51,
			56
		],
		[
			16,
			25
		],
		[
			16,
			36
		],
		[
			25,
			36
		],
		[
			15,
			40
		],
		[
			13,
			40
		],
		[
			13,
			15
		],
		[
			2,
			52
		],
		[
			52,
			55
		],
		[
			2,
			55
		],
		[
			17,
			54
		],
		[
			21,
			54
		],
		[
			17,
			21
		],
		[
			16,
			49
		],
		[
			16,
			53
		],
		[
			49,
			53
		],
		[
			18,
			44
		],
		[
			29,
			44
		],
		[
			8,
			19
		],
		[
			8,
			22
		],
		[
			19,
			22
		],
		[
			19,
			44
		],
		[
			44,
			58
		],
		[
			19,
			58
		],
		[
			18,
			47
		],
		[
			44,
			47
		],
		[
			35,
			41
		],
		[
			30,
			41
		],
		[
			58,
			59
		],
		[
			47,
			58
		],
		[
			47,
			59
		],
		[
			50,
			58
		],
		[
			19,
			50
		],
		[
			10,
			32
		],
		[
			11,
			32
		],
		[
			10,
			11
		],
		[
			3,
			4
		],
		[
			3,
			43
		],
		[
			4,
			43
		],
		[
			0,
			1
		],
		[
			0,
			48
		],
		[
			19,
			29
		],
		[
			22,
			29
		],
		[
			4,
			5
		],
		[
			4,
			31
		],
		[
			5,
			31
		],
		[
			7,
			53
		],
		[
			8,
			53
		],
		[
			7,
			8
		],
		[
			2,
			3
		],
		[
			3,
			55
		],
		[
			31,
			43
		],
		[
			27,
			62
		],
		[
			1,
			57
		],
		[
			30,
			50
		],
		[
			50,
			59
		],
		[
			9,
			13
		],
		[
			9,
			10
		],
		[
			10,
			13
		],
		[
			11,
			13
		],
		[
			9,
			40
		],
		[
			6,
			38
		],
		[
			28,
			38
		],
		[
			6,
			28
		],
		[
			6,
			31
		],
		[
			31,
			38
		],
		[
			48,
			55
		],
		[
			34,
			35
		],
		[
			5,
			35
		],
		[
			5,
			39
		],
		[
			0,
			57
		],
		[
			0,
			45
		],
		[
			3,
			42
		],
		[
			7,
			34
		],
		[
			7,
			23
		],
		[
			23,
			53
		],
		[
			25,
			54
		],
		[
			17,
			25
		],
		[
			25,
			61
		],
		[
			25,
			37
		],
		[
			5,
			6
		],
		[
			6,
			34
		],
		[
			5,
			34
		],
		[
			40,
			49
		],
		[
			36,
			40
		],
		[
			36,
			49
		],
		[
			11,
			12
		],
		[
			12,
			13
		],
		[
			9,
			49
		],
		[
			22,
			53
		],
		[
			7,
			28
		],
		[
			6,
			7
		],
		[
			9,
			23
		],
		[
			10,
			23
		],
		[
			17,
			61
		],
		[
			17,
			18
		],
		[
			23,
			49
		],
		[
			24,
			52
		],
		[
			15,
			36
		],
		[
			23,
			28
		],
		[
			17,
			20
		],
		[
			18,
			20
		],
		[
			14,
			46
		],
		[
			15,
			46
		],
		[
			14,
			15
		],
		[
			18,
			56
		],
		[
			23,
			32
		],
		[
			13,
			60
		],
		[
			12,
			60
		],
		[
			15,
			54
		],
		[
			36,
			54
		],
		[
			13,
			14
		],
		[
			14,
			60
		],
		[
			20,
			56
		],
		[
			46,
			54
		],
		[
			21,
			46
		]
	],
	"score": 0.5113636363636364
}