{
	"content_type": "CG_SHOP_2025_Solution",
	"instance_uid": "simple-polygon-exterior-20_20_4ddfa00e",
	"steiner_points_x": [
		2857,
		"1465233654/1553161",
		"676240420308/227670817",
		2588,
		"196149254/71285",
		"3940355904/1553161",
		2588,
		"76530603/51938",
		"5362450989575057451783307644/1663473916882294893026449",
		2421,
		"1710002926314267/1058810044793",
		"10022/3",
		1120,
		1545,
		1182,
		2543,
		"1750958664/1553161",
		2491,
		3160,
		"65367580/48857",
		"3364738831/934354",
		"1591272143/467177",
		"39028804/15185",
		1226,
		2268,
		3292,
		1340,
		1341,
		"560941/174",
		"78198398/48857",
		"1051440357194159028/353609433802537",
		"70031633/59482",
		2398,
		1481,
		1178,
		2557,
		989,
		"72355821/48857"
	],
	"steiner_points_y": [
		591,
		"54798184/1553161",
		"4090749456/20697347",
		768,
		"95819038/71285",
		"166128984/1553161",
		1012,
		"45285153/51938",
		"1005135923522949313174876032/1663473916882294893026449",
		1324,
		"69343388943584/1058810044793",
		1332,
		207,
		1354,
		315,
		1755,
		"67650072/1553161",
		1254,
		1376,
		"93951513/48857",
		"732595371/934354",
		"557931225/467177",
		"17591308/15185",
		891,
		768,
		1140,
		1809,
		1620,
		"91515/58",
		"94183745/48857",
		"44764756308670776/353609433802537",
		"112130605/59482",
		1196,
		1924,
		204,
		1327,
		373,
		"94077997/48857"
	],
	"edges": [
		[
			13,
			14
		],
		[
			13,
			53
		],
		[
			14,
			53
		],
		[
			6,
			12
		],
		[
			12,
			43
		],
		[
			6,
			43
		],
		[
			28,
			45
		],
		[
			40,
			45
		],
		[
			28,
			40
		],
		[
			23,
			26
		],
		[
			23,
			44
		],
		[
			26,
			44
		],
		[
			35,
			49
		],
		[
			3,
			49
		],
		[
			3,
			35
		],
		[
			14,
			35
		],
		[
			14,
			49
		],
		[
			17,
			18
		],
		[
			18,
			45
		],
		[
			17,
			45
		],
		[
			6,
			51
		],
		[
			5,
			51
		],
		[
			5,
			6
		],
		[
			49,
			53
		],
		[
			0,
			24
		],
		[
			18,
			24
		],
		[
			0,
			18
		],
		[
			17,
			28
		],
		[
			22,
			25
		],
		[
			22,
			50
		],
		[
			25,
			50
		],
		[
			29,
			55
		],
		[
			29,
			35
		],
		[
			35,
			55
		],
		[
			19,
			42
		],
		[
			19,
			37
		],
		[
			37,
			42
		],
		[
			15,
			25
		],
		[
			15,
			22
		],
		[
			7,
			56
		],
		[
			9,
			56
		],
		[
			7,
			9
		],
		[
			11,
			44
		],
		[
			15,
			44
		],
		[
			11,
			15
		],
		[
			20,
			22
		],
		[
			20,
			28
		],
		[
			22,
			28
		],
		[
			1,
			38
		],
		[
			1,
			48
		],
		[
			38,
			48
		],
		[
			18,
			38
		],
		[
			38,
			45
		],
		[
			12,
			27
		],
		[
			27,
			43
		],
		[
			6,
			7
		],
		[
			6,
			56
		],
		[
			26,
			42
		],
		[
			18,
			42
		],
		[
			18,
			26
		],
		[
			1,
			2
		],
		[
			2,
			48
		],
		[
			16,
			22
		],
		[
			16,
			50
		],
		[
			12,
			33
		],
		[
			27,
			33
		],
		[
			17,
			20
		],
		[
			20,
			23
		],
		[
			17,
			23
		],
		[
			15,
			20
		],
		[
			17,
			26
		],
		[
			8,
			9
		],
		[
			9,
			21
		],
		[
			8,
			21
		],
		[
			11,
			27
		],
		[
			27,
			44
		],
		[
			14,
			33
		],
		[
			14,
			29
		],
		[
			29,
			33
		],
		[
			27,
			34
		],
		[
			11,
			34
		],
		[
			19,
			44
		],
		[
			44,
			52
		],
		[
			19,
			52
		],
		[
			31,
			38
		],
		[
			31,
			45
		],
		[
			1,
			24
		],
		[
			24,
			35
		],
		[
			1,
			35
		],
		[
			33,
			52
		],
		[
			29,
			52
		],
		[
			13,
			33
		],
		[
			11,
			30
		],
		[
			15,
			30
		],
		[
			16,
			28
		],
		[
			10,
			32
		],
		[
			10,
			34
		],
		[
			32,
			34
		],
		[
			34,
			54
		],
		[
			11,
			54
		],
		[
			5,
			46
		],
		[
			5,
			39
		],
		[
			39,
			46
		],
		[
			2,
			35
		],
		[
			2,
			3
		],
		[
			5,
			47
		],
		[
			46,
			47
		],
		[
			7,
			8
		],
		[
			15,
			23
		],
		[
			4,
			5
		],
		[
			4,
			39
		],
		[
			12,
			13
		],
		[
			0,
			37
		],
		[
			37,
			55
		],
		[
			0,
			55
		],
		[
			12,
			47
		],
		[
			13,
			47
		],
		[
			9,
			10
		],
		[
			9,
			32
		],
		[
			21,
			32
		],
		[
			32,
			36
		],
		[
			21,
			36
		],
		[
			1,
			18
		],
		[
			19,
			26
		],
		[
			16,
			40
		],
		[
			29,
			37
		],
		[
			37,
			52
		],
		[
			25,
			30
		],
		[
			31,
			48
		],
		[
			32,
			54
		],
		[
			36,
			54
		],
		[
			4,
			51
		],
		[
			30,
			54
		],
		[
			30,
			36
		],
		[
			6,
			47
		],
		[
			0,
			42
		],
		[
			10,
			43
		],
		[
			10,
			56
		],
		[
			43,
			56
		],
		[
			41,
			45
		],
		[
			40,
			41
		],
		[
			13,
			46
		],
		[
			34,
			43
		],
		[
			53,
			57
		],
		[
			49,
			57
		],
		[
			46,
			53
		],
		[
			33,
			44
		],
		[
			39,
			53
		],
		[
			31,
			41
		],
		[
			39,
			57
		],
		[
			24,
			55
		]
	],
	"score": 0.5128205128205128
}