{
	"content_type": "CG_SHOP_2025_Solution",
	"instance_uid": "simple-polygon-exterior-20_20_1e719235",
	"steiner_points_x": [
		"18319644/361441",
		1364,
		"124217343/246154",
		"935766565100950/2182694335941",
		"36345015/12288994",
		"158332251/246154",
		"1295799801/1397345",
		"1486900808/3668437",
		"43865388/145909",
		1346,
		"315/8",
		749,
		320,
		206,
		601,
		154,
		"116046000/145909",
		879,
		508,
		1304,
		150,
		"283382505/6144497",
		"807086393/502450",
		568,
		351,
		"906476527/1259954",
		1977,
		160,
		524,
		917,
		200,
		1032,
		860,
		466,
		323,
		"335826792/6144497",
		"1440021496/3668437",
		2201,
		"119410767/6144497",
		"637235108414667/22540700141189",
		"52210116/145909",
		557,
		"1589257887/3668437",
		"135801603/6144497",
		"7637/3",
		"3368153004/1280605",
		"7369/3",
		"765058127/1259954",
		2046,
		"85270689/12288994",
		350,
		"121420845/12288994",
		372,
		"376945681315603/352118084426",
		1681,
		176,
		"210876785778606901937/95564757057600774"
	],
	"steiner_points_y": [
		"1078849705/361441",
		2149,
		"760073499/246154",
		"18967319880017/25088440643",
		"4049736035/12288994",
		"668377359/246154",
		"4242871353/1397345",
		"5087313131/3668437",
		"17692455/145909",
		933,
		"18845/8",
		3258,
		2571,
		3203,
		2294,
		2983,
		"7189985/145909",
		2803,
		452,
		1511,
		2729,
		"16779805180/6144497",
		"690657051/502450",
		676,
		2852,
		"4559001119/1259954",
		1575,
		712,
		1390,
		1290,
		326,
		1192,
		1799,
		1734,
		563,
		"19697538925/6144497",
		"6351073739/3668437",
		2109,
		"7657250550/6144497",
		"39171740205731230/22540700141189",
		"16478275/145909",
		3485,
		"2327996945/3668437",
		"8569153410/6144497",
		"7670/3",
		"2279387447/1280605",
		"2992/3",
		"4601492415/1259954",
		1114,
		"6771712025/12288994",
		763,
		"8782923085/12288994",
		680,
		"6184789555970287/1760590422130",
		1722,
		548,
		"303087410170922738249/95564757057600774"
	],
	"edges": [
		[
			0,
			1
		],
		[
			1,
			28
		],
		[
			0,
			28
		],
		[
			47,
			69
		],
		[
			47,
			75
		],
		[
			69,
			75
		],
		[
			27,
			48
		],
		[
			27,
			53
		],
		[
			48,
			53
		],
		[
			47,
			72
		],
		[
			54,
			72
		],
		[
			47,
			54
		],
		[
			2,
			19
		],
		[
			2,
			50
		],
		[
			19,
			50
		],
		[
			16,
			61
		],
		[
			16,
			33
		],
		[
			33,
			61
		],
		[
			38,
			43
		],
		[
			38,
			62
		],
		[
			43,
			62
		],
		[
			23,
			48
		],
		[
			48,
			49
		],
		[
			23,
			49
		],
		[
			23,
			43
		],
		[
			23,
			62
		],
		[
			19,
			38
		],
		[
			2,
			38
		],
		[
			29,
			68
		],
		[
			29,
			42
		],
		[
			42,
			68
		],
		[
			5,
			68
		],
		[
			66,
			68
		],
		[
			5,
			66
		],
		[
			18,
			53
		],
		[
			53,
			56
		],
		[
			18,
			56
		],
		[
			13,
			26
		],
		[
			13,
			31
		],
		[
			26,
			31
		],
		[
			31,
			73
		],
		[
			31,
			45
		],
		[
			45,
			73
		],
		[
			61,
			67
		],
		[
			14,
			61
		],
		[
			14,
			67
		],
		[
			52,
			53
		],
		[
			34,
			53
		],
		[
			34,
			52
		],
		[
			10,
			46
		],
		[
			46,
			65
		],
		[
			10,
			65
		],
		[
			54,
			75
		],
		[
			50,
			54
		],
		[
			50,
			75
		],
		[
			5,
			6
		],
		[
			6,
			68
		],
		[
			21,
			52
		],
		[
			21,
			34
		],
		[
			7,
			8
		],
		[
			7,
			39
		],
		[
			8,
			39
		],
		[
			3,
			38
		],
		[
			3,
			43
		],
		[
			62,
			72
		],
		[
			23,
			72
		],
		[
			27,
			56
		],
		[
			27,
			63
		],
		[
			56,
			63
		],
		[
			7,
			52
		],
		[
			39,
			52
		],
		[
			14,
			15
		],
		[
			14,
			33
		],
		[
			15,
			33
		],
		[
			45,
			61
		],
		[
			45,
			67
		],
		[
			12,
			64
		],
		[
			11,
			12
		],
		[
			11,
			64
		],
		[
			26,
			73
		],
		[
			17,
			32
		],
		[
			25,
			32
		],
		[
			17,
			25
		],
		[
			56,
			59
		],
		[
			18,
			59
		],
		[
			17,
			34
		],
		[
			17,
			21
		],
		[
			48,
			52
		],
		[
			17,
			37
		],
		[
			21,
			37
		],
		[
			23,
			27
		],
		[
			16,
			22
		],
		[
			22,
			35
		],
		[
			16,
			35
		],
		[
			18,
			34
		],
		[
			17,
			18
		],
		[
			12,
			37
		],
		[
			26,
			37
		],
		[
			12,
			26
		],
		[
			54,
			62
		],
		[
			19,
			62
		],
		[
			19,
			54
		],
		[
			22,
			25
		],
		[
			13,
			22
		],
		[
			13,
			25
		],
		[
			9,
			68
		],
		[
			9,
			66
		],
		[
			33,
			55
		],
		[
			33,
			35
		],
		[
			35,
			55
		],
		[
			13,
			16
		],
		[
			35,
			44
		],
		[
			22,
			44
		],
		[
			31,
			61
		],
		[
			27,
			70
		],
		[
			58,
			70
		],
		[
			27,
			58
		],
		[
			57,
			65
		],
		[
			57,
			64
		],
		[
			64,
			65
		],
		[
			8,
			42
		],
		[
			8,
			74
		],
		[
			42,
			74
		],
		[
			30,
			32
		],
		[
			18,
			32
		],
		[
			18,
			30
		],
		[
			46,
			74
		],
		[
			57,
			74
		],
		[
			46,
			57
		],
		[
			9,
			42
		],
		[
			42,
			46
		],
		[
			9,
			46
		],
		[
			12,
			76
		],
		[
			11,
			76
		],
		[
			43,
			51
		],
		[
			3,
			51
		],
		[
			49,
			52
		],
		[
			7,
			49
		],
		[
			47,
			70
		],
		[
			70,
			72
		],
		[
			9,
			10
		],
		[
			40,
			44
		],
		[
			35,
			40
		],
		[
			12,
			21
		],
		[
			40,
			41
		],
		[
			30,
			40
		],
		[
			30,
			41
		],
		[
			47,
			58
		],
		[
			43,
			49
		],
		[
			49,
			51
		],
		[
			20,
			35
		],
		[
			35,
			41
		],
		[
			20,
			41
		],
		[
			13,
			37
		],
		[
			10,
			66
		],
		[
			30,
			59
		],
		[
			13,
			61
		],
		[
			12,
			57
		],
		[
			15,
			55
		],
		[
			21,
			74
		],
		[
			21,
			57
		],
		[
			4,
			6
		],
		[
			4,
			5
		],
		[
			25,
			37
		],
		[
			1,
			60
		],
		[
			28,
			60
		],
		[
			21,
			39
		],
		[
			32,
			44
		],
		[
			25,
			44
		],
		[
			20,
			55
		],
		[
			24,
			75
		],
		[
			24,
			50
		],
		[
			7,
			51
		],
		[
			8,
			29
		],
		[
			3,
			4
		],
		[
			3,
			6
		],
		[
			39,
			74
		],
		[
			23,
			70
		],
		[
			59,
			63
		],
		[
			26,
			76
		],
		[
			6,
			29
		],
		[
			3,
			36
		],
		[
			4,
			36
		],
		[
			2,
			3
		],
		[
			47,
			71
		],
		[
			58,
			71
		],
		[
			32,
			40
		],
		[
			0,
			50
		],
		[
			0,
			24
		],
		[
			73,
			76
		],
		[
			7,
			29
		],
		[
			24,
			69
		],
		[
			2,
			60
		],
		[
			2,
			36
		],
		[
			36,
			60
		],
		[
			29,
			51
		],
		[
			3,
			29
		],
		[
			58,
			63
		],
		[
			1,
			50
		],
		[
			1,
			2
		],
		[
			69,
			71
		]
	],
	"score": 0.5086206896551724
}