{
	"content_type": "CG_SHOP_2025_Solution",
	"instance_uid": "ortho_60_5c5796a0",
	"steiner_points_x": [
		342558,
		580701,
		874332,
		580701,
		424598,
		640628,
		839998,
		1000000,
		342558,
		580701,
		285253,
		1000000,
		640628,
		242782,
		356717,
		684291,
		655396,
		684291,
		204497,
		1000000
	],
	"steiner_points_y": [
		102984,
		822856,
		861194,
		887535,
		487423,
		-635728,
		-353142,
		487423,
		0,
		943818,
		822856,
		249290,
		167884,
		"-1271456/3",
		-635728,
		822856,
		822856,
		887535,
		249290,
		887535
	],
	"edges": [
		[
			1,
			68
		],
		[
			1,
			60
		],
		[
			0,
			58
		],
		[
			22,
			69
		],
		[
			22,
			63
		],
		[
			3,
			48
		],
		[
			48,
			66
		],
		[
			57,
			78
		],
		[
			55,
			57
		],
		[
			4,
			42
		],
		[
			42,
			71
		],
		[
			4,
			71
		],
		[
			29,
			32
		],
		[
			29,
			70
		],
		[
			57,
			60
		],
		[
			58,
			60
		],
		[
			13,
			15
		],
		[
			21,
			63
		],
		[
			21,
			28
		],
		[
			33,
			67
		],
		[
			33,
			62
		],
		[
			62,
			67
		],
		[
			13,
			75
		],
		[
			13,
			33
		],
		[
			15,
			17
		],
		[
			54,
			57
		],
		[
			18,
			77
		],
		[
			20,
			77
		],
		[
			18,
			20
		],
		[
			40,
			64
		],
		[
			37,
			40
		],
		[
			37,
			64
		],
		[
			48,
			50
		],
		[
			41,
			71
		],
		[
			25,
			27
		],
		[
			25,
			69
		],
		[
			34,
			67
		],
		[
			15,
			77
		],
		[
			15,
			18
		],
		[
			75,
			77
		],
		[
			13,
			77
		],
		[
			41,
			67
		],
		[
			42,
			72
		],
		[
			4,
			72
		],
		[
			4,
			44
		],
		[
			9,
			62
		],
		[
			12,
			62
		],
		[
			9,
			12
		],
		[
			20,
			76
		],
		[
			20,
			75
		],
		[
			50,
			74
		],
		[
			51,
			74
		],
		[
			12,
			33
		],
		[
			8,
			79
		],
		[
			6,
			8
		],
		[
			22,
			25
		],
		[
			47,
			66
		],
		[
			36,
			64
		],
		[
			8,
			62
		],
		[
			8,
			67
		],
		[
			44,
			46
		],
		[
			37,
			39
		],
		[
			51,
			73
		],
		[
			2,
			51
		],
		[
			1,
			58
		],
		[
			9,
			11
		],
		[
			34,
			40
		],
		[
			34,
			41
		],
		[
			29,
			61
		],
		[
			44,
			47
		],
		[
			44,
			66
		],
		[
			51,
			53
		],
		[
			28,
			76
		],
		[
			21,
			76
		],
		[
			50,
			65
		],
		[
			48,
			65
		],
		[
			22,
			24
		],
		[
			29,
			31
		],
		[
			53,
			73
		],
		[
			1,
			53
		],
		[
			28,
			61
		]
	],
	"score": 0.5238095238095238
}