{
	"content_type": "CG_SHOP_2025_Solution",
	"instance_uid": "point-set_60_27bc003d",
	"steiner_points_x": [
		4270,
		"7364100/1601",
		12531,
		1699,
		"59193819044/78637551",
		12550,
		6252,
		8090,
		"22200970/1769",
		12940,
		2228,
		6119,
		"202835179/15529",
		7179,
		"13479625/1033",
		12536,
		8062,
		3486,
		2400,
		3097,
		12937,
		2536,
		"15394695/1769",
		8343,
		7680,
		4295,
		"73778188/52093",
		"12118240/1769",
		"202966400/52093",
		3500,
		1776,
		2174,
		200,
		"190451396/52093",
		"69531326/52093",
		3751,
		2213,
		12535,
		10197,
		749,
		"105668234/52093",
		"24600/11",
		"412396421/31058",
		"17956940/1769",
		12938,
		12510,
		6039,
		7594,
		"129054470/52093",
		12967,
		9356,
		8278,
		2404,
		999,
		"20255180/1769",
		11233,
		4451,
		9434,
		4749,
		5375,
		2400,
		10466,
		3485,
		"190045750/15529",
		8828,
		8966,
		10521,
		10650,
		10310,
		10050,
		9350,
		8403,
		10195,
		"474853120959876400/42140746798321",
		10759,
		8900,
		10654,
		10151,
		8400,
		3286,
		4100,
		2400,
		3006,
		4336,
		6936,
		6097,
		10628,
		9926
	],
	"steiner_points_y": [
		5784,
		"60050/1601",
		5831,
		10340,
		"229220747118/26212517",
		900,
		5762,
		10137,
		"85790/1769",
		2275,
		8732,
		1700,
		"93937119/15529",
		8684,
		"307575/1033",
		5350,
		5582,
		7600,
		7700,
		5750,
		5382,
		4987,
		"34615/1769",
		3055,
		10267,
		5551,
		"365751758/52093",
		"9980/1769",
		"30177500/52093",
		7800,
		8584,
		5487,
		"417400/41",
		"62685986/52093",
		"376783241/52093",
		4592,
		7571,
		2445,
		750,
		10309,
		"282915419/52093",
		"53800/11",
		"171510831/31058",
		"53880/1769",
		2450,
		2192,
		3601,
		10700,
		"222168245/52093",
		2055,
		815,
		1700,
		5651,
		10309,
		"71160/1769",
		6894,
		1756,
		1798,
		7512,
		6883,
		7300,
		8075,
		7288,
		"125051700/15529",
		8831,
		6941,
		6177,
		"27565964069300/2713680649",
		10187,
		"27565964069300/2713680649",
		9959,
		9029,
		5750,
		"438781237789029450/42140746798321",
		5555,
		10158,
		5354,
		5351,
		10157,
		10036,
		10309,
		10310,
		9132,
		9604,
		1244,
		1049,
		2451,
		2506
	],
	"edges": [
		[
			28,
			30
		],
		[
			8,
			28
		],
		[
			8,
			30
		],
		[
			78,
			120
		],
		[
			9,
			78
		],
		[
			9,
			120
		],
		[
			9,
			77
		],
		[
			43,
			77
		],
		[
			9,
			43
		],
		[
			23,
			65
		],
		[
			25,
			65
		],
		[
			23,
			25
		],
		[
			30,
			32
		],
		[
			30,
			126
		],
		[
			32,
			126
		],
		[
			53,
			141
		],
		[
			63,
			141
		],
		[
			53,
			63
		],
		[
			42,
			123
		],
		[
			42,
			121
		],
		[
			121,
			123
		],
		[
			19,
			61
		],
		[
			19,
			34
		],
		[
			34,
			61
		],
		[
			28,
			32
		],
		[
			107,
			143
		],
		[
			140,
			143
		],
		[
			107,
			140
		],
		[
			40,
			88
		],
		[
			6,
			40
		],
		[
			6,
			88
		],
		[
			24,
			79
		],
		[
			45,
			79
		],
		[
			24,
			45
		],
		[
			91,
			101
		],
		[
			81,
			91
		],
		[
			81,
			101
		],
		[
			29,
			138
		],
		[
			15,
			138
		],
		[
			15,
			29
		],
		[
			73,
			131
		],
		[
			12,
			131
		],
		[
			12,
			73
		],
		[
			70,
			142
		],
		[
			70,
			141
		],
		[
			141,
			142
		],
		[
			10,
			114
		],
		[
			10,
			22
		],
		[
			22,
			114
		],
		[
			51,
			98
		],
		[
			10,
			98
		],
		[
			10,
			51
		],
		[
			8,
			56
		],
		[
			28,
			56
		],
		[
			43,
			120
		],
		[
			27,
			43
		],
		[
			27,
			120
		],
		[
			33,
			116
		],
		[
			33,
			93
		],
		[
			93,
			116
		],
		[
			71,
			106
		],
		[
			55,
			106
		],
		[
			55,
			71
		],
		[
			33,
			38
		],
		[
			38,
			40
		],
		[
			33,
			40
		],
		[
			82,
			144
		],
		[
			111,
			144
		],
		[
			82,
			111
		],
		[
			17,
			58
		],
		[
			17,
			92
		],
		[
			58,
			92
		],
		[
			34,
			145
		],
		[
			87,
			145
		],
		[
			34,
			87
		],
		[
			44,
			130
		],
		[
			14,
			130
		],
		[
			14,
			44
		],
		[
			46,
			139
		],
		[
			139,
			141
		],
		[
			46,
			141
		],
		[
			126,
			132
		],
		[
			125,
			132
		],
		[
			125,
			126
		],
		[
			117,
			147
		],
		[
			1,
			147
		],
		[
			1,
			117
		],
		[
			21,
			139
		],
		[
			21,
			140
		],
		[
			139,
			140
		],
		[
			23,
			146
		],
		[
			105,
			146
		],
		[
			23,
			105
		],
		[
			71,
			116
		],
		[
			71,
			145
		],
		[
			116,
			145
		],
		[
			32,
			62
		],
		[
			28,
			62
		],
		[
			67,
			84
		],
		[
			37,
			84
		],
		[
			37,
			67
		],
		[
			98,
			110
		],
		[
			51,
			110
		],
		[
			3,
			45
		],
		[
			45,
			85
		],
		[
			3,
			85
		],
		[
			12,
			125
		],
		[
			76,
			125
		],
		[
			12,
			76
		],
		[
			27,
			112
		],
		[
			24,
			27
		],
		[
			24,
			112
		],
		[
			60,
			119
		],
		[
			60,
			118
		],
		[
			118,
			119
		],
		[
			40,
			93
		],
		[
			88,
			93
		],
		[
			6,
			19
		],
		[
			6,
			61
		],
		[
			89,
			118
		],
		[
			89,
			143
		],
		[
			118,
			143
		],
		[
			142,
			143
		],
		[
			139,
			142
		],
		[
			139,
			143
		],
		[
			86,
			96
		],
		[
			96,
			120
		],
		[
			86,
			120
		],
		[
			85,
			95
		],
		[
			85,
			106
		],
		[
			95,
			106
		],
		[
			39,
			71
		],
		[
			39,
			55
		],
		[
			81,
			95
		],
		[
			3,
			81
		],
		[
			3,
			95
		],
		[
			56,
			137
		],
		[
			56,
			136
		],
		[
			136,
			137
		],
		[
			62,
			134
		],
		[
			62,
			75
		],
		[
			75,
			134
		],
		[
			106,
			116
		],
		[
			95,
			116
		],
		[
			77,
			122
		],
		[
			77,
			118
		],
		[
			118,
			122
		],
		[
			16,
			129
		],
		[
			50,
			129
		],
		[
			16,
			50
		],
		[
			43,
			122
		],
		[
			86,
			91
		],
		[
			91,
			100
		],
		[
			86,
			100
		],
		[
			90,
			113
		],
		[
			64,
			90
		],
		[
			64,
			113
		],
		[
			60,
			66
		],
		[
			66,
			119
		],
		[
			87,
			144
		],
		[
			82,
			87
		],
		[
			92,
			99
		],
		[
			64,
			99
		],
		[
			64,
			92
		],
		[
			55,
			111
		],
		[
			39,
			111
		],
		[
			27,
			79
		],
		[
			35,
			113
		],
		[
			99,
			113
		],
		[
			35,
			99
		],
		[
			42,
			115
		],
		[
			115,
			126
		],
		[
			42,
			126
		],
		[
			91,
			112
		],
		[
			86,
			112
		],
		[
			33,
			145
		],
		[
			38,
			145
		],
		[
			89,
			142
		],
		[
			90,
			94
		],
		[
			64,
			94
		],
		[
			6,
			38
		],
		[
			19,
			38
		],
		[
			144,
			145
		],
		[
			42,
			125
		],
		[
			121,
			125
		],
		[
			51,
			82
		],
		[
			51,
			103
		],
		[
			82,
			103
		],
		[
			97,
			105
		],
		[
			69,
			97
		],
		[
			69,
			105
		],
		[
			22,
			65
		],
		[
			22,
			25
		],
		[
			81,
			108
		],
		[
			95,
			108
		],
		[
			112,
			120
		],
		[
			94,
			96
		],
		[
			86,
			94
		],
		[
			11,
			129
		],
		[
			11,
			50
		],
		[
			22,
			68
		],
		[
			68,
			114
		],
		[
			11,
			130
		],
		[
			11,
			44
		],
		[
			110,
			111
		],
		[
			82,
			110
		],
		[
			3,
			24
		],
		[
			24,
			81
		],
		[
			39,
			54
		],
		[
			54,
			111
		],
		[
			54,
			144
		],
		[
			97,
			104
		],
		[
			69,
			104
		],
		[
			90,
			96
		],
		[
			26,
			69
		],
		[
			18,
			26
		],
		[
			18,
			69
		],
		[
			100,
			101
		],
		[
			124,
			125
		],
		[
			121,
			124
		],
		[
			98,
			117
		],
		[
			110,
			117
		],
		[
			52,
			99
		],
		[
			52,
			92
		],
		[
			56,
			132
		],
		[
			8,
			132
		],
		[
			7,
			9
		],
		[
			7,
			78
		],
		[
			1,
			23
		],
		[
			1,
			146
		],
		[
			108,
			116
		],
		[
			19,
			145
		],
		[
			97,
			146
		],
		[
			57,
			146
		],
		[
			57,
			97
		],
		[
			47,
			78
		],
		[
			7,
			47
		],
		[
			12,
			119
		],
		[
			12,
			66
		],
		[
			10,
			103
		],
		[
			103,
			114
		],
		[
			75,
			104
		],
		[
			75,
			97
		],
		[
			101,
			108
		],
		[
			65,
			105
		],
		[
			14,
			135
		],
		[
			0,
			135
		],
		[
			0,
			14
		],
		[
			105,
			109
		],
		[
			65,
			109
		],
		[
			29,
			135
		],
		[
			0,
			29
		],
		[
			5,
			109
		],
		[
			18,
			109
		],
		[
			5,
			18
		],
		[
			78,
			90
		],
		[
			70,
			90
		],
		[
			70,
			78
		],
		[
			115,
			123
		],
		[
			69,
			109
		],
		[
			59,
			140
		],
		[
			21,
			59
		],
		[
			48,
			141
		],
		[
			46,
			48
		],
		[
			66,
			85
		],
		[
			60,
			85
		],
		[
			55,
			83
		],
		[
			83,
			111
		],
		[
			28,
			134
		],
		[
			54,
			71
		],
		[
			54,
			145
		],
		[
			47,
			70
		],
		[
			2,
			128
		],
		[
			16,
			128
		],
		[
			2,
			16
		],
		[
			7,
			89
		],
		[
			77,
			89
		],
		[
			7,
			77
		],
		[
			21,
			46
		],
		[
			37,
			138
		],
		[
			15,
			37
		],
		[
			84,
			107
		],
		[
			37,
			107
		],
		[
			62,
			115
		],
		[
			62,
			123
		],
		[
			127,
			128
		],
		[
			2,
			127
		],
		[
			25,
			98
		],
		[
			10,
			25
		],
		[
			111,
			117
		],
		[
			59,
			107
		],
		[
			63,
			90
		],
		[
			63,
			113
		],
		[
			30,
			132
		],
		[
			121,
			128
		],
		[
			121,
			127
		],
		[
			128,
			129
		],
		[
			49,
			113
		],
		[
			35,
			49
		],
		[
			47,
			142
		],
		[
			83,
			117
		],
		[
			73,
			143
		],
		[
			73,
			118
		],
		[
			49,
			63
		],
		[
			123,
			127
		],
		[
			63,
			70
		],
		[
			124,
			131
		],
		[
			12,
			124
		],
		[
			66,
			76
		],
		[
			80,
			104
		],
		[
			4,
			80
		],
		[
			4,
			104
		],
		[
			66,
			106
		],
		[
			131,
			135
		],
		[
			130,
			135
		],
		[
			130,
			131
		],
		[
			76,
			106
		],
		[
			67,
			138
		],
		[
			78,
			96
		],
		[
			57,
			75
		],
		[
			79,
			122
		],
		[
			43,
			79
		],
		[
			83,
			137
		],
		[
			137,
			147
		],
		[
			83,
			147
		],
		[
			62,
			80
		],
		[
			62,
			72
		],
		[
			72,
			80
		],
		[
			76,
			83
		],
		[
			83,
			106
		],
		[
			49,
			53
		],
		[
			132,
			137
		],
		[
			48,
			53
		],
		[
			72,
			123
		],
		[
			20,
			57
		],
		[
			20,
			75
		],
		[
			124,
			130
		],
		[
			4,
			41
		],
		[
			41,
			104
		],
		[
			20,
			136
		],
		[
			20,
			56
		],
		[
			36,
			65
		],
		[
			65,
			74
		],
		[
			36,
			74
		],
		[
			73,
			119
		],
		[
			1,
			98
		],
		[
			93,
			108
		],
		[
			31,
			127
		],
		[
			13,
			127
		],
		[
			13,
			31
		],
		[
			75,
			80
		],
		[
			127,
			133
		],
		[
			123,
			133
		],
		[
			129,
			130
		],
		[
			17,
			52
		],
		[
			5,
			65
		],
		[
			5,
			74
		],
		[
			32,
			115
		],
		[
			35,
			52
		],
		[
			121,
			129
		],
		[
			26,
			104
		],
		[
			26,
			41
		],
		[
			22,
			36
		],
		[
			45,
			60
		],
		[
			31,
			133
		],
		[
			146,
			147
		],
		[
			2,
			13
		],
		[
			23,
			98
		],
		[
			20,
			134
		],
		[
			56,
			134
		],
		[
			67,
			131
		],
		[
			67,
			73
		],
		[
			36,
			68
		],
		[
			137,
			146
		],
		[
			60,
			122
		],
		[
			60,
			79
		],
		[
			121,
			130
		],
		[
			84,
			143
		],
		[
			73,
			84
		],
		[
			76,
			132
		],
		[
			76,
			137
		],
		[
			81,
			112
		],
		[
			57,
			136
		],
		[
			135,
			138
		],
		[
			131,
			138
		],
		[
			80,
			102
		],
		[
			72,
			102
		],
		[
			47,
			89
		],
		[
			4,
			102
		],
		[
			136,
			146
		]
	],
	"score": 0.5056179775280899,
	"obtuse num": 0,
	"steiner num": 148
}