{
	"content_type": "CG_SHOP_2025_Solution",
	"instance_uid": "point-set_80_837b0f11",
	"steiner_points_x": [
		889,
		"5355269392/1771817",
		1425,
		571,
		"5075714072/2238017",
		1944,
		"256303113/3622645",
		570,
		2656,
		"32656024/724529",
		1205,
		"710/11",
		2180,
		1747,
		2676,
		"23258906/8033",
		"1638518038066/17289213957",
		"5329583296/1771817",
		804,
		291,
		2525,
		1488,
		990,
		"5341459696/1771817",
		"5297294112/2238017",
		2797,
		411,
		"470712525891267713/4236315891154723",
		"23753368/8033",
		"28189769/724529",
		2330,
		"3748729/278665",
		"90371782/3622645",
		578,
		2725,
		1344,
		748,
		1409,
		1936,
		493,
		"2587064216/2238017",
		2174,
		1216,
		"3480084960/2238017",
		2617,
		1244,
		2059,
		2881,
		623,
		542,
		990,
		827,
		528,
		615,
		151,
		"432385953/3622645",
		2259,
		572,
		2614,
		"20992/7",
		2374,
		2486,
		2272,
		"5326180240/1771817",
		319,
		1062,
		611,
		"5315367552/1771817",
		1525,
		"7740124479/15666119",
		2441,
		"1427747992/2238017",
		844,
		1645,
		885,
		441,
		2246,
		867,
		2057,
		1244,
		1435,
		692,
		772,
		211,
		480,
		704,
		630,
		2303,
		1319
	],
	"steiner_points_y": [
		721,
		"4491536698/1771817",
		"1567/1496",
		3088,
		"1083177/2238017",
		776,
		"6873280796/3622645",
		3234,
		1184,
		"876262546/724529",
		1255,
		"19042/11",
		3040,
		2999,
		1086,
		"26730550/8033",
		"14642799891002/5763071319",
		"2354774587/1771817",
		217,
		3193,
		3267,
		422,
		2682,
		"3342742612/1771817",
		"935062/2238017",
		2460,
		958,
		"12618264522559650152/4236315891154723",
		"24170982/8033",
		"756617236/724529",
		2676,
		"100981028/278665",
		"2428190774/3622645",
		2726,
		1924,
		2388,
		"3/2",
		2804,
		1350,
		73,
		"2746713/2238017",
		2770,
		1850,
		"2149774/2238017",
		2477,
		3806,
		1799,
		1260,
		475,
		1417,
		2008,
		1468,
		974,
		2810,
		1823,
		"11590316876/3622645",
		3038,
		246,
		2642,
		"3993/7",
		132,
		348,
		3104,
		"2071682866/1771817",
		2993,
		328,
		148,
		"1172202383/1771817",
		2785,
		"39132903569/23436514024",
		3330,
		"3521657/2238017",
		3230,
		2251,
		3806,
		3806,
		1007,
		3041,
		3806,
		3299,
		3325,
		2774,
		3365,
		355,
		2341,
		2438,
		2002,
		48,
		442
	],
	"edges": [
		[
			80,
			90
		],
		[
			62,
			90
		],
		[
			62,
			80
		],
		[
			159,
			160
		],
		[
			65,
			159
		],
		[
			65,
			160
		],
		[
			44,
			71
		],
		[
			44,
			76
		],
		[
			71,
			76
		],
		[
			84,
			167
		],
		[
			104,
			167
		],
		[
			66,
			148
		],
		[
			71,
			148
		],
		[
			66,
			71
		],
		[
			67,
			155
		],
		[
			67,
			99
		],
		[
			99,
			155
		],
		[
			9,
			165
		],
		[
			161,
			165
		],
		[
			9,
			161
		],
		[
			85,
			90
		],
		[
			62,
			85
		],
		[
			36,
			152
		],
		[
			152,
			157
		],
		[
			36,
			157
		],
		[
			77,
			99
		],
		[
			99,
			135
		],
		[
			115,
			130
		],
		[
			15,
			130
		],
		[
			15,
			115
		],
		[
			32,
			117
		],
		[
			32,
			44
		],
		[
			44,
			117
		],
		[
			18,
			108
		],
		[
			18,
			50
		],
		[
			50,
			108
		],
		[
			17,
			154
		],
		[
			17,
			162
		],
		[
			154,
			162
		],
		[
			33,
			160
		],
		[
			38,
			160
		],
		[
			33,
			38
		],
		[
			15,
			117
		],
		[
			115,
			117
		],
		[
			124,
			138
		],
		[
			61,
			138
		],
		[
			61,
			124
		],
		[
			36,
			54
		],
		[
			54,
			152
		],
		[
			56,
			101
		],
		[
			29,
			56
		],
		[
			29,
			101
		],
		[
			2,
			79
		],
		[
			2,
			142
		],
		[
			79,
			142
		],
		[
			68,
			91
		],
		[
			68,
			89
		],
		[
			36,
			87
		],
		[
			54,
			87
		],
		[
			11,
			138
		],
		[
			11,
			30
		],
		[
			30,
			138
		],
		[
			47,
			147
		],
		[
			47,
			143
		],
		[
			16,
			21
		],
		[
			21,
			139
		],
		[
			66,
			153
		],
		[
			66,
			75
		],
		[
			75,
			153
		],
		[
			130,
			166
		],
		[
			130,
			131
		],
		[
			131,
			166
		],
		[
			119,
			149
		],
		[
			69,
			119
		],
		[
			69,
			149
		],
		[
			56,
			123
		],
		[
			29,
			123
		],
		[
			0,
			90
		],
		[
			0,
			80
		],
		[
			55,
			80
		],
		[
			80,
			128
		],
		[
			55,
			128
		],
		[
			79,
			100
		],
		[
			100,
			142
		],
		[
			41,
			109
		],
		[
			41,
			112
		],
		[
			39,
			142
		],
		[
			39,
			150
		],
		[
			142,
			150
		],
		[
			6,
			69
		],
		[
			6,
			146
		],
		[
			69,
			146
		],
		[
			13,
			107
		],
		[
			13,
			96
		],
		[
			43,
			118
		],
		[
			37,
			118
		],
		[
			37,
			43
		],
		[
			106,
			132
		],
		[
			55,
			132
		],
		[
			55,
			106
		],
		[
			2,
			92
		],
		[
			39,
			92
		],
		[
			2,
			39
		],
		[
			18,
			138
		],
		[
			50,
			138
		],
		[
			20,
			126
		],
		[
			20,
			57
		],
		[
			57,
			126
		],
		[
			74,
			108
		],
		[
			74,
			95
		],
		[
			52,
			72
		],
		[
			72,
			163
		],
		[
			52,
			163
		],
		[
			28,
			97
		],
		[
			28,
			103
		],
		[
			27,
			159
		],
		[
			27,
			160
		],
		[
			85,
			118
		],
		[
			118,
			156
		],
		[
			85,
			156
		],
		[
			60,
			150
		],
		[
			150,
			158
		],
		[
			127,
			143
		],
		[
			97,
			127
		],
		[
			32,
			102
		],
		[
			48,
			102
		],
		[
			32,
			48
		],
		[
			3,
			146
		],
		[
			3,
			69
		],
		[
			43,
			122
		],
		[
			37,
			122
		],
		[
			129,
			132
		],
		[
			10,
			132
		],
		[
			10,
			129
		],
		[
			31,
			94
		],
		[
			42,
			94
		],
		[
			31,
			42
		],
		[
			29,
			82
		],
		[
			23,
			167
		],
		[
			23,
			84
		],
		[
			9,
			157
		],
		[
			9,
			59
		],
		[
			59,
			157
		],
		[
			33,
			39
		],
		[
			39,
			93
		],
		[
			33,
			93
		],
		[
			27,
			32
		],
		[
			27,
			44
		],
		[
			45,
			115
		],
		[
			45,
			130
		],
		[
			30,
			50
		],
		[
			30,
			100
		],
		[
			50,
			100
		],
		[
			73,
			94
		],
		[
			47,
			94
		],
		[
			47,
			73
		],
		[
			10,
			106
		],
		[
			49,
			70
		],
		[
			70,
			144
		],
		[
			49,
			144
		],
		[
			41,
			111
		],
		[
			113,
			161
		],
		[
			113,
			165
		],
		[
			34,
			133
		],
		[
			34,
			51
		],
		[
			51,
			133
		],
		[
			69,
			151
		],
		[
			3,
			151
		],
		[
			96,
			164
		],
		[
			1,
			164
		],
		[
			1,
			96
		],
		[
			48,
			159
		],
		[
			14,
			48
		],
		[
			14,
			159
		],
		[
			86,
			134
		],
		[
			91,
			134
		],
		[
			8,
			124
		],
		[
			53,
			124
		],
		[
			8,
			53
		],
		[
			58,
			145
		],
		[
			98,
			145
		],
		[
			58,
			98
		],
		[
			3,
			116
		],
		[
			42,
			127
		],
		[
			31,
			127
		],
		[
			70,
			113
		],
		[
			113,
			164
		],
		[
			70,
			164
		],
		[
			33,
			158
		],
		[
			39,
			158
		],
		[
			49,
			133
		],
		[
			34,
			49
		],
		[
			23,
			46
		],
		[
			46,
			167
		],
		[
			62,
			101
		],
		[
			101,
			168
		],
		[
			62,
			168
		],
		[
			41,
			163
		],
		[
			111,
			163
		],
		[
			44,
			148
		],
		[
			3,
			98
		],
		[
			98,
			116
		],
		[
			106,
			109
		],
		[
			41,
			106
		],
		[
			137,
			146
		],
		[
			6,
			137
		],
		[
			0,
			132
		],
		[
			80,
			132
		],
		[
			49,
			113
		],
		[
			5,
			145
		],
		[
			5,
			120
		],
		[
			120,
			145
		],
		[
			21,
			141
		],
		[
			73,
			141
		],
		[
			21,
			73
		],
		[
			23,
			56
		],
		[
			46,
			56
		],
		[
			26,
			119
		],
		[
			61,
			105
		],
		[
			105,
			124
		],
		[
			24,
			29
		],
		[
			24,
			82
		],
		[
			73,
			156
		],
		[
			94,
			156
		],
		[
			102,
			165
		],
		[
			9,
			102
		],
		[
			5,
			24
		],
		[
			5,
			168
		],
		[
			24,
			168
		],
		[
			1,
			12
		],
		[
			12,
			134
		],
		[
			1,
			134
		],
		[
			13,
			70
		],
		[
			13,
			164
		],
		[
			7,
			19
		],
		[
			19,
			114
		],
		[
			7,
			114
		],
		[
			64,
			153
		],
		[
			64,
			75
		],
		[
			22,
			73
		],
		[
			22,
			156
		],
		[
			34,
			83
		],
		[
			51,
			83
		],
		[
			50,
			74
		],
		[
			110,
			138
		],
		[
			8,
			138
		],
		[
			8,
			110
		],
		[
			64,
			110
		],
		[
			75,
			110
		],
		[
			98,
			120
		],
		[
			113,
			133
		],
		[
			11,
			110
		],
		[
			110,
			121
		],
		[
			11,
			121
		],
		[
			35,
			137
		],
		[
			35,
			146
		],
		[
			140,
			141
		],
		[
			16,
			141
		],
		[
			16,
			140
		],
		[
			68,
			109
		],
		[
			46,
			140
		],
		[
			140,
			167
		],
		[
			12,
			131
		],
		[
			129,
			131
		],
		[
			12,
			129
		],
		[
			57,
			63
		],
		[
			40,
			57
		],
		[
			40,
			63
		],
		[
			28,
			127
		],
		[
			164,
			165
		],
		[
			47,
			139
		],
		[
			115,
			153
		],
		[
			115,
			148
		],
		[
			148,
			153
		],
		[
			51,
			59
		],
		[
			59,
			133
		],
		[
			51,
			157
		],
		[
			145,
			168
		],
		[
			24,
			101
		],
		[
			19,
			20
		],
		[
			19,
			57
		],
		[
			6,
			119
		],
		[
			67,
			83
		],
		[
			83,
			144
		],
		[
			67,
			144
		],
		[
			40,
			156
		],
		[
			40,
			88
		],
		[
			88,
			156
		],
		[
			27,
			76
		],
		[
			33,
			76
		],
		[
			76,
			160
		],
		[
			80,
			168
		],
		[
			80,
			145
		],
		[
			27,
			48
		],
		[
			67,
			87
		],
		[
			83,
			87
		],
		[
			7,
			57
		],
		[
			72,
			137
		],
		[
			35,
			72
		],
		[
			48,
			157
		],
		[
			9,
			48
		],
		[
			8,
			20
		],
		[
			20,
			64
		],
		[
			8,
			64
		],
		[
			58,
			80
		],
		[
			14,
			157
		],
		[
			78,
			126
		],
		[
			63,
			126
		],
		[
			63,
			78
		],
		[
			43,
			63
		],
		[
			43,
			78
		],
		[
			63,
			118
		],
		[
			88,
			94
		],
		[
			42,
			88
		],
		[
			155,
			162
		],
		[
			28,
			114
		],
		[
			103,
			114
		],
		[
			20,
			53
		],
		[
			19,
			53
		],
		[
			92,
			121
		],
		[
			93,
			121
		],
		[
			92,
			93
		],
		[
			75,
			121
		],
		[
			133,
			161
		],
		[
			52,
			55
		],
		[
			52,
			128
		],
		[
			22,
			25
		],
		[
			25,
			156
		],
		[
			41,
			52
		],
		[
			15,
			102
		],
		[
			15,
			32
		],
		[
			17,
			65
		],
		[
			17,
			159
		],
		[
			53,
			114
		],
		[
			54,
			162
		],
		[
			54,
			155
		],
		[
			78,
			153
		],
		[
			78,
			115
		],
		[
			18,
			61
		],
		[
			6,
			163
		],
		[
			119,
			163
		],
		[
			65,
			125
		],
		[
			17,
			125
		],
		[
			2,
			136
		],
		[
			92,
			136
		],
		[
			23,
			123
		],
		[
			60,
			100
		],
		[
			100,
			150
		],
		[
			99,
			107
		],
		[
			60,
			74
		],
		[
			5,
			82
		],
		[
			71,
			93
		],
		[
			76,
			93
		],
		[
			90,
			118
		],
		[
			30,
			79
		],
		[
			10,
			68
		],
		[
			10,
			91
		],
		[
			20,
			153
		],
		[
			122,
			130
		],
		[
			122,
			131
		],
		[
			10,
			12
		],
		[
			61,
			81
		],
		[
			18,
			81
		],
		[
			37,
			131
		],
		[
			7,
			88
		],
		[
			7,
			42
		],
		[
			36,
			83
		],
		[
			81,
			105
		],
		[
			22,
			141
		],
		[
			25,
			85
		],
		[
			99,
			144
		],
		[
			107,
			144
		],
		[
			52,
			106
		],
		[
			164,
			166
		],
		[
			1,
			166
		],
		[
			17,
			152
		],
		[
			152,
			162
		],
		[
			25,
			56
		],
		[
			22,
			56
		],
		[
			15,
			165
		],
		[
			72,
			128
		],
		[
			34,
			144
		],
		[
			125,
			160
		],
		[
			12,
			166
		],
		[
			53,
			105
		],
		[
			105,
			114
		],
		[
			117,
			148
		],
		[
			104,
			140
		],
		[
			137,
			163
		],
		[
			28,
			42
		],
		[
			40,
			118
		],
		[
			10,
			134
		],
		[
			35,
			98
		],
		[
			98,
			146
		],
		[
			126,
			153
		],
		[
			7,
			28
		],
		[
			103,
			105
		],
		[
			165,
			166
		],
		[
			130,
			165
		],
		[
			36,
			51
		],
		[
			14,
			152
		],
		[
			74,
			100
		],
		[
			21,
			47
		],
		[
			7,
			40
		],
		[
			26,
			163
		],
		[
			43,
			45
		],
		[
			45,
			78
		],
		[
			37,
			90
		],
		[
			90,
			131
		],
		[
			58,
			128
		],
		[
			58,
			72
		],
		[
			13,
			144
		],
		[
			1,
			86
		],
		[
			30,
			136
		],
		[
			79,
			136
		],
		[
			31,
			143
		],
		[
			25,
			101
		],
		[
			85,
			101
		],
		[
			14,
			17
		],
		[
			68,
			106
		],
		[
			35,
			58
		],
		[
			59,
			161
		],
		[
			87,
			155
		],
		[
			56,
			141
		],
		[
			46,
			141
		],
		[
			121,
			136
		],
		[
			31,
			47
		],
		[
			0,
			131
		],
		[
			0,
			129
		],
		[
			45,
			122
		],
		[
			66,
			121
		],
		[
			66,
			93
		],
		[
			11,
			136
		],
		[
			4,
			18
		]
	],
	"score": 0.5055555555555555,
	"obtuse num": 0,
	"steiner num": 169
}