{
	"content_type": "CG_SHOP_2025_Solution",
	"instance_uid": "point-set_80_8383fead",
	"steiner_points_x": [
		12018,
		"597606425/43937",
		11386,
		"19880935/2809",
		11441,
		11788,
		10508,
		"141265633/13021",
		10468,
		"19352355/2809",
		10550,
		8072,
		"185525/24",
		10856,
		13427,
		6542,
		12400,
		7978,
		11550,
		"710065/53",
		13465,
		4997,
		11450,
		6974,
		"39312525/3133",
		"76217761/9434",
		9604,
		11052,
		9639,
		11063,
		"703125/53",
		"100956253/9434",
		8586,
		11580,
		8775,
		11050,
		13043,
		11737,
		10646,
		9512,
		12549,
		10483,
		10733,
		11911,
		8312,
		7267,
		"162775/12",
		"88373025/9434",
		7195,
		8770,
		12471,
		7251,
		"42347150/4717",
		"4952267/449",
		12347,
		8036,
		12051,
		13260,
		9805,
		12479,
		13310,
		"76930075/13021",
		8041,
		"596828425/43937",
		9063,
		10846,
		"32350/7",
		11596,
		12089,
		8591,
		"97039561/13021",
		11680,
		"121985/9",
		9436,
		10729,
		13452,
		9740,
		"53760946/4717",
		8101,
		11373,
		"178097467/28090",
		"74783325/9434",
		6414,
		12317,
		11609,
		7290,
		"38525156/4717",
		7586,
		10570,
		13060,
		"915125/68",
		12861,
		13499,
		10626,
		12725,
		11350,
		9570,
		11637,
		11880,
		12718,
		9837,
		12971,
		11527,
		11038,
		10490,
		"11775/2",
		10505,
		8158,
		9467,
		11590,
		"3842527/841",
		7805,
		10763
	],
	"steiner_points_y": [
		9527,
		"318202050/43937",
		8352,
		"30540220/2809",
		4847,
		6103,
		4858,
		"31630715/13021",
		8662,
		"29902960/2809",
		6846,
		8586,
		"264575/24",
		2622,
		8202,
		4631,
		8125,
		4350,
		7100,
		"472835/53",
		5460,
		7481,
		8546,
		9457,
		"32531225/3133",
		"103830385/9434",
		6249,
		4863,
		5213,
		6616,
		"497125/53",
		"102555205/9434",
		6571,
		8803,
		4513,
		5885,
		8538,
		4751,
		4984,
		4729,
		6041,
		4991,
		5015,
		9602,
		10163,
		10407,
		"200075/24",
		"103203825/9434",
		5631,
		9783,
		9359,
		5922,
		"51696725/4717",
		"1087160/449",
		8935,
		4114,
		9578,
		7611,
		2475,
		5205,
		7032,
		"34452450/13021",
		10047,
		"308039425/43937",
		7493,
		7778,
		"34275/7",
		8849,
		8654,
		5409,
		"33570455/13021",
		8814,
		"59590/9",
		6243,
		4871,
		8049,
		9751,
		"51108385/4717",
		9907,
		5151,
		"280431799/28090",
		"103904325/9434",
		6064,
		8961,
		7937,
		4180,
		"51893735/4717",
		10675,
		9630,
		7579,
		"1184625/136",
		6908,
		7550,
		5042,
		8281,
		9971,
		6631,
		8985,
		6949,
		8940,
		7615,
		9483,
		5110,
		2614,
		5249,
		"18875/2",
		9193,
		10821,
		9264,
		6560,
		"5925768/841",
		7428,
		5143
	],
	"edges": [
		[
			71,
			145
		],
		[
			54,
			71
		],
		[
			54,
			145
		],
		[
			64,
			102
		],
		[
			88,
			102
		],
		[
			64,
			88
		],
		[
			73,
			99
		],
		[
			12,
			73
		],
		[
			12,
			99
		],
		[
			34,
			134
		],
		[
			134,
			179
		],
		[
			34,
			179
		],
		[
			86,
			119
		],
		[
			86,
			138
		],
		[
			119,
			138
		],
		[
			68,
			123
		],
		[
			123,
			177
		],
		[
			68,
			177
		],
		[
			10,
			94
		],
		[
			24,
			94
		],
		[
			10,
			24
		],
		[
			1,
			54
		],
		[
			1,
			71
		],
		[
			64,
			147
		],
		[
			113,
			147
		],
		[
			64,
			113
		],
		[
			57,
			58
		],
		[
			57,
			131
		],
		[
			58,
			131
		],
		[
			36,
			75
		],
		[
			36,
			130
		],
		[
			75,
			130
		],
		[
			5,
			67
		],
		[
			67,
			169
		],
		[
			5,
			169
		],
		[
			62,
			148
		],
		[
			62,
			151
		],
		[
			148,
			151
		],
		[
			147,
			151
		],
		[
			56,
			147
		],
		[
			56,
			151
		],
		[
			37,
			137
		],
		[
			60,
			137
		],
		[
			37,
			60
		],
		[
			44,
			125
		],
		[
			40,
			125
		],
		[
			40,
			44
		],
		[
			115,
			159
		],
		[
			2,
			159
		],
		[
			2,
			115
		],
		[
			52,
			105
		],
		[
			52,
			161
		],
		[
			29,
			117
		],
		[
			117,
			139
		],
		[
			29,
			139
		],
		[
			85,
			115
		],
		[
			85,
			159
		],
		[
			103,
			185
		],
		[
			74,
			103
		],
		[
			74,
			185
		],
		[
			66,
			171
		],
		[
			140,
			171
		],
		[
			66,
			140
		],
		[
			125,
			142
		],
		[
			125,
			167
		],
		[
			142,
			167
		],
		[
			73,
			170
		],
		[
			28,
			43
		],
		[
			28,
			52
		],
		[
			43,
			52
		],
		[
			39,
			141
		],
		[
			7,
			39
		],
		[
			97,
			165
		],
		[
			97,
			135
		],
		[
			135,
			165
		],
		[
			8,
			82
		],
		[
			82,
			102
		],
		[
			8,
			102
		],
		[
			51,
			178
		],
		[
			51,
			55
		],
		[
			55,
			178
		],
		[
			142,
			158
		],
		[
			103,
			158
		],
		[
			103,
			142
		],
		[
			84,
			107
		],
		[
			84,
			183
		],
		[
			107,
			183
		],
		[
			0,
			4
		],
		[
			0,
			47
		],
		[
			4,
			47
		],
		[
			90,
			176
		],
		[
			25,
			90
		],
		[
			25,
			176
		],
		[
			120,
			171
		],
		[
			66,
			120
		],
		[
			129,
			188
		],
		[
			47,
			129
		],
		[
			47,
			188
		],
		[
			48,
			137
		],
		[
			5,
			48
		],
		[
			5,
			137
		],
		[
			100,
			120
		],
		[
			66,
			100
		],
		[
			2,
			26
		],
		[
			2,
			107
		],
		[
			26,
			107
		],
		[
			118,
			154
		],
		[
			118,
			122
		],
		[
			122,
			154
		],
		[
			51,
			72
		],
		[
			55,
			72
		],
		[
			79,
			111
		],
		[
			79,
			127
		],
		[
			98,
			189
		],
		[
			109,
			189
		],
		[
			98,
			109
		],
		[
			116,
			170
		],
		[
			73,
			116
		],
		[
			100,
			139
		],
		[
			2,
			84
		],
		[
			84,
			159
		],
		[
			174,
			179
		],
		[
			34,
			174
		],
		[
			118,
			121
		],
		[
			121,
			173
		],
		[
			118,
			173
		],
		[
			32,
			58
		],
		[
			32,
			191
		],
		[
			58,
			191
		],
		[
			16,
			155
		],
		[
			76,
			155
		],
		[
			16,
			76
		],
		[
			45,
			59
		],
		[
			30,
			59
		],
		[
			30,
			45
		],
		[
			115,
			192
		],
		[
			26,
			115
		],
		[
			26,
			192
		],
		[
			145,
			180
		],
		[
			88,
			180
		],
		[
			88,
			145
		],
		[
			120,
			139
		],
		[
			106,
			176
		],
		[
			19,
			176
		],
		[
			19,
			106
		],
		[
			22,
			85
		],
		[
			85,
			189
		],
		[
			22,
			189
		],
		[
			84,
			117
		],
		[
			117,
			183
		],
		[
			87,
			93
		],
		[
			93,
			183
		],
		[
			87,
			183
		],
		[
			128,
			162
		],
		[
			131,
			162
		],
		[
			128,
			131
		],
		[
			60,
			155
		],
		[
			37,
			155
		],
		[
			20,
			104
		],
		[
			18,
			20
		],
		[
			63,
			190
		],
		[
			63,
			146
		],
		[
			121,
			184
		],
		[
			173,
			184
		],
		[
			176,
			180
		],
		[
			144,
			176
		],
		[
			144,
			180
		],
		[
			33,
			149
		],
		[
			33,
			49
		],
		[
			49,
			149
		],
		[
			21,
			52
		],
		[
			21,
			43
		],
		[
			75,
			163
		],
		[
			36,
			163
		],
		[
			111,
			156
		],
		[
			79,
			156
		],
		[
			66,
			152
		],
		[
			86,
			118
		],
		[
			86,
			121
		],
		[
			86,
			154
		],
		[
			80,
			123
		],
		[
			80,
			177
		],
		[
			52,
			92
		],
		[
			35,
			149
		],
		[
			33,
			35
		],
		[
			26,
			122
		],
		[
			122,
			192
		],
		[
			69,
			143
		],
		[
			61,
			69
		],
		[
			61,
			143
		],
		[
			77,
			172
		],
		[
			31,
			172
		],
		[
			31,
			77
		],
		[
			124,
			158
		],
		[
			124,
			129
		],
		[
			129,
			158
		],
		[
			112,
			144
		],
		[
			112,
			191
		],
		[
			144,
			191
		],
		[
			168,
			175
		],
		[
			111,
			168
		],
		[
			111,
			175
		],
		[
			1,
			98
		],
		[
			54,
			98
		],
		[
			49,
			112
		],
		[
			3,
			49
		],
		[
			3,
			112
		],
		[
			148,
			163
		],
		[
			134,
			163
		],
		[
			134,
			148
		],
		[
			69,
			140
		],
		[
			13,
			140
		],
		[
			13,
			69
		],
		[
			20,
			136
		],
		[
			45,
			136
		],
		[
			20,
			45
		],
		[
			32,
			162
		],
		[
			101,
			162
		],
		[
			32,
			101
		],
		[
			60,
			94
		],
		[
			94,
			155
		],
		[
			93,
			154
		],
		[
			107,
			154
		],
		[
			93,
			107
		],
		[
			74,
			101
		],
		[
			32,
			74
		],
		[
			101,
			185
		],
		[
			17,
			101
		],
		[
			117,
			182
		],
		[
			139,
			182
		],
		[
			47,
			124
		],
		[
			4,
			124
		],
		[
			93,
			138
		],
		[
			130,
			179
		],
		[
			6,
			130
		],
		[
			6,
			179
		],
		[
			39,
			95
		],
		[
			95,
			165
		],
		[
			39,
			165
		],
		[
			86,
			93
		],
		[
			34,
			148
		],
		[
			34,
			41
		],
		[
			41,
			148
		],
		[
			75,
			179
		],
		[
			70,
			186
		],
		[
			168,
			186
		],
		[
			70,
			168
		],
		[
			82,
			88
		],
		[
			68,
			168
		],
		[
			68,
			70
		],
		[
			95,
			128
		],
		[
			95,
			162
		],
		[
			159,
			182
		],
		[
			85,
			182
		],
		[
			90,
			180
		],
		[
			90,
			145
		],
		[
			74,
			191
		],
		[
			76,
			94
		],
		[
			36,
			80
		],
		[
			80,
			136
		],
		[
			36,
			136
		],
		[
			46,
			78
		],
		[
			78,
			109
		],
		[
			46,
			109
		],
		[
			35,
			128
		],
		[
			35,
			95
		],
		[
			78,
			90
		],
		[
			25,
			78
		],
		[
			35,
			57
		],
		[
			33,
			57
		],
		[
			6,
			181
		],
		[
			12,
			181
		],
		[
			6,
			12
		],
		[
			101,
			190
		],
		[
			62,
			113
		],
		[
			113,
			151
		],
		[
			119,
			121
		],
		[
			62,
			102
		],
		[
			8,
			62
		],
		[
			14,
			96
		],
		[
			96,
			174
		],
		[
			14,
			174
		],
		[
			10,
			76
		],
		[
			91,
			144
		],
		[
			91,
			191
		],
		[
			67,
			72
		],
		[
			11,
			67
		],
		[
			11,
			72
		],
		[
			0,
			156
		],
		[
			47,
			156
		],
		[
			72,
			171
		],
		[
			55,
			171
		],
		[
			39,
			63
		],
		[
			39,
			146
		],
		[
			22,
			120
		],
		[
			85,
			120
		],
		[
			5,
			11
		],
		[
			156,
			188
		],
		[
			156,
			186
		],
		[
			186,
			188
		],
		[
			85,
			139
		],
		[
			5,
			13
		],
		[
			11,
			13
		],
		[
			91,
			158
		],
		[
			91,
			103
		],
		[
			114,
			149
		],
		[
			119,
			149
		],
		[
			114,
			119
		],
		[
			50,
			155
		],
		[
			108,
			119
		],
		[
			108,
			121
		],
		[
			137,
			169
		],
		[
			162,
			190
		],
		[
			63,
			162
		],
		[
			70,
			177
		],
		[
			147,
			177
		],
		[
			70,
			147
		],
		[
			28,
			65
		],
		[
			38,
			65
		],
		[
			28,
			38
		],
		[
			56,
			148
		],
		[
			41,
			164
		],
		[
			8,
			164
		],
		[
			8,
			41
		],
		[
			79,
			132
		],
		[
			69,
			152
		],
		[
			24,
			60
		],
		[
			60,
			116
		],
		[
			24,
			116
		],
		[
			6,
			116
		],
		[
			6,
			73
		],
		[
			122,
			173
		],
		[
			32,
			131
		],
		[
			135,
			150
		],
		[
			135,
			138
		],
		[
			68,
			175
		],
		[
			59,
			175
		],
		[
			59,
			68
		],
		[
			36,
			56
		],
		[
			56,
			80
		],
		[
			56,
			163
		],
		[
			23,
			90
		],
		[
			23,
			145
		],
		[
			43,
			167
		],
		[
			28,
			167
		],
		[
			75,
			134
		],
		[
			106,
			153
		],
		[
			153,
			176
		],
		[
			74,
			91
		],
		[
			3,
			58
		],
		[
			3,
			191
		],
		[
			60,
			174
		],
		[
			116,
			174
		],
		[
			123,
			136
		],
		[
			66,
			69
		],
		[
			133,
			183
		],
		[
			102,
			113
		],
		[
			59,
			157
		],
		[
			97,
			114
		],
		[
			114,
			135
		],
		[
			23,
			109
		],
		[
			23,
			78
		],
		[
			11,
			171
		],
		[
			11,
			140
		],
		[
			64,
			186
		],
		[
			88,
			186
		],
		[
			53,
			115
		],
		[
			115,
			184
		],
		[
			53,
			184
		],
		[
			76,
			126
		],
		[
			180,
			188
		],
		[
			88,
			188
		],
		[
			56,
			177
		],
		[
			55,
			120
		],
		[
			107,
			122
		],
		[
			42,
			96
		],
		[
			14,
			42
		],
		[
			24,
			170
		],
		[
			59,
			123
		],
		[
			45,
			123
		],
		[
			27,
			174
		],
		[
			27,
			60
		],
		[
			9,
			112
		],
		[
			9,
			144
		],
		[
			0,
			79
		],
		[
			0,
			132
		],
		[
			42,
			71
		],
		[
			42,
			51
		],
		[
			51,
			71
		],
		[
			63,
			95
		],
		[
			35,
			165
		],
		[
			150,
			165
		],
		[
			114,
			138
		],
		[
			124,
			142
		],
		[
			46,
			85
		],
		[
			46,
			189
		],
		[
			1,
			51
		],
		[
			1,
			178
		],
		[
			9,
			176
		],
		[
			84,
			182
		],
		[
			9,
			153
		],
		[
			15,
			153
		],
		[
			9,
			15
		],
		[
			14,
			72
		],
		[
			14,
			51
		],
		[
			145,
			164
		],
		[
			82,
			145
		],
		[
			82,
			164
		],
		[
			27,
			169
		],
		[
			27,
			67
		],
		[
			3,
			33
		],
		[
			57,
			128
		],
		[
			8,
			148
		],
		[
			19,
			53
		],
		[
			19,
			184
		],
		[
			37,
			48
		],
		[
			61,
			81
		],
		[
			61,
			77
		],
		[
			108,
			184
		],
		[
			106,
			108
		],
		[
			106,
			184
		],
		[
			53,
			78
		],
		[
			25,
			53
		],
		[
			184,
			192
		],
		[
			173,
			192
		],
		[
			157,
			175
		],
		[
			91,
			129
		],
		[
			33,
			58
		],
		[
			21,
			187
		],
		[
			21,
			105
		],
		[
			105,
			187
		],
		[
			65,
			125
		],
		[
			65,
			167
		],
		[
			44,
			83
		],
		[
			44,
			89
		],
		[
			42,
			164
		],
		[
			71,
			164
		],
		[
			41,
			42
		],
		[
			41,
			96
		],
		[
			4,
			132
		],
		[
			14,
			27
		],
		[
			27,
			72
		],
		[
			37,
			172
		],
		[
			31,
			37
		],
		[
			64,
			70
		],
		[
			40,
			89
		],
		[
			40,
			160
		],
		[
			97,
			149
		],
		[
			45,
			104
		],
		[
			29,
			183
		],
		[
			48,
			172
		],
		[
			44,
			65
		],
		[
			38,
			44
		],
		[
			10,
			126
		],
		[
			15,
			49
		],
		[
			15,
			149
		],
		[
			13,
			48
		],
		[
			48,
			61
		],
		[
			13,
			61
		],
		[
			20,
			181
		],
		[
			18,
			181
		],
		[
			178,
			189
		],
		[
			98,
			178
		],
		[
			35,
			97
		],
		[
			46,
			53
		],
		[
			46,
			115
		],
		[
			40,
			103
		],
		[
			103,
			125
		],
		[
			23,
			54
		],
		[
			54,
			109
		],
		[
			31,
			50
		],
		[
			31,
			155
		],
		[
			15,
			112
		],
		[
			103,
			160
		],
		[
			43,
			142
		],
		[
			21,
			142
		],
		[
			108,
			153
		],
		[
			20,
			130
		],
		[
			20,
			36
		],
		[
			166,
			187
		],
		[
			132,
			187
		],
		[
			91,
			188
		],
		[
			60,
			169
		],
		[
			116,
			179
		],
		[
			10,
			170
		],
		[
			22,
			55
		],
		[
			22,
			178
		],
		[
			4,
			187
		],
		[
			12,
			110
		],
		[
			12,
			18
		],
		[
			61,
			172
		],
		[
			28,
			92
		],
		[
			39,
			150
		],
		[
			21,
			124
		],
		[
			124,
			187
		],
		[
			149,
			153
		],
		[
			144,
			188
		],
		[
			156,
			168
		],
		[
			108,
			149
		],
		[
			34,
			96
		],
		[
			19,
			25
		],
		[
			130,
			181
		]
	],
	"score": 0.5043859649122807,
	"obtuse num": 0,
	"steiner num": 193
}