{
	"content_type": "CG_SHOP_2025_Solution",
	"instance_uid": "point-set_60_74409a1d",
	"steiner_points_x": [
		"7375971120/2623603",
		3352,
		"1256779506960/3547455653",
		451,
		2601,
		2955,
		"48167189/14657",
		760,
		"3428858470/923689",
		3123,
		2450,
		3348,
		3406,
		2334,
		"239920630/71053",
		3042,
		2549,
		3280,
		"2166890637/557386",
		2084,
		2196,
		621,
		1167,
		928,
		"34141839/9290",
		3040,
		2772,
		2332,
		2289,
		"23487613/9829",
		"33551357/14657",
		"22140452/14657",
		"33463995/14657",
		1031,
		1893,
		"44839810/14657",
		"26753093/14657",
		1820,
		"20114425/35641",
		2994,
		"2132788455/557386",
		2786,
		2169,
		3325,
		773,
		"4045387/47497",
		1547,
		"4453174127/3421610",
		735,
		"7396/5",
		"29479/10",
		2952,
		843,
		"118165892/161131",
		"2898708733/3421610"
	],
	"steiner_points_y": [
		"55693233943/28859633",
		1480,
		"6116530937772/3547455653",
		432,
		1591,
		1802,
		"28054931/14657",
		1739,
		"484009900/923689",
		507,
		335,
		389,
		1841,
		1025,
		"23978897/71053",
		714,
		1164,
		"1135/4",
		"423452479/557386",
		430,
		812,
		1617,
		1275,
		913,
		"15039397/9290",
		1008,
		1000,
		1313,
		1944,
		"1017065/9829",
		"28538099/14657",
		"28915319/14657",
		"28540987/14657",
		614,
		1696,
		"28164927/14657",
		"28762835/14657",
		1827,
		"68559519/35641",
		1609,
		"614789149/557386",
		1767,
		1198,
		1634,
		572,
		"47898312/47497",
		1030,
		"127646419/3421610",
		659,
		"212/5",
		"778/5",
		441,
		170,
		"3387124/161131",
		"83089001/3421610"
	],
	"edges": [
		[
			102,
			106
		],
		[
			36,
			102
		],
		[
			36,
			106
		],
		[
			11,
			44
		],
		[
			23,
			44
		],
		[
			11,
			23
		],
		[
			64,
			101
		],
		[
			16,
			101
		],
		[
			16,
			64
		],
		[
			71,
			74
		],
		[
			68,
			71
		],
		[
			3,
			30
		],
		[
			30,
			98
		],
		[
			2,
			18
		],
		[
			18,
			103
		],
		[
			2,
			103
		],
		[
			11,
			36
		],
		[
			11,
			106
		],
		[
			44,
			109
		],
		[
			10,
			44
		],
		[
			19,
			71
		],
		[
			19,
			68
		],
		[
			112,
			114
		],
		[
			107,
			112
		],
		[
			81,
			82
		],
		[
			67,
			81
		],
		[
			67,
			82
		],
		[
			69,
			75
		],
		[
			32,
			75
		],
		[
			32,
			69
		],
		[
			50,
			97
		],
		[
			50,
			91
		],
		[
			91,
			97
		],
		[
			76,
			86
		],
		[
			12,
			86
		],
		[
			12,
			76
		],
		[
			56,
			60
		],
		[
			56,
			88
		],
		[
			60,
			88
		],
		[
			56,
			94
		],
		[
			94,
			97
		],
		[
			56,
			97
		],
		[
			27,
			84
		],
		[
			27,
			58
		],
		[
			36,
			73
		],
		[
			73,
			80
		],
		[
			36,
			80
		],
		[
			38,
			51
		],
		[
			38,
			95
		],
		[
			51,
			95
		],
		[
			85,
			86
		],
		[
			28,
			86
		],
		[
			28,
			85
		],
		[
			42,
			50
		],
		[
			41,
			61
		],
		[
			27,
			61
		],
		[
			27,
			41
		],
		[
			58,
			72
		],
		[
			8,
			72
		],
		[
			69,
			111
		],
		[
			75,
			111
		],
		[
			39,
			57
		],
		[
			24,
			39
		],
		[
			24,
			57
		],
		[
			15,
			52
		],
		[
			52,
			108
		],
		[
			15,
			108
		],
		[
			46,
			87
		],
		[
			31,
			87
		],
		[
			31,
			46
		],
		[
			46,
			76
		],
		[
			31,
			76
		],
		[
			6,
			63
		],
		[
			25,
			63
		],
		[
			6,
			25
		],
		[
			1,
			80
		],
		[
			12,
			80
		],
		[
			1,
			12
		],
		[
			48,
			94
		],
		[
			48,
			56
		],
		[
			2,
			61
		],
		[
			61,
			103
		],
		[
			1,
			70
		],
		[
			70,
			80
		],
		[
			38,
			47
		],
		[
			47,
			51
		],
		[
			70,
			79
		],
		[
			79,
			80
		],
		[
			48,
			87
		],
		[
			87,
			94
		],
		[
			51,
			72
		],
		[
			47,
			72
		],
		[
			43,
			83
		],
		[
			82,
			83
		],
		[
			43,
			82
		],
		[
			14,
			49
		],
		[
			49,
			104
		],
		[
			14,
			104
		],
		[
			43,
			93
		],
		[
			52,
			93
		],
		[
			43,
			52
		],
		[
			30,
			42
		],
		[
			17,
			59
		],
		[
			17,
			45
		],
		[
			45,
			59
		],
		[
			17,
			34
		],
		[
			9,
			34
		],
		[
			9,
			17
		],
		[
			35,
			67
		],
		[
			35,
			82
		],
		[
			1,
			111
		],
		[
			70,
			111
		],
		[
			43,
			106
		],
		[
			11,
			43
		],
		[
			19,
			32
		],
		[
			19,
			26
		],
		[
			26,
			32
		],
		[
			15,
			59
		],
		[
			59,
			83
		],
		[
			15,
			83
		],
		[
			33,
			61
		],
		[
			4,
			61
		],
		[
			4,
			33
		],
		[
			20,
			52
		],
		[
			20,
			108
		],
		[
			82,
			106
		],
		[
			21,
			45
		],
		[
			21,
			62
		],
		[
			88,
			90
		],
		[
			88,
			92
		],
		[
			27,
			72
		],
		[
			31,
			48
		],
		[
			48,
			53
		],
		[
			31,
			53
		],
		[
			13,
			19
		],
		[
			4,
			19
		],
		[
			4,
			13
		],
		[
			46,
			102
		],
		[
			36,
			46
		],
		[
			23,
			93
		],
		[
			14,
			23
		],
		[
			14,
			93
		],
		[
			2,
			40
		],
		[
			40,
			61
		],
		[
			65,
			101
		],
		[
			60,
			101
		],
		[
			60,
			65
		],
		[
			54,
			86
		],
		[
			28,
			54
		],
		[
			2,
			99
		],
		[
			18,
			99
		],
		[
			7,
			56
		],
		[
			7,
			88
		],
		[
			59,
			81
		],
		[
			59,
			82
		],
		[
			8,
			51
		],
		[
			112,
			113
		],
		[
			6,
			113
		],
		[
			6,
			112
		],
		[
			87,
			102
		],
		[
			94,
			102
		],
		[
			24,
			77
		],
		[
			71,
			77
		],
		[
			11,
			80
		],
		[
			0,
			35
		],
		[
			0,
			106
		],
		[
			35,
			106
		],
		[
			49,
			112
		],
		[
			5,
			49
		],
		[
			5,
			112
		],
		[
			70,
			89
		],
		[
			79,
			89
		],
		[
			12,
			75
		],
		[
			75,
			86
		],
		[
			37,
			63
		],
		[
			6,
			37
		],
		[
			18,
			47
		],
		[
			18,
			38
		],
		[
			7,
			97
		],
		[
			96,
			97
		],
		[
			7,
			96
		],
		[
			44,
			89
		],
		[
			44,
			79
		],
		[
			19,
			33
		],
		[
			23,
			109
		],
		[
			28,
			33
		],
		[
			28,
			61
		],
		[
			29,
			30
		],
		[
			29,
			98
		],
		[
			4,
			100
		],
		[
			4,
			41
		],
		[
			26,
			69
		],
		[
			18,
			65
		],
		[
			38,
			65
		],
		[
			35,
			50
		],
		[
			0,
			50
		],
		[
			17,
			105
		],
		[
			5,
			14
		],
		[
			34,
			108
		],
		[
			63,
			108
		],
		[
			34,
			63
		],
		[
			65,
			95
		],
		[
			0,
			94
		],
		[
			0,
			97
		],
		[
			53,
			54
		],
		[
			16,
			53
		],
		[
			16,
			54
		],
		[
			7,
			92
		],
		[
			26,
			71
		],
		[
			0,
			102
		],
		[
			12,
			73
		],
		[
			73,
			76
		],
		[
			34,
			59
		],
		[
			35,
			42
		],
		[
			47,
			103
		],
		[
			29,
			81
		],
		[
			30,
			81
		],
		[
			23,
			107
		],
		[
			48,
			64
		],
		[
			53,
			64
		],
		[
			65,
			99
		],
		[
			14,
			20
		],
		[
			20,
			104
		],
		[
			27,
			47
		],
		[
			33,
			85
		],
		[
			46,
			73
		],
		[
			32,
			33
		],
		[
			39,
			111
		],
		[
			39,
			55
		],
		[
			55,
			111
		],
		[
			5,
			23
		],
		[
			5,
			107
		],
		[
			99,
			101
		],
		[
			16,
			99
		],
		[
			24,
			71
		],
		[
			24,
			26
		],
		[
			42,
			67
		],
		[
			30,
			67
		],
		[
			13,
			68
		],
		[
			13,
			22
		],
		[
			25,
			49
		],
		[
			25,
			112
		],
		[
			75,
			85
		],
		[
			56,
			64
		],
		[
			56,
			101
		],
		[
			20,
			93
		],
		[
			104,
			108
		],
		[
			63,
			104
		],
		[
			54,
			76
		],
		[
			16,
			28
		],
		[
			1,
			75
		],
		[
			55,
			70
		],
		[
			55,
			110
		],
		[
			70,
			110
		],
		[
			15,
			34
		],
		[
			13,
			78
		],
		[
			13,
			100
		],
		[
			51,
			66
		],
		[
			21,
			59
		],
		[
			21,
			81
		],
		[
			16,
			40
		],
		[
			28,
			40
		],
		[
			25,
			104
		],
		[
			24,
			69
		],
		[
			29,
			62
		],
		[
			32,
			85
		],
		[
			11,
			93
		],
		[
			52,
			83
		],
		[
			40,
			99
		],
		[
			55,
			57
		],
		[
			21,
			29
		],
		[
			27,
			103
		],
		[
			9,
			63
		],
		[
			39,
			69
		],
		[
			11,
			79
		],
		[
			53,
			76
		]
	],
	"score": 0.5089285714285714,
	"obtuse num": 0,
	"steiner num": 115
}