{
	"content_type": "CG_SHOP_2025_Solution",
	"instance_uid": "point-set_40_ae33a7ea",
	"steiner_points_x": [
		917,
		"280065479/158201",
		"836571007/216394",
		1616,
		3438,
		1316,
		3669,
		"6682/3",
		"4821632674/1420945",
		"417769106/108197",
		"64946140/140233",
		3796,
		"1157644336/326993",
		2221,
		"411659726/108197",
		"101186344/140233",
		"285070975/316402",
		2048,
		"3779736466/1420945",
		"840868507/216394",
		2648,
		968,
		"422420666/108197",
		3698,
		"2095636511/783197",
		"461695/349",
		2720,
		2341,
		2283,
		2698,
		"666803425/316402",
		2367,
		2651,
		2751,
		93,
		"76295/181",
		290,
		806,
		742,
		"141733/3770"
	],
	"steiner_points_y": [
		1416,
		"295668894/158201",
		"189712435/216394",
		"5573/3",
		758,
		1053,
		1093,
		"21/2",
		"2411172/1420945",
		"89543061/108197",
		"213576105/140233",
		829,
		"563953627/326993",
		410,
		"26684329/108197",
		"238638324/140233",
		"571235365/316402",
		1331,
		"10277838/1420945",
		"233928935/216394",
		264,
		1560,
		"137402445/108197",
		257,
		"1492899168/783197",
		"640850/349",
		567,
		782,
		1618,
		975,
		"599133815/316402",
		1358,
		1266,
		1248,
		911,
		"43826/181",
		927,
		856,
		982,
		"3000539/3770"
	],
	"edges": [
		[
			33,
			70
		],
		[
			33,
			41
		],
		[
			17,
			67
		],
		[
			17,
			34
		],
		[
			34,
			67
		],
		[
			8,
			29
		],
		[
			8,
			77
		],
		[
			29,
			77
		],
		[
			5,
			55
		],
		[
			4,
			55
		],
		[
			4,
			5
		],
		[
			6,
			38
		],
		[
			6,
			34
		],
		[
			34,
			38
		],
		[
			33,
			68
		],
		[
			12,
			33
		],
		[
			12,
			68
		],
		[
			28,
			63
		],
		[
			18,
			63
		],
		[
			16,
			73
		],
		[
			1,
			16
		],
		[
			1,
			73
		],
		[
			25,
			40
		],
		[
			25,
			45
		],
		[
			40,
			45
		],
		[
			35,
			46
		],
		[
			13,
			46
		],
		[
			13,
			35
		],
		[
			11,
			57
		],
		[
			17,
			57
		],
		[
			11,
			17
		],
		[
			36,
			74
		],
		[
			9,
			74
		],
		[
			27,
			35
		],
		[
			27,
			46
		],
		[
			69,
			72
		],
		[
			72,
			73
		],
		[
			69,
			73
		],
		[
			51,
			63
		],
		[
			51,
			54
		],
		[
			54,
			63
		],
		[
			24,
			67
		],
		[
			24,
			53
		],
		[
			53,
			67
		],
		[
			2,
			58
		],
		[
			2,
			48
		],
		[
			17,
			53
		],
		[
			0,
			45
		],
		[
			30,
			45
		],
		[
			0,
			30
		],
		[
			37,
			72
		],
		[
			16,
			37
		],
		[
			16,
			72
		],
		[
			11,
			25
		],
		[
			25,
			26
		],
		[
			11,
			26
		],
		[
			29,
			75
		],
		[
			29,
			30
		],
		[
			23,
			55
		],
		[
			4,
			23
		],
		[
			7,
			46
		],
		[
			1,
			46
		],
		[
			1,
			7
		],
		[
			10,
			11
		],
		[
			10,
			57
		],
		[
			15,
			46
		],
		[
			46,
			59
		],
		[
			15,
			59
		],
		[
			8,
			39
		],
		[
			29,
			39
		],
		[
			14,
			24
		],
		[
			24,
			60
		],
		[
			14,
			60
		],
		[
			12,
			19
		],
		[
			19,
			68
		],
		[
			36,
			76
		],
		[
			5,
			36
		],
		[
			5,
			76
		],
		[
			76,
			78
		],
		[
			8,
			78
		],
		[
			8,
			76
		],
		[
			5,
			40
		],
		[
			40,
			78
		],
		[
			5,
			78
		],
		[
			5,
			50
		],
		[
			30,
			77
		],
		[
			16,
			20
		],
		[
			1,
			20
		],
		[
			23,
			56
		],
		[
			21,
			23
		],
		[
			14,
			47
		],
		[
			14,
			58
		],
		[
			17,
			25
		],
		[
			17,
			45
		],
		[
			32,
			71
		],
		[
			57,
			71
		],
		[
			32,
			57
		],
		[
			2,
			44
		],
		[
			44,
			63
		],
		[
			2,
			63
		],
		[
			49,
			51
		],
		[
			0,
			77
		],
		[
			77,
			78
		],
		[
			0,
			78
		],
		[
			23,
			65
		],
		[
			2,
			28
		],
		[
			2,
			60
		],
		[
			60,
			66
		],
		[
			2,
			66
		],
		[
			14,
			53
		],
		[
			58,
			60
		],
		[
			1,
			27
		],
		[
			27,
			73
		],
		[
			13,
			15
		],
		[
			17,
			30
		],
		[
			19,
			64
		],
		[
			44,
			66
		],
		[
			10,
			32
		],
		[
			25,
			61
		],
		[
			26,
			61
		],
		[
			3,
			74
		],
		[
			22,
			74
		],
		[
			3,
			22
		],
		[
			37,
			71
		],
		[
			37,
			38
		],
		[
			38,
			71
		],
		[
			16,
			19
		],
		[
			19,
			20
		],
		[
			1,
			52
		],
		[
			22,
			39
		],
		[
			8,
			22
		],
		[
			7,
			62
		],
		[
			7,
			31
		],
		[
			1,
			31
		],
		[
			34,
			57
		],
		[
			22,
			76
		],
		[
			6,
			24
		],
		[
			6,
			66
		],
		[
			24,
			66
		],
		[
			66,
			69
		],
		[
			44,
			69
		],
		[
			23,
			61
		],
		[
			61,
			65
		],
		[
			0,
			40
		],
		[
			38,
			69
		],
		[
			6,
			69
		],
		[
			4,
			61
		],
		[
			40,
			61
		],
		[
			4,
			40
		],
		[
			6,
			67
		],
		[
			34,
			71
		],
		[
			19,
			37
		],
		[
			74,
			76
		],
		[
			32,
			68
		],
		[
			68,
			71
		],
		[
			22,
			79
		],
		[
			47,
			53
		],
		[
			13,
			51
		],
		[
			13,
			49
		],
		[
			10,
			43
		],
		[
			10,
			41
		],
		[
			27,
			69
		],
		[
			27,
			44
		],
		[
			38,
			72
		],
		[
			15,
			42
		],
		[
			35,
			63
		],
		[
			35,
			44
		],
		[
			35,
			51
		],
		[
			37,
			68
		],
		[
			15,
			49
		],
		[
			30,
			53
		],
		[
			26,
			43
		],
		[
			11,
			43
		],
		[
			7,
			59
		],
		[
			26,
			65
		],
		[
			10,
			33
		],
		[
			32,
			33
		]
	],
	"score": 0.5121951219512195,
	"obtuse num": 0,
	"steiner num": 80
}