{
	"content_type": "CG_SHOP_2025_Solution",
	"instance_uid": "simple-polygon_150_743d6b9c",
	"steiner_points_x": [
		629,
		"99342943/49793",
		"425/2",
		336,
		1244,
		1103,
		456,
		1981,
		"12006/5",
		"111946887/45533",
		627,
		1207,
		"967087/3145",
		"126036010/100537",
		"737604995/847549",
		1466,
		772,
		2384,
		316,
		150,
		1479,
		606,
		2044,
		1999,
		639,
		311,
		"56217233/24901",
		"13158727/17485",
		1487,
		142,
		"885595619/300977",
		1823,
		"93775/6994",
		"193471/95642",
		294,
		1354,
		1768,
		772,
		1026,
		868,
		"271726733/261281",
		1494,
		2109,
		865,
		"3980797/13210",
		"900473815/847549",
		2265,
		"9891/5",
		2680,
		2795,
		2693,
		2809,
		2299,
		2844,
		"866803/290",
		"860789/290",
		"12025/4",
		2873,
		2220,
		"184449233/90793",
		1501,
		2724
	],
	"steiner_points_y": [
		314,
		"168141371/49793",
		"2387/2",
		2644,
		2063,
		1718,
		1344,
		3004,
		"1724/5",
		"14612114/45533",
		2951,
		3689,
		"4739734/3145",
		"20325312/100537",
		"525918107/847549",
		286,
		4017,
		1109,
		2856,
		3111,
		2951,
		1534,
		1145,
		3485,
		3435,
		1510,
		"8973094/24901",
		"4993861/17485",
		3754,
		4017,
		"1184587041/300977",
		197,
		"10250699/6994",
		"269677555/95642",
		1414,
		3421,
		543,
		3989,
		2803,
		3090,
		"837385326/261281",
		2952,
		596,
		1145,
		"35012311/13210",
		"896994905/847549",
		2087,
		"8442/5",
		2410,
		2063,
		1765,
		1770,
		2735,
		1772,
		"601579/290",
		"703817/290",
		"7123/4",
		2680,
		2952,
		"273076848/90793",
		2664,
		"41456/197"
	],
	"edges": [
		[
			47,
			63
		],
		[
			48,
			63
		],
		[
			125,
			165
		],
		[
			129,
			165
		],
		[
			125,
			129
		],
		[
			112,
			199
		],
		[
			111,
			199
		],
		[
			92,
			97
		],
		[
			92,
			99
		],
		[
			97,
			99
		],
		[
			29,
			173
		],
		[
			35,
			173
		],
		[
			29,
			35
		],
		[
			144,
			201
		],
		[
			145,
			201
		],
		[
			103,
			155
		],
		[
			106,
			155
		],
		[
			103,
			106
		],
		[
			189,
			190
		],
		[
			22,
			189
		],
		[
			24,
			185
		],
		[
			25,
			185
		],
		[
			0,
			148
		],
		[
			145,
			203
		],
		[
			146,
			203
		],
		[
			20,
			210
		],
		[
			69,
			210
		],
		[
			20,
			69
		],
		[
			92,
			150
		],
		[
			97,
			150
		],
		[
			38,
			161
		],
		[
			39,
			161
		],
		[
			29,
			34
		],
		[
			30,
			34
		],
		[
			115,
			172
		],
		[
			117,
			172
		],
		[
			115,
			117
		],
		[
			161,
			185
		],
		[
			161,
			178
		],
		[
			178,
			185
		],
		[
			115,
			197
		],
		[
			131,
			158
		],
		[
			132,
			158
		],
		[
			86,
			88
		],
		[
			86,
			182
		],
		[
			79,
			171
		],
		[
			156,
			171
		],
		[
			79,
			156
		],
		[
			58,
			168
		],
		[
			48,
			168
		],
		[
			48,
			58
		],
		[
			154,
			155
		],
		[
			106,
			154
		],
		[
			28,
			173
		],
		[
			151,
			173
		],
		[
			137,
			192
		],
		[
			138,
			192
		],
		[
			43,
			187
		],
		[
			42,
			187
		],
		[
			80,
			156
		],
		[
			84,
			156
		],
		[
			80,
			84
		],
		[
			22,
			46
		],
		[
			22,
			65
		],
		[
			46,
			65
		],
		[
			22,
			45
		],
		[
			23,
			45
		],
		[
			138,
			167
		],
		[
			139,
			167
		],
		[
			111,
			196
		],
		[
			196,
			198
		],
		[
			111,
			198
		],
		[
			168,
			169
		],
		[
			53,
			168
		],
		[
			53,
			169
		],
		[
			171,
			193
		],
		[
			156,
			193
		],
		[
			130,
			136
		],
		[
			130,
			137
		],
		[
			170,
			210
		],
		[
			20,
			170
		],
		[
			31,
			33
		],
		[
			33,
			180
		],
		[
			118,
			186
		],
		[
			118,
			192
		],
		[
			186,
			192
		],
		[
			85,
			184
		],
		[
			88,
			184
		],
		[
			85,
			88
		],
		[
			46,
			64
		],
		[
			193,
			195
		],
		[
			100,
			193
		],
		[
			26,
			178
		],
		[
			27,
			178
		],
		[
			56,
			153
		],
		[
			57,
			153
		],
		[
			125,
			127
		],
		[
			125,
			163
		],
		[
			93,
			150
		],
		[
			94,
			150
		],
		[
			120,
			122
		],
		[
			23,
			185
		],
		[
			13,
			157
		],
		[
			157,
			209
		],
		[
			113,
			200
		],
		[
			112,
			200
		],
		[
			19,
			170
		],
		[
			188,
			189
		],
		[
			21,
			189
		],
		[
			21,
			188
		],
		[
			44,
			174
		],
		[
			45,
			174
		],
		[
			3,
			207
		],
		[
			4,
			207
		],
		[
			36,
			173
		],
		[
			173,
			178
		],
		[
			36,
			178
		],
		[
			80,
			82
		],
		[
			80,
			175
		],
		[
			82,
			175
		],
		[
			164,
			193
		],
		[
			13,
			202
		],
		[
			109,
			202
		],
		[
			13,
			109
		],
		[
			57,
			168
		],
		[
			0,
			207
		],
		[
			1,
			207
		],
		[
			90,
			156
		],
		[
			90,
			193
		],
		[
			97,
			177
		],
		[
			143,
			167
		],
		[
			114,
			167
		],
		[
			114,
			143
		],
		[
			68,
			188
		],
		[
			69,
			188
		],
		[
			170,
			191
		],
		[
			191,
			210
		],
		[
			52,
			169
		],
		[
			148,
			207
		],
		[
			142,
			167
		],
		[
			62,
			160
		],
		[
			63,
			160
		],
		[
			27,
			173
		],
		[
			49,
			52
		],
		[
			49,
			51
		],
		[
			118,
			172
		],
		[
			16,
			157
		],
		[
			13,
			16
		],
		[
			71,
			74
		],
		[
			71,
			75
		],
		[
			23,
			174
		],
		[
			103,
			105
		],
		[
			12,
			202
		],
		[
			51,
			183
		],
		[
			165,
			181
		],
		[
			37,
			178
		],
		[
			38,
			178
		],
		[
			59,
			160
		],
		[
			59,
			63
		],
		[
			1,
			3
		],
		[
			133,
			211
		],
		[
			134,
			211
		],
		[
			162,
			175
		],
		[
			84,
			175
		],
		[
			181,
			186
		],
		[
			181,
			192
		],
		[
			199,
			204
		],
		[
			199,
			205
		],
		[
			18,
			170
		],
		[
			7,
			208
		],
		[
			8,
			208
		],
		[
			53,
			57
		],
		[
			89,
			156
		],
		[
			77,
			171
		],
		[
			77,
			193
		],
		[
			125,
			128
		],
		[
			107,
			154
		],
		[
			5,
			109
		],
		[
			5,
			202
		],
		[
			23,
			161
		],
		[
			119,
			186
		],
		[
			198,
			205
		],
		[
			4,
			198
		],
		[
			4,
			205
		],
		[
			124,
			165
		],
		[
			141,
			167
		],
		[
			139,
			141
		],
		[
			16,
			210
		],
		[
			16,
			191
		],
		[
			90,
			164
		],
		[
			123,
			165
		],
		[
			123,
			181
		],
		[
			199,
			201
		],
		[
			200,
			201
		],
		[
			199,
			200
		],
		[
			40,
			187
		],
		[
			166,
			187
		],
		[
			13,
			210
		],
		[
			7,
			12
		],
		[
			12,
			208
		],
		[
			203,
			206
		],
		[
			203,
			204
		],
		[
			53,
			194
		],
		[
			152,
			184
		],
		[
			156,
			184
		],
		[
			152,
			156
		],
		[
			57,
			194
		],
		[
			13,
			108
		],
		[
			131,
			136
		],
		[
			42,
			179
		],
		[
			46,
			63
		],
		[
			11,
			208
		],
		[
			198,
			199
		],
		[
			108,
			210
		],
		[
			67,
			189
		],
		[
			67,
			188
		],
		[
			122,
			186
		],
		[
			119,
			122
		],
		[
			138,
			172
		],
		[
			167,
			172
		],
		[
			146,
			206
		],
		[
			5,
			196
		],
		[
			5,
			198
		],
		[
			114,
			172
		],
		[
			123,
			186
		],
		[
			70,
			154
		],
		[
			71,
			154
		],
		[
			109,
			196
		],
		[
			110,
			196
		],
		[
			84,
			184
		],
		[
			143,
			200
		],
		[
			144,
			200
		],
		[
			91,
			99
		],
		[
			132,
			159
		],
		[
			133,
			159
		],
		[
			201,
			203
		],
		[
			60,
			160
		],
		[
			107,
			210
		],
		[
			101,
			193
		],
		[
			76,
			193
		],
		[
			76,
			101
		],
		[
			18,
			191
		],
		[
			199,
			203
		],
		[
			102,
			155
		],
		[
			9,
			208
		],
		[
			10,
			208
		],
		[
			78,
			171
		],
		[
			17,
			191
		],
		[
			21,
			69
		],
		[
			174,
			187
		],
		[
			43,
			174
		],
		[
			48,
			59
		],
		[
			14,
			157
		],
		[
			7,
			202
		],
		[
			6,
			202
		],
		[
			15,
			157
		],
		[
			136,
			176
		],
		[
			70,
			107
		],
		[
			70,
			210
		],
		[
			23,
			39
		],
		[
			39,
			174
		],
		[
			75,
			154
		],
		[
			75,
			155
		],
		[
			179,
			187
		],
		[
			130,
			192
		],
		[
			26,
			185
		],
		[
			72,
			74
		],
		[
			114,
			200
		],
		[
			91,
			164
		],
		[
			83,
			175
		],
		[
			39,
			187
		],
		[
			30,
			33
		],
		[
			65,
			189
		],
		[
			205,
			207
		],
		[
			96,
			150
		],
		[
			66,
			189
		],
		[
			118,
			138
		],
		[
			76,
			155
		],
		[
			101,
			155
		],
		[
			61,
			160
		],
		[
			95,
			150
		]
	],
	"score": 0.5079365079365079,
	"obtuse num": 0,
	"steiner num": 212
}