{
	"content_type": "CG_SHOP_2025_Solution",
	"instance_uid": "simple-polygon-exterior-20_40_8ad14096",
	"steiner_points_x": [
		"5279982299830183/3440611754440",
		"1087174378636480903891068616/418921102945920230028025",
		"2437222515/624269",
		"615772389/845645",
		1517,
		"50438639/15283",
		525,
		1505,
		988,
		"100351859/146042",
		"2652340712/5887829",
		"29994938153/11775658",
		3516,
		3582,
		1237,
		"2413329065/624269",
		"461611052503679867077/291878399996338360",
		3651,
		"3909296887/5148425",
		"35343964249/11775658",
		"350592092/100909",
		"5812010723/5887829",
		"1026970670/281593",
		"8158665103/2741885",
		"330436783/243113",
		"321545782502722238747/374607005993251425",
		3652,
		"7810338669/5148425",
		2562,
		"336943633/361861",
		2729,
		"4740298814696410951472/1774660793562233825",
		1345,
		"20086003762/5887829",
		1503,
		"2417118235/624269",
		"2445173745/624269",
		759,
		"1961591802421780/2130575689769",
		"193642137/104777",
		3124,
		"23951307135/11775658",
		2152,
		1811,
		2083,
		"568616744793387/453200407475",
		"11110873718/5148425",
		1760,
		"39442/865",
		3784
	],
	"steiner_points_y": [
		"522081255566587/3440611754440",
		"744900724966108513063478949/418921102945920230028025",
		"731012209/624269",
		"1376754717/845645",
		1942,
		"24134164/15283",
		1319,
		1506,
		197,
		"171647695/146042",
		"1223105495/5887829",
		"1170992011/11775658",
		216,
		1219,
		1768,
		"462381564/624269",
		"246797256024833153799/510787199993592130",
		1275,
		"10062464941/5148425",
		"894721915/11775658",
		"181965713/100909",
		"1059912734/5887829",
		"214562566/281593",
		"5115813379/2741885",
		"239890919/243113",
		"732029003963715868421/374607005993251425",
		216,
		"10048710717/5148425",
		1697,
		"160391698/361861",
		1158,
		"3378911080593153781101/1774660793562233825",
		837,
		"322679945/5887829",
		783,
		"504982661/624269",
		"820406752/624269",
		1864,
		"390851858942447/2130575689769",
		"91246185/104777",
		1420,
		"1483137529/11775658",
		1477,
		1619,
		1062,
		"884977087680591/453200407475",
		"10037073749/5148425",
		1160,
		"734199/865",
		817
	],
	"edges": [
		[
			44,
			86
		],
		[
			44,
			67
		],
		[
			18,
			88
		],
		[
			16,
			18
		],
		[
			3,
			89
		],
		[
			75,
			89
		],
		[
			3,
			75
		],
		[
			22,
			25
		],
		[
			25,
			49
		],
		[
			11,
			87
		],
		[
			84,
			87
		],
		[
			11,
			84
		],
		[
			47,
			87
		],
		[
			64,
			87
		],
		[
			47,
			64
		],
		[
			68,
			82
		],
		[
			68,
			70
		],
		[
			70,
			82
		],
		[
			0,
			89
		],
		[
			39,
			89
		],
		[
			24,
			54
		],
		[
			28,
			54
		],
		[
			24,
			28
		],
		[
			17,
			46
		],
		[
			18,
			46
		],
		[
			14,
			50
		],
		[
			14,
			78
		],
		[
			21,
			25
		],
		[
			25,
			26
		],
		[
			21,
			26
		],
		[
			22,
			46
		],
		[
			23,
			46
		],
		[
			6,
			73
		],
		[
			5,
			6
		],
		[
			32,
			33
		],
		[
			32,
			41
		],
		[
			48,
			78
		],
		[
			48,
			61
		],
		[
			26,
			28
		],
		[
			26,
			64
		],
		[
			1,
			89
		],
		[
			62,
			89
		],
		[
			1,
			62
		],
		[
			19,
			21
		],
		[
			27,
			87
		],
		[
			27,
			72
		],
		[
			27,
			74
		],
		[
			72,
			74
		],
		[
			14,
			19
		],
		[
			14,
			16
		],
		[
			16,
			19
		],
		[
			31,
			47
		],
		[
			31,
			83
		],
		[
			47,
			83
		],
		[
			22,
			24
		],
		[
			22,
			43
		],
		[
			31,
			54
		],
		[
			30,
			54
		],
		[
			7,
			52
		],
		[
			6,
			52
		],
		[
			10,
			70
		],
		[
			9,
			70
		],
		[
			10,
			79
		],
		[
			10,
			12
		],
		[
			42,
			89
		],
		[
			69,
			78
		],
		[
			29,
			54
		],
		[
			8,
			51
		],
		[
			8,
			59
		],
		[
			28,
			47
		],
		[
			28,
			31
		],
		[
			82,
			83
		],
		[
			82,
			87
		],
		[
			83,
			87
		],
		[
			41,
			71
		],
		[
			9,
			51
		],
		[
			18,
			21
		],
		[
			18,
			49
		],
		[
			65,
			77
		],
		[
			58,
			77
		],
		[
			32,
			86
		],
		[
			45,
			53
		],
		[
			45,
			57
		],
		[
			53,
			57
		],
		[
			1,
			2
		],
		[
			20,
			72
		],
		[
			13,
			72
		],
		[
			13,
			20
		],
		[
			10,
			84
		],
		[
			10,
			11
		],
		[
			39,
			42
		],
		[
			8,
			70
		],
		[
			1,
			80
		],
		[
			53,
			80
		],
		[
			1,
			53
		],
		[
			20,
			26
		],
		[
			13,
			40
		],
		[
			40,
			56
		],
		[
			26,
			72
		],
		[
			32,
			68
		],
		[
			32,
			82
		],
		[
			83,
			86
		],
		[
			44,
			83
		],
		[
			23,
			77
		],
		[
			20,
			69
		],
		[
			11,
			27
		],
		[
			2,
			70
		],
		[
			2,
			8
		],
		[
			62,
			66
		],
		[
			3,
			66
		],
		[
			34,
			71
		],
		[
			7,
			62
		],
		[
			52,
			62
		],
		[
			30,
			44
		],
		[
			30,
			85
		],
		[
			44,
			85
		],
		[
			12,
			81
		],
		[
			12,
			51
		],
		[
			11,
			74
		],
		[
			32,
			83
		],
		[
			7,
			59
		],
		[
			6,
			59
		],
		[
			31,
			44
		],
		[
			45,
			60
		],
		[
			45,
			63
		],
		[
			0,
			57
		],
		[
			39,
			57
		],
		[
			12,
			40
		],
		[
			19,
			69
		],
		[
			5,
			52
		],
		[
			82,
			84
		],
		[
			2,
			7
		],
		[
			29,
			43
		],
		[
			24,
			29
		],
		[
			34,
			63
		],
		[
			3,
			55
		],
		[
			25,
			28
		],
		[
			36,
			60
		],
		[
			38,
			57
		],
		[
			36,
			57
		],
		[
			36,
			38
		],
		[
			29,
			85
		],
		[
			29,
			65
		],
		[
			35,
			63
		],
		[
			2,
			80
		],
		[
			45,
			80
		],
		[
			4,
			66
		],
		[
			13,
			74
		],
		[
			29,
			77
		],
		[
			34,
			70
		],
		[
			34,
			68
		],
		[
			5,
			66
		],
		[
			38,
			42
		],
		[
			38,
			76
		],
		[
			41,
			68
		],
		[
			56,
			74
		],
		[
			70,
			80
		],
		[
			35,
			70
		],
		[
			35,
			80
		],
		[
			9,
			12
		],
		[
			70,
			84
		],
		[
			46,
			49
		],
		[
			74,
			79
		],
		[
			56,
			79
		],
		[
			0,
			53
		],
		[
			48,
			69
		],
		[
			43,
			77
		],
		[
			40,
			48
		],
		[
			13,
			48
		],
		[
			52,
			66
		]
	],
	"score": 0.5098039215686274,
	"obtuse num": 0,
	"steiner num": 90
}