{
	"content_type": "CG_SHOP_2025_Solution",
	"instance_uid": "simple-polygon-exterior_20_87cff693",
	"steiner_points_x": [
		"2336300/373",
		6210,
		350,
		6432,
		"698450/97",
		6214,
		357,
		1219,
		"10996512/7673",
		"4150479400/2862029",
		"15429600/2371",
		"122570600/19601",
		"51000/277",
		"62500/277",
		"31250/277",
		600,
		501,
		638,
		619
	],
	"steiner_points_y": [
		"842250/373",
		798,
		4500,
		1163,
		"105600/97",
		1272,
		3981,
		3905,
		"33279190/7673",
		"12524002470/2862029",
		"100050/2371",
		"791500/19601",
		"402500/277",
		"349600/277",
		"493350/277",
		2301,
		1300,
		1309,
		1461
	],
	"edges": [
		[
			21,
			37
		],
		[
			2,
			21
		],
		[
			2,
			37
		],
		[
			18,
			19
		],
		[
			19,
			24
		],
		[
			18,
			24
		],
		[
			3,
			36
		],
		[
			2,
			36
		],
		[
			2,
			3
		],
		[
			1,
			31
		],
		[
			1,
			30
		],
		[
			30,
			31
		],
		[
			27,
			28
		],
		[
			14,
			27
		],
		[
			14,
			28
		],
		[
			5,
			38
		],
		[
			36,
			38
		],
		[
			5,
			36
		],
		[
			18,
			30
		],
		[
			17,
			18
		],
		[
			17,
			30
		],
		[
			5,
			7
		],
		[
			6,
			7
		],
		[
			5,
			6
		],
		[
			7,
			9
		],
		[
			7,
			8
		],
		[
			8,
			9
		],
		[
			1,
			21
		],
		[
			1,
			2
		],
		[
			9,
			11
		],
		[
			11,
			26
		],
		[
			9,
			26
		],
		[
			15,
			27
		],
		[
			15,
			28
		],
		[
			15,
			25
		],
		[
			15,
			16
		],
		[
			16,
			25
		],
		[
			15,
			20
		],
		[
			16,
			20
		],
		[
			5,
			8
		],
		[
			36,
			37
		],
		[
			7,
			35
		],
		[
			6,
			35
		],
		[
			20,
			28
		],
		[
			0,
			25
		],
		[
			23,
			25
		],
		[
			0,
			23
		],
		[
			1,
			18
		],
		[
			1,
			19
		],
		[
			4,
			32
		],
		[
			4,
			33
		],
		[
			32,
			33
		],
		[
			0,
			1
		],
		[
			0,
			19
		],
		[
			21,
			25
		],
		[
			25,
			37
		],
		[
			0,
			21
		],
		[
			6,
			15
		],
		[
			15,
			35
		],
		[
			28,
			29
		],
		[
			14,
			29
		],
		[
			9,
			10
		],
		[
			8,
			10
		],
		[
			10,
			11
		],
		[
			26,
			35
		],
		[
			9,
			35
		],
		[
			3,
			4
		],
		[
			4,
			36
		],
		[
			13,
			14
		],
		[
			13,
			22
		],
		[
			14,
			22
		],
		[
			8,
			34
		],
		[
			8,
			32
		],
		[
			32,
			34
		],
		[
			26,
			27
		],
		[
			27,
			35
		],
		[
			37,
			38
		],
		[
			15,
			38
		],
		[
			15,
			37
		],
		[
			6,
			38
		],
		[
			12,
			26
		],
		[
			11,
			12
		],
		[
			12,
			13
		],
		[
			13,
			26
		],
		[
			17,
			24
		],
		[
			19,
			23
		],
		[
			23,
			24
		],
		[
			16,
			23
		],
		[
			16,
			24
		],
		[
			13,
			27
		],
		[
			3,
			33
		],
		[
			2,
			31
		],
		[
			10,
			34
		],
		[
			5,
			32
		],
		[
			12,
			22
		],
		[
			4,
			5
		],
		[
			20,
			29
		]
	],
	"score": 0.525,
	"obtuse num": 0,
	"steiner num": 39
}