{
	"content_type": "CG_SHOP_2025_Solution",
	"instance_uid": "simple-polygon-exterior_60_ba2c82c0",
	"steiner_points_x": [
		"270323/5882",
		8,
		"264450/168941",
		"999/53",
		43,
		37,
		"1545/34",
		"53/82",
		"119/82",
		10,
		"493/13",
		45,
		28,
		"17154/613",
		49,
		30,
		52,
		"9929/193",
		"23283/1226",
		"2129/43",
		"38465/629",
		"37311/629",
		"3767/137",
		36,
		"1750/221",
		"37765/629",
		"453/197",
		"5054/89",
		32,
		28,
		"38015/629",
		48,
		"15468/8077",
		"100/17",
		"2783/61",
		"38999/629",
		35,
		"185/3",
		43,
		56,
		23,
		31,
		15,
		"86739600/40714781",
		7,
		9,
		16,
		8,
		"1530/113",
		"2050/701",
		26,
		31,
		27
	],
	"steiner_points_y": [
		"201817/2941",
		48,
		"5213559/168941",
		"3738/53",
		54,
		70,
		"2219/34",
		"3675/82",
		"4269/82",
		55,
		"99/13",
		7,
		1,
		"263/613",
		14,
		18,
		0,
		"3263/193",
		"841/1226",
		"1043/43",
		"23215/629",
		"8790/629",
		"6078/137",
		33,
		"9244/221",
		"14465/629",
		"11070/197",
		"3227/89",
		48,
		49,
		"17590/629",
		"81/2",
		"454215/8077",
		"161/17",
		"2004/61",
		"29890/629",
		31,
		"130/3",
		38,
		48,
		42,
		34,
		34,
		"1262602959/40714781",
		28,
		23,
		22,
		39,
		"3853/113",
		"16679/701",
		35,
		37,
		26
	],
	"edges": [
		[
			17,
			64
		],
		[
			14,
			17
		],
		[
			14,
			64
		],
		[
			101,
			111
		],
		[
			101,
			110
		],
		[
			110,
			111
		],
		[
			79,
			85
		],
		[
			77,
			85
		],
		[
			39,
			61
		],
		[
			61,
			84
		],
		[
			56,
			71
		],
		[
			56,
			74
		],
		[
			71,
			74
		],
		[
			14,
			16
		],
		[
			5,
			7
		],
		[
			5,
			98
		],
		[
			55,
			74
		],
		[
			55,
			77
		],
		[
			74,
			77
		],
		[
			4,
			8
		],
		[
			4,
			87
		],
		[
			35,
			100
		],
		[
			34,
			100
		],
		[
			65,
			66
		],
		[
			17,
			65
		],
		[
			58,
			72
		],
		[
			70,
			72
		],
		[
			41,
			104
		],
		[
			103,
			104
		],
		[
			27,
			61
		],
		[
			26,
			61
		],
		[
			62,
			103
		],
		[
			22,
			69
		],
		[
			23,
			69
		],
		[
			14,
			66
		],
		[
			82,
			100
		],
		[
			34,
			82
		],
		[
			11,
			99
		],
		[
			10,
			99
		],
		[
			72,
			73
		],
		[
			4,
			90
		],
		[
			79,
			90
		],
		[
			18,
			88
		],
		[
			88,
			89
		],
		[
			18,
			89
		],
		[
			42,
			46
		],
		[
			43,
			46
		],
		[
			72,
			78
		],
		[
			9,
			90
		],
		[
			9,
			80
		],
		[
			31,
			96
		],
		[
			32,
			96
		],
		[
			86,
			92
		],
		[
			46,
			105
		],
		[
			42,
			105
		],
		[
			57,
			72
		],
		[
			36,
			112
		],
		[
			47,
			112
		],
		[
			36,
			47
		],
		[
			67,
			84
		],
		[
			43,
			93
		],
		[
			61,
			67
		],
		[
			50,
			56
		],
		[
			50,
			55
		],
		[
			39,
			100
		],
		[
			38,
			100
		],
		[
			107,
			108
		],
		[
			38,
			107
		],
		[
			51,
			96
		],
		[
			32,
			51
		],
		[
			0,
			58
		],
		[
			0,
			76
		],
		[
			41,
			109
		],
		[
			43,
			45
		],
		[
			11,
			13
		],
		[
			13,
			99
		],
		[
			51,
			53
		],
		[
			104,
			107
		],
		[
			103,
			107
		],
		[
			34,
			111
		],
		[
			29,
			34
		],
		[
			29,
			111
		],
		[
			10,
			87
		],
		[
			50,
			57
		],
		[
			40,
			107
		],
		[
			6,
			83
		],
		[
			5,
			83
		],
		[
			49,
			75
		],
		[
			51,
			75
		],
		[
			49,
			51
		],
		[
			8,
			94
		],
		[
			70,
			71
		],
		[
			58,
			71
		],
		[
			23,
			86
		],
		[
			69,
			86
		],
		[
			104,
			105
		],
		[
			37,
			104
		],
		[
			37,
			105
		],
		[
			17,
			19
		],
		[
			75,
			112
		],
		[
			47,
			75
		],
		[
			32,
			101
		],
		[
			33,
			101
		],
		[
			45,
			78
		],
		[
			45,
			72
		],
		[
			5,
			52
		],
		[
			52,
			83
		],
		[
			45,
			47
		],
		[
			45,
			48
		],
		[
			48,
			72
		],
		[
			10,
			97
		],
		[
			9,
			97
		],
		[
			19,
			65
		],
		[
			21,
			89
		],
		[
			18,
			21
		],
		[
			41,
			62
		],
		[
			56,
			70
		],
		[
			53,
			94
		],
		[
			4,
			53
		],
		[
			6,
			12
		],
		[
			6,
			29
		],
		[
			12,
			29
		],
		[
			7,
			12
		],
		[
			12,
			98
		],
		[
			28,
			89
		],
		[
			21,
			28
		],
		[
			53,
			79
		],
		[
			41,
			105
		],
		[
			36,
			106
		],
		[
			37,
			106
		],
		[
			46,
			106
		],
		[
			47,
			106
		],
		[
			12,
			91
		],
		[
			7,
			91
		],
		[
			30,
			83
		],
		[
			31,
			83
		],
		[
			25,
			61
		],
		[
			31,
			101
		],
		[
			30,
			101
		],
		[
			54,
			79
		],
		[
			55,
			79
		],
		[
			59,
			71
		],
		[
			11,
			91
		],
		[
			10,
			91
		],
		[
			22,
			27
		],
		[
			27,
			69
		],
		[
			26,
			86
		],
		[
			27,
			39
		],
		[
			19,
			21
		],
		[
			35,
			110
		],
		[
			104,
			108
		],
		[
			3,
			59
		],
		[
			0,
			3
		],
		[
			3,
			81
		],
		[
			13,
			64
		],
		[
			102,
			108
		],
		[
			37,
			102
		],
		[
			30,
			111
		],
		[
			5,
			8
		],
		[
			82,
			89
		],
		[
			25,
			68
		],
		[
			25,
			67
		],
		[
			8,
			91
		],
		[
			87,
			91
		],
		[
			18,
			64
		],
		[
			64,
			88
		],
		[
			60,
			66
		],
		[
			22,
			28
		],
		[
			32,
			112
		],
		[
			51,
			112
		],
		[
			51,
			54
		],
		[
			28,
			100
		],
		[
			33,
			112
		],
		[
			33,
			36
		],
		[
			38,
			84
		],
		[
			97,
			99
		],
		[
			95,
			99
		],
		[
			13,
			15
		],
		[
			15,
			99
		],
		[
			26,
			69
		],
		[
			22,
			63
		],
		[
			21,
			63
		],
		[
			38,
			102
		],
		[
			50,
			54
		],
		[
			0,
			2
		],
		[
			84,
			107
		],
		[
			35,
			38
		],
		[
			35,
			102
		],
		[
			82,
			88
		],
		[
			52,
			94
		],
		[
			36,
			102
		],
		[
			87,
			90
		],
		[
			33,
			35
		],
		[
			28,
			39
		],
		[
			68,
			86
		],
		[
			52,
			96
		],
		[
			83,
			96
		],
		[
			23,
			63
		],
		[
			105,
			106
		],
		[
			12,
			88
		],
		[
			12,
			64
		],
		[
			29,
			88
		],
		[
			77,
			81
		],
		[
			59,
			74
		],
		[
			48,
			75
		],
		[
			6,
			30
		],
		[
			48,
			57
		],
		[
			3,
			74
		],
		[
			49,
			57
		]
	],
	"score": 0.5092592592592593,
	"obtuse num": 0,
	"steiner num": 113
}