{
	"content_type": "CG_SHOP_2025_Solution",
	"instance_uid": "simple-polygon-exterior-20_40_5faf6985",
	"steiner_points_x": [
		41,
		"17213/578",
		"19628/313",
		42,
		"817/137",
		"11401/289",
		11,
		"563/41",
		15,
		21,
		"2982/65",
		"12390/289",
		21,
		"733/17",
		"767009/20281",
		"24747/485",
		21,
		"28177/1193",
		23,
		"947/29",
		24,
		28,
		"673/17",
		"109/5",
		18,
		"13053/233",
		"38685/626",
		"1475/24",
		"859/29",
		"19492/313",
		"111/2",
		"12647/485",
		43,
		36
	],
	"steiner_points_y": [
		1,
		"1821/578",
		"2901/313",
		44,
		"5569/137",
		"1761/289",
		24,
		"24/41",
		12,
		15,
		"846/65",
		"2062/289",
		34,
		"1063/17",
		"1231214/20281",
		"706/485",
		22,
		"65542/1193",
		8,
		"1040/29",
		54,
		28,
		"958/17",
		"271/5",
		43,
		"14001/233",
		"20077/626",
		"973/24",
		"14/29",
		"6301/313",
		"93/2",
		"156/485",
		26,
		19
	],
	"edges": [
		[
			15,
			51
		],
		[
			14,
			15
		],
		[
			9,
			56
		],
		[
			10,
			56
		],
		[
			54,
			62
		],
		[
			60,
			62
		],
		[
			54,
			60
		],
		[
			33,
			35
		],
		[
			35,
			59
		],
		[
			2,
			6
		],
		[
			3,
			6
		],
		[
			36,
			60
		],
		[
			36,
			63
		],
		[
			60,
			63
		],
		[
			8,
			56
		],
		[
			7,
			56
		],
		[
			67,
			70
		],
		[
			26,
			67
		],
		[
			26,
			28
		],
		[
			28,
			70
		],
		[
			23,
			73
		],
		[
			22,
			73
		],
		[
			0,
			46
		],
		[
			2,
			46
		],
		[
			0,
			2
		],
		[
			9,
			52
		],
		[
			8,
			52
		],
		[
			25,
			33
		],
		[
			25,
			59
		],
		[
			48,
			49
		],
		[
			49,
			58
		],
		[
			48,
			58
		],
		[
			29,
			62
		],
		[
			29,
			33
		],
		[
			11,
			49
		],
		[
			11,
			58
		],
		[
			33,
			36
		],
		[
			33,
			60
		],
		[
			29,
			32
		],
		[
			29,
			53
		],
		[
			14,
			50
		],
		[
			14,
			21
		],
		[
			30,
			65
		],
		[
			30,
			31
		],
		[
			24,
			61
		],
		[
			34,
			61
		],
		[
			24,
			34
		],
		[
			39,
			44
		],
		[
			5,
			58
		],
		[
			13,
			58
		],
		[
			5,
			13
		],
		[
			3,
			48
		],
		[
			47,
			48
		],
		[
			3,
			47
		],
		[
			17,
			20
		],
		[
			18,
			20
		],
		[
			29,
			43
		],
		[
			33,
			43
		],
		[
			23,
			24
		],
		[
			23,
			61
		],
		[
			12,
			58
		],
		[
			38,
			52
		],
		[
			39,
			52
		],
		[
			12,
			41
		],
		[
			12,
			45
		],
		[
			29,
			30
		],
		[
			28,
			30
		],
		[
			35,
			64
		],
		[
			36,
			64
		],
		[
			21,
			73
		],
		[
			38,
			64
		],
		[
			35,
			38
		],
		[
			50,
			73
		],
		[
			72,
			73
		],
		[
			50,
			72
		],
		[
			28,
			43
		],
		[
			35,
			52
		],
		[
			21,
			45
		],
		[
			22,
			45
		],
		[
			6,
			46
		],
		[
			7,
			46
		],
		[
			21,
			51
		],
		[
			13,
			71
		],
		[
			13,
			68
		],
		[
			40,
			41
		],
		[
			40,
			45
		],
		[
			52,
			61
		],
		[
			34,
			52
		],
		[
			24,
			72
		],
		[
			23,
			72
		],
		[
			25,
			34
		],
		[
			10,
			22
		],
		[
			10,
			23
		],
		[
			26,
			43
		],
		[
			8,
			46
		],
		[
			39,
			46
		],
		[
			8,
			39
		],
		[
			12,
			22
		],
		[
			30,
			53
		],
		[
			25,
			72
		],
		[
			14,
			20
		],
		[
			19,
			72
		],
		[
			26,
			72
		],
		[
			19,
			26
		],
		[
			57,
			60
		],
		[
			9,
			61
		],
		[
			10,
			61
		],
		[
			20,
			72
		],
		[
			11,
			56
		],
		[
			19,
			66
		],
		[
			18,
			66
		],
		[
			26,
			66
		],
		[
			41,
			68
		],
		[
			25,
			43
		],
		[
			18,
			69
		],
		[
			37,
			64
		],
		[
			44,
			64
		],
		[
			49,
			56
		],
		[
			7,
			49
		],
		[
			14,
			17
		],
		[
			15,
			17
		],
		[
			15,
			40
		],
		[
			15,
			55
		],
		[
			6,
			49
		],
		[
			17,
			42
		],
		[
			18,
			42
		],
		[
			11,
			22
		],
		[
			1,
			3
		],
		[
			27,
			30
		],
		[
			40,
			51
		],
		[
			38,
			44
		],
		[
			16,
			17
		]
	],
	"score": 0.5142857142857142,
	"obtuse num": 0,
	"steiner num": 74
}