{
	"content_type": "CG_SHOP_2025_Solution",
	"instance_uid": "simple-polygon_10_f2c8d74a",
	"steiner_points_x": [
		430,
		"129747982/552793",
		"6482810125/2556962",
		3385,
		"8629806543/2556962"
	],
	"steiner_points_y": [
		875,
		"449081823/552793",
		"3774012843/2556962",
		1482,
		"4015870841/2556962"
	],
	"edges": [
		[
			1,
			13
		],
		[
			1,
			12
		],
		[
			12,
			13
		],
		[
			7,
			10
		],
		[
			8,
			10
		],
		[
			7,
			8
		],
		[
			13,
			14
		],
		[
			12,
			14
		],
		[
			0,
			10
		],
		[
			6,
			10
		],
		[
			0,
			6
		],
		[
			4,
			13
		],
		[
			5,
			13
		],
		[
			4,
			5
		],
		[
			0,
			12
		],
		[
			0,
			1
		],
		[
			2,
			3
		],
		[
			2,
			4
		],
		[
			3,
			4
		],
		[
			6,
			7
		],
		[
			10,
			11
		],
		[
			9,
			10
		],
		[
			9,
			11
		],
		[
			5,
			14
		],
		[
			0,
			9
		],
		[
			2,
			13
		],
		[
			8,
			11
		],
		[
			6,
			12
		],
		[
			1,
			2
		]
	],
	"score": 0.5833333333333334,
	"obtuse num": 0,
	"steiner num": 15
}