{
	"content_type": "CG_SHOP_2025_Solution",
	"instance_uid": "simple-polygon-exterior-20_40_84415804",
	"steiner_points_x": [
		7190,
		6680,
		"87568780057/11315938",
		"5098258353/749114",
		6903,
		7570,
		"42764260502/5657969",
		7345,
		"76184838952257/10850916290",
		"3274359679/529465",
		"2103525185/293701",
		"11765064611/1699765",
		"83855494257/11315938",
		"76129/10",
		"43167091427/5657969",
		2440,
		1594,
		1524,
		2086,
		"22963/16",
		"1478605463/529465",
		3911,
		4162,
		4205,
		"1885171897/529465",
		"968702/4453",
		5660,
		"2291171481/4046785",
		"768828575/2033509",
		"2250247927/529465",
		3609,
		4955,
		"15232/3",
		"382009442726/2357707645",
		5896,
		5220,
		5366
	],
	"steiner_points_y": [
		4882,
		4285,
		"50219228801/11315938",
		"2924371411/749114",
		3067,
		4577,
		"18280699039/5657969",
		3541,
		"39190117520611/10850916290",
		"2495497872/529465",
		"1479046776/293701",
		"1853356303/1699765",
		"25361881001/11315938",
		"35969/10",
		"20977315714/5657969",
		2339,
		2740,
		2780,
		1193,
		"12585/4",
		"1902976944/529465",
		3067,
		2167,
		1763,
		"2037126216/529465",
		"11390406/4453",
		3948,
		"3100153342/4046785",
		"1879722694/2033509",
		"2157585456/529465",
		75,
		2777,
		4348,
		"6427492777428/2357707645",
		2088,
		1415,
		999
	],
	"edges": [
		[
			57,
			65
		],
		[
			11,
			57
		],
		[
			16,
			20
		],
		[
			16,
			19
		],
		[
			22,
			71
		],
		[
			23,
			71
		],
		[
			18,
			74
		],
		[
			39,
			74
		],
		[
			18,
			39
		],
		[
			7,
			68
		],
		[
			7,
			9
		],
		[
			22,
			66
		],
		[
			23,
			66
		],
		[
			15,
			20
		],
		[
			15,
			16
		],
		[
			61,
			64
		],
		[
			13,
			61
		],
		[
			13,
			64
		],
		[
			40,
			50
		],
		[
			40,
			49
		],
		[
			26,
			43
		],
		[
			43,
			48
		],
		[
			14,
			61
		],
		[
			44,
			47
		],
		[
			35,
			47
		],
		[
			35,
			44
		],
		[
			4,
			58
		],
		[
			3,
			58
		],
		[
			38,
			51
		],
		[
			34,
			47
		],
		[
			6,
			58
		],
		[
			7,
			58
		],
		[
			12,
			60
		],
		[
			12,
			59
		],
		[
			41,
			43
		],
		[
			27,
			41
		],
		[
			27,
			43
		],
		[
			21,
			64
		],
		[
			21,
			61
		],
		[
			34,
			53
		],
		[
			33,
			53
		],
		[
			44,
			48
		],
		[
			25,
			44
		],
		[
			22,
			72
		],
		[
			66,
			72
		],
		[
			0,
			39
		],
		[
			39,
			51
		],
		[
			7,
			11
		],
		[
			9,
			11
		],
		[
			31,
			45
		],
		[
			30,
			45
		],
		[
			40,
			41
		],
		[
			27,
			40
		],
		[
			12,
			55
		],
		[
			55,
			60
		],
		[
			35,
			46
		],
		[
			36,
			46
		],
		[
			2,
			7
		],
		[
			2,
			58
		],
		[
			39,
			76
		],
		[
			18,
			76
		],
		[
			3,
			70
		],
		[
			3,
			17
		],
		[
			17,
			70
		],
		[
			24,
			36
		],
		[
			24,
			44
		],
		[
			36,
			44
		],
		[
			19,
			75
		],
		[
			16,
			75
		],
		[
			4,
			62
		],
		[
			5,
			62
		],
		[
			15,
			62
		],
		[
			14,
			62
		],
		[
			9,
			65
		],
		[
			7,
			67
		],
		[
			23,
			25
		],
		[
			16,
			63
		],
		[
			17,
			63
		],
		[
			12,
			57
		],
		[
			57,
			59
		],
		[
			28,
			30
		],
		[
			28,
			29
		],
		[
			24,
			74
		],
		[
			23,
			74
		],
		[
			3,
			63
		],
		[
			12,
			56
		],
		[
			56,
			57
		],
		[
			4,
			6
		],
		[
			18,
			19
		],
		[
			18,
			75
		],
		[
			20,
			61
		],
		[
			20,
			21
		],
		[
			41,
			49
		],
		[
			27,
			32
		],
		[
			27,
			45
		],
		[
			32,
			45
		],
		[
			26,
			33
		],
		[
			26,
			32
		],
		[
			59,
			65
		],
		[
			65,
			73
		],
		[
			26,
			34
		],
		[
			6,
			11
		],
		[
			1,
			76
		],
		[
			0,
			76
		],
		[
			21,
			69
		],
		[
			55,
			56
		],
		[
			6,
			55
		],
		[
			6,
			56
		],
		[
			20,
			71
		],
		[
			19,
			71
		],
		[
			24,
			38
		],
		[
			36,
			38
		],
		[
			36,
			52
		],
		[
			25,
			43
		],
		[
			32,
			42
		],
		[
			33,
			42
		],
		[
			47,
			48
		],
		[
			17,
			75
		],
		[
			35,
			53
		],
		[
			75,
			76
		],
		[
			17,
			76
		],
		[
			16,
			62
		],
		[
			62,
			63
		],
		[
			28,
			45
		],
		[
			38,
			74
		],
		[
			28,
			50
		],
		[
			28,
			40
		],
		[
			14,
			55
		],
		[
			13,
			55
		],
		[
			1,
			17
		],
		[
			5,
			14
		],
		[
			25,
			66
		],
		[
			33,
			54
		],
		[
			41,
			66
		],
		[
			43,
			66
		],
		[
			21,
			72
		],
		[
			19,
			23
		],
		[
			13,
			60
		],
		[
			19,
			74
		],
		[
			5,
			55
		],
		[
			26,
			47
		],
		[
			15,
			61
		],
		[
			4,
			63
		],
		[
			21,
			71
		],
		[
			11,
			56
		],
		[
			49,
			66
		]
	],
	"score": 0.5131578947368421,
	"obtuse num": 0,
	"steiner num": 77
}