{
	"content_type": "CG_SHOP_2025_Solution",
	"instance_uid": "simple-polygon-exterior_60_494df14f",
	"steiner_points_x": [
		"1117836909450966341855497/5939149442558432067500",
		75,
		32,
		"16673/157",
		"17829/349",
		"2522493/24026",
		"2259/337",
		76,
		45,
		"15604356472/82573569",
		90,
		"734301/6938",
		"1493/1625",
		"517240445241005860541/2724380478237812875",
		85,
		82,
		78,
		"98643/962",
		"577926/3029",
		15,
		"398981/6938",
		102,
		158,
		29,
		"1585363/24026",
		"63993/3469",
		175,
		25,
		175,
		"4986/337",
		114,
		38,
		68,
		"1368584/12013",
		170,
		10,
		20,
		"280614/5803",
		"4679/1625",
		109,
		"117694/3469",
		21,
		"259/8",
		100,
		"857/3250",
		"1789409/12013",
		"61804/445",
		100,
		"2089489/12013",
		"1997/3250",
		"833/325",
		117,
		"207925/2978",
		181,
		"113529/1489",
		"385007/247000",
		"64039/370",
		"20995/401",
		"316/7",
		"1059827/6938",
		"6729/3250",
		"308594/3469",
		156,
		"5987/3250",
		"92795/697",
		172,
		"36213/205",
		"2803396/14965",
		131,
		19,
		175,
		"574292/3029",
		188,
		115,
		110,
		147,
		"109667/778",
		132
	],
	"steiner_points_y": [
		"432997085155297830938599/5939149442558432067500",
		122,
		136,
		"20484/157",
		"21048/349",
		"11317/24026",
		"57318/337",
		151,
		29,
		"8024671306/82573569",
		92,
		"1324645/6938",
		"210649/1625",
		"79503203065328078149/1089752191295125150",
		153,
		76,
		142,
		"109699/962",
		"142561/3029",
		143,
		"1296365/6938",
		66,
		73,
		56,
		"17363/24026",
		"636755/3469",
		114,
		23,
		22,
		"52470/337",
		12,
		115,
		173,
		"4966/12013",
		181,
		153,
		149,
		"55329/5803",
		"29047/1625",
		145,
		"641284/3469",
		155,
		149,
		138,
		"542651/3250",
		"2251/12013",
		"75162/445",
		21,
		"315/12013",
		"477671/3250",
		"11669/325",
		125,
		"493093/2978",
		49,
		"248893/1489",
		"1210979/13000",
		"67573/370",
		"52584/401",
		"6/7",
		"1352099/6938",
		"207947/3250",
		"657384/3469",
		148,
		"250241/3250",
		"88504/697",
		51,
		"26494/205",
		"1950888/14965",
		134,
		128,
		85,
		"242496/3029",
		"2648314/27261",
		102,
		84,
		107,
		"72679/778",
		99
	],
	"edges": [
		[
			62,
			117
		],
		[
			91,
			117
		],
		[
			62,
			91
		],
		[
			50,
			53
		],
		[
			50,
			52
		],
		[
			52,
			53
		],
		[
			21,
			22
		],
		[
			20,
			21
		],
		[
			20,
			22
		],
		[
			51,
			123
		],
		[
			51,
			120
		],
		[
			120,
			123
		],
		[
			55,
			62
		],
		[
			62,
			102
		],
		[
			55,
			102
		],
		[
			7,
			63
		],
		[
			35,
			63
		],
		[
			7,
			35
		],
		[
			13,
			126
		],
		[
			126,
			127
		],
		[
			13,
			127
		],
		[
			56,
			102
		],
		[
			96,
			102
		],
		[
			56,
			96
		],
		[
			60,
			73
		],
		[
			14,
			60
		],
		[
			14,
			73
		],
		[
			63,
			111
		],
		[
			35,
			111
		],
		[
			114,
			121
		],
		[
			2,
			121
		],
		[
			2,
			114
		],
		[
			14,
			131
		],
		[
			73,
			131
		],
		[
			50,
			83
		],
		[
			53,
			83
		],
		[
			2,
			71
		],
		[
			71,
			121
		],
		[
			36,
			61
		],
		[
			7,
			61
		],
		[
			7,
			36
		],
		[
			65,
			90
		],
		[
			90,
			93
		],
		[
			65,
			93
		],
		[
			12,
			122
		],
		[
			11,
			122
		],
		[
			11,
			12
		],
		[
			24,
			25
		],
		[
			25,
			82
		],
		[
			24,
			82
		],
		[
			124,
			135
		],
		[
			32,
			124
		],
		[
			32,
			135
		],
		[
			47,
			48
		],
		[
			46,
			48
		],
		[
			46,
			47
		],
		[
			26,
			133
		],
		[
			133,
			137
		],
		[
			26,
			137
		],
		[
			49,
			120
		],
		[
			49,
			110
		],
		[
			110,
			120
		],
		[
			94,
			116
		],
		[
			10,
			94
		],
		[
			10,
			116
		],
		[
			50,
			120
		],
		[
			49,
			50
		],
		[
			20,
			23
		],
		[
			20,
			41
		],
		[
			23,
			41
		],
		[
			38,
			75
		],
		[
			37,
			38
		],
		[
			37,
			75
		],
		[
			21,
			88
		],
		[
			20,
			88
		],
		[
			83,
			87
		],
		[
			68,
			83
		],
		[
			68,
			87
		],
		[
			86,
			132
		],
		[
			13,
			86
		],
		[
			13,
			132
		],
		[
			3,
			99
		],
		[
			3,
			106
		],
		[
			99,
			106
		],
		[
			88,
			113
		],
		[
			15,
			113
		],
		[
			15,
			88
		],
		[
			99,
			103
		],
		[
			4,
			103
		],
		[
			4,
			99
		],
		[
			12,
			124
		],
		[
			12,
			32
		],
		[
			27,
			31
		],
		[
			28,
			31
		],
		[
			27,
			28
		],
		[
			55,
			117
		],
		[
			19,
			20
		],
		[
			18,
			20
		],
		[
			18,
			19
		],
		[
			92,
			112
		],
		[
			92,
			114
		],
		[
			112,
			114
		],
		[
			67,
			114
		],
		[
			74,
			114
		],
		[
			67,
			74
		],
		[
			58,
			66
		],
		[
			66,
			104
		],
		[
			58,
			104
		],
		[
			25,
			26
		],
		[
			26,
			136
		],
		[
			25,
			136
		],
		[
			67,
			112
		],
		[
			39,
			97
		],
		[
			68,
			97
		],
		[
			39,
			68
		],
		[
			101,
			102
		],
		[
			0,
			101
		],
		[
			0,
			102
		],
		[
			94,
			106
		],
		[
			9,
			106
		],
		[
			9,
			94
		],
		[
			51,
			52
		],
		[
			51,
			115
		],
		[
			52,
			115
		],
		[
			33,
			128
		],
		[
			124,
			128
		],
		[
			33,
			124
		],
		[
			59,
			101
		],
		[
			0,
			59
		],
		[
			15,
			16
		],
		[
			15,
			78
		],
		[
			16,
			78
		],
		[
			14,
			132
		],
		[
			131,
			132
		],
		[
			18,
			108
		],
		[
			17,
			18
		],
		[
			17,
			108
		],
		[
			57,
			79
		],
		[
			79,
			95
		],
		[
			57,
			95
		],
		[
			16,
			18
		],
		[
			18,
			88
		],
		[
			16,
			88
		],
		[
			49,
			98
		],
		[
			48,
			49
		],
		[
			48,
			98
		],
		[
			30,
			113
		],
		[
			30,
			60
		],
		[
			60,
			113
		],
		[
			55,
			67
		],
		[
			55,
			112
		],
		[
			62,
			79
		],
		[
			62,
			129
		],
		[
			79,
			129
		],
		[
			8,
			111
		],
		[
			8,
			33
		],
		[
			33,
			111
		],
		[
			35,
			133
		],
		[
			34,
			35
		],
		[
			34,
			133
		],
		[
			1,
			92
		],
		[
			1,
			80
		],
		[
			80,
			92
		],
		[
			56,
			101
		],
		[
			56,
			89
		],
		[
			89,
			101
		],
		[
			41,
			42
		],
		[
			41,
			90
		],
		[
			42,
			90
		],
		[
			3,
			4
		],
		[
			25,
			27
		],
		[
			27,
			82
		],
		[
			122,
			128
		],
		[
			106,
			128
		],
		[
			106,
			122
		],
		[
			98,
			110
		],
		[
			43,
			118
		],
		[
			43,
			84
		],
		[
			84,
			118
		],
		[
			15,
			60
		],
		[
			133,
			134
		],
		[
			70,
			134
		],
		[
			70,
			133
		],
		[
			27,
			136
		],
		[
			16,
			17
		],
		[
			25,
			134
		],
		[
			24,
			134
		],
		[
			22,
			24
		],
		[
			22,
			82
		],
		[
			6,
			7
		],
		[
			6,
			61
		],
		[
			28,
			82
		],
		[
			88,
			125
		],
		[
			113,
			125
		],
		[
			69,
			132
		],
		[
			13,
			69
		],
		[
			59,
			66
		],
		[
			58,
			59
		],
		[
			50,
			51
		],
		[
			63,
			99
		],
		[
			63,
			103
		],
		[
			92,
			121
		],
		[
			44,
			68
		],
		[
			44,
			87
		],
		[
			82,
			125
		],
		[
			29,
			82
		],
		[
			29,
			125
		],
		[
			47,
			98
		],
		[
			31,
			86
		],
		[
			31,
			132
		],
		[
			48,
			87
		],
		[
			46,
			87
		],
		[
			61,
			117
		],
		[
			54,
			61
		],
		[
			54,
			117
		],
		[
			26,
			134
		],
		[
			40,
			107
		],
		[
			40,
			41
		],
		[
			41,
			107
		],
		[
			6,
			76
		],
		[
			5,
			76
		],
		[
			5,
			6
		],
		[
			67,
			76
		],
		[
			74,
			76
		],
		[
			8,
			99
		],
		[
			8,
			106
		],
		[
			34,
			137
		],
		[
			39,
			107
		],
		[
			39,
			40
		],
		[
			24,
			81
		],
		[
			81,
			134
		],
		[
			7,
			103
		],
		[
			11,
			126
		],
		[
			11,
			127
		],
		[
			22,
			23
		],
		[
			33,
			34
		],
		[
			34,
			124
		],
		[
			52,
			91
		],
		[
			53,
			91
		],
		[
			69,
			131
		],
		[
			31,
			130
		],
		[
			28,
			130
		],
		[
			115,
			123
		],
		[
			20,
			90
		],
		[
			23,
			40
		],
		[
			19,
			90
		],
		[
			19,
			93
		],
		[
			71,
			106
		],
		[
			3,
			71
		],
		[
			130,
			132
		],
		[
			40,
			81
		],
		[
			23,
			81
		],
		[
			6,
			103
		],
		[
			23,
			24
		],
		[
			9,
			71
		],
		[
			11,
			94
		],
		[
			11,
			116
		],
		[
			45,
			87
		],
		[
			44,
			45
		],
		[
			15,
			73
		],
		[
			19,
			105
		],
		[
			93,
			105
		],
		[
			91,
			129
		],
		[
			91,
			115
		],
		[
			115,
			129
		],
		[
			94,
			122
		],
		[
			135,
			136
		],
		[
			27,
			135
		],
		[
			77,
			133
		],
		[
			35,
			77
		],
		[
			1,
			102
		],
		[
			1,
			55
		],
		[
			1,
			100
		],
		[
			80,
			100
		],
		[
			45,
			46
		],
		[
			64,
			75
		],
		[
			38,
			64
		],
		[
			28,
			29
		],
		[
			4,
			74
		],
		[
			2,
			74
		],
		[
			2,
			4
		],
		[
			8,
			128
		],
		[
			49,
			87
		],
		[
			42,
			65
		],
		[
			49,
			83
		],
		[
			72,
			129
		],
		[
			72,
			115
		],
		[
			79,
			96
		],
		[
			57,
			96
		],
		[
			12,
			126
		],
		[
			32,
			126
		],
		[
			8,
			63
		],
		[
			54,
			91
		],
		[
			53,
			54
		],
		[
			43,
			65
		],
		[
			65,
			84
		],
		[
			21,
			125
		],
		[
			64,
			83
		],
		[
			64,
			68
		],
		[
			44,
			118
		],
		[
			45,
			118
		],
		[
			59,
			85
		],
		[
			58,
			85
		],
		[
			70,
			77
		],
		[
			97,
			118
		],
		[
			43,
			97
		],
		[
			70,
			75
		],
		[
			70,
			81
		],
		[
			75,
			81
		],
		[
			56,
			57
		],
		[
			57,
			89
		],
		[
			21,
			82
		],
		[
			38,
			83
		],
		[
			38,
			54
		],
		[
			37,
			54
		],
		[
			19,
			108
		],
		[
			7,
			77
		],
		[
			36,
			77
		],
		[
			85,
			100
		],
		[
			59,
			100
		],
		[
			32,
			86
		],
		[
			86,
			126
		],
		[
			30,
			125
		],
		[
			44,
			97
		],
		[
			29,
			30
		],
		[
			12,
			128
		],
		[
			39,
			43
		],
		[
			59,
			89
		],
		[
			66,
			89
		],
		[
			38,
			53
		],
		[
			43,
			107
		],
		[
			79,
			109
		],
		[
			95,
			109
		],
		[
			42,
			107
		],
		[
			40,
			64
		],
		[
			39,
			64
		],
		[
			89,
			95
		],
		[
			37,
			61
		],
		[
			36,
			37
		],
		[
			34,
			135
		],
		[
			105,
			108
		],
		[
			135,
			137
		],
		[
			36,
			70
		],
		[
			72,
			79
		],
		[
			72,
			109
		],
		[
			66,
			95
		],
		[
			2,
			3
		],
		[
			95,
			104
		],
		[
			104,
			109
		],
		[
			9,
			119
		],
		[
			71,
			119
		],
		[
			80,
			121
		],
		[
			61,
			76
		],
		[
			76,
			117
		],
		[
			62,
			96
		],
		[
			31,
			32
		],
		[
			31,
			135
		],
		[
			55,
			76
		],
		[
			37,
			70
		],
		[
			5,
			103
		],
		[
			4,
			5
		],
		[
			30,
			130
		],
		[
			14,
			130
		],
		[
			14,
			30
		],
		[
			73,
			78
		],
		[
			1,
			112
		],
		[
			34,
			111
		],
		[
			9,
			10
		],
		[
			10,
			119
		],
		[
			40,
			75
		],
		[
			0,
			1
		],
		[
			42,
			43
		],
		[
			29,
			130
		],
		[
			136,
			137
		],
		[
			0,
			100
		],
		[
			5,
			74
		]
	],
	"score": 0.5063291139240507,
	"obtuse num": 0,
	"steiner num": 138
}