{
	"content_type": "CG_SHOP_2025_Solution",
	"instance_uid": "simple-polygon-exterior_10_c5616894",
	"steiner_points_x": [
		"274829599/2134021",
		"44675983/362258",
		"329023647/3648746",
		"11228603989/6786730",
		"7705949831/13050985",
		"2942459915/3648746",
		"33437022248/13050985",
		"738970403/437674",
		"9685066302743951/5712076808890",
		"9552362896/3340507",
		"4481630576/1703897",
		"3294765014/1213897",
		"43134498423041366/15842551538545",
		"2013673/5045",
		"1187893041/3648746"
	],
	"steiner_points_y": [
		"3182141623/2134021",
		"531453213/362258",
		"5041174385/3648746",
		"812647297/6786730",
		"19280748307/13050985",
		"1755146445/3648746",
		"18511167631/13050985",
		"527667429/437674",
		"4124943966750461/2856038404445",
		"1435491299/3340507",
		"1562208769/1703897",
		"1371173171/1213897",
		"22394521548272527/15842551538545",
		"5769726/5045",
		"3961267115/3648746"
	],
	"edges": [
		[
			1,
			5
		],
		[
			1,
			17
		],
		[
			5,
			17
		],
		[
			4,
			21
		],
		[
			21,
			22
		],
		[
			4,
			22
		],
		[
			10,
			11
		],
		[
			7,
			11
		],
		[
			7,
			10
		],
		[
			15,
			23
		],
		[
			9,
			23
		],
		[
			9,
			15
		],
		[
			1,
			13
		],
		[
			1,
			19
		],
		[
			13,
			19
		],
		[
			15,
			24
		],
		[
			23,
			24
		],
		[
			8,
			11
		],
		[
			7,
			8
		],
		[
			16,
			21
		],
		[
			16,
			22
		],
		[
			1,
			20
		],
		[
			19,
			20
		],
		[
			0,
			1
		],
		[
			0,
			13
		],
		[
			5,
			20
		],
		[
			2,
			5
		],
		[
			2,
			20
		],
		[
			2,
			4
		],
		[
			2,
			21
		],
		[
			2,
			19
		],
		[
			8,
			12
		],
		[
			7,
			12
		],
		[
			6,
			11
		],
		[
			6,
			8
		],
		[
			8,
			24
		],
		[
			8,
			23
		],
		[
			3,
			4
		],
		[
			2,
			3
		],
		[
			9,
			17
		],
		[
			1,
			9
		],
		[
			6,
			23
		],
		[
			10,
			14
		],
		[
			6,
			14
		],
		[
			6,
			10
		],
		[
			5,
			21
		],
		[
			5,
			16
		],
		[
			6,
			18
		],
		[
			14,
			18
		],
		[
			3,
			19
		],
		[
			6,
			9
		],
		[
			6,
			17
		],
		[
			17,
			18
		],
		[
			0,
			9
		],
		[
			0,
			15
		],
		[
			16,
			17
		],
		[
			16,
			18
		],
		[
			12,
			24
		]
	],
	"score": 0.53125,
	"obtuse num": 0,
	"steiner num": 25
}