{
	"content_type": "CG_SHOP_2025_Solution",
	"instance_uid": "simple-polygon-exterior-20_100_8d1c2e30",
	"steiner_points_x": [
		"267/5",
		50,
		19,
		41,
		22,
		49,
		51,
		"20507/313",
		"16039/485",
		43,
		35,
		59,
		"20744/313",
		"20880/313",
		50,
		"232/5",
		49,
		"1739288/26605",
		"1470/101",
		"26687/485",
		"10927/170",
		41,
		39,
		"4472/73",
		"21103/324",
		"6009/125",
		16,
		"1760/53",
		10,
		59,
		"2961/65",
		57,
		"362/25",
		62,
		"20439/485",
		"11007/170",
		27,
		"31367/493",
		"41565/626",
		"1556/53",
		39,
		12,
		40,
		42,
		51,
		34,
		31,
		39,
		32,
		"24751/485",
		42,
		45,
		58,
		19,
		"20595/313",
		20,
		"1175/82",
		"1797/85",
		21,
		16,
		23,
		"14587/485",
		11,
		33,
		6,
		"831/226",
		10,
		9,
		"303/113",
		"725/226",
		"59/5"
	],
	"steiner_points_y": [
		"96/5",
		38,
		44,
		44,
		33,
		77,
		24,
		"13165/313",
		"1677/485",
		32,
		23,
		37,
		"7240/313",
		"3840/313",
		47,
		"101/5",
		14,
		"242840/5321",
		"4297/101",
		"2161/485",
		"7751/170",
		56,
		28,
		"2991/73",
		"16745/324",
		"6612/125",
		26,
		"3486/53",
		50,
		43,
		"587/65",
		16,
		"841/25",
		45,
		"1877/485",
		"8791/170",
		65,
		"32087/493",
		"12555/626",
		"1206/53",
		22,
		63,
		66,
		77,
		63,
		59,
		77,
		12,
		29,
		"2073/485",
		74,
		4,
		57,
		30,
		"10965/313",
		53,
		"325/82",
		"966/85",
		12,
		15,
		17,
		"1611/485",
		22,
		5,
		23,
		"5163/226",
		33,
		25,
		"4269/113",
		"6753/226",
		"127/5"
	],
	"edges": [
		[
			98,
			140
		],
		[
			97,
			98
		],
		[
			97,
			140
		],
		[
			4,
			5
		],
		[
			5,
			57
		],
		[
			4,
			57
		],
		[
			4,
			59
		],
		[
			57,
			59
		],
		[
			46,
			57
		],
		[
			51,
			57
		],
		[
			46,
			51
		],
		[
			53,
			56
		],
		[
			53,
			118
		],
		[
			56,
			118
		],
		[
			6,
			104
		],
		[
			5,
			104
		],
		[
			5,
			6
		],
		[
			81,
			82
		],
		[
			81,
			106
		],
		[
			82,
			106
		],
		[
			100,
			106
		],
		[
			84,
			106
		],
		[
			84,
			100
		],
		[
			51,
			102
		],
		[
			57,
			102
		],
		[
			35,
			168
		],
		[
			34,
			35
		],
		[
			34,
			168
		],
		[
			84,
			87
		],
		[
			87,
			131
		],
		[
			84,
			131
		],
		[
			16,
			97
		],
		[
			97,
			147
		],
		[
			16,
			147
		],
		[
			82,
			109
		],
		[
			82,
			122
		],
		[
			109,
			122
		],
		[
			1,
			3
		],
		[
			1,
			2
		],
		[
			2,
			3
		],
		[
			120,
			135
		],
		[
			76,
			120
		],
		[
			76,
			135
		],
		[
			164,
			165
		],
		[
			24,
			164
		],
		[
			24,
			165
		],
		[
			16,
			140
		],
		[
			86,
			111
		],
		[
			111,
			123
		],
		[
			86,
			123
		],
		[
			79,
			111
		],
		[
			80,
			111
		],
		[
			79,
			80
		],
		[
			72,
			114
		],
		[
			73,
			114
		],
		[
			72,
			73
		],
		[
			107,
			120
		],
		[
			117,
			120
		],
		[
			107,
			117
		],
		[
			100,
			131
		],
		[
			92,
			131
		],
		[
			92,
			100
		],
		[
			36,
			118
		],
		[
			36,
			53
		],
		[
			82,
			115
		],
		[
			98,
			115
		],
		[
			82,
			98
		],
		[
			83,
			96
		],
		[
			96,
			97
		],
		[
			83,
			97
		],
		[
			6,
			7
		],
		[
			7,
			104
		],
		[
			36,
			52
		],
		[
			52,
			118
		],
		[
			93,
			116
		],
		[
			92,
			116
		],
		[
			92,
			93
		],
		[
			100,
			115
		],
		[
			106,
			115
		],
		[
			98,
			99
		],
		[
			82,
			99
		],
		[
			55,
			56
		],
		[
			56,
			104
		],
		[
			55,
			104
		],
		[
			69,
			121
		],
		[
			62,
			121
		],
		[
			62,
			69
		],
		[
			53,
			166
		],
		[
			53,
			132
		],
		[
			132,
			166
		],
		[
			34,
			169
		],
		[
			34,
			165
		],
		[
			165,
			169
		],
		[
			120,
			124
		],
		[
			117,
			124
		],
		[
			95,
			96
		],
		[
			95,
			147
		],
		[
			96,
			147
		],
		[
			74,
			75
		],
		[
			73,
			75
		],
		[
			73,
			74
		],
		[
			121,
			125
		],
		[
			69,
			125
		],
		[
			52,
			102
		],
		[
			102,
			118
		],
		[
			78,
			123
		],
		[
			78,
			86
		],
		[
			60,
			125
		],
		[
			60,
			121
		],
		[
			35,
			37
		],
		[
			37,
			168
		],
		[
			56,
			57
		],
		[
			56,
			102
		],
		[
			100,
			116
		],
		[
			83,
			116
		],
		[
			83,
			100
		],
		[
			168,
			169
		],
		[
			53,
			55
		],
		[
			55,
			132
		],
		[
			123,
			133
		],
		[
			78,
			133
		],
		[
			43,
			136
		],
		[
			42,
			136
		],
		[
			42,
			43
		],
		[
			32,
			170
		],
		[
			32,
			167
		],
		[
			167,
			170
		],
		[
			45,
			127
		],
		[
			127,
			145
		],
		[
			45,
			145
		],
		[
			81,
			109
		],
		[
			30,
			31
		],
		[
			29,
			30
		],
		[
			29,
			31
		],
		[
			27,
			29
		],
		[
			27,
			31
		],
		[
			89,
			131
		],
		[
			88,
			131
		],
		[
			88,
			89
		],
		[
			14,
			110
		],
		[
			110,
			139
		],
		[
			14,
			139
		],
		[
			49,
			128
		],
		[
			37,
			128
		],
		[
			37,
			49
		],
		[
			123,
			129
		],
		[
			129,
			133
		],
		[
			130,
			149
		],
		[
			93,
			130
		],
		[
			93,
			149
		],
		[
			73,
			129
		],
		[
			73,
			133
		],
		[
			22,
			24
		],
		[
			22,
			23
		],
		[
			23,
			24
		],
		[
			130,
			151
		],
		[
			149,
			151
		],
		[
			134,
			163
		],
		[
			94,
			163
		],
		[
			94,
			134
		],
		[
			108,
			163
		],
		[
			108,
			134
		],
		[
			33,
			132
		],
		[
			54,
			132
		],
		[
			33,
			54
		],
		[
			31,
			32
		],
		[
			31,
			162
		],
		[
			32,
			162
		],
		[
			162,
			167
		],
		[
			33,
			167
		],
		[
			33,
			170
		],
		[
			33,
			34
		],
		[
			34,
			166
		],
		[
			33,
			166
		],
		[
			24,
			25
		],
		[
			22,
			25
		],
		[
			25,
			164
		],
		[
			21,
			159
		],
		[
			21,
			22
		],
		[
			22,
			159
		],
		[
			87,
			88
		],
		[
			87,
			112
		],
		[
			88,
			112
		],
		[
			92,
			149
		],
		[
			81,
			85
		],
		[
			80,
			81
		],
		[
			80,
			85
		],
		[
			88,
			138
		],
		[
			112,
			138
		],
		[
			89,
			92
		],
		[
			79,
			123
		],
		[
			16,
			110
		],
		[
			110,
			140
		],
		[
			89,
			90
		],
		[
			89,
			113
		],
		[
			90,
			113
		],
		[
			70,
			125
		],
		[
			60,
			70
		],
		[
			85,
			87
		],
		[
			84,
			85
		],
		[
			88,
			113
		],
		[
			4,
			103
		],
		[
			3,
			103
		],
		[
			3,
			4
		],
		[
			71,
			101
		],
		[
			3,
			101
		],
		[
			3,
			71
		],
		[
			0,
			122
		],
		[
			0,
			1
		],
		[
			1,
			122
		],
		[
			74,
			114
		],
		[
			91,
			92
		],
		[
			91,
			149
		],
		[
			46,
			58
		],
		[
			45,
			46
		],
		[
			45,
			58
		],
		[
			85,
			111
		],
		[
			85,
			86
		],
		[
			55,
			153
		],
		[
			54,
			153
		],
		[
			54,
			55
		],
		[
			30,
			126
		],
		[
			31,
			126
		],
		[
			91,
			119
		],
		[
			90,
			91
		],
		[
			90,
			119
		],
		[
			5,
			56
		],
		[
			86,
			87
		],
		[
			59,
			103
		],
		[
			89,
			91
		],
		[
			69,
			74
		],
		[
			74,
			125
		],
		[
			7,
			153
		],
		[
			7,
			8
		],
		[
			8,
			153
		],
		[
			60,
			61
		],
		[
			59,
			60
		],
		[
			59,
			61
		],
		[
			114,
			125
		],
		[
			70,
			114
		],
		[
			86,
			112
		],
		[
			113,
			138
		],
		[
			85,
			106
		],
		[
			47,
			155
		],
		[
			48,
			155
		],
		[
			47,
			48
		],
		[
			10,
			11
		],
		[
			10,
			12
		],
		[
			11,
			12
		],
		[
			78,
			107
		],
		[
			78,
			120
		],
		[
			81,
			101
		],
		[
			80,
			101
		],
		[
			0,
			14
		],
		[
			0,
			110
		],
		[
			86,
			154
		],
		[
			86,
			107
		],
		[
			107,
			154
		],
		[
			3,
			81
		],
		[
			3,
			109
		],
		[
			7,
			13
		],
		[
			12,
			13
		],
		[
			7,
			12
		],
		[
			50,
			52
		],
		[
			52,
			128
		],
		[
			50,
			128
		],
		[
			71,
			114
		],
		[
			71,
			72
		],
		[
			46,
			155
		],
		[
			46,
			47
		],
		[
			112,
			154
		],
		[
			73,
			76
		],
		[
			76,
			133
		],
		[
			67,
			137
		],
		[
			65,
			67
		],
		[
			65,
			137
		],
		[
			41,
			48
		],
		[
			41,
			47
		],
		[
			51,
			155
		],
		[
			37,
			38
		],
		[
			38,
			49
		],
		[
			43,
			45
		],
		[
			43,
			127
		],
		[
			70,
			71
		],
		[
			67,
			152
		],
		[
			67,
			77
		],
		[
			77,
			152
		],
		[
			62,
			142
		],
		[
			63,
			142
		],
		[
			62,
			63
		],
		[
			68,
			75
		],
		[
			68,
			152
		],
		[
			75,
			152
		],
		[
			66,
			68
		],
		[
			68,
			144
		],
		[
			66,
			144
		],
		[
			65,
			66
		],
		[
			64,
			66
		],
		[
			64,
			65
		],
		[
			124,
			135
		],
		[
			66,
			67
		],
		[
			67,
			68
		],
		[
			75,
			76
		],
		[
			76,
			152
		],
		[
			120,
			133
		],
		[
			76,
			77
		],
		[
			77,
			135
		],
		[
			44,
			127
		],
		[
			43,
			44
		],
		[
			69,
			75
		],
		[
			57,
			58
		],
		[
			58,
			59
		],
		[
			72,
			101
		],
		[
			64,
			105
		],
		[
			65,
			105
		],
		[
			72,
			79
		],
		[
			72,
			129
		],
		[
			79,
			129
		],
		[
			68,
			69
		],
		[
			15,
			17
		],
		[
			15,
			16
		],
		[
			16,
			17
		],
		[
			48,
			141
		],
		[
			48,
			49
		],
		[
			49,
			141
		],
		[
			41,
			136
		],
		[
			47,
			136
		],
		[
			45,
			136
		],
		[
			39,
			141
		],
		[
			38,
			141
		],
		[
			38,
			39
		],
		[
			21,
			23
		],
		[
			62,
			127
		],
		[
			127,
			142
		],
		[
			146,
			150
		],
		[
			143,
			146
		],
		[
			143,
			150
		],
		[
			11,
			160
		],
		[
			10,
			160
		],
		[
			96,
			116
		],
		[
			93,
			96
		],
		[
			9,
			29
		],
		[
			9,
			30
		],
		[
			49,
			50
		],
		[
			32,
			126
		],
		[
			15,
			20
		],
		[
			17,
			20
		],
		[
			1,
			109
		],
		[
			45,
			47
		],
		[
			25,
			162
		],
		[
			162,
			164
		],
		[
			35,
			36
		],
		[
			36,
			37
		],
		[
			36,
			128
		],
		[
			62,
			145
		],
		[
			61,
			62
		],
		[
			61,
			145
		],
		[
			13,
			148
		],
		[
			14,
			148
		],
		[
			13,
			14
		],
		[
			27,
			28
		],
		[
			28,
			160
		],
		[
			27,
			160
		],
		[
			12,
			14
		],
		[
			12,
			139
		],
		[
			34,
			164
		],
		[
			164,
			167
		],
		[
			70,
			103
		],
		[
			60,
			103
		],
		[
			34,
			167
		],
		[
			58,
			61
		],
		[
			26,
			159
		],
		[
			26,
			27
		],
		[
			27,
			159
		],
		[
			61,
			121
		],
		[
			158,
			159
		],
		[
			21,
			158
		],
		[
			9,
			10
		],
		[
			9,
			12
		],
		[
			104,
			153
		],
		[
			0,
			99
		],
		[
			99,
			140
		],
		[
			0,
			140
		],
		[
			142,
			150
		],
		[
			63,
			150
		],
		[
			58,
			145
		],
		[
			39,
			40
		],
		[
			40,
			141
		],
		[
			41,
			42
		],
		[
			11,
			15
		],
		[
			15,
			160
		],
		[
			126,
			170
		],
		[
			54,
			170
		],
		[
			54,
			126
		],
		[
			2,
			4
		],
		[
			2,
			5
		],
		[
			8,
			126
		],
		[
			8,
			30
		],
		[
			50,
			51
		],
		[
			51,
			52
		],
		[
			17,
			18
		],
		[
			17,
			163
		],
		[
			18,
			163
		],
		[
			18,
			19
		],
		[
			18,
			161
		],
		[
			19,
			161
		],
		[
			44,
			146
		],
		[
			44,
			150
		],
		[
			16,
			139
		],
		[
			44,
			142
		],
		[
			21,
			156
		],
		[
			23,
			156
		],
		[
			10,
			29
		],
		[
			10,
			28
		],
		[
			28,
			29
		],
		[
			71,
			103
		],
		[
			42,
			146
		],
		[
			43,
			146
		],
		[
			161,
			163
		],
		[
			108,
			161
		],
		[
			26,
			31
		],
		[
			26,
			162
		],
		[
			6,
			13
		],
		[
			19,
			21
		],
		[
			19,
			156
		],
		[
			99,
			122
		],
		[
			50,
			155
		],
		[
			19,
			20
		],
		[
			18,
			20
		],
		[
			27,
			158
		],
		[
			158,
			160
		],
		[
			8,
			9
		],
		[
			11,
			139
		],
		[
			15,
			139
		],
		[
			17,
			147
		],
		[
			147,
			163
		],
		[
			94,
			147
		],
		[
			48,
			50
		],
		[
			21,
			157
		],
		[
			19,
			157
		],
		[
			35,
			53
		],
		[
			20,
			160
		],
		[
			40,
			42
		],
		[
			40,
			146
		],
		[
			35,
			166
		],
		[
			63,
			64
		],
		[
			64,
			144
		],
		[
			63,
			144
		],
		[
			7,
			9
		],
		[
			126,
			153
		],
		[
			2,
			148
		],
		[
			1,
			148
		],
		[
			93,
			95
		],
		[
			83,
			98
		],
		[
			83,
			115
		],
		[
			79,
			101
		],
		[
			5,
			148
		],
		[
			94,
			95
		],
		[
			95,
			130
		],
		[
			94,
			130
		],
		[
			119,
			149
		],
		[
			94,
			151
		],
		[
			134,
			151
		],
		[
			0,
			148
		],
		[
			25,
			26
		],
		[
			77,
			124
		],
		[
			64,
			150
		],
		[
			41,
			141
		],
		[
			40,
			41
		],
		[
			69,
			144
		],
		[
			63,
			69
		],
		[
			6,
			148
		],
		[
			105,
			150
		],
		[
			105,
			143
		],
		[
			77,
			137
		],
		[
			20,
			158
		],
		[
			20,
			157
		],
		[
			157,
			158
		],
		[
			22,
			26
		]
	],
	"score": 0.5069444444444444,
	"obtuse num": 0,
	"steiner num": 171
}