{
	"content_type": "CG_SHOP_2025_Solution",
	"instance_uid": "simple-polygon_80_7b8f6c4c",
	"steiner_points_x": [
		529,
		7466,
		"4600/17",
		"168425865/23234",
		400,
		663,
		7550,
		400,
		652,
		651,
		600,
		8050,
		7649,
		7649,
		7655,
		"106610/13",
		7650,
		8050,
		7625,
		7649,
		7564
	],
	"steiner_points_y": [
		728,
		1818,
		"24100/17",
		"26597601/23234",
		6800,
		4000,
		2400,
		6600,
		5120,
		4449,
		200,
		2100,
		4901,
		5800,
		3994,
		"44020/13",
		6600,
		6600,
		3103,
		3100,
		2512
	],
	"edges": [
		[
			5,
			86
		],
		[
			7,
			86
		],
		[
			5,
			7
		],
		[
			26,
			34
		],
		[
			26,
			41
		],
		[
			34,
			41
		],
		[
			3,
			81
		],
		[
			5,
			81
		],
		[
			3,
			5
		],
		[
			70,
			100
		],
		[
			86,
			100
		],
		[
			70,
			86
		],
		[
			30,
			32
		],
		[
			57,
			80
		],
		[
			57,
			63
		],
		[
			63,
			80
		],
		[
			2,
			83
		],
		[
			3,
			83
		],
		[
			20,
			92
		],
		[
			88,
			92
		],
		[
			20,
			88
		],
		[
			9,
			94
		],
		[
			10,
			94
		],
		[
			7,
			99
		],
		[
			8,
			99
		],
		[
			60,
			90
		],
		[
			71,
			78
		],
		[
			71,
			79
		],
		[
			34,
			87
		],
		[
			34,
			40
		],
		[
			40,
			87
		],
		[
			46,
			48
		],
		[
			38,
			40
		],
		[
			30,
			97
		],
		[
			32,
			97
		],
		[
			25,
			93
		],
		[
			26,
			93
		],
		[
			42,
			88
		],
		[
			43,
			88
		],
		[
			42,
			93
		],
		[
			88,
			93
		],
		[
			34,
			84
		],
		[
			58,
			80
		],
		[
			7,
			100
		],
		[
			13,
			94
		],
		[
			14,
			94
		],
		[
			66,
			68
		],
		[
			55,
			66
		],
		[
			55,
			68
		],
		[
			52,
			69
		],
		[
			52,
			68
		],
		[
			99,
			100
		],
		[
			10,
			13
		],
		[
			29,
			97
		],
		[
			5,
			91
		],
		[
			20,
			25
		],
		[
			21,
			25
		],
		[
			98,
			100
		],
		[
			98,
			99
		],
		[
			84,
			87
		],
		[
			37,
			87
		],
		[
			37,
			84
		],
		[
			14,
			89
		],
		[
			14,
			85
		],
		[
			85,
			89
		],
		[
			88,
			89
		],
		[
			43,
			89
		],
		[
			54,
			68
		],
		[
			52,
			54
		],
		[
			2,
			71
		],
		[
			2,
			79
		],
		[
			9,
			85
		],
		[
			85,
			94
		],
		[
			85,
			98
		],
		[
			9,
			98
		],
		[
			62,
			80
		],
		[
			56,
			64
		],
		[
			56,
			65
		],
		[
			72,
			77
		],
		[
			72,
			78
		],
		[
			41,
			93
		],
		[
			81,
			86
		],
		[
			15,
			18
		],
		[
			15,
			19
		],
		[
			11,
			95
		],
		[
			11,
			13
		],
		[
			27,
			97
		],
		[
			28,
			97
		],
		[
			26,
			32
		],
		[
			27,
			32
		],
		[
			26,
			96
		],
		[
			32,
			96
		],
		[
			64,
			82
		],
		[
			57,
			64
		],
		[
			81,
			83
		],
		[
			50,
			52
		],
		[
			50,
			69
		],
		[
			43,
			45
		],
		[
			49,
			89
		],
		[
			49,
			85
		],
		[
			56,
			66
		],
		[
			34,
			96
		],
		[
			45,
			89
		],
		[
			48,
			89
		],
		[
			45,
			48
		],
		[
			22,
			24
		],
		[
			22,
			25
		],
		[
			73,
			77
		],
		[
			14,
			19
		],
		[
			60,
			80
		],
		[
			60,
			62
		],
		[
			33,
			96
		],
		[
			14,
			92
		],
		[
			19,
			92
		],
		[
			50,
			70
		],
		[
			73,
			75
		],
		[
			70,
			81
		],
		[
			38,
			87
		],
		[
			73,
			76
		],
		[
			89,
			92
		],
		[
			20,
			93
		],
		[
			9,
			99
		],
		[
			15,
			17
		],
		[
			49,
			70
		],
		[
			58,
			60
		],
		[
			1,
			79
		],
		[
			70,
			85
		],
		[
			70,
			98
		]
	],
	"score": 0.5227272727272727,
	"obtuse num": 0,
	"steiner num": 101
}