{
	"content_type": "CG_SHOP_2025_Solution",
	"instance_uid": "ortho_20_5a9e8244",
	"steiner_points_x": [
		10719,
		0,
		0,
		578592,
		709545,
		1000000
	],
	"steiner_points_y": [
		377614,
		224221,
		377614,
		109465,
		-147142,
		377614
	],
	"edges": [
		[
			9,
			11
		],
		[
			9,
			24
		],
		[
			11,
			24
		],
		[
			18,
			20
		],
		[
			19,
			20
		],
		[
			18,
			19
		],
		[
			20,
			22
		],
		[
			19,
			22
		],
		[
			2,
			20
		],
		[
			2,
			21
		],
		[
			20,
			21
		],
		[
			5,
			6
		],
		[
			5,
			8
		],
		[
			6,
			8
		],
		[
			8,
			23
		],
		[
			9,
			23
		],
		[
			8,
			9
		],
		[
			0,
			21
		],
		[
			1,
			21
		],
		[
			0,
			1
		],
		[
			12,
			23
		],
		[
			9,
			12
		],
		[
			17,
			20
		],
		[
			3,
			17
		],
		[
			3,
			20
		],
		[
			21,
			22
		],
		[
			17,
			23
		],
		[
			3,
			23
		],
		[
			17,
			18
		],
		[
			12,
			13
		],
		[
			12,
			16
		],
		[
			13,
			16
		],
		[
			1,
			2
		],
		[
			5,
			23
		],
		[
			3,
			5
		],
		[
			12,
			24
		],
		[
			9,
			10
		],
		[
			10,
			11
		],
		[
			16,
			17
		],
		[
			16,
			23
		],
		[
			16,
			25
		],
		[
			13,
			25
		],
		[
			14,
			15
		],
		[
			14,
			16
		],
		[
			15,
			16
		],
		[
			2,
			3
		],
		[
			14,
			25
		],
		[
			7,
			8
		],
		[
			6,
			7
		],
		[
			3,
			4
		],
		[
			4,
			5
		]
	],
	"score": 0.5714285714285714
}