{
	"content_type": "CG_SHOP_2025_Solution",
	"instance_uid": "ortho_80_06ee55d4",
	"steiner_points_x": [
		288023,
		224718,
		383530,
		470989,
		503265,
		438596,
		-97666,
		383530,
		383530,
		803247,
		503265,
		343022,
		277193,
		803247,
		803247,
		803247,
		1000000,
		1000000,
		518540,
		676441,
		803479,
		"861190/3",
		289113,
		354318,
		354318
	],
	"steiner_points_y": [
		12059,
		262888,
		-468012,
		-468011,
		"-2357478/5",
		-232841,
		875078,
		-232841,
		262888,
		262888,
		1,
		"-156669/2",
		-156669,
		-232842,
		-412086,
		-338041,
		262888,
		800000,
		915803,
		1197913,
		1000000,
		758681,
		782948,
		995558,
		1000000
	],
	"edges": [
		[
			12,
			92
		],
		[
			13,
			92
		],
		[
			12,
			13
		],
		[
			50,
			98
		],
		[
			69,
			98
		],
		[
			50,
			69
		],
		[
			5,
			80
		],
		[
			7,
			80
		],
		[
			5,
			7
		],
		[
			89,
			90
		],
		[
			88,
			90
		],
		[
			88,
			89
		],
		[
			49,
			99
		],
		[
			50,
			99
		],
		[
			49,
			50
		],
		[
			19,
			82
		],
		[
			20,
			82
		],
		[
			19,
			20
		],
		[
			18,
			82
		],
		[
			18,
			19
		],
		[
			58,
			86
		],
		[
			59,
			86
		],
		[
			58,
			59
		],
		[
			17,
			90
		],
		[
			17,
			88
		],
		[
			30,
			32
		],
		[
			30,
			33
		],
		[
			32,
			33
		],
		[
			20,
			85
		],
		[
			21,
			85
		],
		[
			20,
			21
		],
		[
			36,
			90
		],
		[
			29,
			36
		],
		[
			29,
			90
		],
		[
			57,
			86
		],
		[
			57,
			58
		],
		[
			72,
			74
		],
		[
			72,
			98
		],
		[
			74,
			98
		],
		[
			17,
			87
		],
		[
			17,
			85
		],
		[
			85,
			87
		],
		[
			44,
			46
		],
		[
			44,
			47
		],
		[
			46,
			47
		],
		[
			4,
			81
		],
		[
			5,
			81
		],
		[
			4,
			5
		],
		[
			16,
			88
		],
		[
			16,
			17
		],
		[
			50,
			103
		],
		[
			103,
			104
		],
		[
			50,
			104
		],
		[
			60,
			86
		],
		[
			63,
			86
		],
		[
			60,
			63
		],
		[
			44,
			45
		],
		[
			45,
			46
		],
		[
			47,
			48
		],
		[
			47,
			49
		],
		[
			48,
			49
		],
		[
			7,
			8
		],
		[
			7,
			91
		],
		[
			8,
			91
		],
		[
			36,
			37
		],
		[
			36,
			89
		],
		[
			37,
			89
		],
		[
			20,
			87
		],
		[
			51,
			53
		],
		[
			51,
			54
		],
		[
			53,
			54
		],
		[
			85,
			90
		],
		[
			23,
			83
		],
		[
			26,
			83
		],
		[
			23,
			26
		],
		[
			98,
			99
		],
		[
			74,
			99
		],
		[
			21,
			22
		],
		[
			21,
			23
		],
		[
			22,
			23
		],
		[
			82,
			87
		],
		[
			14,
			92
		],
		[
			13,
			14
		],
		[
			56,
			57
		],
		[
			56,
			67
		],
		[
			57,
			67
		],
		[
			83,
			84
		],
		[
			28,
			83
		],
		[
			28,
			84
		],
		[
			21,
			83
		],
		[
			37,
			78
		],
		[
			78,
			89
		],
		[
			23,
			25
		],
		[
			25,
			26
		],
		[
			51,
			52
		],
		[
			52,
			53
		],
		[
			23,
			24
		],
		[
			24,
			25
		],
		[
			26,
			27
		],
		[
			26,
			84
		],
		[
			27,
			84
		],
		[
			67,
			102
		],
		[
			101,
			102
		],
		[
			67,
			101
		],
		[
			40,
			41
		],
		[
			40,
			96
		],
		[
			41,
			96
		],
		[
			63,
			64
		],
		[
			63,
			65
		],
		[
			64,
			65
		],
		[
			44,
			99
		],
		[
			47,
			99
		],
		[
			30,
			95
		],
		[
			33,
			95
		],
		[
			29,
			30
		],
		[
			29,
			93
		],
		[
			30,
			93
		],
		[
			30,
			31
		],
		[
			31,
			32
		],
		[
			33,
			34
		],
		[
			33,
			35
		],
		[
			34,
			35
		],
		[
			37,
			40
		],
		[
			40,
			78
		],
		[
			59,
			60
		],
		[
			44,
			100
		],
		[
			99,
			100
		],
		[
			33,
			94
		],
		[
			35,
			94
		],
		[
			54,
			55
		],
		[
			54,
			56
		],
		[
			55,
			56
		],
		[
			56,
			102
		],
		[
			78,
			96
		],
		[
			69,
			103
		],
		[
			69,
			102
		],
		[
			102,
			103
		],
		[
			74,
			100
		],
		[
			36,
			93
		],
		[
			51,
			102
		],
		[
			54,
			102
		],
		[
			60,
			62
		],
		[
			62,
			63
		],
		[
			63,
			66
		],
		[
			65,
			66
		],
		[
			93,
			95
		],
		[
			60,
			61
		],
		[
			61,
			62
		],
		[
			94,
			95
		],
		[
			79,
			81
		],
		[
			1,
			81
		],
		[
			1,
			79
		],
		[
			81,
			88
		],
		[
			80,
			88
		],
		[
			80,
			81
		],
		[
			69,
			72
		],
		[
			28,
			90
		],
		[
			28,
			29
		],
		[
			37,
			39
		],
		[
			39,
			40
		],
		[
			0,
			79
		],
		[
			0,
			1
		],
		[
			43,
			97
		],
		[
			42,
			43
		],
		[
			42,
			97
		],
		[
			51,
			103
		],
		[
			51,
			104
		],
		[
			75,
			77
		],
		[
			75,
			97
		],
		[
			77,
			97
		],
		[
			77,
			96
		],
		[
			96,
			97
		],
		[
			67,
			68
		],
		[
			68,
			101
		],
		[
			69,
			71
		],
		[
			71,
			72
		],
		[
			16,
			80
		],
		[
			77,
			78
		],
		[
			37,
			38
		],
		[
			38,
			39
		],
		[
			69,
			101
		],
		[
			43,
			100
		],
		[
			43,
			75
		],
		[
			75,
			100
		],
		[
			66,
			86
		],
		[
			72,
			73
		],
		[
			73,
			74
		],
		[
			74,
			75
		],
		[
			43,
			44
		],
		[
			1,
			4
		],
		[
			57,
			66
		],
		[
			66,
			67
		],
		[
			69,
			70
		],
		[
			70,
			71
		],
		[
			75,
			76
		],
		[
			76,
			77
		],
		[
			1,
			2
		],
		[
			1,
			3
		],
		[
			2,
			3
		],
		[
			3,
			4
		],
		[
			83,
			85
		],
		[
			28,
			85
		],
		[
			8,
			9
		],
		[
			8,
			11
		],
		[
			9,
			11
		],
		[
			5,
			6
		],
		[
			6,
			7
		],
		[
			11,
			92
		],
		[
			11,
			12
		],
		[
			10,
			11
		],
		[
			9,
			10
		],
		[
			8,
			92
		],
		[
			14,
			91
		],
		[
			15,
			91
		],
		[
			14,
			15
		],
		[
			7,
			16
		],
		[
			16,
			91
		],
		[
			8,
			14
		]
	],
	"score": 0.5192307692307693
}