{
	"content_type": "CG_SHOP_2025_Solution",
	"instance_uid": "point-set_10_7451a2a9",
	"steiner_points_x": [
		"2105050/269",
		"27943390/3497",
		"746050/97",
		7245,
		"19429572/2701",
		"20040450/2701"
	],
	"steiner_points_y": [
		"1133000/269",
		"6207335/3497",
		"9000/97",
		377,
		"241780/2701",
		"122000/2701"
	],
	"edges": [
		[
			2,
			4
		],
		[
			0,
			4
		],
		[
			0,
			2
		],
		[
			1,
			13
		],
		[
			6,
			13
		],
		[
			1,
			6
		],
		[
			1,
			8
		],
		[
			8,
			13
		],
		[
			3,
			9
		],
		[
			2,
			3
		],
		[
			2,
			9
		],
		[
			6,
			11
		],
		[
			1,
			11
		],
		[
			0,
			6
		],
		[
			0,
			11
		],
		[
			8,
			12
		],
		[
			1,
			12
		],
		[
			3,
			4
		],
		[
			0,
			10
		],
		[
			10,
			11
		],
		[
			9,
			13
		],
		[
			6,
			9
		],
		[
			13,
			14
		],
		[
			8,
			14
		],
		[
			8,
			15
		],
		[
			5,
			8
		],
		[
			5,
			15
		],
		[
			9,
			14
		],
		[
			0,
			7
		],
		[
			4,
			7
		],
		[
			7,
			10
		],
		[
			2,
			6
		],
		[
			14,
			15
		],
		[
			5,
			12
		]
	],
	"score": 0.5714285714285714
}