{
	"content_type": "CG_SHOP_2025_Solution",
	"instance_uid": "point-set_60_9fc02edd",
	"steiner_points_x": [
		19800,
		200,
		4760,
		15839,
		3099,
		7801,
		11232,
		11060,
		16125,
		12050,
		7885,
		10001,
		"43392/5",
		19800,
		12584,
		13454,
		8777,
		11101,
		14557,
		7858,
		12599,
		12599,
		7624,
		11025,
		16800,
		10150,
		9760,
		15577,
		2493,
		6724,
		14302,
		4868,
		13458,
		10772,
		12215,
		7560,
		3320,
		14900,
		12416,
		"33268/7",
		7689,
		5595,
		9808,
		13554,
		10387,
		5400,
		4974,
		200,
		"11000/3",
		200,
		14900,
		9493,
		5400,
		10150,
		6915,
		14899,
		14200
	],
	"steiner_points_y": [
		7250,
		10177,
		2881,
		8327,
		5750,
		6316,
		800,
		5397,
		800,
		12200,
		12200,
		3862,
		800,
		3300,
		6090,
		7542,
		7869,
		12200,
		10124,
		800,
		800,
		1599,
		2506,
		8946,
		6534,
		800,
		7410,
		6051,
		10177,
		12200,
		4412,
		7016,
		12200,
		4089,
		9664,
		9818,
		12200,
		800,
		4838,
		12200,
		7799,
		8460,
		10124,
		5946,
		2553,
		800,
		11023,
		3300,
		800,
		"13477/2",
		12200,
		12200,
		12200,
		12200,
		6462,
		7103,
		12200
	],
	"edges": [
		[
			10,
			23
		],
		[
			23,
			104
		],
		[
			10,
			104
		],
		[
			26,
			77
		],
		[
			69,
			77
		],
		[
			26,
			69
		],
		[
			8,
			38
		],
		[
			8,
			28
		],
		[
			28,
			38
		],
		[
			18,
			22
		],
		[
			18,
			63
		],
		[
			22,
			63
		],
		[
			76,
			86
		],
		[
			27,
			86
		],
		[
			27,
			76
		],
		[
			47,
			74
		],
		[
			13,
			47
		],
		[
			13,
			74
		],
		[
			40,
			83
		],
		[
			40,
			52
		],
		[
			52,
			83
		],
		[
			19,
			56
		],
		[
			19,
			63
		],
		[
			56,
			63
		],
		[
			30,
			75
		],
		[
			30,
			94
		],
		[
			75,
			94
		],
		[
			36,
			102
		],
		[
			36,
			52
		],
		[
			52,
			102
		],
		[
			47,
			67
		],
		[
			17,
			67
		],
		[
			17,
			47
		],
		[
			0,
			6
		],
		[
			6,
			89
		],
		[
			0,
			89
		],
		[
			17,
			86
		],
		[
			47,
			86
		],
		[
			19,
			115
		],
		[
			11,
			19
		],
		[
			11,
			115
		],
		[
			44,
			102
		],
		[
			36,
			44
		],
		[
			5,
			26
		],
		[
			5,
			77
		],
		[
			16,
			65
		],
		[
			16,
			114
		],
		[
			65,
			114
		],
		[
			33,
			86
		],
		[
			33,
			40
		],
		[
			40,
			86
		],
		[
			54,
			114
		],
		[
			16,
			54
		],
		[
			20,
			44
		],
		[
			20,
			102
		],
		[
			57,
			114
		],
		[
			57,
			65
		],
		[
			4,
			23
		],
		[
			23,
			72
		],
		[
			4,
			72
		],
		[
			52,
			94
		],
		[
			5,
			52
		],
		[
			5,
			94
		],
		[
			73,
			84
		],
		[
			60,
			84
		],
		[
			60,
			73
		],
		[
			41,
			110
		],
		[
			41,
			53
		],
		[
			53,
			110
		],
		[
			54,
			91
		],
		[
			35,
			91
		],
		[
			35,
			54
		],
		[
			35,
			114
		],
		[
			59,
			69
		],
		[
			69,
			92
		],
		[
			59,
			92
		],
		[
			3,
			6
		],
		[
			3,
			89
		],
		[
			25,
			73
		],
		[
			25,
			84
		],
		[
			28,
			64
		],
		[
			24,
			64
		],
		[
			24,
			28
		],
		[
			26,
			59
		],
		[
			40,
			102
		],
		[
			9,
			27
		],
		[
			27,
			65
		],
		[
			9,
			65
		],
		[
			95,
			101
		],
		[
			95,
			100
		],
		[
			100,
			101
		],
		[
			44,
			70
		],
		[
			70,
			111
		],
		[
			44,
			111
		],
		[
			48,
			63
		],
		[
			22,
			48
		],
		[
			1,
			92
		],
		[
			2,
			92
		],
		[
			1,
			2
		],
		[
			45,
			108
		],
		[
			45,
			105
		],
		[
			105,
			108
		],
		[
			24,
			50
		],
		[
			50,
			91
		],
		[
			24,
			91
		],
		[
			9,
			76
		],
		[
			2,
			78
		],
		[
			2,
			32
		],
		[
			32,
			78
		],
		[
			32,
			53
		],
		[
			32,
			110
		],
		[
			101,
			106
		],
		[
			6,
			106
		],
		[
			6,
			101
		],
		[
			17,
			71
		],
		[
			39,
			71
		],
		[
			17,
			39
		],
		[
			43,
			75
		],
		[
			12,
			43
		],
		[
			12,
			75
		],
		[
			45,
			82
		],
		[
			79,
			82
		],
		[
			45,
			79
		],
		[
			25,
			90
		],
		[
			25,
			42
		],
		[
			42,
			90
		],
		[
			4,
			79
		],
		[
			72,
			79
		],
		[
			29,
			44
		],
		[
			29,
			70
		],
		[
			79,
			105
		],
		[
			51,
			106
		],
		[
			51,
			101
		],
		[
			14,
			31
		],
		[
			31,
			90
		],
		[
			14,
			90
		],
		[
			25,
			87
		],
		[
			84,
			87
		],
		[
			23,
			85
		],
		[
			72,
			85
		],
		[
			43,
			94
		],
		[
			37,
			88
		],
		[
			37,
			51
		],
		[
			51,
			88
		],
		[
			0,
			29
		],
		[
			0,
			70
		],
		[
			31,
			81
		],
		[
			14,
			81
		],
		[
			10,
			46
		],
		[
			10,
			93
		],
		[
			46,
			93
		],
		[
			3,
			34
		],
		[
			34,
			99
		],
		[
			3,
			99
		],
		[
			23,
			66
		],
		[
			66,
			85
		],
		[
			50,
			88
		],
		[
			50,
			51
		],
		[
			33,
			76
		],
		[
			92,
			116
		],
		[
			2,
			116
		],
		[
			7,
			115
		],
		[
			7,
			19
		],
		[
			2,
			15
		],
		[
			1,
			15
		],
		[
			66,
			81
		],
		[
			80,
			81
		],
		[
			66,
			80
		],
		[
			55,
			88
		],
		[
			61,
			88
		],
		[
			55,
			61
		],
		[
			15,
			78
		],
		[
			19,
			87
		],
		[
			56,
			87
		],
		[
			9,
			57
		],
		[
			36,
			77
		],
		[
			36,
			113
		],
		[
			77,
			113
		],
		[
			81,
			97
		],
		[
			80,
			97
		],
		[
			37,
			55
		],
		[
			20,
			29
		],
		[
			70,
			89
		],
		[
			43,
			78
		],
		[
			7,
			78
		],
		[
			7,
			43
		],
		[
			34,
			96
		],
		[
			96,
			99
		],
		[
			14,
			97
		],
		[
			14,
			68
		],
		[
			68,
			97
		],
		[
			15,
			94
		],
		[
			1,
			94
		],
		[
			2,
			110
		],
		[
			110,
			116
		],
		[
			24,
			54
		],
		[
			34,
			37
		],
		[
			37,
			96
		],
		[
			42,
			68
		],
		[
			21,
			42
		],
		[
			21,
			68
		],
		[
			18,
			60
		],
		[
			22,
			60
		],
		[
			36,
			111
		],
		[
			111,
			113
		],
		[
			16,
			62
		],
		[
			16,
			45
		],
		[
			45,
			62
		],
		[
			88,
			109
		],
		[
			61,
			109
		],
		[
			55,
			96
		],
		[
			31,
			46
		],
		[
			46,
			81
		],
		[
			17,
			65
		],
		[
			39,
			65
		],
		[
			14,
			42
		],
		[
			38,
			108
		],
		[
			8,
			108
		],
		[
			30,
			58
		],
		[
			58,
			75
		],
		[
			71,
			104
		],
		[
			71,
			93
		],
		[
			93,
			104
		],
		[
			67,
			93
		],
		[
			17,
			93
		],
		[
			98,
			103
		],
		[
			90,
			103
		],
		[
			90,
			98
		],
		[
			10,
			66
		],
		[
			12,
			58
		],
		[
			21,
			25
		],
		[
			21,
			73
		],
		[
			3,
			112
		],
		[
			99,
			112
		],
		[
			89,
			112
		],
		[
			8,
			107
		],
		[
			28,
			107
		],
		[
			16,
			39
		],
		[
			39,
			82
		],
		[
			16,
			82
		],
		[
			11,
			103
		],
		[
			12,
			103
		],
		[
			11,
			12
		],
		[
			10,
			81
		],
		[
			4,
			71
		],
		[
			4,
			39
		],
		[
			3,
			106
		],
		[
			34,
			106
		],
		[
			67,
			98
		],
		[
			93,
			98
		],
		[
			74,
			103
		],
		[
			58,
			74
		],
		[
			58,
			103
		],
		[
			74,
			98
		],
		[
			67,
			74
		],
		[
			7,
			48
		],
		[
			7,
			63
		],
		[
			43,
			115
		],
		[
			12,
			115
		],
		[
			33,
			102
		],
		[
			26,
			94
		],
		[
			59,
			94
		],
		[
			15,
			43
		],
		[
			4,
			82
		],
		[
			37,
			106
		],
		[
			76,
			95
		],
		[
			33,
			95
		],
		[
			20,
			95
		],
		[
			29,
			95
		],
		[
			46,
			98
		],
		[
			31,
			98
		],
		[
			48,
			78
		],
		[
			32,
			48
		],
		[
			35,
			57
		],
		[
			38,
			45
		],
		[
			56,
			84
		],
		[
			48,
			53
		],
		[
			83,
			94
		],
		[
			47,
			83
		],
		[
			13,
			83
		],
		[
			50,
			109
		],
		[
			50,
			64
		],
		[
			64,
			109
		],
		[
			18,
			84
		],
		[
			13,
			30
		],
		[
			13,
			94
		],
		[
			17,
			27
		],
		[
			5,
			36
		],
		[
			18,
			56
		],
		[
			40,
			47
		],
		[
			20,
			33
		],
		[
			11,
			90
		],
		[
			11,
			25
		],
		[
			64,
			107
		],
		[
			107,
			109
		],
		[
			9,
			100
		],
		[
			57,
			100
		],
		[
			11,
			87
		],
		[
			24,
			62
		],
		[
			28,
			62
		],
		[
			6,
			95
		],
		[
			0,
			95
		],
		[
			54,
			62
		],
		[
			1,
			59
		],
		[
			76,
			100
		],
		[
			35,
			51
		],
		[
			35,
			101
		],
		[
			8,
			49
		],
		[
			49,
			108
		],
		[
			30,
			74
		],
		[
			4,
			104
		],
		[
			38,
			62
		],
		[
			22,
			53
		],
		[
			57,
			101
		],
		[
			51,
			91
		]
	],
	"score": 0.5086206896551724
}