{
	"content_type": "CG_SHOP_2025_Solution",
	"instance_uid": "point-set_20_34a047f7",
	"steiner_points_x": [
		7805,
		"20835/4",
		"5129829/1229",
		"852525/97",
		6515,
		5856,
		6265,
		"181275/31",
		"7314132/1597",
		"943675/221",
		7497,
		"9647890/1597",
		6292,
		"59969828/7985",
		6539,
		5947,
		4385,
		"57568341/7985",
		7237,
		"61591408/7985",
		7425,
		"1780547/205",
		8214,
		8370,
		"13086405/1597",
		"61439858085/10157701",
		"118425/19",
		5858,
		"404142930/48889",
		"6825255/1597",
		7810,
		6540,
		"5075163/1229",
		4232,
		7594,
		4231
	],
	"steiner_points_y": [
		3379,
		"4013/2",
		"3002130/1229",
		"254025/97",
		"5302/3",
		3356,
		3325,
		"107100/31",
		"5335404/1597",
		"512825/221",
		3193,
		"5545180/1597",
		3114,
		"28780316/7985",
		2171,
		2304,
		2365,
		"28564452/7985",
		3272,
		"28926076/7985",
		3049,
		"670646/205",
		1982,
		3190,
		"5854260/1597",
		"18819463566/10157701",
		"66300/19",
		3092,
		"83848258/48889",
		"5291460/1597",
		3268,
		2304,
		"3958785/1229",
		3227,
		3058,
		2446
	],
	"edges": [
		[
			1,
			51
		],
		[
			1,
			32
		],
		[
			32,
			51
		],
		[
			36,
			55
		],
		[
			2,
			36
		],
		[
			2,
			55
		],
		[
			3,
			17
		],
		[
			3,
			42
		],
		[
			17,
			42
		],
		[
			34,
			45
		],
		[
			24,
			34
		],
		[
			24,
			45
		],
		[
			0,
			25
		],
		[
			0,
			47
		],
		[
			25,
			47
		],
		[
			16,
			18
		],
		[
			14,
			18
		],
		[
			14,
			16
		],
		[
			5,
			44
		],
		[
			5,
			20
		],
		[
			20,
			44
		],
		[
			9,
			13
		],
		[
			13,
			53
		],
		[
			9,
			53
		],
		[
			35,
			51
		],
		[
			34,
			51
		],
		[
			34,
			35
		],
		[
			22,
			55
		],
		[
			4,
			55
		],
		[
			4,
			22
		],
		[
			15,
			30
		],
		[
			15,
			50
		],
		[
			30,
			50
		],
		[
			2,
			29
		],
		[
			2,
			10
		],
		[
			10,
			29
		],
		[
			7,
			53
		],
		[
			7,
			55
		],
		[
			53,
			55
		],
		[
			40,
			51
		],
		[
			16,
			40
		],
		[
			16,
			51
		],
		[
			1,
			35
		],
		[
			6,
			35
		],
		[
			1,
			6
		],
		[
			7,
			13
		],
		[
			11,
			27
		],
		[
			11,
			25
		],
		[
			25,
			27
		],
		[
			13,
			28
		],
		[
			7,
			28
		],
		[
			20,
			39
		],
		[
			39,
			44
		],
		[
			10,
			36
		],
		[
			21,
			35
		],
		[
			6,
			21
		],
		[
			30,
			38
		],
		[
			30,
			40
		],
		[
			38,
			40
		],
		[
			42,
			48
		],
		[
			17,
			48
		],
		[
			27,
			31
		],
		[
			11,
			31
		],
		[
			52,
			53
		],
		[
			9,
			52
		],
		[
			28,
			47
		],
		[
			7,
			47
		],
		[
			6,
			47
		],
		[
			6,
			7
		],
		[
			25,
			28
		],
		[
			27,
			28
		],
		[
			33,
			38
		],
		[
			37,
			38
		],
		[
			33,
			37
		],
		[
			5,
			12
		],
		[
			12,
			44
		],
		[
			35,
			45
		],
		[
			21,
			45
		],
		[
			12,
			43
		],
		[
			5,
			43
		],
		[
			30,
			33
		],
		[
			15,
			39
		],
		[
			15,
			33
		],
		[
			33,
			39
		],
		[
			7,
			36
		],
		[
			6,
			36
		],
		[
			26,
			46
		],
		[
			37,
			46
		],
		[
			26,
			37
		],
		[
			6,
			10
		],
		[
			11,
			46
		],
		[
			31,
			46
		],
		[
			2,
			4
		],
		[
			4,
			29
		],
		[
			11,
			26
		],
		[
			30,
			54
		],
		[
			40,
			54
		],
		[
			3,
			16
		],
		[
			16,
			42
		],
		[
			5,
			18
		],
		[
			18,
			43
		],
		[
			50,
			54
		],
		[
			14,
			19
		],
		[
			14,
			23
		],
		[
			19,
			23
		],
		[
			14,
			42
		],
		[
			13,
			49
		],
		[
			9,
			49
		],
		[
			8,
			14
		],
		[
			8,
			23
		],
		[
			14,
			43
		],
		[
			15,
			20
		],
		[
			20,
			50
		],
		[
			28,
			49
		],
		[
			0,
			1
		],
		[
			1,
			47
		],
		[
			0,
			26
		],
		[
			0,
			11
		],
		[
			8,
			43
		],
		[
			26,
			38
		],
		[
			3,
			34
		],
		[
			16,
			34
		],
		[
			18,
			50
		],
		[
			18,
			54
		],
		[
			3,
			24
		],
		[
			17,
			24
		],
		[
			10,
			21
		],
		[
			38,
			51
		],
		[
			19,
			42
		],
		[
			16,
			54
		],
		[
			26,
			32
		],
		[
			0,
			32
		],
		[
			19,
			48
		],
		[
			5,
			50
		],
		[
			32,
			38
		],
		[
			52,
			55
		],
		[
			41,
			43
		],
		[
			8,
			41
		],
		[
			12,
			41
		],
		[
			22,
			52
		]
	],
	"score": 0.5135135135135135
}