{
	"content_type": "CG_SHOP_2025_Solution",
	"instance_uid": "simple-polygon_40_12969fc3",
	"steiner_points_x": [
		"9639525/1693",
		"423124100/52597",
		13310,
		12004,
		12962,
		"25235/2",
		12668,
		9175,
		8038,
		13279,
		12620,
		12891,
		11874,
		11559,
		10026,
		"1702482489/176261",
		10026,
		6375,
		"13119225/2281"
	],
	"steiner_points_y": [
		"4528200/1693",
		"143476025/52597",
		9772,
		9882,
		10517,
		"5637/2",
		3223,
		8040,
		6176,
		10036,
		6236,
		4688,
		4813,
		11127,
		11180,
		"1941770575/176261",
		11225,
		9323,
		"23566500/2281"
	],
	"edges": [
		[
			19,
			54
		],
		[
			54,
			55
		],
		[
			19,
			55
		],
		[
			13,
			44
		],
		[
			14,
			44
		],
		[
			13,
			14
		],
		[
			48,
			52
		],
		[
			39,
			52
		],
		[
			39,
			48
		],
		[
			29,
			57
		],
		[
			30,
			57
		],
		[
			29,
			30
		],
		[
			2,
			52
		],
		[
			2,
			39
		],
		[
			8,
			42
		],
		[
			9,
			42
		],
		[
			8,
			9
		],
		[
			42,
			43
		],
		[
			43,
			49
		],
		[
			42,
			49
		],
		[
			11,
			49
		],
		[
			10,
			11
		],
		[
			10,
			49
		],
		[
			4,
			46
		],
		[
			5,
			46
		],
		[
			4,
			5
		],
		[
			44,
			49
		],
		[
			11,
			44
		],
		[
			28,
			57
		],
		[
			28,
			29
		],
		[
			54,
			56
		],
		[
			19,
			56
		],
		[
			47,
			50
		],
		[
			21,
			47
		],
		[
			21,
			50
		],
		[
			10,
			42
		],
		[
			36,
			38
		],
		[
			37,
			38
		],
		[
			36,
			37
		],
		[
			14,
			43
		],
		[
			15,
			43
		],
		[
			14,
			15
		],
		[
			46,
			52
		],
		[
			51,
			52
		],
		[
			46,
			51
		],
		[
			17,
			53
		],
		[
			21,
			53
		],
		[
			17,
			21
		],
		[
			42,
			50
		],
		[
			43,
			50
		],
		[
			9,
			10
		],
		[
			6,
			46
		],
		[
			5,
			6
		],
		[
			34,
			48
		],
		[
			33,
			34
		],
		[
			33,
			48
		],
		[
			2,
			46
		],
		[
			45,
			46
		],
		[
			2,
			45
		],
		[
			34,
			35
		],
		[
			34,
			36
		],
		[
			35,
			36
		],
		[
			0,
			40
		],
		[
			1,
			40
		],
		[
			0,
			1
		],
		[
			50,
			51
		],
		[
			8,
			50
		],
		[
			8,
			51
		],
		[
			47,
			52
		],
		[
			31,
			52
		],
		[
			31,
			47
		],
		[
			7,
			51
		],
		[
			7,
			46
		],
		[
			32,
			48
		],
		[
			32,
			33
		],
		[
			50,
			52
		],
		[
			18,
			21
		],
		[
			17,
			18
		],
		[
			21,
			54
		],
		[
			18,
			54
		],
		[
			6,
			7
		],
		[
			16,
			53
		],
		[
			16,
			17
		],
		[
			31,
			32
		],
		[
			31,
			48
		],
		[
			12,
			44
		],
		[
			11,
			12
		],
		[
			43,
			44
		],
		[
			22,
			47
		],
		[
			21,
			22
		],
		[
			18,
			56
		],
		[
			19,
			20
		],
		[
			20,
			55
		],
		[
			34,
			38
		],
		[
			15,
			53
		],
		[
			15,
			16
		],
		[
			23,
			57
		],
		[
			57,
			58
		],
		[
			23,
			58
		],
		[
			25,
			57
		],
		[
			25,
			28
		],
		[
			25,
			58
		],
		[
			12,
			13
		],
		[
			23,
			30
		],
		[
			22,
			23
		],
		[
			22,
			30
		],
		[
			3,
			45
		],
		[
			4,
			45
		],
		[
			3,
			4
		],
		[
			39,
			41
		],
		[
			2,
			41
		],
		[
			39,
			40
		],
		[
			1,
			39
		],
		[
			43,
			53
		],
		[
			21,
			43
		],
		[
			38,
			48
		],
		[
			38,
			39
		],
		[
			24,
			25
		],
		[
			24,
			58
		],
		[
			21,
			55
		],
		[
			25,
			27
		],
		[
			26,
			27
		],
		[
			25,
			26
		],
		[
			7,
			8
		],
		[
			27,
			28
		],
		[
			22,
			31
		],
		[
			30,
			31
		],
		[
			1,
			41
		]
	],
	"score": 0.525
}