{
	"content_type": "CG_SHOP_2025_Solution",
	"instance_uid": "simple-polygon-exterior-20_100_512f0fc4",
	"steiner_points_x": [
		55,
		35,
		"3307/89",
		"1450/53",
		31,
		40,
		41,
		"1097/29",
		52,
		49,
		48,
		"3783/85",
		47,
		59,
		20,
		20,
		41,
		30,
		"77/113",
		16,
		33,
		39,
		49,
		8,
		55,
		41,
		"3543/65",
		"1247/71",
		18,
		"79927/1252",
		"203/17",
		26,
		36,
		52,
		"636/41",
		39,
		58,
		50,
		57,
		59,
		58,
		47,
		43,
		14,
		"273/226",
		9,
		51,
		13,
		"2831/65",
		53,
		"495/13",
		44,
		18,
		59,
		29,
		48,
		50,
		11,
		40,
		"13617/485",
		"40539/626",
		"19881/313",
		"28137/485",
		39,
		"23717/485",
		"39537/626",
		26,
		"99/2",
		"1481/23",
		60,
		"68296/5525",
		"47/2",
		"1047/82",
		"64/3",
		"7529/193",
		"93/2",
		47,
		"20307/313",
		51,
		"4369/97",
		41,
		"185/113",
		17,
		10,
		"13649833/235225",
		"19969/313",
		"30381/493",
		23,
		"172/3",
		"5933/101",
		7,
		34,
		"3122/89",
		36,
		48,
		"229/13",
		6,
		"14953199/282755",
		20,
		36,
		32,
		29,
		"25717/485",
		20,
		"19843/313",
		"221/5",
		33,
		57,
		11,
		36,
		"127/13",
		"17489/485",
		"1368/61",
		7,
		"95704/3965",
		61,
		10,
		31,
		"58/3",
		"125/2",
		"2722/169",
		"1138/37",
		61,
		"29589/485",
		61,
		16,
		28,
		"7674013/289445",
		27,
		22,
		36,
		62,
		29,
		39,
		15,
		63,
		40,
		"39637/626",
		37,
		"40213/626",
		21,
		62,
		18,
		36,
		36,
		"726/41",
		40,
		"20081/313",
		56,
		"191/3",
		63,
		22,
		54,
		55,
		56,
		"2771/53",
		"127/2",
		"40013/626",
		"27807/485",
		"119941/1878",
		"172/3",
		39,
		"172/3",
		36,
		"2745/49",
		"37103489/594074",
		"37103489/594074",
		"8998351743/144062945"
	],
	"steiner_points_y": [
		13,
		57,
		"1838/89",
		"1047/53",
		26,
		54,
		74,
		"1858/29",
		46,
		16,
		5,
		"2786/85",
		35,
		35,
		5,
		14,
		70,
		18,
		"3930/113",
		5,
		74,
		67,
		59,
		47,
		39,
		51,
		"1946/65",
		"569/71",
		28,
		"38829/1252",
		"302/17",
		28,
		38,
		14,
		"25/41",
		39,
		38,
		36,
		42,
		23,
		32,
		29,
		39,
		39,
		"6075/226",
		24,
		28,
		23,
		"392/65",
		49,
		"359/13",
		53,
		51,
		29,
		69,
		46,
		43,
		31,
		9,
		"156/485",
		"5027/626",
		"12226/313",
		2,
		15,
		"6766/5335",
		"30077/626",
		63,
		"41/2",
		"396/23",
		45,
		"71387/5525",
		13,
		"75/82",
		"40/3",
		"158/193",
		"47/2",
		74,
		"1576/313",
		33,
		"106/97",
		58,
		"2310/113",
		40,
		15,
		"395914/235225",
		"10026/313",
		"30608/493",
		74,
		"5/3",
		"5209/101",
		19,
		18,
		"1542/89",
		33,
		12,
		"818/13",
		22,
		"680366/282755",
		73,
		50,
		42,
		5,
		"706/485",
		74,
		"13176/313",
		"322/5",
		8,
		5,
		60,
		2,
		"920/13",
		"332/485",
		"2032/61",
		61,
		"131232/3965",
		5,
		64,
		21,
		"38/3",
		"61/2",
		"11246/169",
		"831/37",
		2,
		"882/485",
		"13176/313",
		"37/3",
		32,
		"11413592/289445",
		43,
		44,
		15,
		44,
		24,
		18,
		24,
		21,
		20,
		"27577/626",
		25,
		"13177/626",
		17,
		23,
		3,
		14,
		10,
		"15/41",
		24,
		"7226/313",
		3,
		"91/3",
		29,
		15,
		5,
		8,
		2,
		"239/53",
		31,
		"18177/626",
		"801/485",
		"56981/1878",
		2,
		14,
		3,
		8,
		"78/49",
		"1865023/594074",
		2,
		"271501359/144062945"
	],
	"edges": [
		[
			260,
			262
		],
		[
			162,
			262
		],
		[
			162,
			260
		],
		[
			83,
			109
		],
		[
			83,
			133
		],
		[
			109,
			133
		],
		[
			249,
			259
		],
		[
			129,
			249
		],
		[
			129,
			259
		],
		[
			244,
			263
		],
		[
			158,
			244
		],
		[
			158,
			263
		],
		[
			61,
			244
		],
		[
			206,
			244
		],
		[
			61,
			206
		],
		[
			247,
			250
		],
		[
			250,
			257
		],
		[
			247,
			257
		],
		[
			249,
			257
		],
		[
			257,
			259
		],
		[
			252,
			255
		],
		[
			69,
			255
		],
		[
			69,
			252
		],
		[
			68,
			69
		],
		[
			68,
			194
		],
		[
			69,
			194
		],
		[
			236,
			246
		],
		[
			60,
			236
		],
		[
			60,
			246
		],
		[
			62,
			158
		],
		[
			62,
			65
		],
		[
			65,
			158
		],
		[
			150,
			238
		],
		[
			85,
			238
		],
		[
			85,
			150
		],
		[
			249,
			250
		],
		[
			69,
			110
		],
		[
			68,
			110
		],
		[
			248,
			262
		],
		[
			248,
			260
		],
		[
			173,
			251
		],
		[
			171,
			251
		],
		[
			171,
			173
		],
		[
			57,
			251
		],
		[
			57,
			171
		],
		[
			197,
			248
		],
		[
			70,
			248
		],
		[
			70,
			197
		],
		[
			188,
			260
		],
		[
			162,
			188
		],
		[
			188,
			264
		],
		[
			188,
			258
		],
		[
			258,
			264
		],
		[
			72,
			207
		],
		[
			72,
			215
		],
		[
			207,
			215
		],
		[
			254,
			264
		],
		[
			188,
			254
		],
		[
			80,
			137
		],
		[
			80,
			81
		],
		[
			81,
			137
		],
		[
			249,
			256
		],
		[
			129,
			256
		],
		[
			265,
			266
		],
		[
			71,
			265
		],
		[
			71,
			266
		],
		[
			254,
			260
		],
		[
			248,
			254
		],
		[
			192,
			230
		],
		[
			192,
			233
		],
		[
			230,
			233
		],
		[
			162,
			215
		],
		[
			215,
			222
		],
		[
			162,
			222
		],
		[
			207,
			248
		],
		[
			248,
			252
		],
		[
			207,
			252
		],
		[
			209,
			263
		],
		[
			67,
			263
		],
		[
			67,
			209
		],
		[
			67,
			158
		],
		[
			222,
			265
		],
		[
			215,
			265
		],
		[
			177,
			265
		],
		[
			71,
			177
		],
		[
			266,
			267
		],
		[
			71,
			267
		],
		[
			190,
			196
		],
		[
			44,
			196
		],
		[
			44,
			190
		],
		[
			112,
			137
		],
		[
			137,
			178
		],
		[
			112,
			178
		],
		[
			70,
			254
		],
		[
			76,
			136
		],
		[
			136,
			224
		],
		[
			76,
			224
		],
		[
			181,
			196
		],
		[
			181,
			190
		],
		[
			109,
			194
		],
		[
			64,
			194
		],
		[
			64,
			109
		],
		[
			2,
			199
		],
		[
			2,
			3
		],
		[
			3,
			199
		],
		[
			145,
			196
		],
		[
			44,
			145
		],
		[
			207,
			253
		],
		[
			252,
			253
		],
		[
			113,
			136
		],
		[
			76,
			113
		],
		[
			6,
			112
		],
		[
			6,
			137
		],
		[
			120,
			187
		],
		[
			120,
			154
		],
		[
			154,
			187
		],
		[
			37,
			201
		],
		[
			201,
			209
		],
		[
			37,
			209
		],
		[
			81,
			113
		],
		[
			113,
			140
		],
		[
			81,
			140
		],
		[
			6,
			142
		],
		[
			112,
			142
		],
		[
			22,
			195
		],
		[
			21,
			195
		],
		[
			21,
			22
		],
		[
			84,
			111
		],
		[
			111,
			141
		],
		[
			84,
			141
		],
		[
			116,
			120
		],
		[
			116,
			121
		],
		[
			120,
			121
		],
		[
			75,
			219
		],
		[
			75,
			256
		],
		[
			219,
			256
		],
		[
			201,
			206
		],
		[
			206,
			209
		],
		[
			204,
			224
		],
		[
			76,
			204
		],
		[
			136,
			138
		],
		[
			138,
			224
		],
		[
			135,
			142
		],
		[
			4,
			142
		],
		[
			4,
			135
		],
		[
			74,
			139
		],
		[
			139,
			241
		],
		[
			74,
			241
		],
		[
			110,
			255
		],
		[
			105,
			199
		],
		[
			105,
			125
		],
		[
			125,
			199
		],
		[
			4,
			193
		],
		[
			132,
			193
		],
		[
			4,
			132
		],
		[
			187,
			198
		],
		[
			198,
			203
		],
		[
			187,
			203
		],
		[
			140,
			153
		],
		[
			140,
			219
		],
		[
			153,
			219
		],
		[
			23,
			198
		],
		[
			23,
			203
		],
		[
			111,
			142
		],
		[
			111,
			112
		],
		[
			75,
			113
		],
		[
			75,
			140
		],
		[
			2,
			125
		],
		[
			26,
			123
		],
		[
			26,
			93
		],
		[
			93,
			123
		],
		[
			5,
			146
		],
		[
			141,
			146
		],
		[
			5,
			141
		],
		[
			38,
			39
		],
		[
			39,
			171
		],
		[
			38,
			171
		],
		[
			82,
			83
		],
		[
			82,
			139
		],
		[
			83,
			139
		],
		[
			15,
			205
		],
		[
			17,
			205
		],
		[
			15,
			17
		],
		[
			121,
			205
		],
		[
			18,
			205
		],
		[
			18,
			121
		],
		[
			131,
			232
		],
		[
			50,
			232
		],
		[
			50,
			131
		],
		[
			79,
			137
		],
		[
			79,
			80
		],
		[
			82,
			146
		],
		[
			126,
			146
		],
		[
			82,
			126
		],
		[
			51,
			56
		],
		[
			51,
			103
		],
		[
			56,
			103
		],
		[
			31,
			32
		],
		[
			32,
			157
		],
		[
			31,
			157
		],
		[
			69,
			253
		],
		[
			69,
			100
		],
		[
			100,
			253
		],
		[
			11,
			149
		],
		[
			8,
			149
		],
		[
			8,
			11
		],
		[
			215,
			262
		],
		[
			88,
			212
		],
		[
			90,
			212
		],
		[
			88,
			90
		],
		[
			148,
			179
		],
		[
			110,
			148
		],
		[
			110,
			179
		],
		[
			209,
			211
		],
		[
			174,
			209
		],
		[
			174,
			211
		],
		[
			26,
			27
		],
		[
			27,
			123
		],
		[
			28,
			32
		],
		[
			28,
			157
		],
		[
			208,
			213
		],
		[
			93,
			208
		],
		[
			93,
			213
		],
		[
			110,
			164
		],
		[
			164,
			179
		],
		[
			67,
			174
		],
		[
			65,
			194
		],
		[
			65,
			68
		],
		[
			19,
			154
		],
		[
			19,
			120
		],
		[
			195,
			216
		],
		[
			216,
			220
		],
		[
			195,
			220
		],
		[
			77,
			149
		],
		[
			9,
			149
		],
		[
			9,
			77
		],
		[
			60,
			238
		],
		[
			59,
			60
		],
		[
			59,
			238
		],
		[
			73,
			160
		],
		[
			72,
			160
		],
		[
			72,
			73
		],
		[
			1,
			199
		],
		[
			97,
			199
		],
		[
			1,
			97
		],
		[
			219,
			249
		],
		[
			86,
			226
		],
		[
			87,
			226
		],
		[
			86,
			87
		],
		[
			213,
			216
		],
		[
			208,
			216
		],
		[
			1,
			105
		],
		[
			222,
			266
		],
		[
			115,
			218
		],
		[
			42,
			218
		],
		[
			42,
			115
		],
		[
			88,
			182
		],
		[
			182,
			229
		],
		[
			88,
			229
		],
		[
			8,
			151
		],
		[
			12,
			151
		],
		[
			8,
			12
		],
		[
			153,
			241
		],
		[
			153,
			250
		],
		[
			241,
			250
		],
		[
			39,
			218
		],
		[
			173,
			218
		],
		[
			39,
			173
		],
		[
			3,
			97
		],
		[
			23,
			220
		],
		[
			198,
			220
		],
		[
			125,
			155
		],
		[
			7,
			155
		],
		[
			7,
			125
		],
		[
			177,
			215
		],
		[
			117,
			217
		],
		[
			191,
			217
		],
		[
			117,
			191
		],
		[
			106,
			120
		],
		[
			106,
			116
		],
		[
			219,
			250
		],
		[
			210,
			216
		],
		[
			210,
			220
		],
		[
			78,
			108
		],
		[
			77,
			108
		],
		[
			77,
			78
		],
		[
			77,
			138
		],
		[
			78,
			138
		],
		[
			28,
			143
		],
		[
			90,
			143
		],
		[
			28,
			90
		],
		[
			4,
			150
		],
		[
			150,
			193
		],
		[
			92,
			93
		],
		[
			92,
			123
		],
		[
			104,
			131
		],
		[
			104,
			232
		],
		[
			88,
			227
		],
		[
			88,
			228
		],
		[
			227,
			228
		],
		[
			131,
			226
		],
		[
			104,
			226
		],
		[
			95,
			182
		],
		[
			91,
			182
		],
		[
			91,
			95
		],
		[
			87,
			200
		],
		[
			132,
			200
		],
		[
			87,
			132
		],
		[
			89,
			214
		],
		[
			89,
			212
		],
		[
			212,
			214
		],
		[
			221,
			232
		],
		[
			58,
			221
		],
		[
			58,
			232
		],
		[
			2,
			135
		],
		[
			3,
			135
		],
		[
			88,
			214
		],
		[
			91,
			92
		],
		[
			91,
			123
		],
		[
			84,
			246
		],
		[
			150,
			246
		],
		[
			84,
			150
		],
		[
			25,
			93
		],
		[
			25,
			26
		],
		[
			99,
			166
		],
		[
			98,
			99
		],
		[
			98,
			166
		],
		[
			96,
			152
		],
		[
			95,
			96
		],
		[
			95,
			152
		],
		[
			94,
			208
		],
		[
			93,
			94
		],
		[
			4,
			111
		],
		[
			18,
			107
		],
		[
			18,
			180
		],
		[
			107,
			180
		],
		[
			2,
			7
		],
		[
			0,
			1
		],
		[
			0,
			105
		],
		[
			96,
			99
		],
		[
			96,
			98
		],
		[
			0,
			107
		],
		[
			0,
			180
		],
		[
			63,
			233
		],
		[
			63,
			163
		],
		[
			163,
			233
		],
		[
			92,
			94
		],
		[
			8,
			155
		],
		[
			8,
			108
		],
		[
			108,
			155
		],
		[
			73,
			100
		],
		[
			72,
			100
		],
		[
			101,
			107
		],
		[
			0,
			101
		],
		[
			51,
			58
		],
		[
			50,
			51
		],
		[
			50,
			58
		],
		[
			116,
			205
		],
		[
			17,
			116
		],
		[
			85,
			193
		],
		[
			57,
			103
		],
		[
			103,
			117
		],
		[
			57,
			117
		],
		[
			102,
			233
		],
		[
			102,
			236
		],
		[
			233,
			236
		],
		[
			9,
			169
		],
		[
			77,
			169
		],
		[
			104,
			221
		],
		[
			89,
			131
		],
		[
			89,
			226
		],
		[
			133,
			194
		],
		[
			1,
			99
		],
		[
			99,
			101
		],
		[
			1,
			101
		],
		[
			151,
			180
		],
		[
			12,
			180
		],
		[
			108,
			149
		],
		[
			72,
			253
		],
		[
			19,
			107
		],
		[
			19,
			101
		],
		[
			96,
			228
		],
		[
			96,
			97
		],
		[
			97,
			228
		],
		[
			7,
			142
		],
		[
			2,
			142
		],
		[
			46,
			234
		],
		[
			46,
			147
		],
		[
			147,
			234
		],
		[
			115,
			173
		],
		[
			115,
			251
		],
		[
			18,
			122
		],
		[
			122,
			205
		],
		[
			58,
			103
		],
		[
			31,
			145
		],
		[
			30,
			31
		],
		[
			30,
			145
		],
		[
			14,
			186
		],
		[
			14,
			16
		],
		[
			16,
			186
		],
		[
			122,
			180
		],
		[
			207,
			262
		],
		[
			43,
			45
		],
		[
			42,
			45
		],
		[
			42,
			43
		],
		[
			47,
			48
		],
		[
			48,
			52
		],
		[
			47,
			52
		],
		[
			57,
			61
		],
		[
			38,
			61
		],
		[
			38,
			57
		],
		[
			52,
			53
		],
		[
			52,
			55
		],
		[
			53,
			55
		],
		[
			20,
			21
		],
		[
			20,
			166
		],
		[
			21,
			166
		],
		[
			47,
			128
		],
		[
			48,
			128
		],
		[
			86,
			104
		],
		[
			200,
			228
		],
		[
			97,
			200
		],
		[
			46,
			47
		],
		[
			46,
			52
		],
		[
			9,
			165
		],
		[
			165,
			169
		],
		[
			11,
			12
		],
		[
			12,
			13
		],
		[
			11,
			13
		],
		[
			30,
			128
		],
		[
			29,
			30
		],
		[
			29,
			128
		],
		[
			83,
			167
		],
		[
			109,
			167
		],
		[
			54,
			55
		],
		[
			53,
			54
		],
		[
			26,
			32
		],
		[
			32,
			118
		],
		[
			26,
			118
		],
		[
			61,
			117
		],
		[
			12,
			122
		],
		[
			13,
			122
		],
		[
			9,
			10
		],
		[
			10,
			165
		],
		[
			175,
			246
		],
		[
			84,
			175
		],
		[
			34,
			190
		],
		[
			34,
			181
		],
		[
			35,
			41
		],
		[
			34,
			35
		],
		[
			34,
			41
		],
		[
			85,
			86
		],
		[
			85,
			104
		],
		[
			21,
			154
		],
		[
			21,
			187
		],
		[
			49,
			128
		],
		[
			89,
			128
		],
		[
			49,
			89
		],
		[
			45,
			53
		],
		[
			42,
			53
		],
		[
			55,
			240
		],
		[
			54,
			240
		],
		[
			33,
			181
		],
		[
			144,
			181
		],
		[
			33,
			144
		],
		[
			9,
			189
		],
		[
			10,
			189
		],
		[
			22,
			94
		],
		[
			22,
			208
		],
		[
			48,
			50
		],
		[
			48,
			49
		],
		[
			49,
			50
		],
		[
			33,
			145
		],
		[
			31,
			33
		],
		[
			92,
			95
		],
		[
			39,
			127
		],
		[
			127,
			218
		],
		[
			105,
			151
		],
		[
			125,
			151
		],
		[
			51,
			55
		],
		[
			55,
			56
		],
		[
			228,
			229
		],
		[
			96,
			229
		],
		[
			42,
			54
		],
		[
			11,
			189
		],
		[
			13,
			189
		],
		[
			164,
			197
		],
		[
			70,
			164
		],
		[
			15,
			122
		],
		[
			13,
			15
		],
		[
			151,
			155
		],
		[
			49,
			131
		],
		[
			105,
			180
		],
		[
			230,
			243
		],
		[
			61,
			243
		],
		[
			61,
			230
		],
		[
			32,
			33
		],
		[
			33,
			118
		],
		[
			13,
			14
		],
		[
			14,
			189
		],
		[
			37,
			114
		],
		[
			114,
			201
		],
		[
			45,
			147
		],
		[
			44,
			45
		],
		[
			44,
			147
		],
		[
			3,
			200
		],
		[
			3,
			132
		],
		[
			56,
			240
		],
		[
			38,
			206
		],
		[
			79,
			156
		],
		[
			78,
			156
		],
		[
			78,
			79
		],
		[
			129,
			185
		],
		[
			185,
			256
		],
		[
			141,
			175
		],
		[
			51,
			52
		],
		[
			48,
			51
		],
		[
			195,
			208
		],
		[
			155,
			156
		],
		[
			7,
			156
		],
		[
			108,
			156
		],
		[
			6,
			7
		],
		[
			146,
			178
		],
		[
			126,
			178
		],
		[
			29,
			90
		],
		[
			28,
			29
		],
		[
			62,
			63
		],
		[
			62,
			163
		],
		[
			197,
			252
		],
		[
			5,
			178
		],
		[
			94,
			152
		],
		[
			92,
			152
		],
		[
			16,
			17
		],
		[
			17,
			176
		],
		[
			16,
			176
		],
		[
			29,
			157
		],
		[
			98,
			152
		],
		[
			94,
			98
		],
		[
			145,
			147
		],
		[
			97,
			99
		],
		[
			6,
			79
		],
		[
			63,
			109
		],
		[
			63,
			167
		],
		[
			10,
			14
		],
		[
			10,
			186
		],
		[
			80,
			136
		],
		[
			80,
			113
		],
		[
			20,
			99
		],
		[
			20,
			101
		],
		[
			90,
			182
		],
		[
			206,
			263
		],
		[
			143,
			182
		],
		[
			15,
			16
		],
		[
			14,
			15
		],
		[
			63,
			236
		],
		[
			74,
			83
		],
		[
			244,
			261
		],
		[
			158,
			261
		],
		[
			29,
			212
		],
		[
			64,
			65
		],
		[
			62,
			64
		],
		[
			65,
			66
		],
		[
			66,
			68
		],
		[
			63,
			64
		],
		[
			214,
			226
		],
		[
			22,
			166
		],
		[
			22,
			98
		],
		[
			59,
			85
		],
		[
			21,
			220
		],
		[
			197,
			255
		],
		[
			68,
			148
		],
		[
			61,
			192
		],
		[
			59,
			221
		],
		[
			59,
			104
		],
		[
			42,
			170
		],
		[
			43,
			170
		],
		[
			42,
			225
		],
		[
			170,
			225
		],
		[
			21,
			198
		],
		[
			163,
			230
		],
		[
			224,
			231
		],
		[
			204,
			231
		],
		[
			223,
			266
		],
		[
			223,
			267
		],
		[
			222,
			223
		],
		[
			169,
			224
		],
		[
			169,
			231
		],
		[
			69,
			133
		],
		[
			200,
			227
		],
		[
			226,
			227
		],
		[
			214,
			227
		],
		[
			87,
			227
		],
		[
			58,
			217
		],
		[
			217,
			221
		],
		[
			102,
			192
		],
		[
			230,
			261
		],
		[
			243,
			261
		],
		[
			231,
			237
		],
		[
			204,
			237
		],
		[
			59,
			217
		],
		[
			59,
			191
		],
		[
			27,
			91
		],
		[
			165,
			231
		],
		[
			165,
			237
		],
		[
			235,
			241
		],
		[
			241,
			247
		],
		[
			235,
			247
		],
		[
			235,
			239
		],
		[
			239,
			247
		],
		[
			60,
			102
		],
		[
			30,
			234
		],
		[
			30,
			147
		],
		[
			128,
			234
		],
		[
			74,
			235
		],
		[
			82,
			153
		],
		[
			139,
			153
		],
		[
			175,
			236
		],
		[
			63,
			175
		],
		[
			115,
			240
		],
		[
			240,
			251
		],
		[
			56,
			251
		],
		[
			103,
			217
		],
		[
			242,
			245
		],
		[
			36,
			242
		],
		[
			36,
			245
		],
		[
			114,
			242
		],
		[
			36,
			114
		],
		[
			66,
			158
		],
		[
			19,
			121
		],
		[
			107,
			121
		],
		[
			27,
			32
		],
		[
			27,
			28
		],
		[
			38,
			201
		],
		[
			39,
			201
		],
		[
			25,
			213
		],
		[
			81,
			178
		],
		[
			81,
			126
		],
		[
			45,
			46
		],
		[
			46,
			53
		],
		[
			162,
			184
		],
		[
			184,
			222
		],
		[
			19,
			20
		],
		[
			20,
			154
		],
		[
			45,
			130
		],
		[
			44,
			130
		],
		[
			243,
			244
		],
		[
			30,
			157
		],
		[
			24,
			210
		],
		[
			24,
			216
		],
		[
			66,
			67
		],
		[
			184,
			223
		],
		[
			119,
			172
		],
		[
			119,
			134
		],
		[
			134,
			172
		],
		[
			23,
			210
		],
		[
			163,
			261
		],
		[
			62,
			261
		],
		[
			24,
			213
		],
		[
			102,
			191
		],
		[
			59,
			102
		],
		[
			33,
			196
		],
		[
			4,
			84
		],
		[
			40,
			170
		],
		[
			40,
			225
		],
		[
			82,
			167
		],
		[
			74,
			100
		],
		[
			83,
			100
		],
		[
			47,
			234
		],
		[
			24,
			25
		],
		[
			56,
			57
		],
		[
			130,
			190
		],
		[
			128,
			212
		],
		[
			86,
			193
		],
		[
			39,
			114
		],
		[
			43,
			130
		],
		[
			130,
			183
		],
		[
			183,
			190
		],
		[
			184,
			188
		],
		[
			184,
			258
		],
		[
			91,
			143
		],
		[
			37,
			159
		],
		[
			159,
			209
		],
		[
			5,
			112
		],
		[
			159,
			211
		],
		[
			118,
			144
		],
		[
			146,
			175
		],
		[
			36,
			37
		],
		[
			36,
			159
		],
		[
			54,
			115
		],
		[
			41,
			170
		],
		[
			40,
			41
		],
		[
			41,
			183
		],
		[
			170,
			183
		],
		[
			35,
			40
		],
		[
			40,
			172
		],
		[
			35,
			172
		],
		[
			114,
			127
		],
		[
			40,
			119
		],
		[
			127,
			225
		],
		[
			40,
			127
		],
		[
			9,
			11
		],
		[
			191,
			192
		],
		[
			61,
			191
		],
		[
			34,
			183
		],
		[
			43,
			183
		],
		[
			114,
			119
		],
		[
			119,
			242
		],
		[
			87,
			193
		],
		[
			67,
			179
		],
		[
			67,
			148
		],
		[
			70,
			202
		],
		[
			202,
			254
		],
		[
			164,
			255
		],
		[
			164,
			202
		],
		[
			76,
			161
		],
		[
			161,
			204
		],
		[
			5,
			111
		],
		[
			66,
			148
		],
		[
			174,
			179
		],
		[
			132,
			135
		],
		[
			202,
			264
		],
		[
			218,
			225
		],
		[
			6,
			156
		],
		[
			160,
			215
		],
		[
			160,
			177
		],
		[
			116,
			176
		],
		[
			106,
			176
		],
		[
			75,
			76
		],
		[
			168,
			235
		],
		[
			168,
			239
		],
		[
			73,
			168
		],
		[
			160,
			168
		],
		[
			134,
			242
		],
		[
			73,
			235
		],
		[
			75,
			161
		],
		[
			75,
			185
		],
		[
			161,
			185
		],
		[
			73,
			74
		],
		[
			95,
			229
		],
		[
			134,
			245
		],
		[
			79,
			124
		],
		[
			80,
			124
		],
		[
			78,
			124
		],
		[
			124,
			136
		],
		[
			126,
			153
		],
		[
			138,
			169
		],
		[
			27,
			143
		],
		[
			124,
			138
		],
		[
			126,
			140
		],
		[
			167,
			175
		],
		[
			119,
			127
		],
		[
			146,
			167
		],
		[
			238,
			246
		],
		[
			100,
			133
		]
	],
	"score": 0.5029585798816568
}