{
	"content_type": "CG_SHOP_2025_Solution",
	"instance_uid": "simple-polygon-exterior-20_40_317d3f6d",
	"steiner_points_x": [
		"48/65",
		"28488/1613",
		53,
		"4415/73",
		"20398/565",
		"2671/229",
		"207/82",
		"87/13",
		"217/17",
		"59/325",
		"14466/1613",
		"302/5",
		"53/2",
		"3417/1066",
		"7857/425",
		33,
		9,
		"94/3",
		33,
		45,
		40,
		17,
		19,
		"595/101",
		50,
		1,
		43,
		"199/325",
		"207/13",
		42,
		"2989/50",
		"221491/3650",
		37,
		35,
		26,
		38,
		26,
		41,
		38,
		"4348/113",
		43,
		56,
		40,
		51,
		52,
		23,
		"5281/229",
		9,
		"1161/233",
		"16803/9553",
		22,
		14,
		15,
		"77/2",
		17,
		"2980/199",
		18,
		12,
		"19330/1613",
		"27218/565",
		"24156/1613",
		"31870/1613"
	],
	"steiner_points_y": [
		"2229/65",
		"14534/1613",
		0,
		"1675/73",
		"34544/565",
		"14880/229",
		"4323/82",
		"760/13",
		"900/17",
		"7887/325",
		"19331/1613",
		"104/5",
		63,
		"62733/1066",
		"20676/425",
		8,
		17,
		"13/3",
		46,
		31,
		42,
		31,
		26,
		"3324/101",
		28,
		32,
		23,
		"10407/325",
		"424/13",
		34,
		"1423/50",
		"103757/3650",
		39,
		26,
		53,
		19,
		30,
		44,
		59,
		"6799/113",
		42,
		33,
		36,
		40,
		15,
		63,
		"14532/229",
		43,
		"10595/233",
		"437817/9553",
		13,
		12,
		10,
		"103/2",
		12,
		"1976/199",
		10,
		11,
		"17667/1613",
		"31754/565",
		"16016/1613",
		"13377/1613"
	],
	"edges": [
		[
			45,
			86
		],
		[
			85,
			86
		],
		[
			45,
			85
		],
		[
			54,
			74
		],
		[
			39,
			54
		],
		[
			39,
			74
		],
		[
			66,
			75
		],
		[
			13,
			66
		],
		[
			13,
			75
		],
		[
			28,
			101
		],
		[
			28,
			57
		],
		[
			57,
			101
		],
		[
			24,
			56
		],
		[
			32,
			56
		],
		[
			24,
			32
		],
		[
			27,
			90
		],
		[
			27,
			55
		],
		[
			55,
			90
		],
		[
			55,
			75
		],
		[
			13,
			55
		],
		[
			25,
			90
		],
		[
			25,
			27
		],
		[
			57,
			90
		],
		[
			55,
			57
		],
		[
			66,
			73
		],
		[
			73,
			75
		],
		[
			26,
			27
		],
		[
			27,
			62
		],
		[
			26,
			62
		],
		[
			91,
			97
		],
		[
			91,
			92
		],
		[
			92,
			97
		],
		[
			37,
			85
		],
		[
			37,
			45
		],
		[
			29,
			97
		],
		[
			29,
			91
		],
		[
			35,
			48
		],
		[
			35,
			37
		],
		[
			37,
			48
		],
		[
			26,
			73
		],
		[
			26,
			75
		],
		[
			3,
			18
		],
		[
			3,
			4
		],
		[
			4,
			18
		],
		[
			97,
			98
		],
		[
			50,
			98
		],
		[
			50,
			97
		],
		[
			23,
			33
		],
		[
			33,
			87
		],
		[
			23,
			87
		],
		[
			2,
			78
		],
		[
			2,
			44
		],
		[
			44,
			78
		],
		[
			10,
			42
		],
		[
			9,
			10
		],
		[
			9,
			42
		],
		[
			36,
			37
		],
		[
			36,
			45
		],
		[
			29,
			50
		],
		[
			35,
			47
		],
		[
			37,
			47
		],
		[
			48,
			54
		],
		[
			39,
			48
		],
		[
			16,
			59
		],
		[
			15,
			16
		],
		[
			15,
			59
		],
		[
			90,
			94
		],
		[
			25,
			94
		],
		[
			0,
			39
		],
		[
			39,
			52
		],
		[
			0,
			52
		],
		[
			29,
			56
		],
		[
			29,
			30
		],
		[
			30,
			56
		],
		[
			31,
			49
		],
		[
			32,
			49
		],
		[
			31,
			32
		],
		[
			7,
			8
		],
		[
			7,
			51
		],
		[
			8,
			51
		],
		[
			37,
			39
		],
		[
			39,
			85
		],
		[
			0,
			1
		],
		[
			1,
			52
		],
		[
			92,
			95
		],
		[
			95,
			97
		],
		[
			36,
			47
		],
		[
			47,
			53
		],
		[
			36,
			53
		],
		[
			34,
			87
		],
		[
			34,
			88
		],
		[
			87,
			88
		],
		[
			3,
			99
		],
		[
			4,
			99
		],
		[
			91,
			94
		],
		[
			92,
			94
		],
		[
			8,
			84
		],
		[
			7,
			84
		],
		[
			22,
			38
		],
		[
			38,
			54
		],
		[
			22,
			54
		],
		[
			11,
			12
		],
		[
			11,
			55
		],
		[
			12,
			55
		],
		[
			31,
			56
		],
		[
			30,
			31
		],
		[
			10,
			11
		],
		[
			11,
			42
		],
		[
			38,
			68
		],
		[
			68,
			87
		],
		[
			38,
			87
		],
		[
			52,
			85
		],
		[
			0,
			2
		],
		[
			1,
			2
		],
		[
			58,
			77
		],
		[
			58,
			93
		],
		[
			77,
			93
		],
		[
			28,
			90
		],
		[
			28,
			96
		],
		[
			90,
			96
		],
		[
			28,
			41
		],
		[
			41,
			101
		],
		[
			25,
			62
		],
		[
			10,
			12
		],
		[
			25,
			29
		],
		[
			25,
			56
		],
		[
			21,
			73
		],
		[
			20,
			21
		],
		[
			20,
			73
		],
		[
			12,
			13
		],
		[
			60,
			80
		],
		[
			60,
			77
		],
		[
			77,
			80
		],
		[
			17,
			59
		],
		[
			59,
			69
		],
		[
			17,
			69
		],
		[
			15,
			73
		],
		[
			15,
			66
		],
		[
			23,
			61
		],
		[
			24,
			61
		],
		[
			23,
			24
		],
		[
			26,
			55
		],
		[
			2,
			58
		],
		[
			2,
			93
		],
		[
			43,
			70
		],
		[
			70,
			71
		],
		[
			43,
			71
		],
		[
			6,
			43
		],
		[
			6,
			70
		],
		[
			60,
			72
		],
		[
			58,
			72
		],
		[
			58,
			60
		],
		[
			16,
			17
		],
		[
			6,
			7
		],
		[
			6,
			51
		],
		[
			21,
			22
		],
		[
			22,
			72
		],
		[
			21,
			72
		],
		[
			46,
			47
		],
		[
			46,
			53
		],
		[
			94,
			96
		],
		[
			92,
			96
		],
		[
			0,
			58
		],
		[
			16,
			64
		],
		[
			16,
			81
		],
		[
			64,
			81
		],
		[
			49,
			65
		],
		[
			32,
			65
		],
		[
			35,
			46
		],
		[
			33,
			63
		],
		[
			40,
			63
		],
		[
			33,
			40
		],
		[
			61,
			62
		],
		[
			24,
			62
		],
		[
			8,
			12
		],
		[
			12,
			84
		],
		[
			41,
			92
		],
		[
			41,
			96
		],
		[
			24,
			25
		],
		[
			6,
			64
		],
		[
			64,
			70
		],
		[
			7,
			64
		],
		[
			35,
			88
		],
		[
			46,
			88
		],
		[
			23,
			68
		],
		[
			61,
			68
		],
		[
			0,
			74
		],
		[
			58,
			74
		],
		[
			92,
			100
		],
		[
			95,
			100
		],
		[
			13,
			84
		],
		[
			13,
			14
		],
		[
			14,
			84
		],
		[
			23,
			63
		],
		[
			15,
			20
		],
		[
			20,
			59
		],
		[
			41,
			100
		],
		[
			8,
			9
		],
		[
			8,
			10
		],
		[
			14,
			15
		],
		[
			14,
			66
		],
		[
			25,
			91
		],
		[
			22,
			74
		],
		[
			63,
			65
		],
		[
			32,
			63
		],
		[
			19,
			69
		],
		[
			17,
			19
		],
		[
			43,
			51
		],
		[
			1,
			44
		],
		[
			14,
			64
		],
		[
			7,
			14
		],
		[
			20,
			82
		],
		[
			69,
			82
		],
		[
			20,
			69
		],
		[
			93,
			99
		],
		[
			78,
			93
		],
		[
			78,
			99
		],
		[
			5,
			70
		],
		[
			5,
			71
		],
		[
			11,
			57
		],
		[
			35,
			87
		],
		[
			70,
			81
		],
		[
			22,
			68
		],
		[
			21,
			76
		],
		[
			22,
			76
		],
		[
			33,
			34
		],
		[
			15,
			64
		],
		[
			95,
			98
		],
		[
			17,
			81
		],
		[
			60,
			82
		],
		[
			80,
			82
		],
		[
			24,
			63
		],
		[
			26,
			76
		],
		[
			73,
			76
		],
		[
			34,
			89
		],
		[
			88,
			89
		],
		[
			17,
			83
		],
		[
			81,
			83
		],
		[
			3,
			93
		],
		[
			46,
			89
		],
		[
			78,
			79
		],
		[
			79,
			99
		],
		[
			18,
			80
		],
		[
			3,
			80
		],
		[
			61,
			76
		],
		[
			22,
			61
		],
		[
			30,
			50
		],
		[
			34,
			40
		],
		[
			3,
			77
		],
		[
			5,
			83
		],
		[
			4,
			83
		],
		[
			4,
			5
		],
		[
			44,
			79
		],
		[
			18,
			83
		],
		[
			40,
			65
		],
		[
			19,
			82
		],
		[
			21,
			82
		],
		[
			72,
			82
		],
		[
			22,
			58
		],
		[
			5,
			81
		],
		[
			65,
			67
		],
		[
			40,
			67
		],
		[
			38,
			48
		],
		[
			62,
			76
		],
		[
			19,
			80
		],
		[
			18,
			19
		],
		[
			35,
			38
		],
		[
			17,
			18
		],
		[
			49,
			67
		],
		[
			52,
			86
		]
	],
	"score": 0.5079365079365079
}