{
	"content_type": "CG_SHOP_2025_Solution",
	"instance_uid": "simple-polygon-exterior-20_40_b9ab4f03",
	"steiner_points_x": [
		1066,
		"2797864975/939506",
		3133,
		371,
		1747,
		"3341/14",
		2633,
		1569,
		3514,
		"340453608/1383317",
		1561,
		"281695998725/397665148",
		948,
		"1069071371/281674",
		2914,
		"2247964477/772253",
		458,
		"16387/5",
		984,
		"8418/5",
		"847525772/215585",
		"615193641/692953",
		"343154945/1383317",
		487,
		2450,
		"1039702153/692953",
		3414,
		"3480687999/1399553",
		"1030251879/520447",
		3006,
		2724,
		2805,
		"314559081/692953",
		686,
		2393,
		"7286/3",
		3332,
		"297622787/1383317",
		372,
		"8620/3",
		"2505569677/772253",
		319,
		"523255430/1399553",
		3248,
		"4067675155/1409259",
		"958164086/1399553",
		"3325673655/939506",
		"1769838505/510317",
		"583939531/162425",
		1143,
		1244,
		"1739211444/1399553",
		"1598090191/1399553",
		"82390060955462/22875449725"
	],
	"steiner_points_y": [
		658,
		"49623013/939506",
		441,
		303,
		746,
		"3187/7",
		1157,
		930,
		1026,
		"458914932/1383317",
		1703,
		"338596645409/994162870",
		1413,
		"97923549/281674",
		1902,
		"1525320116/772253",
		238,
		"9953/5",
		1175,
		"132/5",
		"150762596/215585",
		"1067035597/692953",
		"414247754/1383317",
		420,
		472,
		"1268564239/692953",
		1004,
		"29344476/1399553",
		"12698196/520447",
		540,
		607,
		441,
		"924314137/692953",
		237,
		706,
		"11729/6",
		1844,
		"1167131606/1383317",
		263,
		"548/3",
		"1536175916/772253",
		850,
		"49344020/1399553",
		713,
		"62258219/1409259",
		"46402964/1399553",
		"99395645/939506",
		"1010137750/510317",
		"20211017/162425",
		199,
		223,
		"41121156/1399553",
		"42075484/1399553",
		"543923481624/4575089945"
	],
	"edges": [
		[
			36,
			46
		],
		[
			46,
			74
		],
		[
			36,
			74
		],
		[
			20,
			21
		],
		[
			18,
			21
		],
		[
			18,
			20
		],
		[
			4,
			5
		],
		[
			4,
			6
		],
		[
			5,
			6
		],
		[
			6,
			60
		],
		[
			5,
			60
		],
		[
			25,
			72
		],
		[
			24,
			72
		],
		[
			24,
			25
		],
		[
			28,
			78
		],
		[
			78,
			82
		],
		[
			28,
			82
		],
		[
			29,
			56
		],
		[
			29,
			73
		],
		[
			56,
			73
		],
		[
			12,
			54
		],
		[
			12,
			14
		],
		[
			14,
			54
		],
		[
			26,
			45
		],
		[
			26,
			27
		],
		[
			27,
			45
		],
		[
			10,
			57
		],
		[
			9,
			57
		],
		[
			9,
			10
		],
		[
			15,
			16
		],
		[
			14,
			15
		],
		[
			14,
			16
		],
		[
			6,
			7
		],
		[
			7,
			60
		],
		[
			2,
			86
		],
		[
			2,
			3
		],
		[
			3,
			86
		],
		[
			37,
			38
		],
		[
			37,
			64
		],
		[
			38,
			64
		],
		[
			7,
			9
		],
		[
			9,
			87
		],
		[
			7,
			87
		],
		[
			4,
			53
		],
		[
			5,
			53
		],
		[
			34,
			44
		],
		[
			35,
			44
		],
		[
			34,
			35
		],
		[
			19,
			20
		],
		[
			19,
			40
		],
		[
			20,
			40
		],
		[
			30,
			63
		],
		[
			27,
			30
		],
		[
			27,
			63
		],
		[
			11,
			12
		],
		[
			11,
			66
		],
		[
			12,
			66
		],
		[
			24,
			58
		],
		[
			23,
			58
		],
		[
			23,
			24
		],
		[
			18,
			19
		],
		[
			18,
			47
		],
		[
			19,
			47
		],
		[
			8,
			9
		],
		[
			8,
			87
		],
		[
			23,
			51
		],
		[
			23,
			40
		],
		[
			40,
			51
		],
		[
			33,
			35
		],
		[
			33,
			34
		],
		[
			89,
			92
		],
		[
			89,
			91
		],
		[
			91,
			92
		],
		[
			52,
			65
		],
		[
			52,
			61
		],
		[
			61,
			65
		],
		[
			54,
			75
		],
		[
			55,
			75
		],
		[
			54,
			55
		],
		[
			2,
			88
		],
		[
			3,
			88
		],
		[
			31,
			40
		],
		[
			31,
			51
		],
		[
			20,
			22
		],
		[
			21,
			22
		],
		[
			14,
			17
		],
		[
			14,
			46
		],
		[
			17,
			46
		],
		[
			18,
			50
		],
		[
			16,
			50
		],
		[
			16,
			18
		],
		[
			66,
			83
		],
		[
			4,
			66
		],
		[
			4,
			83
		],
		[
			13,
			66
		],
		[
			12,
			13
		],
		[
			31,
			89
		],
		[
			51,
			89
		],
		[
			32,
			34
		],
		[
			32,
			33
		],
		[
			15,
			50
		],
		[
			50,
			65
		],
		[
			15,
			65
		],
		[
			19,
			32
		],
		[
			32,
			40
		],
		[
			27,
			62
		],
		[
			27,
			43
		],
		[
			43,
			62
		],
		[
			11,
			76
		],
		[
			66,
			76
		],
		[
			29,
			78
		],
		[
			56,
			78
		],
		[
			19,
			34
		],
		[
			35,
			59
		],
		[
			33,
			59
		],
		[
			14,
			75
		],
		[
			29,
			30
		],
		[
			30,
			73
		],
		[
			55,
			80
		],
		[
			54,
			80
		],
		[
			61,
			72
		],
		[
			52,
			72
		],
		[
			8,
			57
		],
		[
			23,
			81
		],
		[
			24,
			81
		],
		[
			51,
			63
		],
		[
			30,
			51
		],
		[
			46,
			70
		],
		[
			70,
			74
		],
		[
			26,
			63
		],
		[
			35,
			38
		],
		[
			35,
			37
		],
		[
			36,
			44
		],
		[
			36,
			37
		],
		[
			37,
			44
		],
		[
			10,
			11
		],
		[
			10,
			76
		],
		[
			1,
			42
		],
		[
			2,
			42
		],
		[
			1,
			2
		],
		[
			38,
			39
		],
		[
			39,
			64
		],
		[
			31,
			90
		],
		[
			89,
			90
		],
		[
			22,
			40
		],
		[
			35,
			68
		],
		[
			59,
			68
		],
		[
			38,
			67
		],
		[
			39,
			67
		],
		[
			13,
			70
		],
		[
			13,
			46
		],
		[
			64,
			70
		],
		[
			64,
			74
		],
		[
			11,
			54
		],
		[
			70,
			71
		],
		[
			64,
			71
		],
		[
			31,
			33
		],
		[
			33,
			90
		],
		[
			88,
			93
		],
		[
			3,
			93
		],
		[
			13,
			83
		],
		[
			69,
			83
		],
		[
			13,
			69
		],
		[
			23,
			63
		],
		[
			23,
			26
		],
		[
			21,
			50
		],
		[
			21,
			52
		],
		[
			50,
			52
		],
		[
			38,
			68
		],
		[
			67,
			68
		],
		[
			27,
			49
		],
		[
			45,
			49
		],
		[
			15,
			75
		],
		[
			31,
			32
		],
		[
			17,
			18
		],
		[
			17,
			47
		],
		[
			2,
			41
		],
		[
			41,
			86
		],
		[
			25,
			81
		],
		[
			10,
			54
		],
		[
			0,
			39
		],
		[
			0,
			67
		],
		[
			0,
			79
		],
		[
			79,
			84
		],
		[
			0,
			84
		],
		[
			62,
			78
		],
		[
			28,
			62
		],
		[
			30,
			43
		],
		[
			29,
			43
		],
		[
			16,
			17
		],
		[
			17,
			44
		],
		[
			17,
			36
		],
		[
			52,
			58
		],
		[
			21,
			58
		],
		[
			49,
			62
		],
		[
			39,
			71
		],
		[
			71,
			79
		],
		[
			39,
			79
		],
		[
			12,
			46
		],
		[
			1,
			41
		],
		[
			56,
			82
		],
		[
			34,
			47
		],
		[
			77,
			81
		],
		[
			45,
			81
		],
		[
			45,
			77
		],
		[
			37,
			74
		],
		[
			22,
			23
		],
		[
			41,
			79
		],
		[
			41,
			84
		],
		[
			1,
			79
		],
		[
			4,
			48
		],
		[
			6,
			48
		],
		[
			9,
			76
		],
		[
			43,
			78
		],
		[
			69,
			71
		],
		[
			1,
			69
		],
		[
			1,
			71
		],
		[
			2,
			4
		],
		[
			4,
			88
		],
		[
			69,
			70
		],
		[
			7,
			76
		],
		[
			4,
			42
		],
		[
			51,
			73
		],
		[
			73,
			89
		],
		[
			48,
			66
		],
		[
			26,
			81
		],
		[
			22,
			58
		],
		[
			44,
			47
		],
		[
			24,
			52
		],
		[
			53,
			88
		],
		[
			53,
			93
		],
		[
			90,
			91
		],
		[
			85,
			89
		],
		[
			85,
			92
		],
		[
			7,
			48
		],
		[
			48,
			76
		],
		[
			59,
			90
		],
		[
			59,
			91
		],
		[
			56,
			85
		],
		[
			82,
			85
		],
		[
			73,
			85
		],
		[
			25,
			77
		],
		[
			10,
			80
		],
		[
			57,
			80
		],
		[
			42,
			69
		],
		[
			42,
			83
		]
	],
	"score": 0.509090909090909
}