{
	"content_type": "CG_SHOP_2025_Solution",
	"instance_uid": "point-set_80_9a8373fb",
	"steiner_points_x": [
		0,
		7650,
		370,
		0,
		0,
		7650,
		599,
		401,
		400,
		0,
		7649,
		600,
		266,
		7650,
		8250,
		0,
		7939,
		7651,
		0,
		0,
		200,
		7650,
		7649,
		7660,
		8150,
		8250,
		0,
		0,
		8250,
		180,
		7650,
		8090,
		8250,
		7890,
		7850,
		512
	],
	"steiner_points_y": [
		4000,
		5793,
		1544,
		2500,
		950,
		1500,
		4001,
		5801,
		6583,
		4900,
		6600,
		6576,
		3300,
		4900,
		2218,
		"9500/3",
		4087,
		701,
		6615,
		750,
		1544,
		3999,
		2301,
		2630,
		4999,
		4333,
		5800,
		1566,
		655,
		140,
		0,
		120,
		4999,
		6720,
		200,
		750
	],
	"edges": [
		[
			29,
			88
		],
		[
			28,
			88
		],
		[
			28,
			29
		],
		[
			59,
			76
		],
		[
			3,
			59
		],
		[
			3,
			76
		],
		[
			12,
			55
		],
		[
			37,
			55
		],
		[
			12,
			37
		],
		[
			33,
			36
		],
		[
			33,
			47
		],
		[
			36,
			47
		],
		[
			35,
			55
		],
		[
			55,
			81
		],
		[
			35,
			81
		],
		[
			60,
			92
		],
		[
			60,
			68
		],
		[
			68,
			92
		],
		[
			58,
			88
		],
		[
			45,
			58
		],
		[
			45,
			88
		],
		[
			65,
			75
		],
		[
			65,
			66
		],
		[
			66,
			75
		],
		[
			18,
			77
		],
		[
			27,
			77
		],
		[
			18,
			27
		],
		[
			68,
			86
		],
		[
			36,
			68
		],
		[
			36,
			86
		],
		[
			59,
			101
		],
		[
			59,
			86
		],
		[
			86,
			101
		],
		[
			11,
			115
		],
		[
			5,
			115
		],
		[
			5,
			11
		],
		[
			6,
			111
		],
		[
			48,
			111
		],
		[
			6,
			48
		],
		[
			43,
			63
		],
		[
			44,
			63
		],
		[
			43,
			44
		],
		[
			84,
			100
		],
		[
			17,
			100
		],
		[
			17,
			84
		],
		[
			78,
			99
		],
		[
			50,
			99
		],
		[
			50,
			78
		],
		[
			2,
			68
		],
		[
			68,
			80
		],
		[
			2,
			80
		],
		[
			20,
			101
		],
		[
			30,
			101
		],
		[
			20,
			30
		],
		[
			49,
			64
		],
		[
			64,
			110
		],
		[
			49,
			110
		],
		[
			50,
			67
		],
		[
			64,
			67
		],
		[
			50,
			64
		],
		[
			39,
			61
		],
		[
			39,
			97
		],
		[
			61,
			97
		],
		[
			63,
			69
		],
		[
			44,
			69
		],
		[
			9,
			66
		],
		[
			66,
			87
		],
		[
			9,
			87
		],
		[
			50,
			115
		],
		[
			67,
			115
		],
		[
			13,
			64
		],
		[
			13,
			110
		],
		[
			1,
			21
		],
		[
			1,
			22
		],
		[
			21,
			22
		],
		[
			45,
			65
		],
		[
			65,
			106
		],
		[
			45,
			106
		],
		[
			97,
			114
		],
		[
			13,
			114
		],
		[
			13,
			97
		],
		[
			51,
			75
		],
		[
			51,
			65
		],
		[
			6,
			32
		],
		[
			32,
			108
		],
		[
			6,
			108
		],
		[
			110,
			114
		],
		[
			48,
			114
		],
		[
			48,
			110
		],
		[
			2,
			33
		],
		[
			2,
			16
		],
		[
			16,
			33
		],
		[
			10,
			12
		],
		[
			12,
			71
		],
		[
			10,
			71
		],
		[
			65,
			87
		],
		[
			2,
			36
		],
		[
			5,
			99
		],
		[
			5,
			50
		],
		[
			13,
			67
		],
		[
			0,
			21
		],
		[
			0,
			1
		],
		[
			21,
			73
		],
		[
			0,
			73
		],
		[
			39,
			85
		],
		[
			39,
			63
		],
		[
			63,
			85
		],
		[
			54,
			69
		],
		[
			62,
			69
		],
		[
			54,
			62
		],
		[
			88,
			98
		],
		[
			8,
			98
		],
		[
			8,
			88
		],
		[
			73,
			104
		],
		[
			21,
			104
		],
		[
			50,
			109
		],
		[
			78,
			109
		],
		[
			31,
			85
		],
		[
			31,
			39
		],
		[
			1,
			10
		],
		[
			1,
			12
		],
		[
			44,
			54
		],
		[
			63,
			82
		],
		[
			69,
			82
		],
		[
			17,
			82
		],
		[
			11,
			82
		],
		[
			11,
			17
		],
		[
			38,
			85
		],
		[
			31,
			38
		],
		[
			9,
			81
		],
		[
			23,
			81
		],
		[
			9,
			23
		],
		[
			77,
			101
		],
		[
			96,
			101
		],
		[
			77,
			96
		],
		[
			33,
			75
		],
		[
			33,
			66
		],
		[
			43,
			102
		],
		[
			15,
			102
		],
		[
			15,
			43
		],
		[
			76,
			92
		],
		[
			59,
			92
		],
		[
			70,
			96
		],
		[
			70,
			77
		],
		[
			76,
			79
		],
		[
			40,
			76
		],
		[
			40,
			79
		],
		[
			40,
			102
		],
		[
			15,
			40
		],
		[
			67,
			97
		],
		[
			61,
			67
		],
		[
			3,
			101
		],
		[
			27,
			70
		],
		[
			3,
			103
		],
		[
			76,
			103
		],
		[
			54,
			79
		],
		[
			54,
			76
		],
		[
			4,
			70
		],
		[
			4,
			105
		],
		[
			70,
			105
		],
		[
			4,
			73
		],
		[
			73,
			105
		],
		[
			44,
			79
		],
		[
			79,
			102
		],
		[
			44,
			102
		],
		[
			3,
			77
		],
		[
			77,
			103
		],
		[
			1,
			55
		],
		[
			20,
			46
		],
		[
			46,
			101
		],
		[
			61,
			115
		],
		[
			11,
			61
		],
		[
			6,
			26
		],
		[
			26,
			111
		],
		[
			14,
			38
		],
		[
			14,
			31
		],
		[
			88,
			91
		],
		[
			58,
			91
		],
		[
			73,
			93
		],
		[
			0,
			93
		],
		[
			23,
			47
		],
		[
			19,
			47
		],
		[
			19,
			23
		],
		[
			26,
			108
		],
		[
			30,
			86
		],
		[
			30,
			36
		],
		[
			100,
			107
		],
		[
			84,
			107
		],
		[
			20,
			73
		],
		[
			46,
			73
		],
		[
			10,
			22
		],
		[
			1,
			81
		],
		[
			0,
			81
		],
		[
			24,
			74
		],
		[
			18,
			24
		],
		[
			18,
			74
		],
		[
			56,
			76
		],
		[
			56,
			92
		],
		[
			35,
			87
		],
		[
			58,
			87
		],
		[
			35,
			58
		],
		[
			51,
			106
		],
		[
			86,
			92
		],
		[
			32,
			42
		],
		[
			42,
			108
		],
		[
			20,
			93
		],
		[
			58,
			65
		],
		[
			37,
			90
		],
		[
			41,
			90
		],
		[
			37,
			41
		],
		[
			90,
			91
		],
		[
			29,
			91
		],
		[
			29,
			90
		],
		[
			8,
			28
		],
		[
			0,
			23
		],
		[
			9,
			35
		],
		[
			14,
			53
		],
		[
			7,
			14
		],
		[
			7,
			53
		],
		[
			24,
			103
		],
		[
			18,
			103
		],
		[
			35,
			91
		],
		[
			55,
			91
		],
		[
			55,
			90
		],
		[
			61,
			63
		],
		[
			11,
			63
		],
		[
			29,
			41
		],
		[
			14,
			94
		],
		[
			14,
			15
		],
		[
			15,
			94
		],
		[
			84,
			99
		],
		[
			17,
			99
		],
		[
			23,
			93
		],
		[
			31,
			53
		],
		[
			37,
			71
		],
		[
			34,
			42
		],
		[
			34,
			53
		],
		[
			42,
			53
		],
		[
			54,
			56
		],
		[
			54,
			83
		],
		[
			56,
			83
		],
		[
			5,
			17
		],
		[
			32,
			39
		],
		[
			32,
			97
		],
		[
			82,
			100
		],
		[
			31,
			34
		],
		[
			4,
			96
		],
		[
			62,
			83
		],
		[
			6,
			114
		],
		[
			33,
			89
		],
		[
			75,
			89
		],
		[
			47,
			93
		],
		[
			32,
			114
		],
		[
			56,
			95
		],
		[
			92,
			95
		],
		[
			46,
			96
		],
		[
			4,
			46
		],
		[
			62,
			100
		],
		[
			62,
			107
		],
		[
			8,
			52
		],
		[
			52,
			98
		],
		[
			7,
			94
		],
		[
			47,
			66
		],
		[
			34,
			39
		],
		[
			32,
			34
		],
		[
			37,
			113
		],
		[
			41,
			113
		],
		[
			71,
			113
		],
		[
			24,
			40
		],
		[
			15,
			24
		],
		[
			38,
			43
		],
		[
			43,
			85
		],
		[
			15,
			38
		],
		[
			24,
			94
		],
		[
			30,
			93
		],
		[
			74,
			94
		],
		[
			83,
			95
		],
		[
			45,
			98
		],
		[
			45,
			57
		],
		[
			57,
			98
		],
		[
			104,
			112
		],
		[
			25,
			104
		],
		[
			25,
			112
		],
		[
			51,
			89
		],
		[
			40,
			103
		],
		[
			62,
			82
		],
		[
			21,
			25
		],
		[
			57,
			106
		],
		[
			16,
			89
		],
		[
			49,
			50
		],
		[
			16,
			80
		],
		[
			104,
			105
		],
		[
			105,
			112
		],
		[
			9,
			19
		],
		[
			19,
			66
		],
		[
			62,
			72
		],
		[
			72,
			83
		],
		[
			60,
			80
		],
		[
			49,
			109
		],
		[
			30,
			47
		],
		[
			22,
			25
		],
		[
			60,
			95
		],
		[
			72,
			107
		]
	],
	"score": 0.5135135135135135
}