{
	"content_type": "CG_SHOP_2025_Solution",
	"instance_uid": "point-set_100_dd67678e",
	"steiner_points_x": [
		1298,
		"7919/7",
		2938,
		"11056/5",
		2219,
		"18737/22",
		"883817/290",
		1024,
		1357,
		2204,
		1842,
		2845,
		2081,
		2342,
		"890721/290",
		2096,
		2150,
		"1930/3",
		764,
		2531,
		"875561/290",
		1858,
		528,
		"881651/290",
		98,
		2259,
		2044,
		859,
		756,
		1551,
		859,
		992,
		1131,
		2157,
		1226,
		438,
		2500,
		2067,
		1168,
		2569,
		846,
		1843,
		433,
		"885543/290",
		663,
		1544,
		1160,
		2159,
		686,
		1394,
		2309,
		1519,
		2803,
		885,
		661,
		205,
		1228,
		512,
		2081,
		2298,
		2313,
		962,
		2044,
		1581,
		2853,
		"17322/7",
		328,
		"218443/134",
		1302,
		2387,
		213,
		2340,
		2362,
		1476,
		1270,
		2307,
		2866,
		921,
		2906,
		668,
		2379,
		1732,
		2343,
		"145761/115",
		2362,
		2833,
		2110,
		1920,
		572,
		1773,
		811,
		"4537959/58565",
		"783041/11713",
		1773,
		2205,
		2188,
		2277,
		2440,
		2560,
		2387,
		445,
		1940,
		2111,
		1939,
		2985,
		2290,
		"9813207/58565",
		2377,
		1523,
		669,
		1988,
		1959,
		2762,
		1417,
		1470,
		1715,
		2235,
		693,
		692,
		1366,
		2402,
		"277/3",
		"528813/5626",
		1160,
		140,
		221,
		691,
		2345,
		1487,
		2289,
		2276,
		2234,
		405,
		1551,
		"112885/901"
	],
	"steiner_points_y": [
		466,
		69,
		859,
		69,
		648,
		69,
		"214031/290",
		993,
		745,
		161,
		495,
		853,
		1276,
		245,
		"96663/290",
		1096,
		1276,
		69,
		188,
		1231,
		"354383/290",
		823,
		69,
		"250853/290",
		111,
		788,
		69,
		583,
		69,
		172,
		282,
		370,
		137,
		504,
		974,
		1173,
		187,
		130,
		136,
		1276,
		712,
		1276,
		1276,
		"184689/290",
		226,
		724,
		83,
		330,
		761,
		736,
		760,
		1276,
		630,
		898,
		692,
		1276,
		1276,
		1276,
		1244,
		684,
		178,
		1083,
		263,
		702,
		715,
		69,
		134,
		69,
		132,
		69,
		147,
		707,
		69,
		728,
		981,
		233,
		1276,
		1276,
		317,
		518,
		218,
		69,
		219,
		69,
		169,
		1213,
		138,
		1024,
		1102,
		1255,
		169,
		"13451557/58565",
		"1325914/11713",
		1276,
		139,
		384,
		634,
		205,
		905,
		1007,
		1224,
		615,
		69,
		633,
		310,
		69,
		"71239501/58565",
		243,
		1053,
		69,
		865,
		724,
		83,
		69,
		1054,
		1001,
		293,
		695,
		231,
		480,
		141,
		"1177/3",
		"397121/5626",
		69,
		752,
		213,
		219,
		629,
		169,
		622,
		622,
		512,
		524,
		69,
		"678762/901"
	],
	"edges": [
		[
			64,
			110
		],
		[
			36,
			64
		],
		[
			36,
			110
		],
		[
			138,
			183
		],
		[
			146,
			183
		],
		[
			138,
			146
		],
		[
			109,
			186
		],
		[
			109,
			194
		],
		[
			186,
			194
		],
		[
			45,
			136
		],
		[
			60,
			136
		],
		[
			45,
			60
		],
		[
			22,
			134
		],
		[
			92,
			134
		],
		[
			22,
			92
		],
		[
			3,
			58
		],
		[
			3,
			86
		],
		[
			58,
			86
		],
		[
			191,
			225
		],
		[
			170,
			225
		],
		[
			170,
			191
		],
		[
			124,
			191
		],
		[
			124,
			192
		],
		[
			191,
			192
		],
		[
			69,
			132
		],
		[
			69,
			138
		],
		[
			132,
			138
		],
		[
			165,
			220
		],
		[
			45,
			220
		],
		[
			45,
			165
		],
		[
			67,
			162
		],
		[
			147,
			162
		],
		[
			67,
			147
		],
		[
			62,
			179
		],
		[
			127,
			179
		],
		[
			62,
			127
		],
		[
			145,
			163
		],
		[
			18,
			163
		],
		[
			18,
			145
		],
		[
			69,
			94
		],
		[
			94,
			138
		],
		[
			147,
			216
		],
		[
			67,
			216
		],
		[
			1,
			166
		],
		[
			63,
			166
		],
		[
			1,
			63
		],
		[
			11,
			170
		],
		[
			11,
			124
		],
		[
			124,
			170
		],
		[
			81,
			221
		],
		[
			81,
			191
		],
		[
			191,
			221
		],
		[
			38,
			102
		],
		[
			102,
			106
		],
		[
			38,
			106
		],
		[
			43,
			164
		],
		[
			38,
			164
		],
		[
			38,
			43
		],
		[
			17,
			96
		],
		[
			17,
			63
		],
		[
			63,
			96
		],
		[
			7,
			227
		],
		[
			73,
			227
		],
		[
			7,
			73
		],
		[
			68,
			213
		],
		[
			168,
			213
		],
		[
			68,
			168
		],
		[
			50,
			229
		],
		[
			31,
			229
		],
		[
			31,
			50
		],
		[
			54,
			104
		],
		[
			54,
			201
		],
		[
			104,
			201
		],
		[
			50,
			230
		],
		[
			229,
			230
		],
		[
			51,
			214
		],
		[
			51,
			151
		],
		[
			151,
			214
		],
		[
			39,
			199
		],
		[
			39,
			119
		],
		[
			119,
			199
		],
		[
			133,
			231
		],
		[
			54,
			133
		],
		[
			54,
			231
		],
		[
			111,
			198
		],
		[
			57,
			111
		],
		[
			57,
			198
		],
		[
			196,
			229
		],
		[
			196,
			230
		],
		[
			201,
			203
		],
		[
			104,
			203
		],
		[
			187,
			215
		],
		[
			121,
			187
		],
		[
			121,
			215
		],
		[
			54,
			230
		],
		[
			54,
			196
		],
		[
			37,
			67
		],
		[
			37,
			216
		],
		[
			133,
			201
		],
		[
			22,
			107
		],
		[
			107,
			134
		],
		[
			64,
			133
		],
		[
			64,
			201
		],
		[
			182,
			184
		],
		[
			160,
			184
		],
		[
			160,
			182
		],
		[
			175,
			182
		],
		[
			113,
			175
		],
		[
			113,
			182
		],
		[
			27,
			81
		],
		[
			27,
			225
		],
		[
			81,
			225
		],
		[
			178,
			204
		],
		[
			43,
			178
		],
		[
			43,
			204
		],
		[
			89,
			207
		],
		[
			113,
			207
		],
		[
			89,
			113
		],
		[
			47,
			188
		],
		[
			30,
			47
		],
		[
			30,
			188
		],
		[
			34,
			180
		],
		[
			180,
			207
		],
		[
			34,
			207
		],
		[
			4,
			179
		],
		[
			4,
			127
		],
		[
			65,
			175
		],
		[
			65,
			113
		],
		[
			84,
			119
		],
		[
			84,
			199
		],
		[
			180,
			182
		],
		[
			182,
			207
		],
		[
			49,
			194
		],
		[
			49,
			103
		],
		[
			103,
			194
		],
		[
			33,
			180
		],
		[
			33,
			34
		],
		[
			59,
			79
		],
		[
			59,
			176
		],
		[
			79,
			176
		],
		[
			33,
			184
		],
		[
			180,
			184
		],
		[
			173,
			214
		],
		[
			208,
			214
		],
		[
			173,
			208
		],
		[
			61,
			188
		],
		[
			47,
			61
		],
		[
			20,
			189
		],
		[
			189,
			193
		],
		[
			20,
			193
		],
		[
			67,
			186
		],
		[
			67,
			109
		],
		[
			70,
			115
		],
		[
			70,
			158
		],
		[
			115,
			158
		],
		[
			41,
			190
		],
		[
			14,
			190
		],
		[
			14,
			41
		],
		[
			151,
			189
		],
		[
			151,
			193
		],
		[
			61,
			200
		],
		[
			72,
			200
		],
		[
			61,
			72
		],
		[
			102,
			123
		],
		[
			102,
			120
		],
		[
			120,
			123
		],
		[
			79,
			102
		],
		[
			79,
			120
		],
		[
			57,
			74
		],
		[
			57,
			152
		],
		[
			74,
			152
		],
		[
			115,
			125
		],
		[
			115,
			199
		],
		[
			125,
			199
		],
		[
			13,
			55
		],
		[
			13,
			18
		],
		[
			18,
			55
		],
		[
			49,
			160
		],
		[
			78,
			160
		],
		[
			49,
			78
		],
		[
			17,
			122
		],
		[
			17,
			117
		],
		[
			117,
			122
		],
		[
			100,
			219
		],
		[
			58,
			100
		],
		[
			58,
			219
		],
		[
			16,
			66
		],
		[
			6,
			66
		],
		[
			6,
			16
		],
		[
			110,
			201
		],
		[
			24,
			88
		],
		[
			88,
			159
		],
		[
			24,
			159
		],
		[
			51,
			107
		],
		[
			51,
			134
		],
		[
			3,
			92
		],
		[
			3,
			22
		],
		[
			102,
			111
		],
		[
			79,
			111
		],
		[
			51,
			77
		],
		[
			77,
			156
		],
		[
			51,
			156
		],
		[
			145,
			215
		],
		[
			145,
			208
		],
		[
			208,
			215
		],
		[
			129,
			228
		],
		[
			19,
			228
		],
		[
			19,
			129
		],
		[
			94,
			168
		],
		[
			138,
			168
		],
		[
			14,
			130
		],
		[
			41,
			130
		],
		[
			36,
			55
		],
		[
			55,
			110
		],
		[
			15,
			207
		],
		[
			15,
			34
		],
		[
			57,
			171
		],
		[
			171,
			198
		],
		[
			39,
			115
		],
		[
			119,
			139
		],
		[
			40,
			119
		],
		[
			40,
			139
		],
		[
			93,
			127
		],
		[
			127,
			131
		],
		[
			93,
			131
		],
		[
			39,
			40
		],
		[
			39,
			158
		],
		[
			17,
			25
		],
		[
			17,
			144
		],
		[
			25,
			144
		],
		[
			104,
			211
		],
		[
			203,
			211
		],
		[
			85,
			91
		],
		[
			91,
			222
		],
		[
			85,
			222
		],
		[
			14,
			118
		],
		[
			42,
			118
		],
		[
			14,
			42
		],
		[
			59,
			185
		],
		[
			139,
			185
		],
		[
			59,
			139
		],
		[
			41,
			105
		],
		[
			105,
			190
		],
		[
			26,
			129
		],
		[
			19,
			26
		],
		[
			101,
			132
		],
		[
			101,
			105
		],
		[
			105,
			132
		],
		[
			46,
			62
		],
		[
			35,
			46
		],
		[
			35,
			62
		],
		[
			125,
			150
		],
		[
			150,
			199
		],
		[
			25,
			117
		],
		[
			130,
			132
		],
		[
			41,
			132
		],
		[
			108,
			214
		],
		[
			108,
			174
		],
		[
			174,
			214
		],
		[
			129,
			167
		],
		[
			56,
			129
		],
		[
			56,
			167
		],
		[
			69,
			100
		],
		[
			28,
			100
		],
		[
			28,
			69
		],
		[
			90,
			218
		],
		[
			46,
			218
		],
		[
			46,
			90
		],
		[
			78,
			184
		],
		[
			10,
			184
		],
		[
			10,
			78
		],
		[
			129,
			233
		],
		[
			228,
			233
		],
		[
			15,
			74
		],
		[
			15,
			23
		],
		[
			23,
			74
		],
		[
			74,
			227
		],
		[
			23,
			227
		],
		[
			68,
			228
		],
		[
			213,
			228
		],
		[
			51,
			161
		],
		[
			77,
			161
		],
		[
			63,
			122
		],
		[
			151,
			156
		],
		[
			24,
			196
		],
		[
			24,
			73
		],
		[
			73,
			196
		],
		[
			131,
			132
		],
		[
			69,
			131
		],
		[
			230,
			231
		],
		[
			88,
			104
		],
		[
			24,
			104
		],
		[
			13,
			66
		],
		[
			6,
			13
		],
		[
			19,
			55
		],
		[
			26,
			55
		],
		[
			162,
			186
		],
		[
			56,
			137
		],
		[
			56,
			162
		],
		[
			137,
			162
		],
		[
			28,
			219
		],
		[
			6,
			19
		],
		[
			13,
			19
		],
		[
			7,
			74
		],
		[
			99,
			210
		],
		[
			210,
			211
		],
		[
			99,
			211
		],
		[
			111,
			164
		],
		[
			38,
			111
		],
		[
			127,
			140
		],
		[
			75,
			140
		],
		[
			75,
			127
		],
		[
			16,
			58
		],
		[
			6,
			58
		],
		[
			61,
			157
		],
		[
			72,
			157
		],
		[
			3,
			75
		],
		[
			22,
			75
		],
		[
			47,
			157
		],
		[
			27,
			96
		],
		[
			27,
			83
		],
		[
			83,
			96
		],
		[
			71,
			195
		],
		[
			71,
			216
		],
		[
			195,
			216
		],
		[
			144,
			226
		],
		[
			25,
			226
		],
		[
			32,
			36
		],
		[
			32,
			55
		],
		[
			31,
			71
		],
		[
			50,
			71
		],
		[
			65,
			89
		],
		[
			31,
			65
		],
		[
			31,
			89
		],
		[
			37,
			175
		],
		[
			160,
			175
		],
		[
			37,
			160
		],
		[
			23,
			89
		],
		[
			15,
			89
		],
		[
			95,
			163
		],
		[
			18,
			95
		],
		[
			65,
			71
		],
		[
			32,
			129
		],
		[
			32,
			56
		],
		[
			118,
			128
		],
		[
			118,
			190
		],
		[
			128,
			190
		],
		[
			70,
			141
		],
		[
			141,
			158
		],
		[
			20,
			70
		],
		[
			20,
			141
		],
		[
			95,
			121
		],
		[
			99,
			121
		],
		[
			95,
			99
		],
		[
			75,
			131
		],
		[
			69,
			75
		],
		[
			50,
			195
		],
		[
			195,
			231
		],
		[
			50,
			231
		],
		[
			92,
			174
		],
		[
			92,
			108
		],
		[
			26,
			32
		],
		[
			104,
			196
		],
		[
			136,
			212
		],
		[
			60,
			212
		],
		[
			49,
			109
		],
		[
			5,
			114
		],
		[
			12,
			114
		],
		[
			5,
			12
		],
		[
			133,
			195
		],
		[
			64,
			195
		],
		[
			163,
			215
		],
		[
			121,
			163
		],
		[
			218,
			226
		],
		[
			42,
			218
		],
		[
			42,
			226
		],
		[
			3,
			100
		],
		[
			189,
			208
		],
		[
			189,
			215
		],
		[
			52,
			226
		],
		[
			25,
			52
		],
		[
			46,
			83
		],
		[
			46,
			144
		],
		[
			83,
			144
		],
		[
			82,
			152
		],
		[
			74,
			82
		],
		[
			68,
			94
		],
		[
			130,
			131
		],
		[
			93,
			130
		],
		[
			53,
			68
		],
		[
			28,
			68
		],
		[
			28,
			53
		],
		[
			28,
			94
		],
		[
			73,
			159
		],
		[
			18,
			66
		],
		[
			66,
			145
		],
		[
			44,
			188
		],
		[
			148,
			188
		],
		[
			44,
			148
		],
		[
			108,
			149
		],
		[
			86,
			149
		],
		[
			86,
			108
		],
		[
			86,
			92
		],
		[
			0,
			170
		],
		[
			0,
			11
		],
		[
			53,
			228
		],
		[
			36,
			56
		],
		[
			70,
			189
		],
		[
			140,
			217
		],
		[
			127,
			217
		],
		[
			27,
			35
		],
		[
			35,
			83
		],
		[
			62,
			93
		],
		[
			30,
			77
		],
		[
			30,
			177
		],
		[
			77,
			177
		],
		[
			35,
			232
		],
		[
			27,
			232
		],
		[
			148,
			154
		],
		[
			44,
			154
		],
		[
			27,
			166
		],
		[
			166,
			225
		],
		[
			2,
			179
		],
		[
			2,
			4
		],
		[
			8,
			179
		],
		[
			2,
			8
		],
		[
			8,
			44
		],
		[
			2,
			44
		],
		[
			23,
			31
		],
		[
			49,
			205
		],
		[
			78,
			205
		],
		[
			73,
			229
		],
		[
			227,
			229
		],
		[
			186,
			202
		],
		[
			137,
			202
		],
		[
			137,
			186
		],
		[
			147,
			195
		],
		[
			64,
			147
		],
		[
			34,
			197
		],
		[
			33,
			197
		],
		[
			45,
			197
		],
		[
			33,
			45
		],
		[
			142,
			200
		],
		[
			72,
			142
		],
		[
			150,
			198
		],
		[
			150,
			171
		],
		[
			185,
			198
		],
		[
			111,
			185
		],
		[
			79,
			185
		],
		[
			48,
			203
		],
		[
			48,
			201
		],
		[
			55,
			95
		],
		[
			84,
			198
		],
		[
			84,
			185
		],
		[
			97,
			200
		],
		[
			97,
			142
		],
		[
			22,
			140
		],
		[
			95,
			110
		],
		[
			114,
			204
		],
		[
			43,
			114
		],
		[
			88,
			211
		],
		[
			33,
			220
		],
		[
			15,
			197
		],
		[
			70,
			215
		],
		[
			126,
			137
		],
		[
			56,
			126
		],
		[
			151,
			208
		],
		[
			88,
			210
		],
		[
			99,
			203
		],
		[
			48,
			99
		],
		[
			71,
			175
		],
		[
			21,
			212
		],
		[
			178,
			212
		],
		[
			21,
			178
		],
		[
			85,
			192
		],
		[
			91,
			192
		],
		[
			1,
			122
		],
		[
			112,
			141
		],
		[
			112,
			158
		],
		[
			2,
			154
		],
		[
			4,
			154
		],
		[
			134,
			174
		],
		[
			140,
			148
		],
		[
			148,
			153
		],
		[
			140,
			153
		],
		[
			52,
			209
		],
		[
			25,
			209
		],
		[
			22,
			153
		],
		[
			107,
			153
		],
		[
			149,
			214
		],
		[
			0,
			166
		],
		[
			0,
			1
		],
		[
			75,
			100
		],
		[
			154,
			217
		],
		[
			4,
			217
		],
		[
			6,
			219
		],
		[
			166,
			170
		],
		[
			144,
			218
		],
		[
			117,
			209
		],
		[
			42,
			90
		],
		[
			105,
			128
		],
		[
			76,
			79
		],
		[
			76,
			176
		],
		[
			51,
			174
		],
		[
			56,
			181
		],
		[
			167,
			181
		],
		[
			57,
			164
		],
		[
			152,
			164
		],
		[
			82,
			212
		],
		[
			82,
			178
		],
		[
			31,
			227
		],
		[
			7,
			171
		],
		[
			7,
			57
		],
		[
			61,
			135
		],
		[
			135,
			200
		],
		[
			10,
			169
		],
		[
			10,
			220
		],
		[
			169,
			220
		],
		[
			29,
			112
		],
		[
			29,
			158
		],
		[
			10,
			33
		],
		[
			84,
			139
		],
		[
			70,
			187
		],
		[
			97,
			135
		],
		[
			98,
			221
		],
		[
			221,
			224
		],
		[
			98,
			224
		],
		[
			82,
			136
		],
		[
			76,
			120
		],
		[
			194,
			202
		],
		[
			8,
			232
		],
		[
			8,
			35
		],
		[
			97,
			224
		],
		[
			97,
			98
		],
		[
			125,
			210
		],
		[
			115,
			210
		],
		[
			43,
			82
		],
		[
			43,
			143
		],
		[
			114,
			143
		],
		[
			96,
			144
		],
		[
			73,
			171
		],
		[
			159,
			171
		],
		[
			187,
			210
		],
		[
			115,
			187
		],
		[
			66,
			173
		],
		[
			16,
			173
		],
		[
			62,
			90
		],
		[
			126,
			181
		],
		[
			64,
			162
		],
		[
			121,
			210
		],
		[
			38,
			143
		],
		[
			88,
			150
		],
		[
			88,
			125
		],
		[
			97,
			155
		],
		[
			80,
			97
		],
		[
			80,
			155
		],
		[
			11,
			91
		],
		[
			11,
			222
		],
		[
			30,
			161
		],
		[
			161,
			188
		],
		[
			175,
			216
		],
		[
			15,
			136
		],
		[
			15,
			82
		],
		[
			8,
			98
		],
		[
			44,
			98
		],
		[
			90,
			130
		],
		[
			90,
			93
		],
		[
			198,
			199
		],
		[
			91,
			124
		],
		[
			150,
			159
		],
		[
			149,
			173
		],
		[
			36,
			162
		],
		[
			107,
			161
		],
		[
			145,
			173
		],
		[
			148,
			217
		],
		[
			142,
			155
		],
		[
			37,
			49
		],
		[
			42,
			130
		],
		[
			98,
			188
		],
		[
			98,
			135
		],
		[
			135,
			188
		],
		[
			27,
			63
		],
		[
			29,
			39
		],
		[
			153,
			188
		],
		[
			48,
			110
		],
		[
			136,
			197
		],
		[
			128,
			209
		],
		[
			52,
			128
		],
		[
			19,
			53
		],
		[
			43,
			152
		],
		[
			98,
			232
		],
		[
			81,
			232
		],
		[
			81,
			98
		],
		[
			39,
			116
		],
		[
			29,
			116
		],
		[
			37,
			109
		],
		[
			97,
			206
		],
		[
			80,
			206
		],
		[
			206,
			224
		],
		[
			224,
			234
		],
		[
			206,
			234
		],
		[
			35,
			179
		],
		[
			221,
			234
		],
		[
			40,
			116
		],
		[
			106,
			123
		],
		[
			6,
			53
		],
		[
			5,
			204
		],
		[
			118,
			226
		],
		[
			153,
			161
		],
		[
			47,
			177
		],
		[
			106,
			143
		],
		[
			87,
			178
		],
		[
			87,
			204
		],
		[
			16,
			86
		],
		[
			16,
			149
		],
		[
			53,
			219
		],
		[
			101,
			146
		],
		[
			132,
			146
		],
		[
			48,
			95
		],
		[
			183,
			223
		],
		[
			146,
			223
		],
		[
			101,
			223
		],
		[
			103,
			205
		],
		[
			168,
			183
		],
		[
			183,
			213
		],
		[
			167,
			233
		],
		[
			213,
			233
		],
		[
			103,
			202
		],
		[
			10,
			172
		],
		[
			78,
			172
		],
		[
			52,
			118
		],
		[
			126,
			202
		],
		[
			169,
			172
		],
		[
			172,
			205
		],
		[
			165,
			169
		],
		[
			9,
			178
		],
		[
			9,
			87
		],
		[
			21,
			60
		],
		[
			9,
			21
		],
		[
			60,
			165
		],
		[
			5,
			87
		]
	],
	"score": 0.5036764705882353
}