{
	"content_type": "CG_SHOP_2025_Solution",
	"instance_uid": "point-set_10_c04b0024",
	"steiner_points_x": [
		"6327/277",
		23,
		"29878/757",
		"5280/629",
		"31993/757",
		"529/13",
		34
	],
	"steiner_points_y": [
		"7886/277",
		17,
		"11960/757",
		"4210/629",
		"18070/757",
		"358/13",
		23
	],
	"edges": [
		[
			8,
			16
		],
		[
			3,
			8
		],
		[
			3,
			16
		],
		[
			3,
			12
		],
		[
			3,
			14
		],
		[
			12,
			14
		],
		[
			10,
			11
		],
		[
			6,
			11
		],
		[
			6,
			10
		],
		[
			1,
			5
		],
		[
			2,
			5
		],
		[
			1,
			2
		],
		[
			4,
			10
		],
		[
			10,
			16
		],
		[
			4,
			16
		],
		[
			4,
			12
		],
		[
			12,
			16
		],
		[
			8,
			15
		],
		[
			3,
			15
		],
		[
			0,
			9
		],
		[
			1,
			9
		],
		[
			0,
			1
		],
		[
			5,
			9
		],
		[
			6,
			9
		],
		[
			9,
			13
		],
		[
			6,
			13
		],
		[
			5,
			12
		],
		[
			2,
			12
		],
		[
			8,
			10
		],
		[
			9,
			11
		],
		[
			5,
			11
		],
		[
			4,
			11
		],
		[
			0,
			13
		],
		[
			3,
			7
		],
		[
			7,
			14
		],
		[
			4,
			5
		],
		[
			7,
			15
		]
	],
	"score": 0.5625
}