{
	"content_type": "CG_SHOP_2025_Solution",
	"instance_uid": "point-set_40_ae33a7ea",
	"steiner_points_x": [
		455,
		"3779736466/1420945",
		"1157644336/326993",
		960,
		3698,
		545,
		3669,
		560,
		1316,
		"2095636511/783197",
		758,
		"411659726/108197",
		2221,
		1616,
		2283,
		968,
		2630,
		2341,
		"666803425/316402",
		227,
		3380,
		2698,
		"6682/3",
		126,
		2367,
		"461695/349",
		"840868507/216394",
		2651,
		"422420666/108197",
		"101186344/140233",
		2720,
		2648,
		"280065479/158201",
		2670,
		3438,
		"4821632674/1420945",
		63,
		"417769106/108197",
		"76295/181",
		"1678816/9425",
		"2036664/250993",
		"281/3",
		"836571007/216394",
		"285070975/316402",
		2751,
		2048,
		3796
	],
	"steiner_points_y": [
		347,
		"10277838/1420945",
		"563953627/326993",
		1222,
		257,
		1238,
		1093,
		1590,
		1053,
		"1492899168/783197",
		1148,
		"26684329/108197",
		410,
		"5573/3",
		1618,
		1560,
		1841,
		782,
		"599133815/316402",
		428,
		1620,
		975,
		"21/2",
		909,
		1358,
		"640850/349",
		"233928935/216394",
		1266,
		"137402445/108197",
		"238638324/140233",
		567,
		264,
		"295668894/158201",
		1831,
		758,
		"2411172/1420945",
		926,
		"89543061/108197",
		"43826/181",
		"3866063/9425",
		"240436898/250993",
		642,
		"189712435/216394",
		"571235365/316402",
		1248,
		1331,
		829
	],
	"edges": [
		[
			22,
			76
		],
		[
			3,
			22
		],
		[
			3,
			76
		],
		[
			15,
			66
		],
		[
			15,
			46
		],
		[
			46,
			66
		],
		[
			35,
			86
		],
		[
			13,
			35
		],
		[
			13,
			86
		],
		[
			17,
			25
		],
		[
			11,
			25
		],
		[
			11,
			17
		],
		[
			14,
			62
		],
		[
			14,
			41
		],
		[
			41,
			62
		],
		[
			37,
			67
		],
		[
			38,
			67
		],
		[
			37,
			38
		],
		[
			12,
			33
		],
		[
			33,
			58
		],
		[
			12,
			58
		],
		[
			17,
			48
		],
		[
			25,
			48
		],
		[
			29,
			30
		],
		[
			29,
			40
		],
		[
			30,
			40
		],
		[
			1,
			27
		],
		[
			1,
			46
		],
		[
			27,
			46
		],
		[
			51,
			86
		],
		[
			77,
			86
		],
		[
			51,
			77
		],
		[
			33,
			54
		],
		[
			12,
			54
		],
		[
			30,
			48
		],
		[
			0,
			30
		],
		[
			0,
			48
		],
		[
			16,
			37
		],
		[
			16,
			67
		],
		[
			17,
			34
		],
		[
			34,
			57
		],
		[
			17,
			57
		],
		[
			10,
			53
		],
		[
			53,
			72
		],
		[
			10,
			72
		],
		[
			14,
			52
		],
		[
			52,
			62
		],
		[
			36,
			45
		],
		[
			45,
			63
		],
		[
			36,
			63
		],
		[
			2,
			41
		],
		[
			2,
			75
		],
		[
			41,
			75
		],
		[
			10,
			11
		],
		[
			11,
			53
		],
		[
			38,
			64
		],
		[
			37,
			64
		],
		[
			36,
			47
		],
		[
			5,
			47
		],
		[
			5,
			36
		],
		[
			33,
			72
		],
		[
			58,
			72
		],
		[
			12,
			56
		],
		[
			54,
			56
		],
		[
			15,
			77
		],
		[
			15,
			82
		],
		[
			77,
			82
		],
		[
			41,
			71
		],
		[
			2,
			71
		],
		[
			36,
			76
		],
		[
			76,
			80
		],
		[
			36,
			80
		],
		[
			22,
			63
		],
		[
			8,
			63
		],
		[
			8,
			22
		],
		[
			32,
			64
		],
		[
			32,
			54
		],
		[
			54,
			64
		],
		[
			23,
			55
		],
		[
			23,
			65
		],
		[
			55,
			65
		],
		[
			30,
			52
		],
		[
			30,
			62
		],
		[
			17,
			30
		],
		[
			40,
			59
		],
		[
			29,
			59
		],
		[
			0,
			40
		],
		[
			9,
			76
		],
		[
			3,
			9
		],
		[
			66,
			82
		],
		[
			49,
			56
		],
		[
			12,
			49
		],
		[
			9,
			80
		],
		[
			13,
			15
		],
		[
			13,
			77
		],
		[
			11,
			85
		],
		[
			17,
			85
		],
		[
			6,
			61
		],
		[
			61,
			70
		],
		[
			6,
			70
		],
		[
			16,
			19
		],
		[
			19,
			60
		],
		[
			16,
			60
		],
		[
			22,
			81
		],
		[
			3,
			81
		],
		[
			13,
			46
		],
		[
			44,
			86
		],
		[
			44,
			51
		],
		[
			6,
			38
		],
		[
			38,
			61
		],
		[
			8,
			45
		],
		[
			19,
			37
		],
		[
			35,
			74
		],
		[
			35,
			44
		],
		[
			44,
			74
		],
		[
			2,
			70
		],
		[
			70,
			74
		],
		[
			2,
			74
		],
		[
			23,
			83
		],
		[
			65,
			83
		],
		[
			20,
			73
		],
		[
			49,
			73
		],
		[
			20,
			49
		],
		[
			2,
			44
		],
		[
			28,
			44
		],
		[
			2,
			28
		],
		[
			7,
			68
		],
		[
			7,
			31
		],
		[
			31,
			68
		],
		[
			16,
			84
		],
		[
			67,
			84
		],
		[
			8,
			40
		],
		[
			8,
			59
		],
		[
			32,
			33
		],
		[
			61,
			74
		],
		[
			27,
			61
		],
		[
			27,
			74
		],
		[
			63,
			76
		],
		[
			1,
			42
		],
		[
			1,
			20
		],
		[
			20,
			42
		],
		[
			24,
			70
		],
		[
			6,
			24
		],
		[
			4,
			50
		],
		[
			4,
			43
		],
		[
			43,
			50
		],
		[
			34,
			85
		],
		[
			14,
			71
		],
		[
			56,
			73
		],
		[
			59,
			81
		],
		[
			59,
			79
		],
		[
			79,
			81
		],
		[
			10,
			85
		],
		[
			61,
			67
		],
		[
			43,
			48
		],
		[
			0,
			43
		],
		[
			24,
			71
		],
		[
			70,
			71
		],
		[
			7,
			46
		],
		[
			1,
			7
		],
		[
			25,
			55
		],
		[
			26,
			55
		],
		[
			25,
			26
		],
		[
			27,
			60
		],
		[
			1,
			60
		],
		[
			10,
			33
		],
		[
			39,
			59
		],
		[
			39,
			79
		],
		[
			61,
			84
		],
		[
			8,
			81
		],
		[
			10,
			32
		],
		[
			11,
			26
		],
		[
			43,
			55
		],
		[
			25,
			43
		],
		[
			1,
			31
		],
		[
			31,
			42
		],
		[
			47,
			69
		],
		[
			4,
			69
		],
		[
			4,
			47
		],
		[
			52,
			57
		],
		[
			24,
			57
		],
		[
			24,
			52
		],
		[
			7,
			66
		],
		[
			66,
			68
		],
		[
			23,
			69
		],
		[
			21,
			69
		],
		[
			21,
			23
		],
		[
			6,
			34
		],
		[
			6,
			57
		],
		[
			18,
			44
		],
		[
			18,
			51
		],
		[
			37,
			54
		],
		[
			4,
			55
		],
		[
			18,
			28
		],
		[
			5,
			45
		],
		[
			4,
			5
		],
		[
			5,
			50
		],
		[
			35,
			46
		],
		[
			0,
			8
		],
		[
			19,
			54
		],
		[
			19,
			56
		],
		[
			4,
			23
		],
		[
			19,
			73
		],
		[
			60,
			73
		],
		[
			20,
			60
		],
		[
			29,
			39
		],
		[
			60,
			84
		],
		[
			27,
			84
		],
		[
			28,
			75
		],
		[
			17,
			52
		],
		[
			21,
			83
		],
		[
			27,
			35
		],
		[
			0,
			50
		],
		[
			34,
			38
		],
		[
			14,
			24
		],
		[
			8,
			50
		],
		[
			64,
			85
		],
		[
			32,
			85
		],
		[
			34,
			64
		],
		[
			26,
			53
		],
		[
			45,
			50
		],
		[
			29,
			78
		],
		[
			39,
			78
		],
		[
			30,
			78
		],
		[
			26,
			65
		],
		[
			53,
			65
		]
	],
	"score": 0.5104166666666666
}