{
	"content_type": "CG_SHOP_2025_Solution",
	"instance_uid": "simple-polygon-exterior_20_7520a1da",
	"steiner_points_x": [
		"96563344/580297",
		"1545300335/1205441",
		"79260378469007/42673816841",
		"2650007547/782801",
		"1387368629/377045",
		"5813767495/2456581",
		"1878394/1877",
		"2699341607/1451441",
		3024,
		"1201752559/1205441",
		2982,
		1285,
		2907,
		2627,
		"165302395146760/248954956861",
		"276488365/112897",
		"38768823/29401",
		"252803649/84461",
		"23435351248325/9563469833",
		"296101115/429013",
		919,
		1702,
		2449
	],
	"steiner_points_y": [
		"370359728/580297",
		"251172820/1205441",
		"7435484251615/42673816841",
		"258163723/782801",
		"446861818/377045",
		"4146149321/2456581",
		"1118216/1877",
		"311949175/1451441",
		262,
		"271547460/1205441",
		255,
		260,
		954,
		400,
		"331589392466102/248954956861",
		"186138918/112897",
		"6062200/29401",
		"14025964/84461",
		"467122022941662/277340625157",
		"563348906/429013",
		932,
		1269,
		1638
	],
	"edges": [
		[
			7,
			30
		],
		[
			7,
			33
		],
		[
			30,
			33
		],
		[
			16,
			17
		],
		[
			17,
			18
		],
		[
			16,
			18
		],
		[
			6,
			7
		],
		[
			6,
			37
		],
		[
			7,
			37
		],
		[
			18,
			25
		],
		[
			17,
			25
		],
		[
			27,
			36
		],
		[
			22,
			27
		],
		[
			22,
			36
		],
		[
			35,
			38
		],
		[
			25,
			35
		],
		[
			25,
			38
		],
		[
			9,
			40
		],
		[
			14,
			40
		],
		[
			9,
			14
		],
		[
			5,
			6
		],
		[
			5,
			37
		],
		[
			5,
			28
		],
		[
			4,
			28
		],
		[
			4,
			5
		],
		[
			26,
			29
		],
		[
			10,
			29
		],
		[
			10,
			26
		],
		[
			19,
			35
		],
		[
			19,
			38
		],
		[
			8,
			15
		],
		[
			15,
			27
		],
		[
			8,
			27
		],
		[
			20,
			34
		],
		[
			34,
			39
		],
		[
			20,
			39
		],
		[
			12,
			39
		],
		[
			12,
			20
		],
		[
			31,
			36
		],
		[
			8,
			31
		],
		[
			8,
			36
		],
		[
			11,
			20
		],
		[
			11,
			12
		],
		[
			7,
			27
		],
		[
			7,
			15
		],
		[
			16,
			42
		],
		[
			18,
			42
		],
		[
			13,
			39
		],
		[
			13,
			34
		],
		[
			15,
			41
		],
		[
			16,
			41
		],
		[
			15,
			16
		],
		[
			9,
			15
		],
		[
			14,
			15
		],
		[
			12,
			40
		],
		[
			39,
			40
		],
		[
			21,
			36
		],
		[
			21,
			31
		],
		[
			15,
			33
		],
		[
			0,
			24
		],
		[
			0,
			19
		],
		[
			19,
			24
		],
		[
			26,
			31
		],
		[
			9,
			26
		],
		[
			9,
			31
		],
		[
			0,
			1
		],
		[
			1,
			24
		],
		[
			26,
			40
		],
		[
			6,
			28
		],
		[
			19,
			42
		],
		[
			35,
			42
		],
		[
			18,
			35
		],
		[
			1,
			3
		],
		[
			3,
			4
		],
		[
			1,
			4
		],
		[
			17,
			41
		],
		[
			32,
			33
		],
		[
			30,
			32
		],
		[
			8,
			9
		],
		[
			12,
			26
		],
		[
			4,
			23
		],
		[
			5,
			23
		],
		[
			1,
			2
		],
		[
			2,
			3
		],
		[
			10,
			12
		],
		[
			10,
			11
		],
		[
			14,
			41
		],
		[
			7,
			22
		],
		[
			29,
			31
		],
		[
			6,
			30
		],
		[
			28,
			30
		],
		[
			16,
			33
		],
		[
			21,
			29
		],
		[
			28,
			32
		],
		[
			4,
			32
		],
		[
			13,
			41
		],
		[
			13,
			17
		],
		[
			3,
			23
		],
		[
			14,
			39
		],
		[
			0,
			32
		],
		[
			0,
			4
		],
		[
			16,
			32
		],
		[
			32,
			42
		],
		[
			2,
			24
		],
		[
			19,
			32
		],
		[
			13,
			14
		]
	],
	"score": 0.5208333333333334
}