{
	"content_type": "CG_SHOP_2025_Solution",
	"instance_uid": "simple-polygon_100_4ee8f447",
	"steiner_points_x": [
		7999,
		7860,
		7031,
		"9587964095/1355929",
		5830,
		5367,
		5212,
		5447,
		5526,
		5854,
		6148,
		4887,
		7708,
		7890,
		8473,
		5684,
		5796,
		9108,
		9047,
		8954,
		8846,
		5071,
		8743,
		6460,
		"10752524030/1355929",
		5847,
		8331,
		8941,
		5847,
		"702432/145",
		"34703300/6961",
		7027,
		6051,
		8119,
		"12152367860/1355929",
		"1144110564/226409",
		9110,
		5447,
		2540,
		3557,
		407,
		2126,
		"1391000/601",
		2126,
		"2197400/949",
		1525,
		950,
		"961900/613",
		1100,
		"59170029/17449",
		8908,
		8511,
		8851,
		8865,
		8908,
		9063,
		"1494999/233",
		7096
	],
	"steiner_points_y": [
		9369,
		9380,
		8023,
		"10453864807/1355929",
		9394,
		9322,
		9361,
		9424,
		9253,
		9425,
		9159,
		8262,
		9375,
		8132,
		9377,
		9072,
		9320,
		9059,
		9092,
		8907,
		8595,
		9378,
		8806,
		9306,
		"10603089803/1355929",
		9417,
		9308,
		8367,
		9425,
		"1203486/145",
		"52201725/6961",
		8061,
		8056,
		9348,
		"10782463731/1355929",
		"2123499950/226409",
		9059,
		9425,
		6012,
		6416,
		7607,
		3475,
		"1012375/601",
		3675,
		"79350/949",
		900,
		900,
		"1039575/613",
		150,
		"50928590/17449",
		487,
		1267,
		800,
		325,
		643,
		955,
		"377432/233",
		2859
	],
	"edges": [
		[
			50,
			142
		],
		[
			50,
			84
		],
		[
			84,
			142
		],
		[
			96,
			132
		],
		[
			97,
			132
		],
		[
			96,
			97
		],
		[
			141,
			143
		],
		[
			48,
			141
		],
		[
			48,
			143
		],
		[
			99,
			102
		],
		[
			102,
			103
		],
		[
			99,
			103
		],
		[
			50,
			61
		],
		[
			61,
			147
		],
		[
			50,
			147
		],
		[
			87,
			141
		],
		[
			88,
			141
		],
		[
			87,
			88
		],
		[
			111,
			130
		],
		[
			25,
			130
		],
		[
			25,
			111
		],
		[
			61,
			142
		],
		[
			102,
			113
		],
		[
			103,
			113
		],
		[
			65,
			152
		],
		[
			152,
			154
		],
		[
			65,
			154
		],
		[
			28,
			138
		],
		[
			41,
			138
		],
		[
			28,
			41
		],
		[
			88,
			143
		],
		[
			95,
			139
		],
		[
			27,
			139
		],
		[
			27,
			95
		],
		[
			35,
			37
		],
		[
			36,
			37
		],
		[
			35,
			36
		],
		[
			62,
			84
		],
		[
			62,
			142
		],
		[
			63,
			82
		],
		[
			82,
			156
		],
		[
			63,
			156
		],
		[
			65,
			150
		],
		[
			150,
			153
		],
		[
			65,
			153
		],
		[
			102,
			131
		],
		[
			98,
			102
		],
		[
			98,
			131
		],
		[
			64,
			82
		],
		[
			64,
			156
		],
		[
			117,
			136
		],
		[
			5,
			117
		],
		[
			5,
			136
		],
		[
			9,
			133
		],
		[
			10,
			133
		],
		[
			9,
			10
		],
		[
			26,
			27
		],
		[
			26,
			95
		],
		[
			50,
			85
		],
		[
			84,
			85
		],
		[
			12,
			101
		],
		[
			101,
			112
		],
		[
			12,
			112
		],
		[
			100,
			133
		],
		[
			10,
			100
		],
		[
			67,
			153
		],
		[
			66,
			67
		],
		[
			66,
			153
		],
		[
			95,
			130
		],
		[
			26,
			130
		],
		[
			21,
			105
		],
		[
			105,
			106
		],
		[
			21,
			106
		],
		[
			72,
			151
		],
		[
			73,
			151
		],
		[
			72,
			73
		],
		[
			98,
			99
		],
		[
			90,
			143
		],
		[
			47,
			143
		],
		[
			47,
			90
		],
		[
			4,
			117
		],
		[
			4,
			136
		],
		[
			151,
			155
		],
		[
			72,
			155
		],
		[
			15,
			123
		],
		[
			16,
			123
		],
		[
			15,
			16
		],
		[
			138,
			139
		],
		[
			28,
			139
		],
		[
			92,
			138
		],
		[
			92,
			139
		],
		[
			49,
			86
		],
		[
			49,
			141
		],
		[
			86,
			141
		],
		[
			150,
			154
		],
		[
			27,
			28
		],
		[
			112,
			113
		],
		[
			101,
			113
		],
		[
			67,
			150
		],
		[
			11,
			100
		],
		[
			100,
			101
		],
		[
			11,
			101
		],
		[
			1,
			120
		],
		[
			2,
			120
		],
		[
			1,
			2
		],
		[
			65,
			151
		],
		[
			151,
			152
		],
		[
			34,
			140
		],
		[
			35,
			140
		],
		[
			34,
			35
		],
		[
			122,
			126
		],
		[
			114,
			126
		],
		[
			114,
			122
		],
		[
			3,
			120
		],
		[
			2,
			3
		],
		[
			152,
			155
		],
		[
			18,
			104
		],
		[
			19,
			104
		],
		[
			18,
			19
		],
		[
			93,
			139
		],
		[
			92,
			93
		],
		[
			3,
			119
		],
		[
			4,
			119
		],
		[
			3,
			4
		],
		[
			11,
			12
		],
		[
			113,
			120
		],
		[
			113,
			122
		],
		[
			120,
			122
		],
		[
			68,
			150
		],
		[
			67,
			68
		],
		[
			118,
			119
		],
		[
			117,
			118
		],
		[
			117,
			119
		],
		[
			64,
			65
		],
		[
			64,
			151
		],
		[
			85,
			86
		],
		[
			49,
			85
		],
		[
			75,
			151
		],
		[
			74,
			75
		],
		[
			74,
			151
		],
		[
			22,
			106
		],
		[
			106,
			121
		],
		[
			22,
			121
		],
		[
			104,
			116
		],
		[
			19,
			116
		],
		[
			86,
			87
		],
		[
			64,
			75
		],
		[
			10,
			11
		],
		[
			24,
			106
		],
		[
			24,
			121
		],
		[
			76,
			79
		],
		[
			78,
			79
		],
		[
			76,
			78
		],
		[
			75,
			79
		],
		[
			75,
			76
		],
		[
			100,
			113
		],
		[
			113,
			133
		],
		[
			73,
			74
		],
		[
			13,
			131
		],
		[
			14,
			131
		],
		[
			13,
			14
		],
		[
			51,
			145
		],
		[
			52,
			145
		],
		[
			51,
			52
		],
		[
			123,
			131
		],
		[
			14,
			123
		],
		[
			68,
			154
		],
		[
			77,
			78
		],
		[
			76,
			77
		],
		[
			126,
			133
		],
		[
			113,
			126
		],
		[
			70,
			152
		],
		[
			70,
			154
		],
		[
			64,
			157
		],
		[
			75,
			157
		],
		[
			23,
			121
		],
		[
			22,
			23
		],
		[
			14,
			15
		],
		[
			79,
			157
		],
		[
			55,
			57
		],
		[
			57,
			144
		],
		[
			55,
			144
		],
		[
			37,
			140
		],
		[
			107,
			137
		],
		[
			21,
			107
		],
		[
			21,
			137
		],
		[
			107,
			108
		],
		[
			20,
			107
		],
		[
			20,
			108
		],
		[
			71,
			155
		],
		[
			71,
			72
		],
		[
			17,
			110
		],
		[
			109,
			110
		],
		[
			17,
			109
		],
		[
			31,
			140
		],
		[
			31,
			37
		],
		[
			82,
			157
		],
		[
			81,
			82
		],
		[
			81,
			157
		],
		[
			62,
			149
		],
		[
			62,
			83
		],
		[
			83,
			149
		],
		[
			113,
			124
		],
		[
			113,
			134
		],
		[
			124,
			134
		],
		[
			31,
			38
		],
		[
			37,
			38
		],
		[
			70,
			155
		],
		[
			110,
			123
		],
		[
			16,
			110
		],
		[
			125,
			128
		],
		[
			109,
			128
		],
		[
			109,
			125
		],
		[
			6,
			118
		],
		[
			114,
			118
		],
		[
			6,
			114
		],
		[
			69,
			154
		],
		[
			69,
			70
		],
		[
			20,
			137
		],
		[
			119,
			120
		],
		[
			119,
			122
		],
		[
			31,
			39
		],
		[
			38,
			39
		],
		[
			89,
			143
		],
		[
			88,
			89
		],
		[
			7,
			114
		],
		[
			6,
			7
		],
		[
			19,
			108
		],
		[
			19,
			20
		],
		[
			105,
			107
		],
		[
			83,
			84
		],
		[
			108,
			115
		],
		[
			108,
			116
		],
		[
			115,
			116
		],
		[
			24,
			105
		],
		[
			18,
			125
		],
		[
			18,
			128
		],
		[
			63,
			149
		],
		[
			82,
			149
		],
		[
			110,
			115
		],
		[
			110,
			116
		],
		[
			104,
			110
		],
		[
			120,
			127
		],
		[
			113,
			127
		],
		[
			25,
			26
		],
		[
			114,
			119
		],
		[
			24,
			111
		],
		[
			111,
			129
		],
		[
			24,
			129
		],
		[
			145,
			146
		],
		[
			55,
			145
		],
		[
			55,
			146
		],
		[
			68,
			69
		],
		[
			25,
			129
		],
		[
			121,
			135
		],
		[
			24,
			135
		],
		[
			110,
			125
		],
		[
			29,
			40
		],
		[
			29,
			41
		],
		[
			40,
			41
		],
		[
			103,
			124
		],
		[
			96,
			130
		],
		[
			96,
			111
		],
		[
			42,
			138
		],
		[
			41,
			42
		],
		[
			30,
			39
		],
		[
			30,
			40
		],
		[
			39,
			40
		],
		[
			89,
			90
		],
		[
			55,
			148
		],
		[
			53,
			148
		],
		[
			53,
			55
		],
		[
			94,
			139
		],
		[
			94,
			95
		],
		[
			110,
			132
		],
		[
			115,
			132
		],
		[
			70,
			71
		],
		[
			98,
			123
		],
		[
			98,
			110
		],
		[
			62,
			63
		],
		[
			43,
			45
		],
		[
			43,
			46
		],
		[
			45,
			46
		],
		[
			80,
			157
		],
		[
			80,
			81
		],
		[
			24,
			96
		],
		[
			24,
			132
		],
		[
			113,
			131
		],
		[
			13,
			112
		],
		[
			112,
			131
		],
		[
			43,
			44
		],
		[
			44,
			45
		],
		[
			93,
			94
		],
		[
			12,
			13
		],
		[
			8,
			114
		],
		[
			7,
			8
		],
		[
			46,
			90
		],
		[
			46,
			47
		],
		[
			79,
			80
		],
		[
			52,
			146
		],
		[
			21,
			22
		],
		[
			54,
			148
		],
		[
			53,
			54
		],
		[
			98,
			132
		],
		[
			97,
			98
		],
		[
			42,
			91
		],
		[
			43,
			91
		],
		[
			42,
			43
		],
		[
			28,
			29
		],
		[
			5,
			118
		],
		[
			104,
			125
		],
		[
			1,
			127
		],
		[
			0,
			127
		],
		[
			0,
			1
		],
		[
			8,
			126
		],
		[
			105,
			108
		],
		[
			24,
			108
		],
		[
			23,
			135
		],
		[
			24,
			115
		],
		[
			29,
			30
		],
		[
			53,
			146
		],
		[
			51,
			147
		],
		[
			51,
			61
		],
		[
			16,
			17
		],
		[
			31,
			32
		],
		[
			32,
			140
		],
		[
			9,
			126
		],
		[
			8,
			9
		],
		[
			58,
			145
		],
		[
			55,
			58
		],
		[
			48,
			49
		],
		[
			60,
			145
		],
		[
			59,
			60
		],
		[
			59,
			145
		],
		[
			127,
			134
		],
		[
			47,
			48
		],
		[
			5,
			6
		],
		[
			0,
			134
		],
		[
			57,
			58
		],
		[
			90,
			91
		],
		[
			43,
			90
		],
		[
			30,
			31
		],
		[
			58,
			59
		],
		[
			56,
			57
		],
		[
			56,
			144
		],
		[
			91,
			138
		],
		[
			49,
			50
		],
		[
			33,
			140
		],
		[
			32,
			33
		],
		[
			61,
			145
		],
		[
			33,
			34
		],
		[
			60,
			61
		],
		[
			91,
			92
		]
	],
	"score": 0.5084745762711864
}