{
	"content_type": "CG_SHOP_2025_Solution",
	"instance_uid": "point-set_60_74409a1d",
	"steiner_points_x": [
		"745/2",
		1942,
		1032,
		3022,
		1180,
		3216,
		"26753093/14657",
		"39341328/14657",
		1140,
		2930,
		834,
		2483,
		1259,
		505,
		527,
		912,
		2705,
		2471,
		1641,
		3235,
		2666,
		2655,
		2414,
		2235,
		1855,
		999,
		3584,
		3271,
		3373,
		1960,
		"2166890637/557386",
		"23487613/9829",
		"2132788455/557386",
		"1849/2",
		2956,
		"241820710/71053",
		3089,
		578,
		2132,
		"3428858470/923689",
		3104,
		920,
		3681,
		2937,
		3000,
		2332,
		1078,
		2829,
		1954,
		1388,
		"7396/5",
		"1373239357/3421610",
		3240,
		3058,
		"22140452/14657",
		"4045387/47497",
		"48167189/14657",
		"44839810/14657",
		742,
		1084,
		"1191724876/1710805",
		879,
		"11094/11",
		2531,
		3533,
		2385,
		3261,
		556,
		2449,
		838,
		"18505491/14657",
		2690,
		"29479/10",
		3115,
		3017,
		"41508680/14657",
		3280,
		936,
		"34141839/9290",
		"317360/139",
		3377,
		2786,
		2289,
		"33551841/14657",
		"20114425/35641",
		3331,
		2635,
		3575,
		3480
	],
	"steiner_points_y": [
		"3483/2",
		1302,
		614,
		1666,
		1676,
		999,
		"28762835/14657",
		"28346695/14657",
		1490,
		514,
		429,
		748,
		1873,
		983,
		462,
		1491,
		1232,
		1343,
		1289,
		1651,
		926,
		1477,
		947,
		834,
		1835,
		1192,
		1286,
		1786,
		407,
		854,
		"423452479/557386",
		"1017065/9829",
		"614789149/557386",
		"53/2",
		733,
		"25035251/71053",
		958,
		1665,
		445,
		"484009900/923689",
		648,
		975,
		580,
		1047,
		809,
		1312,
		920,
		1818,
		1644,
		1166,
		"212/5",
		"39362729/3421610",
		1463,
		1883,
		"28915319/14657",
		"47898312/47497",
		"28054931/14657",
		"28164927/14657",
		724,
		1641,
		"34159772/1710805",
		128,
		"318/11",
		1063,
		1327,
		153,
		1080,
		1571,
		333,
		1166,
		"29035483/14657",
		1640,
		"778/5",
		474,
		1607,
		"28275047/14657",
		"1135/4",
		129,
		"15039397/9290",
		"270669/139",
		1828,
		1839,
		1943,
		"28538083/14657",
		"68559519/35641",
		1547,
		1782,
		1335,
		1683
	],
	"edges": [
		[
			19,
			102
		],
		[
			13,
			19
		],
		[
			13,
			102
		],
		[
			39,
			133
		],
		[
			39,
			69
		],
		[
			69,
			133
		],
		[
			46,
			105
		],
		[
			46,
			61
		],
		[
			61,
			105
		],
		[
			29,
			60
		],
		[
			29,
			144
		],
		[
			15,
			52
		],
		[
			52,
			118
		],
		[
			15,
			118
		],
		[
			33,
			65
		],
		[
			65,
			126
		],
		[
			33,
			126
		],
		[
			9,
			17
		],
		[
			17,
			34
		],
		[
			9,
			34
		],
		[
			26,
			32
		],
		[
			19,
			32
		],
		[
			19,
			26
		],
		[
			88,
			99
		],
		[
			88,
			102
		],
		[
			99,
			102
		],
		[
			2,
			79
		],
		[
			2,
			18
		],
		[
			18,
			79
		],
		[
			96,
			104
		],
		[
			32,
			96
		],
		[
			32,
			104
		],
		[
			23,
			122
		],
		[
			23,
			110
		],
		[
			7,
			142
		],
		[
			7,
			139
		],
		[
			139,
			142
		],
		[
			2,
			40
		],
		[
			40,
			134
		],
		[
			2,
			134
		],
		[
			4,
			86
		],
		[
			4,
			33
		],
		[
			33,
			86
		],
		[
			88,
			95
		],
		[
			4,
			92
		],
		[
			4,
			41
		],
		[
			83,
			98
		],
		[
			71,
			83
		],
		[
			71,
			98
		],
		[
			22,
			102
		],
		[
			96,
			103
		],
		[
			103,
			104
		],
		[
			44,
			110
		],
		[
			10,
			44
		],
		[
			51,
			113
		],
		[
			113,
			116
		],
		[
			51,
			116
		],
		[
			79,
			87
		],
		[
			47,
			87
		],
		[
			47,
			79
		],
		[
			38,
			51
		],
		[
			38,
			113
		],
		[
			28,
			65
		],
		[
			28,
			126
		],
		[
			36,
			61
		],
		[
			36,
			89
		],
		[
			61,
			89
		],
		[
			36,
			83
		],
		[
			36,
			82
		],
		[
			82,
			83
		],
		[
			49,
			70
		],
		[
			14,
			70
		],
		[
			14,
			49
		],
		[
			17,
			45
		],
		[
			17,
			115
		],
		[
			6,
			121
		],
		[
			6,
			25
		],
		[
			25,
			121
		],
		[
			25,
			49
		],
		[
			25,
			70
		],
		[
			34,
			73
		],
		[
			15,
			73
		],
		[
			15,
			34
		],
		[
			94,
			100
		],
		[
			94,
			104
		],
		[
			100,
			104
		],
		[
			79,
			112
		],
		[
			2,
			112
		],
		[
			21,
			29
		],
		[
			21,
			60
		],
		[
			35,
			68
		],
		[
			64,
			68
		],
		[
			35,
			64
		],
		[
			24,
			133
		],
		[
			26,
			133
		],
		[
			24,
			26
		],
		[
			75,
			85
		],
		[
			85,
			129
		],
		[
			75,
			129
		],
		[
			11,
			43
		],
		[
			11,
			62
		],
		[
			43,
			62
		],
		[
			100,
			133
		],
		[
			69,
			100
		],
		[
			45,
			59
		],
		[
			21,
			45
		],
		[
			21,
			59
		],
		[
			19,
			88
		],
		[
			11,
			98
		],
		[
			44,
			98
		],
		[
			11,
			44
		],
		[
			97,
			127
		],
		[
			75,
			97
		],
		[
			75,
			127
		],
		[
			9,
			111
		],
		[
			16,
			81
		],
		[
			81,
			131
		],
		[
			16,
			131
		],
		[
			9,
			74
		],
		[
			74,
			111
		],
		[
			20,
			70
		],
		[
			14,
			20
		],
		[
			16,
			40
		],
		[
			28,
			40
		],
		[
			16,
			28
		],
		[
			47,
			145
		],
		[
			47,
			148
		],
		[
			145,
			148
		],
		[
			1,
			71
		],
		[
			12,
			71
		],
		[
			1,
			12
		],
		[
			6,
			120
		],
		[
			120,
			121
		],
		[
			39,
			57
		],
		[
			55,
			57
		],
		[
			39,
			55
		],
		[
			36,
			46
		],
		[
			46,
			82
		],
		[
			71,
			82
		],
		[
			12,
			82
		],
		[
			80,
			94
		],
		[
			12,
			94
		],
		[
			12,
			80
		],
		[
			17,
			59
		],
		[
			59,
			73
		],
		[
			17,
			73
		],
		[
			8,
			51
		],
		[
			11,
			23
		],
		[
			23,
			62
		],
		[
			46,
			123
		],
		[
			82,
			123
		],
		[
			48,
			105
		],
		[
			48,
			77
		],
		[
			77,
			105
		],
		[
			79,
			145
		],
		[
			21,
			127
		],
		[
			21,
			97
		],
		[
			23,
			44
		],
		[
			26,
			88
		],
		[
			131,
			141
		],
		[
			107,
			141
		],
		[
			107,
			131
		],
		[
			1,
			128
		],
		[
			71,
			128
		],
		[
			44,
			125
		],
		[
			10,
			125
		],
		[
			31,
			76
		],
		[
			76,
			123
		],
		[
			31,
			123
		],
		[
			98,
			125
		],
		[
			5,
			49
		],
		[
			5,
			14
		],
		[
			72,
			114
		],
		[
			72,
			130
		],
		[
			0,
			35
		],
		[
			0,
			78
		],
		[
			35,
			78
		],
		[
			76,
			103
		],
		[
			80,
			103
		],
		[
			76,
			80
		],
		[
			91,
			125
		],
		[
			4,
			19
		],
		[
			4,
			13
		],
		[
			131,
			134
		],
		[
			16,
			134
		],
		[
			31,
			46
		],
		[
			30,
			119
		],
		[
			30,
			42
		],
		[
			42,
			119
		],
		[
			101,
			106
		],
		[
			43,
			106
		],
		[
			43,
			101
		],
		[
			55,
			128
		],
		[
			55,
			132
		],
		[
			128,
			132
		],
		[
			47,
			140
		],
		[
			140,
			148
		],
		[
			42,
			72
		],
		[
			5,
			23
		],
		[
			23,
			137
		],
		[
			5,
			137
		],
		[
			69,
			128
		],
		[
			55,
			69
		],
		[
			48,
			81
		],
		[
			77,
			81
		],
		[
			16,
			53
		],
		[
			53,
			81
		],
		[
			30,
			75
		],
		[
			75,
			119
		],
		[
			13,
			92
		],
		[
			13,
			90
		],
		[
			48,
			146
		],
		[
			131,
			146
		],
		[
			48,
			131
		],
		[
			53,
			77
		],
		[
			84,
			108
		],
		[
			56,
			84
		],
		[
			56,
			108
		],
		[
			98,
			128
		],
		[
			24,
			88
		],
		[
			14,
			23
		],
		[
			14,
			62
		],
		[
			24,
			136
		],
		[
			88,
			136
		],
		[
			63,
			107
		],
		[
			63,
			131
		],
		[
			1,
			94
		],
		[
			13,
			22
		],
		[
			78,
			89
		],
		[
			61,
			78
		],
		[
			59,
			127
		],
		[
			141,
			146
		],
		[
			7,
			56
		],
		[
			56,
			142
		],
		[
			41,
			86
		],
		[
			86,
			147
		],
		[
			41,
			147
		],
		[
			49,
			121
		],
		[
			5,
			121
		],
		[
			32,
			33
		],
		[
			19,
			33
		],
		[
			11,
			109
		],
		[
			11,
			106
		],
		[
			106,
			109
		],
		[
			54,
			76
		],
		[
			54,
			103
		],
		[
			43,
			52
		],
		[
			52,
			101
		],
		[
			127,
			129
		],
		[
			27,
			138
		],
		[
			27,
			58
		],
		[
			28,
			103
		],
		[
			28,
			96
		],
		[
			50,
			114
		],
		[
			50,
			72
		],
		[
			80,
			104
		],
		[
			31,
			77
		],
		[
			31,
			105
		],
		[
			29,
			97
		],
		[
			29,
			30
		],
		[
			30,
			97
		],
		[
			20,
			52
		],
		[
			20,
			118
		],
		[
			15,
			101
		],
		[
			27,
			41
		],
		[
			38,
			63
		],
		[
			38,
			107
		],
		[
			112,
			145
		],
		[
			20,
			62
		],
		[
			30,
			144
		],
		[
			50,
			66
		],
		[
			34,
			74
		],
		[
			34,
			118
		],
		[
			74,
			118
		],
		[
			40,
			112
		],
		[
			28,
			112
		],
		[
			48,
			56
		],
		[
			56,
			146
		],
		[
			85,
			106
		],
		[
			85,
			109
		],
		[
			80,
			123
		],
		[
			31,
			53
		],
		[
			53,
			76
		],
		[
			68,
			109
		],
		[
			35,
			109
		],
		[
			1,
			69
		],
		[
			87,
			140
		],
		[
			93,
			121
		],
		[
			7,
			84
		],
		[
			66,
			84
		],
		[
			7,
			66
		],
		[
			112,
			124
		],
		[
			124,
			145
		],
		[
			32,
			65
		],
		[
			26,
			100
		],
		[
			32,
			100
		],
		[
			53,
			54
		],
		[
			6,
			74
		],
		[
			25,
			74
		],
		[
			112,
			126
		],
		[
			124,
			126
		],
		[
			0,
			84
		],
		[
			0,
			50
		],
		[
			50,
			84
		],
		[
			65,
			96
		],
		[
			63,
			134
		],
		[
			64,
			119
		],
		[
			42,
			64
		],
		[
			24,
			57
		],
		[
			18,
			38
		],
		[
			38,
			79
		],
		[
			107,
			113
		],
		[
			107,
			135
		],
		[
			113,
			135
		],
		[
			125,
			132
		],
		[
			125,
			128
		],
		[
			11,
			89
		],
		[
			89,
			98
		],
		[
			6,
			111
		],
		[
			56,
			67
		],
		[
			67,
			142
		],
		[
			52,
			62
		],
		[
			20,
			74
		],
		[
			3,
			30
		],
		[
			64,
			72
		],
		[
			18,
			63
		],
		[
			80,
			82
		],
		[
			11,
			78
		],
		[
			78,
			109
		],
		[
			0,
			61
		],
		[
			51,
			140
		],
		[
			8,
			140
		],
		[
			0,
			108
		],
		[
			61,
			108
		],
		[
			93,
			137
		],
		[
			122,
			137
		],
		[
			83,
			89
		],
		[
			85,
			101
		],
		[
			69,
			94
		],
		[
			73,
			101
		],
		[
			70,
			74
		],
		[
			73,
			129
		],
		[
			101,
			129
		],
		[
			68,
			119
		],
		[
			113,
			117
		],
		[
			59,
			129
		],
		[
			38,
			87
		],
		[
			16,
			54
		],
		[
			68,
			85
		],
		[
			50,
			64
		],
		[
			35,
			50
		],
		[
			105,
			108
		],
		[
			48,
			108
		],
		[
			51,
			87
		],
		[
			121,
			137
		],
		[
			124,
			147
		],
		[
			124,
			148
		],
		[
			147,
			148
		],
		[
			28,
			54
		],
		[
			33,
			124
		],
		[
			86,
			124
		],
		[
			24,
			39
		],
		[
			68,
			75
		],
		[
			135,
			141
		],
		[
			67,
			141
		],
		[
			142,
			143
		],
		[
			18,
			134
		],
		[
			67,
			146
		],
		[
			58,
			140
		],
		[
			27,
			148
		],
		[
			58,
			148
		],
		[
			27,
			147
		]
	],
	"score": 0.5055555555555555
}