{
	"content_type": "CG_SHOP_2025_Solution",
	"instance_uid": "simple-polygon_80_7b8f6c4c",
	"steiner_points_x": [
		8050,
		415,
		"4600/17",
		600,
		"106610/13",
		200,
		"19925/3",
		7051,
		7005,
		7006,
		"138816486/19897",
		7004,
		7387,
		7045,
		7482,
		1050,
		1237,
		"13281615/11617",
		826,
		"15824442/19897",
		6721,
		8050,
		7458,
		839,
		700,
		"13917840/19897",
		"89319325/11617",
		6932,
		"137344728/19897",
		351,
		7485,
		"86289840/11617"
	],
	"steiner_points_y": [
		2100,
		774,
		"24100/17",
		200,
		"44020/13",
		6800,
		"4025/3",
		2700,
		4455,
		5750,
		"134919584/19897",
		5100,
		5418,
		3594,
		2169,
		4450,
		3413,
		"36290331/11617",
		5524,
		"131430448/19897",
		1552,
		6600,
		6486,
		5950,
		6585,
		"131376360/19897",
		"11643625/11617",
		5749,
		"134877832/19897",
		6600,
		1263,
		"12625596/11617"
	],
	"edges": [
		[
			3,
			80
		],
		[
			3,
			5
		],
		[
			5,
			80
		],
		[
			21,
			22
		],
		[
			21,
			25
		],
		[
			22,
			25
		],
		[
			73,
			76
		],
		[
			73,
			77
		],
		[
			76,
			77
		],
		[
			30,
			101
		],
		[
			32,
			101
		],
		[
			30,
			32
		],
		[
			45,
			48
		],
		[
			46,
			48
		],
		[
			45,
			46
		],
		[
			91,
			107
		],
		[
			89,
			107
		],
		[
			89,
			91
		],
		[
			9,
			93
		],
		[
			13,
			93
		],
		[
			9,
			13
		],
		[
			27,
			32
		],
		[
			27,
			101
		],
		[
			63,
			81
		],
		[
			62,
			63
		],
		[
			62,
			81
		],
		[
			70,
			96
		],
		[
			96,
			97
		],
		[
			70,
			97
		],
		[
			57,
			81
		],
		[
			57,
			63
		],
		[
			98,
			107
		],
		[
			95,
			107
		],
		[
			95,
			98
		],
		[
			26,
			32
		],
		[
			26,
			102
		],
		[
			32,
			102
		],
		[
			86,
			100
		],
		[
			100,
			110
		],
		[
			86,
			110
		],
		[
			26,
			27
		],
		[
			72,
			73
		],
		[
			72,
			77
		],
		[
			43,
			98
		],
		[
			43,
			95
		],
		[
			66,
			68
		],
		[
			67,
			68
		],
		[
			66,
			67
		],
		[
			43,
			44
		],
		[
			43,
			45
		],
		[
			44,
			45
		],
		[
			35,
			109
		],
		[
			85,
			109
		],
		[
			35,
			85
		],
		[
			1,
			79
		],
		[
			2,
			79
		],
		[
			1,
			2
		],
		[
			34,
			109
		],
		[
			34,
			40
		],
		[
			40,
			109
		],
		[
			20,
			21
		],
		[
			20,
			25
		],
		[
			14,
			93
		],
		[
			88,
			93
		],
		[
			14,
			88
		],
		[
			0,
			79
		],
		[
			0,
			1
		],
		[
			58,
			60
		],
		[
			59,
			60
		],
		[
			58,
			59
		],
		[
			37,
			109
		],
		[
			37,
			85
		],
		[
			38,
			40
		],
		[
			38,
			109
		],
		[
			98,
			103
		],
		[
			103,
			107
		],
		[
			14,
			15
		],
		[
			14,
			19
		],
		[
			15,
			19
		],
		[
			86,
			96
		],
		[
			86,
			97
		],
		[
			73,
			75
		],
		[
			75,
			76
		],
		[
			71,
			79
		],
		[
			2,
			71
		],
		[
			90,
			107
		],
		[
			89,
			90
		],
		[
			20,
			92
		],
		[
			25,
			92
		],
		[
			3,
			94
		],
		[
			5,
			94
		],
		[
			33,
			102
		],
		[
			90,
			102
		],
		[
			33,
			90
		],
		[
			71,
			78
		],
		[
			78,
			79
		],
		[
			45,
			95
		],
		[
			3,
			100
		],
		[
			3,
			110
		],
		[
			57,
			64
		],
		[
			63,
			64
		],
		[
			87,
			96
		],
		[
			87,
			100
		],
		[
			96,
			100
		],
		[
			72,
			78
		],
		[
			71,
			72
		],
		[
			7,
			94
		],
		[
			87,
			94
		],
		[
			7,
			87
		],
		[
			10,
			11
		],
		[
			10,
			13
		],
		[
			11,
			13
		],
		[
			34,
			41
		],
		[
			40,
			41
		],
		[
			94,
			100
		],
		[
			2,
			110
		],
		[
			2,
			3
		],
		[
			77,
			78
		],
		[
			73,
			74
		],
		[
			74,
			75
		],
		[
			110,
			111
		],
		[
			86,
			111
		],
		[
			107,
			108
		],
		[
			90,
			108
		],
		[
			104,
			105
		],
		[
			34,
			104
		],
		[
			34,
			105
		],
		[
			55,
			68
		],
		[
			55,
			66
		],
		[
			103,
			108
		],
		[
			99,
			103
		],
		[
			99,
			108
		],
		[
			36,
			37
		],
		[
			36,
			85
		],
		[
			5,
			7
		],
		[
			52,
			69
		],
		[
			68,
			69
		],
		[
			52,
			68
		],
		[
			99,
			104
		],
		[
			99,
			105
		],
		[
			88,
			91
		],
		[
			88,
			95
		],
		[
			91,
			95
		],
		[
			29,
			101
		],
		[
			29,
			30
		],
		[
			56,
			64
		],
		[
			56,
			65
		],
		[
			64,
			65
		],
		[
			49,
			70
		],
		[
			50,
			70
		],
		[
			49,
			50
		],
		[
			58,
			81
		],
		[
			60,
			81
		],
		[
			65,
			66
		],
		[
			56,
			66
		],
		[
			15,
			16
		],
		[
			15,
			17
		],
		[
			16,
			17
		],
		[
			19,
			88
		],
		[
			20,
			88
		],
		[
			19,
			20
		],
		[
			55,
			56
		],
		[
			106,
			111
		],
		[
			106,
			110
		],
		[
			88,
			96
		],
		[
			93,
			96
		],
		[
			32,
			33
		],
		[
			11,
			12
		],
		[
			11,
			84
		],
		[
			12,
			84
		],
		[
			64,
			82
		],
		[
			56,
			82
		],
		[
			13,
			14
		],
		[
			26,
			92
		],
		[
			25,
			26
		],
		[
			60,
			83
		],
		[
			61,
			83
		],
		[
			60,
			61
		],
		[
			49,
			96
		],
		[
			41,
			104
		],
		[
			103,
			104
		],
		[
			41,
			103
		],
		[
			37,
			38
		],
		[
			20,
			91
		],
		[
			91,
			92
		],
		[
			89,
			92
		],
		[
			26,
			89
		],
		[
			87,
			93
		],
		[
			22,
			23
		],
		[
			22,
			24
		],
		[
			23,
			24
		],
		[
			50,
			51
		],
		[
			50,
			52
		],
		[
			51,
			52
		],
		[
			54,
			68
		],
		[
			52,
			54
		],
		[
			13,
			84
		],
		[
			54,
			55
		],
		[
			8,
			87
		],
		[
			7,
			8
		],
		[
			15,
			18
		],
		[
			17,
			18
		],
		[
			50,
			69
		],
		[
			34,
			35
		],
		[
			9,
			87
		],
		[
			18,
			19
		],
		[
			42,
			103
		],
		[
			42,
			98
		],
		[
			47,
			48
		],
		[
			46,
			47
		],
		[
			60,
			62
		],
		[
			62,
			83
		],
		[
			41,
			42
		],
		[
			69,
			70
		],
		[
			57,
			82
		],
		[
			89,
			102
		],
		[
			57,
			58
		],
		[
			48,
			95
		],
		[
			49,
			95
		],
		[
			48,
			49
		],
		[
			5,
			6
		],
		[
			6,
			7
		],
		[
			4,
			80
		],
		[
			4,
			5
		],
		[
			95,
			96
		],
		[
			53,
			54
		],
		[
			52,
			53
		],
		[
			42,
			43
		],
		[
			9,
			10
		],
		[
			27,
			28
		],
		[
			28,
			101
		],
		[
			71,
			106
		],
		[
			2,
			106
		],
		[
			30,
			31
		],
		[
			31,
			32
		],
		[
			8,
			9
		],
		[
			28,
			29
		],
		[
			39,
			40
		],
		[
			38,
			39
		],
		[
			24,
			25
		]
	],
	"score": 0.5151515151515151
}