{
	"content_type": "CG_SHOP_2025_Solution",
	"instance_uid": "simple-polygon_150_743d6b9c",
	"steiner_points_x": [
		2843,
		2909,
		2724,
		2701,
		2851,
		"20955/7",
		"8930/3",
		2851,
		2782,
		2375,
		2265,
		2782,
		2299,
		2220,
		1501,
		1494,
		1479,
		"184449233/90793",
		1981,
		1026,
		868,
		"271726733/261281",
		1487,
		1354,
		1207,
		1999,
		"99342943/49793",
		639,
		772,
		142,
		772,
		"885595619/300977",
		316,
		150,
		"193471/95642",
		336,
		"3980797/13210",
		627,
		1103,
		1244,
		1100,
		679,
		869,
		717,
		340,
		217,
		506,
		606,
		"4071526/6497",
		311,
		"967087/3145",
		"93775/6994",
		629,
		"13158727/17485",
		2044,
		2384,
		"9891/5",
		1466,
		2109,
		1823,
		1768,
		"126036010/100537",
		"56217233/24901",
		"123837413/45533",
		"12006/5",
		"111946887/45533",
		"125040492/45533"
	],
	"steiner_points_y": [
		2792,
		2730,
		1995,
		2427,
		2044,
		"13974/7",
		"6851/3",
		1995,
		1480,
		1735,
		2087,
		1479,
		2735,
		2952,
		2664,
		2952,
		2951,
		"273076848/90793",
		3004,
		2803,
		3090,
		"837385326/261281",
		3754,
		3421,
		3689,
		3485,
		"168141371/49793",
		3435,
		3989,
		4017,
		4017,
		"1184587041/300977",
		2856,
		3111,
		"269677555/95642",
		2644,
		"35012311/13210",
		2951,
		1718,
		2063,
		1314,
		681,
		"3088/5",
		1494,
		1450,
		1413,
		1504,
		1507,
		"4355609/6497",
		1510,
		"4739734/3145",
		"10250699/6994",
		314,
		"4993861/17485",
		1145,
		1109,
		"8442/5",
		286,
		596,
		197,
		543,
		"20325312/100537",
		"8973094/24901",
		"9662758/45533",
		"1724/5",
		"14612114/45533",
		"9161984/45533"
	],
	"edges": [
		[
			131,
			132
		],
		[
			131,
			214
		],
		[
			132,
			214
		],
		[
			108,
			164
		],
		[
			13,
			164
		],
		[
			13,
			108
		],
		[
			83,
			199
		],
		[
			199,
			200
		],
		[
			83,
			200
		],
		[
			84,
			199
		],
		[
			84,
			200
		],
		[
			82,
			199
		],
		[
			82,
			83
		],
		[
			92,
			93
		],
		[
			92,
			202
		],
		[
			93,
			202
		],
		[
			22,
			65
		],
		[
			22,
			170
		],
		[
			65,
			170
		],
		[
			53,
			54
		],
		[
			53,
			186
		],
		[
			54,
			186
		],
		[
			118,
			119
		],
		[
			118,
			210
		],
		[
			119,
			210
		],
		[
			33,
			181
		],
		[
			32,
			33
		],
		[
			32,
			181
		],
		[
			35,
			175
		],
		[
			36,
			175
		],
		[
			35,
			36
		],
		[
			139,
			140
		],
		[
			139,
			141
		],
		[
			140,
			141
		],
		[
			133,
			213
		],
		[
			134,
			213
		],
		[
			133,
			134
		],
		[
			213,
			216
		],
		[
			134,
			216
		],
		[
			114,
			159
		],
		[
			143,
			159
		],
		[
			114,
			143
		],
		[
			13,
			109
		],
		[
			108,
			109
		],
		[
			72,
			74
		],
		[
			73,
			74
		],
		[
			72,
			73
		],
		[
			138,
			208
		],
		[
			118,
			208
		],
		[
			118,
			138
		],
		[
			56,
			57
		],
		[
			56,
			185
		],
		[
			57,
			185
		],
		[
			80,
			82
		],
		[
			80,
			199
		],
		[
			165,
			166
		],
		[
			164,
			165
		],
		[
			164,
			166
		],
		[
			135,
			216
		],
		[
			134,
			135
		],
		[
			91,
			191
		],
		[
			91,
			198
		],
		[
			191,
			198
		],
		[
			79,
			196
		],
		[
			80,
			196
		],
		[
			79,
			80
		],
		[
			1,
			150
		],
		[
			2,
			150
		],
		[
			1,
			2
		],
		[
			19,
			166
		],
		[
			20,
			166
		],
		[
			19,
			20
		],
		[
			119,
			120
		],
		[
			119,
			122
		],
		[
			120,
			122
		],
		[
			131,
			136
		],
		[
			136,
			214
		],
		[
			130,
			137
		],
		[
			136,
			137
		],
		[
			130,
			136
		],
		[
			106,
			189
		],
		[
			107,
			189
		],
		[
			106,
			107
		],
		[
			69,
			169
		],
		[
			21,
			169
		],
		[
			21,
			69
		],
		[
			62,
			187
		],
		[
			63,
			187
		],
		[
			62,
			63
		],
		[
			209,
			210
		],
		[
			208,
			210
		],
		[
			208,
			209
		],
		[
			177,
			178
		],
		[
			43,
			177
		],
		[
			43,
			178
		],
		[
			113,
			159
		],
		[
			113,
			114
		],
		[
			67,
			169
		],
		[
			68,
			169
		],
		[
			67,
			68
		],
		[
			13,
			162
		],
		[
			109,
			162
		],
		[
			49,
			183
		],
		[
			52,
			183
		],
		[
			49,
			52
		],
		[
			125,
			126
		],
		[
			125,
			127
		],
		[
			126,
			127
		],
		[
			115,
			116
		],
		[
			115,
			206
		],
		[
			116,
			206
		],
		[
			18,
			165
		],
		[
			18,
			166
		],
		[
			124,
			207
		],
		[
			125,
			207
		],
		[
			124,
			125
		],
		[
			70,
			189
		],
		[
			70,
			107
		],
		[
			101,
			190
		],
		[
			100,
			101
		],
		[
			100,
			190
		],
		[
			125,
			211
		],
		[
			127,
			211
		],
		[
			39,
			178
		],
		[
			39,
			177
		],
		[
			53,
			183
		],
		[
			52,
			53
		],
		[
			49,
			51
		],
		[
			51,
			184
		],
		[
			49,
			184
		],
		[
			190,
			192
		],
		[
			100,
			192
		],
		[
			142,
			205
		],
		[
			143,
			205
		],
		[
			142,
			143
		],
		[
			6,
			162
		],
		[
			7,
			162
		],
		[
			6,
			7
		],
		[
			40,
			178
		],
		[
			178,
			180
		],
		[
			40,
			180
		],
		[
			79,
			197
		],
		[
			196,
			197
		],
		[
			16,
			164
		],
		[
			13,
			16
		],
		[
			38,
			172
		],
		[
			172,
			174
		],
		[
			38,
			174
		],
		[
			75,
			189
		],
		[
			188,
			189
		],
		[
			75,
			188
		],
		[
			86,
			88
		],
		[
			88,
			201
		],
		[
			86,
			201
		],
		[
			125,
			128
		],
		[
			125,
			129
		],
		[
			128,
			129
		],
		[
			66,
			170
		],
		[
			65,
			66
		],
		[
			90,
			190
		],
		[
			90,
			193
		],
		[
			190,
			193
		],
		[
			68,
			69
		],
		[
			130,
			208
		],
		[
			137,
			208
		],
		[
			157,
			158
		],
		[
			152,
			158
		],
		[
			152,
			157
		],
		[
			39,
			174
		],
		[
			38,
			39
		],
		[
			133,
			215
		],
		[
			213,
			215
		],
		[
			91,
			92
		],
		[
			91,
			99
		],
		[
			92,
			99
		],
		[
			31,
			33
		],
		[
			31,
			181
		],
		[
			8,
			163
		],
		[
			9,
			163
		],
		[
			8,
			9
		],
		[
			122,
			210
		],
		[
			123,
			210
		],
		[
			122,
			123
		],
		[
			97,
			203
		],
		[
			98,
			203
		],
		[
			97,
			98
		],
		[
			102,
			188
		],
		[
			103,
			188
		],
		[
			102,
			103
		],
		[
			76,
			190
		],
		[
			76,
			101
		],
		[
			30,
			33
		],
		[
			30,
			34
		],
		[
			33,
			34
		],
		[
			190,
			191
		],
		[
			90,
			191
		],
		[
			61,
			187
		],
		[
			61,
			62
		],
		[
			7,
			163
		],
		[
			7,
			12
		],
		[
			12,
			163
		],
		[
			44,
			177
		],
		[
			43,
			44
		],
		[
			128,
			211
		],
		[
			36,
			172
		],
		[
			37,
			172
		],
		[
			36,
			37
		],
		[
			191,
			192
		],
		[
			91,
			192
		],
		[
			80,
			84
		],
		[
			137,
			138
		],
		[
			123,
			209
		],
		[
			207,
			209
		],
		[
			123,
			207
		],
		[
			115,
			204
		],
		[
			117,
			204
		],
		[
			115,
			117
		],
		[
			169,
			170
		],
		[
			21,
			170
		],
		[
			42,
			43
		],
		[
			42,
			178
		],
		[
			3,
			150
		],
		[
			2,
			3
		],
		[
			90,
			198
		],
		[
			51,
			52
		],
		[
			132,
			215
		],
		[
			132,
			133
		],
		[
			129,
			207
		],
		[
			10,
			163
		],
		[
			11,
			163
		],
		[
			10,
			11
		],
		[
			16,
			168
		],
		[
			13,
			168
		],
		[
			92,
			97
		],
		[
			97,
			202
		],
		[
			12,
			162
		],
		[
			12,
			13
		],
		[
			111,
			160
		],
		[
			153,
			160
		],
		[
			111,
			153
		],
		[
			5,
			109
		],
		[
			5,
			160
		],
		[
			109,
			160
		],
		[
			59,
			60
		],
		[
			59,
			187
		],
		[
			60,
			187
		],
		[
			80,
			81
		],
		[
			81,
			82
		],
		[
			110,
			160
		],
		[
			109,
			110
		],
		[
			175,
			176
		],
		[
			28,
			175
		],
		[
			28,
			176
		],
		[
			90,
			196
		],
		[
			90,
			197
		],
		[
			29,
			34
		],
		[
			29,
			35
		],
		[
			34,
			35
		],
		[
			71,
			72
		],
		[
			71,
			74
		],
		[
			214,
			215
		],
		[
			78,
			197
		],
		[
			78,
			79
		],
		[
			99,
			192
		],
		[
			76,
			193
		],
		[
			9,
			10
		],
		[
			20,
			164
		],
		[
			69,
			164
		],
		[
			20,
			69
		],
		[
			47,
			63
		],
		[
			48,
			63
		],
		[
			47,
			48
		],
		[
			121,
			122
		],
		[
			120,
			121
		],
		[
			39,
			40
		],
		[
			46,
			64
		],
		[
			46,
			65
		],
		[
			64,
			65
		],
		[
			85,
			86
		],
		[
			85,
			88
		],
		[
			148,
			151
		],
		[
			4,
			148
		],
		[
			4,
			151
		],
		[
			37,
			38
		],
		[
			146,
			147
		],
		[
			146,
			155
		],
		[
			147,
			155
		],
		[
			22,
			45
		],
		[
			22,
			46
		],
		[
			45,
			46
		],
		[
			22,
			23
		],
		[
			23,
			45
		],
		[
			101,
			188
		],
		[
			101,
			102
		],
		[
			152,
			153
		],
		[
			111,
			152
		],
		[
			42,
			179
		],
		[
			41,
			42
		],
		[
			41,
			179
		],
		[
			129,
			209
		],
		[
			106,
			188
		],
		[
			103,
			106
		],
		[
			77,
			193
		],
		[
			193,
			197
		],
		[
			77,
			197
		],
		[
			103,
			104
		],
		[
			103,
			105
		],
		[
			104,
			105
		],
		[
			152,
			154
		],
		[
			153,
			154
		],
		[
			11,
			12
		],
		[
			130,
			209
		],
		[
			138,
			205
		],
		[
			139,
			205
		],
		[
			138,
			139
		],
		[
			50,
			51
		],
		[
			50,
			184
		],
		[
			118,
			204
		],
		[
			117,
			118
		],
		[
			46,
			63
		],
		[
			46,
			47
		],
		[
			136,
			212
		],
		[
			130,
			212
		],
		[
			141,
			205
		],
		[
			141,
			142
		],
		[
			15,
			168
		],
		[
			15,
			16
		],
		[
			114,
			205
		],
		[
			204,
			205
		],
		[
			114,
			204
		],
		[
			3,
			151
		],
		[
			3,
			4
		],
		[
			117,
			206
		],
		[
			84,
			194
		],
		[
			194,
			195
		],
		[
			84,
			195
		],
		[
			29,
			30
		],
		[
			84,
			196
		],
		[
			194,
			196
		],
		[
			16,
			165
		],
		[
			30,
			31
		],
		[
			57,
			182
		],
		[
			58,
			182
		],
		[
			57,
			58
		],
		[
			105,
			106
		],
		[
			154,
			157
		],
		[
			94,
			202
		],
		[
			95,
			202
		],
		[
			94,
			95
		],
		[
			18,
			19
		],
		[
			85,
			195
		],
		[
			88,
			195
		],
		[
			178,
			179
		],
		[
			23,
			24
		],
		[
			23,
			173
		],
		[
			24,
			173
		],
		[
			53,
			57
		],
		[
			57,
			186
		],
		[
			59,
			63
		],
		[
			84,
			85
		],
		[
			71,
			75
		],
		[
			74,
			75
		],
		[
			145,
			146
		],
		[
			145,
			157
		],
		[
			146,
			157
		],
		[
			70,
			71
		],
		[
			71,
			189
		],
		[
			17,
			165
		],
		[
			17,
			18
		],
		[
			112,
			159
		],
		[
			112,
			113
		],
		[
			87,
			201
		],
		[
			86,
			87
		],
		[
			148,
			149
		],
		[
			149,
			151
		],
		[
			155,
			157
		],
		[
			77,
			78
		],
		[
			14,
			168
		],
		[
			14,
			15
		],
		[
			48,
			183
		],
		[
			48,
			182
		],
		[
			182,
			183
		],
		[
			154,
			156
		],
		[
			153,
			156
		],
		[
			154,
			155
		],
		[
			155,
			156
		],
		[
			138,
			204
		],
		[
			55,
			56
		],
		[
			55,
			185
		],
		[
			53,
			182
		],
		[
			63,
			64
		],
		[
			48,
			58
		],
		[
			107,
			164
		],
		[
			70,
			164
		],
		[
			144,
			161
		],
		[
			144,
			158
		],
		[
			158,
			161
		],
		[
			76,
			188
		],
		[
			75,
			76
		],
		[
			89,
			195
		],
		[
			88,
			89
		],
		[
			45,
			177
		],
		[
			44,
			45
		],
		[
			5,
			153
		],
		[
			4,
			153
		],
		[
			4,
			156
		],
		[
			97,
			99
		],
		[
			99,
			203
		],
		[
			5,
			6
		],
		[
			5,
			162
		],
		[
			172,
			173
		],
		[
			26,
			172
		],
		[
			26,
			173
		],
		[
			145,
			158
		],
		[
			16,
			17
		],
		[
			29,
			175
		],
		[
			28,
			29
		],
		[
			185,
			186
		],
		[
			13,
			167
		],
		[
			167,
			168
		],
		[
			89,
			194
		],
		[
			90,
			194
		],
		[
			89,
			90
		],
		[
			69,
			70
		],
		[
			112,
			152
		],
		[
			111,
			112
		],
		[
			173,
			174
		],
		[
			93,
			94
		],
		[
			0,
			150
		],
		[
			0,
			1
		],
		[
			48,
			59
		],
		[
			110,
			111
		],
		[
			96,
			202
		],
		[
			95,
			96
		],
		[
			25,
			173
		],
		[
			24,
			25
		],
		[
			148,
			156
		],
		[
			131,
			212
		],
		[
			67,
			170
		],
		[
			66,
			67
		],
		[
			23,
			174
		],
		[
			4,
			5
		],
		[
			0,
			151
		],
		[
			0,
			149
		],
		[
			27,
			175
		],
		[
			27,
			176
		],
		[
			27,
			172
		],
		[
			26,
			27
		],
		[
			172,
			175
		],
		[
			144,
			152
		],
		[
			150,
			151
		],
		[
			58,
			59
		],
		[
			14,
			167
		],
		[
			170,
			171
		],
		[
			22,
			171
		],
		[
			179,
			180
		],
		[
			143,
			152
		],
		[
			143,
			144
		],
		[
			20,
			21
		],
		[
			76,
			77
		],
		[
			152,
			159
		],
		[
			145,
			161
		],
		[
			107,
			108
		],
		[
			123,
			124
		],
		[
			23,
			39
		],
		[
			23,
			177
		],
		[
			96,
			97
		],
		[
			7,
			8
		],
		[
			114,
			115
		],
		[
			60,
			61
		],
		[
			25,
			26
		],
		[
			21,
			171
		]
	],
	"score": 0.5073529411764706
}