{
	"content_type": "CG_SHOP_2025_Solution",
	"instance_uid": "simple-polygon-exterior-20_40_5faf6985",
	"steiner_points_x": [
		12,
		"28593/1193",
		"19159/313",
		"33/2",
		19,
		"111/2",
		"24049/1193",
		"19628/313",
		"5072/137",
		"837/137",
		20,
		42,
		25,
		"673/17",
		"21909/485",
		49,
		42,
		9,
		40,
		"18521/485",
		18,
		41,
		"2982/65",
		"19492/313",
		"767009/20281",
		"947/29",
		"12390/289",
		53,
		58,
		34,
		23,
		"487/82",
		32,
		45,
		"123/2",
		"13053/233",
		"433/7",
		"75/2",
		35,
		23,
		37,
		"19289/313",
		"79/3",
		"4087/97",
		"24747/485",
		"18363/578",
		21,
		"15573/485",
		"20065/578",
		45,
		44,
		10,
		"733/17"
	],
	"steiner_points_y": [
		25,
		"65711/1193",
		"14626/313",
		"15/2",
		13,
		"93/2",
		"63865/1193",
		"2901/313",
		"1618/137",
		"5624/137",
		28,
		26,
		28,
		"958/17",
		"577/485",
		5,
		4,
		40,
		31,
		"423/485",
		42,
		19,
		"846/65",
		"6301/313",
		"1231214/20281",
		"1040/29",
		"2062/289",
		36,
		31,
		7,
		10,
		"119/82",
		3,
		21,
		"79/2",
		"14001/233",
		"214/7",
		"11/2",
		25,
		6,
		20,
		"11376/313",
		"1/3",
		"102/97",
		"706/485",
		"2171/578",
		21,
		"289/485",
		"2689/578",
		5,
		45,
		21,
		"1063/17"
	],
	"edges": [
		[
			30,
			92
		],
		[
			29,
			30
		],
		[
			29,
			92
		],
		[
			10,
			22
		],
		[
			11,
			22
		],
		[
			10,
			11
		],
		[
			51,
			61
		],
		[
			61,
			80
		],
		[
			51,
			80
		],
		[
			26,
			90
		],
		[
			28,
			90
		],
		[
			26,
			28
		],
		[
			24,
			52
		],
		[
			23,
			24
		],
		[
			23,
			52
		],
		[
			21,
			66
		],
		[
			14,
			21
		],
		[
			14,
			66
		],
		[
			18,
			47
		],
		[
			18,
			63
		],
		[
			47,
			63
		],
		[
			18,
			19
		],
		[
			19,
			68
		],
		[
			18,
			68
		],
		[
			66,
			77
		],
		[
			21,
			77
		],
		[
			68,
			76
		],
		[
			18,
			76
		],
		[
			59,
			77
		],
		[
			56,
			77
		],
		[
			56,
			59
		],
		[
			63,
			76
		],
		[
			51,
			78
		],
		[
			58,
			78
		],
		[
			51,
			58
		],
		[
			23,
			78
		],
		[
			78,
			80
		],
		[
			23,
			80
		],
		[
			48,
			77
		],
		[
			21,
			48
		],
		[
			72,
			85
		],
		[
			85,
			88
		],
		[
			72,
			88
		],
		[
			13,
			79
		],
		[
			12,
			79
		],
		[
			12,
			13
		],
		[
			61,
			62
		],
		[
			61,
			73
		],
		[
			62,
			73
		],
		[
			70,
			79
		],
		[
			43,
			79
		],
		[
			43,
			70
		],
		[
			34,
			65
		],
		[
			25,
			65
		],
		[
			25,
			34
		],
		[
			8,
			86
		],
		[
			7,
			86
		],
		[
			7,
			8
		],
		[
			21,
			61
		],
		[
			21,
			62
		],
		[
			51,
			73
		],
		[
			17,
			20
		],
		[
			18,
			20
		],
		[
			17,
			18
		],
		[
			22,
			80
		],
		[
			22,
			23
		],
		[
			12,
			85
		],
		[
			13,
			85
		],
		[
			11,
			86
		],
		[
			10,
			86
		],
		[
			25,
			58
		],
		[
			25,
			26
		],
		[
			26,
			58
		],
		[
			0,
			91
		],
		[
			2,
			91
		],
		[
			0,
			2
		],
		[
			19,
			51
		],
		[
			19,
			73
		],
		[
			9,
			86
		],
		[
			8,
			9
		],
		[
			59,
			88
		],
		[
			77,
			88
		],
		[
			26,
			67
		],
		[
			26,
			45
		],
		[
			45,
			67
		],
		[
			56,
			83
		],
		[
			59,
			83
		],
		[
			24,
			25
		],
		[
			24,
			58
		],
		[
			58,
			67
		],
		[
			69,
			77
		],
		[
			48,
			69
		],
		[
			33,
			41
		],
		[
			41,
			53
		],
		[
			33,
			53
		],
		[
			54,
			89
		],
		[
			55,
			89
		],
		[
			54,
			55
		],
		[
			45,
			74
		],
		[
			42,
			45
		],
		[
			42,
			74
		],
		[
			27,
			30
		],
		[
			30,
			75
		],
		[
			27,
			75
		],
		[
			29,
			90
		],
		[
			28,
			29
		],
		[
			69,
			88
		],
		[
			27,
			28
		],
		[
			28,
			30
		],
		[
			31,
			92
		],
		[
			30,
			31
		],
		[
			35,
			50
		],
		[
			38,
			50
		],
		[
			35,
			38
		],
		[
			31,
			75
		],
		[
			24,
			34
		],
		[
			39,
			50
		],
		[
			38,
			39
		],
		[
			25,
			90
		],
		[
			33,
			36
		],
		[
			36,
			41
		],
		[
			29,
			33
		],
		[
			33,
			90
		],
		[
			5,
			13
		],
		[
			13,
			82
		],
		[
			5,
			82
		],
		[
			36,
			46
		],
		[
			41,
			46
		],
		[
			29,
			32
		],
		[
			29,
			53
		],
		[
			32,
			53
		],
		[
			25,
			33
		],
		[
			38,
			57
		],
		[
			39,
			57
		],
		[
			6,
			44
		],
		[
			43,
			44
		],
		[
			6,
			43
		],
		[
			5,
			43
		],
		[
			5,
			79
		],
		[
			28,
			45
		],
		[
			7,
			40
		],
		[
			8,
			40
		],
		[
			8,
			50
		],
		[
			9,
			50
		],
		[
			11,
			70
		],
		[
			11,
			12
		],
		[
			12,
			70
		],
		[
			56,
			66
		],
		[
			34,
			35
		],
		[
			34,
			52
		],
		[
			35,
			52
		],
		[
			0,
			57
		],
		[
			0,
			39
		],
		[
			22,
			69
		],
		[
			12,
			69
		],
		[
			12,
			22
		],
		[
			27,
			45
		],
		[
			24,
			78
		],
		[
			10,
			52
		],
		[
			10,
			23
		],
		[
			27,
			42
		],
		[
			36,
			37
		],
		[
			37,
			46
		],
		[
			22,
			48
		],
		[
			57,
			60
		],
		[
			38,
			60
		],
		[
			14,
			62
		],
		[
			20,
			73
		],
		[
			20,
			62
		],
		[
			50,
			52
		],
		[
			9,
			52
		],
		[
			51,
			67
		],
		[
			19,
			67
		],
		[
			15,
			54
		],
		[
			15,
			84
		],
		[
			54,
			84
		],
		[
			35,
			60
		],
		[
			33,
			35
		],
		[
			33,
			65
		],
		[
			35,
			65
		],
		[
			32,
			92
		],
		[
			41,
			64
		],
		[
			53,
			64
		],
		[
			32,
			64
		],
		[
			9,
			10
		],
		[
			39,
			40
		],
		[
			8,
			39
		],
		[
			37,
			57
		],
		[
			49,
			57
		],
		[
			37,
			49
		],
		[
			66,
			89
		],
		[
			56,
			89
		],
		[
			0,
			40
		],
		[
			2,
			6
		],
		[
			3,
			6
		],
		[
			2,
			3
		],
		[
			54,
			56
		],
		[
			7,
			44
		],
		[
			6,
			7
		],
		[
			14,
			89
		],
		[
			15,
			55
		],
		[
			17,
			55
		],
		[
			15,
			17
		],
		[
			0,
			49
		],
		[
			14,
			20
		],
		[
			37,
			60
		],
		[
			36,
			60
		],
		[
			69,
			85
		],
		[
			7,
			91
		],
		[
			6,
			91
		],
		[
			35,
			36
		],
		[
			1,
			2
		],
		[
			1,
			3
		],
		[
			67,
			68
		],
		[
			19,
			20
		],
		[
			3,
			43
		],
		[
			3,
			71
		],
		[
			43,
			71
		],
		[
			48,
			80
		],
		[
			40,
			91
		],
		[
			0,
			1
		],
		[
			67,
			81
		],
		[
			67,
			74
		],
		[
			74,
			81
		],
		[
			48,
			61
		],
		[
			3,
			4
		],
		[
			4,
			71
		],
		[
			72,
			87
		],
		[
			87,
			88
		],
		[
			11,
			44
		],
		[
			44,
			86
		],
		[
			5,
			71
		],
		[
			14,
			55
		],
		[
			44,
			70
		],
		[
			68,
			81
		],
		[
			76,
			81
		],
		[
			72,
			82
		],
		[
			82,
			87
		],
		[
			59,
			87
		],
		[
			14,
			17
		],
		[
			16,
			17
		],
		[
			17,
			47
		],
		[
			16,
			47
		],
		[
			13,
			72
		],
		[
			1,
			4
		],
		[
			15,
			16
		],
		[
			54,
			83
		],
		[
			16,
			84
		]
	],
	"score": 0.5
}