{
	"content_type": "CG_SHOP_2025_Solution",
	"instance_uid": "simple-polygon-exterior-20_20_1e719235",
	"steiner_points_x": [
		"18319644/361441",
		1364,
		749,
		"935766565100950/2182694335941",
		"135801603/6144497",
		"158332251/246154",
		"7637/3",
		"1486900808/3668437",
		"335826792/6144497",
		351,
		"315/8",
		1304,
		320,
		206,
		601,
		1681,
		"116046000/145909",
		879,
		"1295799801/1397345",
		"210876785778606901937/95564757057600774",
		150,
		"283382505/6144497",
		"3368153004/1280605",
		568,
		1346,
		"906476527/1259954",
		2046,
		"1440021496/3668437",
		524,
		154,
		200,
		1032,
		860,
		"1589257887/3668437",
		1977,
		917,
		"807086393/502450",
		2201,
		"119410767/6144497",
		"637235108414667/22540700141189",
		"52210116/145909",
		557,
		508,
		350,
		"376945681315603/352118084426",
		466,
		"7369/3",
		"765058127/1259954",
		324,
		"36345015/12288994",
		"43865388/145909",
		"124217343/246154",
		372,
		323,
		160,
		176,
		"85270689/12288994",
		"121420845/12288994"
	],
	"steiner_points_y": [
		"1078849705/361441",
		2149,
		3258,
		"18967319880017/25088440643",
		"8569153410/6144497",
		"668377359/246154",
		"7670/3",
		"5087313131/3668437",
		"19697538925/6144497",
		2852,
		"18845/8",
		1511,
		2571,
		3203,
		2294,
		1722,
		"7189985/145909",
		2803,
		"4242871353/1397345",
		"303087410170922738249/95564757057600774",
		2729,
		"16779805180/6144497",
		"2279387447/1280605",
		676,
		933,
		"4559001119/1259954",
		1114,
		"6351073739/3668437",
		1390,
		2983,
		326,
		1192,
		1799,
		"2327996945/3668437",
		1575,
		1290,
		"690657051/502450",
		2109,
		"7657250550/6144497",
		"39171740205731230/22540700141189",
		"16478275/145909",
		3485,
		452,
		763,
		"6184789555970287/1760590422130",
		1734,
		"2992/3",
		"4601492415/1259954",
		326,
		"4049736035/12288994",
		"17692455/145909",
		"760073499/246154",
		680,
		563,
		712,
		548,
		"6771712025/12288994",
		"8782923085/12288994"
	],
	"edges": [
		[
			1,
			70
		],
		[
			44,
			46
		],
		[
			6,
			46
		],
		[
			1,
			60
		],
		[
			53,
			62
		],
		[
			19,
			62
		],
		[
			38,
			39
		],
		[
			38,
			64
		],
		[
			3,
			6
		],
		[
			3,
			44
		],
		[
			4,
			6
		],
		[
			3,
			36
		],
		[
			51,
			55
		],
		[
			7,
			55
		],
		[
			7,
			51
		],
		[
			44,
			51
		],
		[
			3,
			51
		],
		[
			0,
			50
		],
		[
			1,
			50
		],
		[
			2,
			36
		],
		[
			2,
			60
		],
		[
			1,
			68
		],
		[
			2,
			68
		],
		[
			21,
			35
		],
		[
			21,
			57
		],
		[
			35,
			57
		],
		[
			21,
			31
		],
		[
			31,
			35
		],
		[
			16,
			49
		],
		[
			33,
			49
		],
		[
			16,
			33
		],
		[
			8,
			35
		],
		[
			35,
			56
		],
		[
			7,
			31
		],
		[
			7,
			52
		],
		[
			31,
			52
		],
		[
			9,
			46
		],
		[
			46,
			56
		],
		[
			5,
			46
		],
		[
			24,
			27
		],
		[
			24,
			47
		],
		[
			12,
			39
		],
		[
			35,
			54
		],
		[
			54,
			57
		],
		[
			22,
			38
		],
		[
			22,
			64
		],
		[
			2,
			62
		],
		[
			3,
			62
		],
		[
			13,
			16
		],
		[
			13,
			71
		],
		[
			28,
			33
		],
		[
			28,
			49
		],
		[
			8,
			44
		],
		[
			54,
			56
		],
		[
			12,
			21
		],
		[
			12,
			57
		],
		[
			23,
			55
		],
		[
			43,
			55
		],
		[
			23,
			43
		],
		[
			34,
			65
		],
		[
			18,
			65
		],
		[
			18,
			34
		],
		[
			17,
			34
		],
		[
			14,
			33
		],
		[
			15,
			33
		],
		[
			19,
			68
		],
		[
			68,
			73
		],
		[
			19,
			73
		],
		[
			12,
			26
		],
		[
			27,
			48
		],
		[
			27,
			65
		],
		[
			48,
			65
		],
		[
			14,
			61
		],
		[
			33,
			61
		],
		[
			47,
			65
		],
		[
			23,
			63
		],
		[
			27,
			63
		],
		[
			25,
			32
		],
		[
			29,
			32
		],
		[
			25,
			29
		],
		[
			53,
			73
		],
		[
			44,
			56
		],
		[
			29,
			40
		],
		[
			32,
			40
		],
		[
			23,
			48
		],
		[
			48,
			55
		],
		[
			22,
			45
		],
		[
			42,
			57
		],
		[
			26,
			57
		],
		[
			16,
			61
		],
		[
			13,
			25
		],
		[
			12,
			37
		],
		[
			37,
			38
		],
		[
			8,
			31
		],
		[
			61,
			67
		],
		[
			46,
			66
		],
		[
			30,
			32
		],
		[
			18,
			32
		],
		[
			18,
			30
		],
		[
			72,
			73
		],
		[
			53,
			72
		],
		[
			13,
			61
		],
		[
			43,
			62
		],
		[
			3,
			43
		],
		[
			72,
			74
		],
		[
			73,
			74
		],
		[
			52,
			65
		],
		[
			34,
			52
		],
		[
			9,
			54
		],
		[
			10,
			54
		],
		[
			29,
			49
		],
		[
			40,
			49
		],
		[
			17,
			32
		],
		[
			43,
			51
		],
		[
			25,
			37
		],
		[
			13,
			37
		],
		[
			40,
			41
		],
		[
			30,
			40
		],
		[
			17,
			37
		],
		[
			58,
			63
		],
		[
			27,
			58
		],
		[
			21,
			34
		],
		[
			17,
			21
		],
		[
			63,
			74
		],
		[
			63,
			72
		],
		[
			73,
			75
		],
		[
			50,
			73
		],
		[
			50,
			75
		],
		[
			49,
			71
		],
		[
			42,
			54
		],
		[
			50,
			69
		],
		[
			22,
			61
		],
		[
			45,
			61
		],
		[
			47,
			59
		],
		[
			20,
			49
		],
		[
			41,
			49
		],
		[
			48,
			52
		],
		[
			52,
			55
		],
		[
			2,
			19
		],
		[
			21,
			52
		],
		[
			43,
			53
		],
		[
			21,
			37
		],
		[
			13,
			22
		],
		[
			9,
			66
		],
		[
			18,
			59
		],
		[
			74,
			76
		],
		[
			74,
			75
		],
		[
			75,
			76
		],
		[
			23,
			72
		],
		[
			69,
			75
		],
		[
			58,
			74
		],
		[
			74,
			77
		],
		[
			29,
			71
		],
		[
			50,
			68
		]
	],
	"score": 0.5084745762711864
}