{
	"content_type": "CG_SHOP_2025_Solution",
	"instance_uid": "simple-polygon-exterior-20_40_317d3f6d",
	"steiner_points_x": [
		"1/2",
		"3417/1066",
		52,
		"63/2",
		"5716/229",
		14,
		38,
		"87/13",
		"217/17",
		"1409/233",
		32,
		45,
		"207/82",
		42,
		45,
		17,
		19,
		"7857/425",
		"232/17",
		"22021/365",
		44,
		25,
		"37481/19106",
		"1902/127",
		30,
		37,
		52,
		30,
		26,
		16,
		56,
		"14466/1613",
		12,
		8,
		3,
		"602914/10585",
		28,
		33,
		10,
		30,
		20,
		25,
		17,
		"1303874/43551",
		8,
		"22249/32825",
		25,
		"324/13",
		"272/325",
		"31870/1613",
		53,
		"4415/73",
		36,
		"595/101"
	],
	"steiner_points_y": [
		30,
		"62733/1066",
		26,
		"71/2",
		"14474/229",
		"194/3",
		28,
		"760/13",
		"900/17",
		"10998/233",
		53,
		"115/2",
		"4323/82",
		22,
		31,
		27,
		21,
		"20676/425",
		"840/17",
		"6917/365",
		34,
		24,
		"910509/19106",
		"1261/127",
		31,
		40,
		16,
		41,
		53,
		52,
		10,
		"19331/1613",
		49,
		37,
		37,
		"37263/2117",
		34,
		30,
		24,
		16,
		14,
		13,
		58,
		"209495/43551",
		46,
		"1089807/32825",
		32,
		"502/13",
		"11721/325",
		"13377/1613",
		0,
		"1675/73",
		10,
		"3324/101"
	],
	"edges": [
		[
			22,
			76
		],
		[
			22,
			43
		],
		[
			43,
			76
		],
		[
			64,
			76
		],
		[
			64,
			86
		],
		[
			76,
			86
		],
		[
			20,
			21
		],
		[
			20,
			77
		],
		[
			21,
			77
		],
		[
			36,
			47
		],
		[
			41,
			47
		],
		[
			36,
			41
		],
		[
			0,
			50
		],
		[
			50,
			68
		],
		[
			0,
			68
		],
		[
			48,
			58
		],
		[
			48,
			69
		],
		[
			58,
			69
		],
		[
			35,
			47
		],
		[
			37,
			47
		],
		[
			35,
			37
		],
		[
			74,
			85
		],
		[
			33,
			74
		],
		[
			33,
			85
		],
		[
			48,
			82
		],
		[
			37,
			48
		],
		[
			37,
			82
		],
		[
			13,
			14
		],
		[
			14,
			66
		],
		[
			13,
			66
		],
		[
			20,
			46
		],
		[
			15,
			20
		],
		[
			15,
			46
		],
		[
			35,
			49
		],
		[
			49,
			52
		],
		[
			35,
			52
		],
		[
			2,
			50
		],
		[
			0,
			2
		],
		[
			58,
			72
		],
		[
			38,
			58
		],
		[
			38,
			72
		],
		[
			34,
			84
		],
		[
			74,
			84
		],
		[
			34,
			74
		],
		[
			60,
			65
		],
		[
			19,
			65
		],
		[
			19,
			60
		],
		[
			18,
			19
		],
		[
			3,
			19
		],
		[
			3,
			18
		],
		[
			22,
			67
		],
		[
			22,
			68
		],
		[
			67,
			68
		],
		[
			50,
			67
		],
		[
			55,
			56
		],
		[
			24,
			56
		],
		[
			24,
			55
		],
		[
			17,
			19
		],
		[
			17,
			18
		],
		[
			17,
			54
		],
		[
			54,
			60
		],
		[
			17,
			60
		],
		[
			86,
			87
		],
		[
			76,
			87
		],
		[
			16,
			54
		],
		[
			16,
			17
		],
		[
			3,
			50
		],
		[
			2,
			3
		],
		[
			39,
			82
		],
		[
			44,
			82
		],
		[
			39,
			44
		],
		[
			33,
			93
		],
		[
			23,
			33
		],
		[
			23,
			93
		],
		[
			14,
			53
		],
		[
			13,
			53
		],
		[
			23,
			24
		],
		[
			24,
			93
		],
		[
			24,
			25
		],
		[
			25,
			78
		],
		[
			24,
			78
		],
		[
			15,
			53
		],
		[
			14,
			15
		],
		[
			27,
			80
		],
		[
			27,
			81
		],
		[
			80,
			81
		],
		[
			48,
			72
		],
		[
			64,
			77
		],
		[
			26,
			77
		],
		[
			26,
			64
		],
		[
			27,
			61
		],
		[
			27,
			56
		],
		[
			56,
			61
		],
		[
			83,
			92
		],
		[
			11,
			92
		],
		[
			11,
			83
		],
		[
			38,
			57
		],
		[
			57,
			87
		],
		[
			38,
			87
		],
		[
			65,
			67
		],
		[
			43,
			65
		],
		[
			43,
			67
		],
		[
			25,
			63
		],
		[
			25,
			80
		],
		[
			63,
			80
		],
		[
			25,
			29
		],
		[
			29,
			63
		],
		[
			26,
			79
		],
		[
			13,
			26
		],
		[
			13,
			79
		],
		[
			10,
			11
		],
		[
			10,
			90
		],
		[
			11,
			90
		],
		[
			69,
			82
		],
		[
			26,
			53
		],
		[
			79,
			81
		],
		[
			79,
			83
		],
		[
			81,
			83
		],
		[
			66,
			70
		],
		[
			66,
			75
		],
		[
			70,
			75
		],
		[
			28,
			89
		],
		[
			28,
			83
		],
		[
			83,
			89
		],
		[
			20,
			60
		],
		[
			20,
			65
		],
		[
			21,
			43
		],
		[
			21,
			65
		],
		[
			55,
			61
		],
		[
			28,
			80
		],
		[
			28,
			63
		],
		[
			3,
			65
		],
		[
			50,
			65
		],
		[
			26,
			46
		],
		[
			46,
			53
		],
		[
			29,
			71
		],
		[
			63,
			71
		],
		[
			57,
			58
		],
		[
			57,
			69
		],
		[
			61,
			64
		],
		[
			61,
			86
		],
		[
			63,
			89
		],
		[
			37,
			45
		],
		[
			36,
			37
		],
		[
			36,
			45
		],
		[
			20,
			54
		],
		[
			35,
			84
		],
		[
			35,
			72
		],
		[
			72,
			84
		],
		[
			7,
			66
		],
		[
			7,
			75
		],
		[
			23,
			87
		],
		[
			23,
			38
		],
		[
			22,
			87
		],
		[
			23,
			73
		],
		[
			38,
			73
		],
		[
			39,
			68
		],
		[
			0,
			39
		],
		[
			47,
			52
		],
		[
			57,
			68
		],
		[
			39,
			57
		],
		[
			73,
			74
		],
		[
			73,
			84
		],
		[
			39,
			69
		],
		[
			38,
			84
		],
		[
			23,
			86
		],
		[
			35,
			48
		],
		[
			5,
			42
		],
		[
			16,
			42
		],
		[
			5,
			16
		],
		[
			0,
			44
		],
		[
			15,
			54
		],
		[
			15,
			16
		],
		[
			13,
			92
		],
		[
			79,
			92
		],
		[
			6,
			42
		],
		[
			5,
			6
		],
		[
			33,
			73
		],
		[
			46,
			77
		],
		[
			8,
			70
		],
		[
			8,
			75
		],
		[
			85,
			93
		],
		[
			55,
			86
		],
		[
			26,
			61
		],
		[
			74,
			88
		],
		[
			85,
			88
		],
		[
			12,
			13
		],
		[
			12,
			66
		],
		[
			59,
			75
		],
		[
			7,
			59
		],
		[
			7,
			14
		],
		[
			9,
			10
		],
		[
			9,
			90
		],
		[
			34,
			49
		],
		[
			49,
			84
		],
		[
			3,
			4
		],
		[
			3,
			51
		],
		[
			4,
			51
		],
		[
			8,
			59
		],
		[
			6,
			91
		],
		[
			5,
			91
		],
		[
			9,
			70
		],
		[
			8,
			9
		],
		[
			6,
			59
		],
		[
			59,
			91
		],
		[
			31,
			32
		],
		[
			30,
			32
		],
		[
			30,
			31
		],
		[
			31,
			40
		],
		[
			32,
			40
		],
		[
			49,
			62
		],
		[
			52,
			62
		],
		[
			43,
			64
		],
		[
			10,
			70
		],
		[
			41,
			52
		],
		[
			0,
			1
		],
		[
			1,
			44
		],
		[
			28,
			81
		],
		[
			6,
			7
		],
		[
			7,
			42
		],
		[
			12,
			70
		],
		[
			25,
			56
		],
		[
			15,
			42
		],
		[
			27,
			79
		],
		[
			26,
			27
		],
		[
			56,
			80
		],
		[
			45,
			82
		],
		[
			44,
			45
		],
		[
			34,
			88
		],
		[
			29,
			32
		],
		[
			32,
			78
		],
		[
			29,
			78
		],
		[
			40,
			85
		],
		[
			40,
			93
		],
		[
			78,
			93
		],
		[
			21,
			64
		],
		[
			34,
			62
		],
		[
			29,
			30
		],
		[
			23,
			55
		],
		[
			22,
			57
		],
		[
			12,
			92
		],
		[
			11,
			12
		],
		[
			10,
			12
		],
		[
			2,
			51
		],
		[
			1,
			2
		],
		[
			14,
			42
		],
		[
			5,
			17
		],
		[
			5,
			18
		],
		[
			4,
			18
		],
		[
			4,
			5
		],
		[
			1,
			51
		],
		[
			30,
			71
		],
		[
			32,
			93
		]
	],
	"score": 0.45
}