{
	"content_type": "CG_SHOP_2025_Solution",
	"instance_uid": "simple-polygon_60_0347cd75",
	"steiner_points_x": [
		1123,
		639,
		886,
		"240531833/188786",
		1212,
		1767,
		1584,
		1739,
		"243214779/115354",
		"98909907/57677",
		393,
		86,
		286,
		1225,
		1030,
		301,
		835,
		863,
		915,
		"16405466/192389",
		"113988512/257053",
		2662,
		3067,
		3128,
		"5943/2",
		"456302491/132553",
		3622,
		"91402/25",
		3479,
		"1165151771/310330",
		3656
	],
	"steiner_points_y": [
		1139,
		921,
		703,
		"334348229/188786",
		1754,
		259,
		1035,
		1520,
		"200537417/115354",
		"91117660/57677",
		529,
		822,
		758,
		1081,
		1571,
		448,
		1550,
		1295,
		677,
		"340899714/192389",
		"463991762/257053",
		1183,
		461,
		771,
		497,
		"25186031/132553",
		1089,
		"27864/25",
		1561,
		"521332903/310330",
		1544
	],
	"edges": [
		[
			17,
			71
		],
		[
			18,
			71
		],
		[
			17,
			18
		],
		[
			24,
			70
		],
		[
			61,
			70
		],
		[
			24,
			61
		],
		[
			63,
			64
		],
		[
			4,
			64
		],
		[
			4,
			63
		],
		[
			12,
			76
		],
		[
			8,
			12
		],
		[
			8,
			76
		],
		[
			89,
			90
		],
		[
			49,
			90
		],
		[
			49,
			89
		],
		[
			45,
			86
		],
		[
			52,
			86
		],
		[
			45,
			52
		],
		[
			66,
			67
		],
		[
			2,
			66
		],
		[
			2,
			67
		],
		[
			27,
			78
		],
		[
			26,
			27
		],
		[
			26,
			78
		],
		[
			20,
			75
		],
		[
			21,
			75
		],
		[
			20,
			21
		],
		[
			53,
			81
		],
		[
			54,
			81
		],
		[
			53,
			54
		],
		[
			27,
			66
		],
		[
			65,
			66
		],
		[
			27,
			65
		],
		[
			14,
			15
		],
		[
			14,
			16
		],
		[
			15,
			16
		],
		[
			22,
			70
		],
		[
			22,
			24
		],
		[
			27,
			28
		],
		[
			28,
			65
		],
		[
			61,
			72
		],
		[
			70,
			72
		],
		[
			24,
			62
		],
		[
			62,
			78
		],
		[
			24,
			78
		],
		[
			62,
			73
		],
		[
			73,
			78
		],
		[
			16,
			17
		],
		[
			16,
			71
		],
		[
			9,
			10
		],
		[
			9,
			79
		],
		[
			10,
			79
		],
		[
			19,
			72
		],
		[
			19,
			70
		],
		[
			19,
			20
		],
		[
			19,
			75
		],
		[
			31,
			66
		],
		[
			33,
			66
		],
		[
			31,
			33
		],
		[
			25,
			78
		],
		[
			25,
			26
		],
		[
			45,
			51
		],
		[
			51,
			52
		],
		[
			3,
			64
		],
		[
			3,
			74
		],
		[
			64,
			74
		],
		[
			40,
			82
		],
		[
			37,
			40
		],
		[
			37,
			82
		],
		[
			3,
			66
		],
		[
			2,
			3
		],
		[
			7,
			64
		],
		[
			7,
			74
		],
		[
			61,
			62
		],
		[
			27,
			73
		],
		[
			66,
			73
		],
		[
			70,
			75
		],
		[
			22,
			75
		],
		[
			74,
			77
		],
		[
			76,
			77
		],
		[
			74,
			76
		],
		[
			50,
			88
		],
		[
			51,
			88
		],
		[
			50,
			51
		],
		[
			31,
			65
		],
		[
			48,
			49
		],
		[
			48,
			89
		],
		[
			58,
			67
		],
		[
			67,
			68
		],
		[
			58,
			68
		],
		[
			49,
			88
		],
		[
			49,
			50
		],
		[
			60,
			74
		],
		[
			60,
			77
		],
		[
			52,
			53
		],
		[
			52,
			81
		],
		[
			9,
			11
		],
		[
			11,
			79
		],
		[
			34,
			81
		],
		[
			35,
			81
		],
		[
			34,
			35
		],
		[
			86,
			87
		],
		[
			45,
			87
		],
		[
			30,
			65
		],
		[
			30,
			31
		],
		[
			9,
			12
		],
		[
			11,
			12
		],
		[
			57,
			58
		],
		[
			57,
			67
		],
		[
			16,
			72
		],
		[
			71,
			72
		],
		[
			34,
			55
		],
		[
			55,
			81
		],
		[
			56,
			66
		],
		[
			33,
			56
		],
		[
			43,
			83
		],
		[
			52,
			83
		],
		[
			43,
			52
		],
		[
			88,
			90
		],
		[
			61,
			77
		],
		[
			13,
			61
		],
		[
			13,
			77
		],
		[
			57,
			66
		],
		[
			56,
			57
		],
		[
			47,
			89
		],
		[
			47,
			90
		],
		[
			58,
			59
		],
		[
			1,
			58
		],
		[
			1,
			59
		],
		[
			21,
			22
		],
		[
			38,
			40
		],
		[
			37,
			38
		],
		[
			83,
			84
		],
		[
			82,
			83
		],
		[
			82,
			84
		],
		[
			60,
			61
		],
		[
			60,
			62
		],
		[
			67,
			69
		],
		[
			2,
			69
		],
		[
			60,
			73
		],
		[
			13,
			76
		],
		[
			6,
			64
		],
		[
			6,
			7
		],
		[
			45,
			88
		],
		[
			40,
			85
		],
		[
			38,
			85
		],
		[
			3,
			73
		],
		[
			3,
			60
		],
		[
			36,
			84
		],
		[
			36,
			82
		],
		[
			45,
			90
		],
		[
			19,
			71
		],
		[
			18,
			19
		],
		[
			23,
			24
		],
		[
			22,
			23
		],
		[
			14,
			72
		],
		[
			7,
			76
		],
		[
			3,
			63
		],
		[
			14,
			61
		],
		[
			1,
			68
		],
		[
			34,
			56
		],
		[
			33,
			34
		],
		[
			46,
			90
		],
		[
			46,
			47
		],
		[
			24,
			25
		],
		[
			43,
			86
		],
		[
			0,
			59
		],
		[
			0,
			1
		],
		[
			13,
			14
		],
		[
			29,
			65
		],
		[
			28,
			29
		],
		[
			31,
			32
		],
		[
			32,
			33
		],
		[
			39,
			85
		],
		[
			38,
			39
		],
		[
			12,
			80
		],
		[
			8,
			80
		],
		[
			41,
			82
		],
		[
			41,
			83
		],
		[
			68,
			69
		],
		[
			55,
			56
		],
		[
			7,
			8
		],
		[
			9,
			80
		],
		[
			35,
			84
		],
		[
			35,
			83
		],
		[
			36,
			37
		],
		[
			44,
			86
		],
		[
			44,
			87
		],
		[
			35,
			52
		],
		[
			5,
			64
		],
		[
			5,
			6
		],
		[
			29,
			30
		],
		[
			41,
			43
		],
		[
			12,
			13
		],
		[
			45,
			46
		],
		[
			43,
			44
		],
		[
			40,
			41
		],
		[
			54,
			55
		],
		[
			4,
			5
		],
		[
			42,
			43
		],
		[
			41,
			42
		]
	],
	"score": 0.515625
}