{
	"content_type": "CG_SHOP_2025_Solution",
	"instance_uid": "point-set_10_ae0fff93",
	"steiner_points_x": [
		"2962270411/1255517",
		"2229165131/3400618",
		"3667829369/2634925",
		"14572039763/6277585",
		788,
		779,
		788,
		"268789151/355090"
	],
	"steiner_points_y": [
		"2000021007/1255517",
		"5007543063/3400618",
		"569319958/2634925",
		"3112312171/6277585",
		1474,
		1505,
		2028,
		"735376143/355090"
	],
	"edges": [
		[
			9,
			14
		],
		[
			4,
			9
		],
		[
			4,
			14
		],
		[
			2,
			10
		],
		[
			0,
			2
		],
		[
			0,
			10
		],
		[
			6,
			8
		],
		[
			4,
			6
		],
		[
			4,
			8
		],
		[
			1,
			4
		],
		[
			4,
			12
		],
		[
			1,
			12
		],
		[
			8,
			13
		],
		[
			8,
			10
		],
		[
			10,
			13
		],
		[
			2,
			4
		],
		[
			2,
			8
		],
		[
			3,
			5
		],
		[
			5,
			11
		],
		[
			3,
			11
		],
		[
			2,
			16
		],
		[
			2,
			9
		],
		[
			9,
			16
		],
		[
			5,
			15
		],
		[
			14,
			15
		],
		[
			5,
			14
		],
		[
			7,
			16
		],
		[
			16,
			17
		],
		[
			7,
			17
		],
		[
			2,
			7
		],
		[
			6,
			13
		],
		[
			6,
			12
		],
		[
			3,
			16
		],
		[
			15,
			16
		],
		[
			3,
			15
		],
		[
			3,
			17
		],
		[
			9,
			15
		],
		[
			1,
			14
		],
		[
			1,
			5
		],
		[
			1,
			11
		],
		[
			0,
			7
		]
	],
	"score": 0.5555555555555556
}