{
	"content_type": "CG_SHOP_2025_Solution",
	"instance_uid": "point-set_20_41c48315",
	"steiner_points_x": [
		"22873/7",
		"7651/5",
		"738029087/105893",
		"2250247927/529465",
		"11764515915/1653317",
		4994,
		4229,
		1305,
		"73170680665/15442157",
		6820,
		"22843/4",
		3057,
		"48638322/129245",
		"31973/5",
		"20846783415/2749618",
		"445649829/58565",
		4988
	],
	"steiner_points_y": [
		"26256/7",
		"15888/5",
		"526537824/105893",
		"2157585456/529465",
		"3578639017/1653317",
		2346,
		3030,
		1421,
		"6735634464/15442157",
		4307,
		4557,
		1960,
		"226960964/129245",
		"5477/5",
		"10355920613/2749618",
		"282211548/58565",
		1094
	],
	"edges": [
		[
			15,
			34
		],
		[
			9,
			15
		],
		[
			9,
			34
		],
		[
			12,
			25
		],
		[
			11,
			25
		],
		[
			11,
			12
		],
		[
			20,
			21
		],
		[
			17,
			20
		],
		[
			17,
			21
		],
		[
			10,
			25
		],
		[
			18,
			25
		],
		[
			10,
			18
		],
		[
			3,
			11
		],
		[
			3,
			25
		],
		[
			18,
			24
		],
		[
			6,
			18
		],
		[
			6,
			24
		],
		[
			19,
			30
		],
		[
			19,
			23
		],
		[
			23,
			30
		],
		[
			6,
			16
		],
		[
			16,
			24
		],
		[
			2,
			9
		],
		[
			2,
			4
		],
		[
			4,
			9
		],
		[
			4,
			22
		],
		[
			2,
			22
		],
		[
			18,
			33
		],
		[
			24,
			33
		],
		[
			2,
			15
		],
		[
			8,
			36
		],
		[
			10,
			36
		],
		[
			8,
			10
		],
		[
			0,
			12
		],
		[
			0,
			25
		],
		[
			3,
			28
		],
		[
			3,
			36
		],
		[
			28,
			36
		],
		[
			27,
			32
		],
		[
			13,
			27
		],
		[
			13,
			32
		],
		[
			11,
			26
		],
		[
			12,
			26
		],
		[
			14,
			35
		],
		[
			4,
			35
		],
		[
			4,
			14
		],
		[
			7,
			21
		],
		[
			1,
			21
		],
		[
			1,
			7
		],
		[
			1,
			32
		],
		[
			7,
			32
		],
		[
			25,
			36
		],
		[
			2,
			29
		],
		[
			22,
			29
		],
		[
			0,
			19
		],
		[
			0,
			30
		],
		[
			17,
			31
		],
		[
			11,
			17
		],
		[
			11,
			31
		],
		[
			3,
			5
		],
		[
			5,
			28
		],
		[
			19,
			26
		],
		[
			12,
			19
		],
		[
			3,
			31
		],
		[
			8,
			28
		],
		[
			1,
			27
		],
		[
			6,
			25
		],
		[
			9,
			35
		],
		[
			20,
			26
		],
		[
			19,
			20
		],
		[
			6,
			15
		],
		[
			15,
			16
		],
		[
			5,
			27
		],
		[
			5,
			13
		],
		[
			27,
			31
		],
		[
			5,
			31
		],
		[
			14,
			22
		],
		[
			17,
			26
		],
		[
			10,
			33
		],
		[
			1,
			31
		],
		[
			20,
			23
		],
		[
			29,
			30
		],
		[
			0,
			29
		],
		[
			15,
			29
		],
		[
			0,
			6
		],
		[
			0,
			15
		],
		[
			21,
			31
		],
		[
			16,
			34
		],
		[
			22,
			30
		],
		[
			8,
			33
		]
	],
	"score": 0.5277777777777778
}