{
	"content_type": "CG_SHOP_2025_Solution",
	"instance_uid": "simple-polygon-exterior-20_10_8c4306da",
	"steiner_points_x": [
		"5603067137313458788/2112610055977205",
		"2336464652/2042421",
		2758,
		"4929301959/4863226",
		"180184896/1432177",
		"18441625848/11636585",
		"5196486642/2431613",
		"27398529818261923623079252/10366005027354975112445",
		"406123394/359957"
	],
	"steiner_points_y": [
		"1447157058865338996/2112610055977205",
		"533287466/2042421",
		1212,
		"5591706239/4863226",
		"328149229/1432177",
		"4480140851/11636585",
		"3425103307/2431613",
		"1497389356922556588676356/2073201005470995022489",
		"110073582/359957"
	],
	"edges": [
		[
			5,
			8
		],
		[
			8,
			18
		],
		[
			5,
			18
		],
		[
			4,
			8
		],
		[
			4,
			18
		],
		[
			3,
			12
		],
		[
			2,
			12
		],
		[
			2,
			3
		],
		[
			3,
			17
		],
		[
			12,
			17
		],
		[
			11,
			18
		],
		[
			5,
			11
		],
		[
			5,
			7
		],
		[
			5,
			14
		],
		[
			7,
			14
		],
		[
			1,
			12
		],
		[
			1,
			2
		],
		[
			0,
			12
		],
		[
			0,
			17
		],
		[
			6,
			14
		],
		[
			5,
			6
		],
		[
			4,
			10
		],
		[
			4,
			17
		],
		[
			10,
			17
		],
		[
			4,
			11
		],
		[
			4,
			15
		],
		[
			11,
			15
		],
		[
			10,
			15
		],
		[
			9,
			13
		],
		[
			7,
			9
		],
		[
			7,
			13
		],
		[
			8,
			9
		],
		[
			7,
			8
		],
		[
			4,
			9
		],
		[
			0,
			9
		],
		[
			0,
			4
		],
		[
			0,
			1
		],
		[
			0,
			16
		],
		[
			0,
			13
		],
		[
			13,
			16
		],
		[
			3,
			10
		],
		[
			1,
			16
		]
	],
	"score": 0.55
}