{
	"content_type": "CG_SHOP_2025_Solution",
	"instance_uid": "simple-polygon-exterior-20_20_4ddfa00e",
	"steiner_points_x": [
		"1859964639/1553161",
		"1465233654/1553161",
		"3119/2",
		"560941/174",
		"196149254/71285",
		"1687456194/1553161",
		2588,
		"76530603/51938",
		"5362450989575057451783307644/1663473916882294893026449",
		2421,
		"1710002926314267/1058810044793",
		2750,
		1226,
		1545,
		1182,
		"3127718221/934354",
		"47642745168605481415309442518568700/16069373338334378363210809720393",
		1341,
		"65321391/48857",
		"359124/121",
		"3364738831/934354",
		"1591272143/467177",
		"39028804/15185",
		2526,
		2268,
		3292,
		1340,
		"3940355904/1553161",
		3160,
		1120,
		2415,
		1191,
		"70031633/59482",
		2559,
		2543,
		2491,
		2536,
		860,
		"65572554/447781",
		"78198398/48857"
	],
	"steiner_points_y": [
		"72553152/1553161",
		"54798184/1553161",
		1927,
		"91515/58",
		"95819038/71285",
		"64793736/1553161",
		1012,
		"45285153/51938",
		"1005135923522949313174876032/1663473916882294893026449",
		1324,
		"69343388943584/1058810044793",
		426,
		891,
		1354,
		315,
		"1231195353/934354",
		"3178853380853463580311518019485712/16069373338334378363210809720393",
		1620,
		"93950677/48857",
		"15288/121",
		"732595371/934354",
		"557931225/467177",
		"17591308/15185",
		431,
		768,
		1140,
		1809,
		"166128984/1553161",
		1376,
		207,
		1178,
		192,
		"112130605/59482",
		1324,
		1755,
		1254,
		129,
		546,
		"22993750/447781",
		"94183745/48857"
	],
	"edges": [
		[
			17,
			28
		],
		[
			17,
			45
		],
		[
			28,
			45
		],
		[
			43,
			44
		],
		[
			26,
			44
		],
		[
			26,
			43
		],
		[
			14,
			54
		],
		[
			14,
			59
		],
		[
			54,
			59
		],
		[
			15,
			43
		],
		[
			31,
			43
		],
		[
			15,
			31
		],
		[
			14,
			33
		],
		[
			14,
			29
		],
		[
			29,
			33
		],
		[
			6,
			12
		],
		[
			12,
			32
		],
		[
			6,
			32
		],
		[
			11,
			15
		],
		[
			15,
			30
		],
		[
			11,
			30
		],
		[
			17,
			18
		],
		[
			18,
			45
		],
		[
			25,
			49
		],
		[
			49,
			51
		],
		[
			25,
			51
		],
		[
			15,
			56
		],
		[
			30,
			56
		],
		[
			4,
			5
		],
		[
			5,
			52
		],
		[
			4,
			52
		],
		[
			19,
			42
		],
		[
			26,
			42
		],
		[
			19,
			26
		],
		[
			15,
			36
		],
		[
			36,
			56
		],
		[
			47,
			56
		],
		[
			30,
			47
		],
		[
			22,
			46
		],
		[
			38,
			46
		],
		[
			22,
			38
		],
		[
			18,
			42
		],
		[
			18,
			26
		],
		[
			41,
			45
		],
		[
			35,
			45
		],
		[
			35,
			41
		],
		[
			14,
			22
		],
		[
			22,
			59
		],
		[
			0,
			42
		],
		[
			0,
			18
		],
		[
			35,
			48
		],
		[
			23,
			48
		],
		[
			23,
			35
		],
		[
			26,
			31
		],
		[
			5,
			37
		],
		[
			5,
			46
		],
		[
			37,
			46
		],
		[
			6,
			52
		],
		[
			5,
			6
		],
		[
			27,
			44
		],
		[
			11,
			44
		],
		[
			11,
			27
		],
		[
			6,
			37
		],
		[
			13,
			46
		],
		[
			13,
			37
		],
		[
			40,
			45
		],
		[
			28,
			40
		],
		[
			40,
			41
		],
		[
			33,
			50
		],
		[
			44,
			50
		],
		[
			33,
			44
		],
		[
			17,
			31
		],
		[
			17,
			26
		],
		[
			3,
			59
		],
		[
			3,
			54
		],
		[
			13,
			14
		],
		[
			13,
			22
		],
		[
			34,
			51
		],
		[
			34,
			49
		],
		[
			1,
			18
		],
		[
			18,
			24
		],
		[
			1,
			24
		],
		[
			30,
			51
		],
		[
			11,
			51
		],
		[
			42,
			55
		],
		[
			0,
			55
		],
		[
			20,
			51
		],
		[
			20,
			30
		],
		[
			19,
			50
		],
		[
			50,
			55
		],
		[
			19,
			55
		],
		[
			45,
			48
		],
		[
			28,
			31
		],
		[
			24,
			53
		],
		[
			53,
			54
		],
		[
			24,
			54
		],
		[
			0,
			24
		],
		[
			16,
			28
		],
		[
			16,
			40
		],
		[
			53,
			55
		],
		[
			0,
			53
		],
		[
			10,
			32
		],
		[
			32,
			34
		],
		[
			10,
			34
		],
		[
			1,
			54
		],
		[
			39,
			56
		],
		[
			36,
			39
		],
		[
			2,
			54
		],
		[
			1,
			2
		],
		[
			7,
			57
		],
		[
			57,
			58
		],
		[
			7,
			58
		],
		[
			29,
			54
		],
		[
			2,
			3
		],
		[
			39,
			47
		],
		[
			19,
			44
		],
		[
			9,
			57
		],
		[
			10,
			57
		],
		[
			9,
			10
		],
		[
			31,
			36
		],
		[
			27,
			33
		],
		[
			11,
			34
		],
		[
			27,
			34
		],
		[
			29,
			53
		],
		[
			29,
			55
		],
		[
			27,
			32
		],
		[
			16,
			36
		],
		[
			16,
			39
		],
		[
			28,
			36
		],
		[
			12,
			33
		],
		[
			12,
			27
		],
		[
			11,
			43
		],
		[
			12,
			37
		],
		[
			9,
			58
		],
		[
			29,
			50
		],
		[
			20,
			25
		],
		[
			1,
			23
		],
		[
			2,
			23
		],
		[
			9,
			49
		],
		[
			9,
			25
		],
		[
			10,
			49
		],
		[
			8,
			9
		],
		[
			8,
			58
		],
		[
			6,
			7
		],
		[
			6,
			57
		],
		[
			9,
			21
		],
		[
			8,
			21
		],
		[
			5,
			38
		],
		[
			1,
			48
		],
		[
			18,
			48
		],
		[
			32,
			57
		],
		[
			21,
			25
		],
		[
			13,
			33
		],
		[
			12,
			13
		],
		[
			4,
			38
		]
	],
	"score": 0.5121951219512195
}