{
	"content_type": "CG_SHOP_2025_Solution",
	"instance_uid": "simple-polygon-exterior_10_74050e4d",
	"steiner_points_x": [
		"33632/193",
		120,
		"9402050/1157",
		"1343620/2249",
		543,
		"722250/89",
		541,
		"845231250/102973"
	],
	"steiner_points_y": [
		"772576/193",
		2140,
		"4868800/1157",
		"13432210/2249",
		3953,
		"126000/89",
		4024,
		"146064000/102973"
	],
	"edges": [
		[
			0,
			15
		],
		[
			15,
			17
		],
		[
			0,
			17
		],
		[
			5,
			16
		],
		[
			4,
			5
		],
		[
			4,
			16
		],
		[
			6,
			14
		],
		[
			6,
			16
		],
		[
			14,
			16
		],
		[
			8,
			9
		],
		[
			8,
			15
		],
		[
			9,
			15
		],
		[
			5,
			6
		],
		[
			6,
			10
		],
		[
			5,
			10
		],
		[
			1,
			15
		],
		[
			1,
			12
		],
		[
			12,
			15
		],
		[
			1,
			4
		],
		[
			1,
			16
		],
		[
			7,
			8
		],
		[
			8,
			11
		],
		[
			7,
			11
		],
		[
			8,
			14
		],
		[
			1,
			14
		],
		[
			1,
			8
		],
		[
			1,
			2
		],
		[
			2,
			12
		],
		[
			1,
			3
		],
		[
			2,
			3
		],
		[
			3,
			4
		],
		[
			4,
			13
		],
		[
			3,
			13
		],
		[
			12,
			17
		],
		[
			7,
			10
		],
		[
			6,
			7
		],
		[
			7,
			14
		],
		[
			9,
			11
		],
		[
			0,
			9
		],
		[
			5,
			13
		]
	],
	"score": 0.5555555555555556
}