{
	"content_type": "CG_SHOP_2025_Solution",
	"instance_uid": "simple-polygon_60_0347cd75",
	"steiner_points_x": [
		"243214779/115354",
		526,
		1123,
		1117,
		680,
		1767,
		1584,
		1200,
		109,
		"120596139/94393",
		207,
		2146,
		1091,
		"137439311/62941",
		672,
		"113988512/257053",
		"16405466/192389",
		"6232587/15809",
		2662,
		"5943/2",
		3128,
		3067,
		"456302491/132553",
		3622,
		"91402/25",
		3479,
		"1165151771/310330",
		3656
	],
	"steiner_points_y": [
		"200537417/115354",
		693,
		793,
		1407,
		1195,
		259,
		1035,
		1737,
		784,
		"165970956/94393",
		793,
		1493,
		1510,
		"94492823/62941",
		1746,
		"463991762/257053",
		"340899714/192389",
		"4655222/15809",
		1183,
		497,
		771,
		461,
		"25186031/132553",
		1089,
		"27864/25",
		1561,
		"521332903/310330",
		1544
	],
	"edges": [
		[
			56,
			66
		],
		[
			33,
			56
		],
		[
			33,
			66
		],
		[
			86,
			87
		],
		[
			49,
			87
		],
		[
			49,
			86
		],
		[
			50,
			85
		],
		[
			51,
			85
		],
		[
			50,
			51
		],
		[
			48,
			49
		],
		[
			48,
			86
		],
		[
			57,
			66
		],
		[
			56,
			57
		],
		[
			45,
			46
		],
		[
			45,
			87
		],
		[
			46,
			87
		],
		[
			34,
			56
		],
		[
			33,
			34
		],
		[
			47,
			87
		],
		[
			47,
			86
		],
		[
			45,
			85
		],
		[
			45,
			51
		],
		[
			35,
			80
		],
		[
			35,
			52
		],
		[
			52,
			80
		],
		[
			35,
			78
		],
		[
			52,
			78
		],
		[
			85,
			87
		],
		[
			49,
			85
		],
		[
			35,
			79
		],
		[
			79,
			80
		],
		[
			45,
			52
		],
		[
			51,
			52
		],
		[
			57,
			73
		],
		[
			57,
			71
		],
		[
			71,
			73
		],
		[
			52,
			53
		],
		[
			53,
			78
		],
		[
			7,
			13
		],
		[
			13,
			74
		],
		[
			7,
			74
		],
		[
			34,
			55
		],
		[
			55,
			56
		],
		[
			54,
			78
		],
		[
			53,
			54
		],
		[
			66,
			71
		],
		[
			3,
			69
		],
		[
			3,
			67
		],
		[
			67,
			69
		],
		[
			58,
			71
		],
		[
			2,
			71
		],
		[
			2,
			58
		],
		[
			0,
			59
		],
		[
			1,
			59
		],
		[
			0,
			1
		],
		[
			62,
			63
		],
		[
			62,
			64
		],
		[
			63,
			64
		],
		[
			2,
			66
		],
		[
			3,
			66
		],
		[
			2,
			3
		],
		[
			12,
			13
		],
		[
			12,
			74
		],
		[
			3,
			72
		],
		[
			67,
			72
		],
		[
			63,
			72
		],
		[
			13,
			63
		],
		[
			13,
			72
		],
		[
			63,
			66
		],
		[
			62,
			66
		],
		[
			24,
			61
		],
		[
			61,
			64
		],
		[
			24,
			64
		],
		[
			3,
			63
		],
		[
			4,
			67
		],
		[
			4,
			69
		],
		[
			55,
			78
		],
		[
			54,
			55
		],
		[
			83,
			84
		],
		[
			45,
			83
		],
		[
			45,
			84
		],
		[
			19,
			68
		],
		[
			68,
			70
		],
		[
			19,
			70
		],
		[
			7,
			67
		],
		[
			7,
			72
		],
		[
			27,
			28
		],
		[
			27,
			65
		],
		[
			28,
			65
		],
		[
			29,
			65
		],
		[
			30,
			65
		],
		[
			29,
			30
		],
		[
			22,
			24
		],
		[
			23,
			24
		],
		[
			22,
			23
		],
		[
			22,
			61
		],
		[
			25,
			62
		],
		[
			26,
			62
		],
		[
			25,
			26
		],
		[
			27,
			62
		],
		[
			27,
			66
		],
		[
			24,
			62
		],
		[
			38,
			82
		],
		[
			39,
			82
		],
		[
			38,
			39
		],
		[
			31,
			32
		],
		[
			31,
			33
		],
		[
			32,
			33
		],
		[
			31,
			65
		],
		[
			30,
			31
		],
		[
			26,
			27
		],
		[
			28,
			29
		],
		[
			58,
			59
		],
		[
			1,
			58
		],
		[
			18,
			68
		],
		[
			18,
			19
		],
		[
			16,
			70
		],
		[
			16,
			68
		],
		[
			58,
			60
		],
		[
			1,
			60
		],
		[
			61,
			70
		],
		[
			19,
			61
		],
		[
			6,
			67
		],
		[
			6,
			7
		],
		[
			13,
			64
		],
		[
			14,
			64
		],
		[
			13,
			14
		],
		[
			19,
			22
		],
		[
			19,
			20
		],
		[
			19,
			77
		],
		[
			20,
			77
		],
		[
			58,
			73
		],
		[
			22,
			77
		],
		[
			2,
			60
		],
		[
			40,
			81
		],
		[
			37,
			40
		],
		[
			37,
			81
		],
		[
			9,
			76
		],
		[
			9,
			11
		],
		[
			11,
			76
		],
		[
			17,
			68
		],
		[
			17,
			18
		],
		[
			5,
			67
		],
		[
			5,
			6
		],
		[
			4,
			5
		],
		[
			34,
			78
		],
		[
			34,
			35
		],
		[
			41,
			81
		],
		[
			80,
			81
		],
		[
			41,
			80
		],
		[
			74,
			75
		],
		[
			12,
			75
		],
		[
			14,
			61
		],
		[
			9,
			12
		],
		[
			9,
			75
		],
		[
			9,
			10
		],
		[
			10,
			76
		],
		[
			40,
			82
		],
		[
			38,
			40
		],
		[
			16,
			17
		],
		[
			37,
			38
		],
		[
			24,
			25
		],
		[
			79,
			81
		],
		[
			14,
			70
		],
		[
			21,
			77
		],
		[
			20,
			21
		],
		[
			36,
			81
		],
		[
			36,
			37
		],
		[
			65,
			66
		],
		[
			31,
			66
		],
		[
			8,
			74
		],
		[
			8,
			75
		],
		[
			7,
			8
		],
		[
			46,
			47
		],
		[
			43,
			80
		],
		[
			43,
			52
		],
		[
			52,
			83
		],
		[
			40,
			41
		],
		[
			36,
			79
		],
		[
			41,
			43
		],
		[
			43,
			83
		],
		[
			11,
			12
		],
		[
			14,
			16
		],
		[
			49,
			50
		],
		[
			44,
			83
		],
		[
			44,
			84
		],
		[
			14,
			15
		],
		[
			15,
			16
		],
		[
			43,
			44
		],
		[
			42,
			43
		],
		[
			41,
			42
		]
	],
	"score": 0.5172413793103449
}