{
	"content_type": "CG_SHOP_2025_Solution",
	"instance_uid": "simple-polygon-exterior-20_10_15783346",
	"steiner_points_x": [
		"1723616065/808273",
		"17275568535637/8545870429",
		"1489390969/808273",
		1498,
		1644,
		1679,
		"1663105573/808273",
		"9883/6",
		"552311109/1574765",
		1395,
		2168,
		"1808464969/808273",
		1404,
		"3118607580/2562629",
		"1621969/673",
		"2119212917/938209",
		"19203647/10573",
		"5024/3"
	],
	"steiner_points_y": [
		"1216452869/808273",
		"17518885758635/8545870429",
		"1242974585/2424819",
		1958,
		2476,
		1929,
		"1009228446/808273",
		"8425/6",
		"3743053938/1574765",
		1677,
		"7840/3",
		"1507026695/808273",
		1362,
		"1083015207/2562629",
		"1652645/673",
		"2564255796/938209",
		"19148447/10573",
		"1685/3"
	],
	"edges": [
		[
			14,
			18
		],
		[
			3,
			18
		],
		[
			3,
			14
		],
		[
			13,
			14
		],
		[
			14,
			15
		],
		[
			13,
			15
		],
		[
			11,
			14
		],
		[
			11,
			15
		],
		[
			0,
			22
		],
		[
			9,
			22
		],
		[
			0,
			9
		],
		[
			2,
			3
		],
		[
			1,
			3
		],
		[
			1,
			2
		],
		[
			17,
			27
		],
		[
			16,
			17
		],
		[
			16,
			27
		],
		[
			13,
			19
		],
		[
			7,
			13
		],
		[
			7,
			19
		],
		[
			8,
			9
		],
		[
			9,
			27
		],
		[
			8,
			27
		],
		[
			1,
			18
		],
		[
			12,
			27
		],
		[
			8,
			12
		],
		[
			6,
			15
		],
		[
			15,
			26
		],
		[
			6,
			26
		],
		[
			9,
			23
		],
		[
			0,
			23
		],
		[
			7,
			17
		],
		[
			6,
			7
		],
		[
			6,
			17
		],
		[
			8,
			23
		],
		[
			10,
			17
		],
		[
			10,
			16
		],
		[
			7,
			15
		],
		[
			6,
			10
		],
		[
			17,
			19
		],
		[
			5,
			24
		],
		[
			4,
			5
		],
		[
			4,
			24
		],
		[
			11,
			26
		],
		[
			11,
			21
		],
		[
			5,
			11
		],
		[
			5,
			21
		],
		[
			22,
			27
		],
		[
			17,
			22
		],
		[
			18,
			19
		],
		[
			0,
			19
		],
		[
			0,
			18
		],
		[
			3,
			20
		],
		[
			14,
			20
		],
		[
			10,
			26
		],
		[
			2,
			20
		],
		[
			19,
			22
		],
		[
			21,
			26
		],
		[
			4,
			20
		],
		[
			20,
			25
		],
		[
			4,
			25
		],
		[
			5,
			20
		],
		[
			11,
			20
		],
		[
			21,
			24
		],
		[
			2,
			25
		],
		[
			13,
			18
		],
		[
			12,
			16
		],
		[
			10,
			21
		]
	],
	"score": 0.5263157894736842
}