{
	"content_type": "CG_SHOP_2025_Solution",
	"instance_uid": "simple-polygon_80_7b8f6c4c",
	"steiner_points_x": [
		"86535325/11617",
		7615,
		7537,
		7620,
		7649,
		651,
		650,
		651,
		7650,
		7649,
		7625,
		7565,
		7423,
		7663,
		"168425865/23234",
		"15461/2",
		8050,
		"106610/13",
		7650,
		8050,
		200,
		351,
		"4600/17",
		415,
		600
	],
	"steiner_points_y": [
		"12546025/11617",
		1651,
		2310,
		2289,
		5801,
		5120,
		4450,
		3999,
		3999,
		3100,
		3103,
		2512,
		1789,
		4952,
		"26597601/23234",
		"10039/2",
		2100,
		"44020/13",
		6600,
		6600,
		6800,
		6600,
		"24100/17",
		774,
		200
	],
	"edges": [
		[
			49,
			86
		],
		[
			86,
			87
		],
		[
			49,
			87
		],
		[
			25,
			84
		],
		[
			26,
			84
		],
		[
			25,
			26
		],
		[
			22,
			24
		],
		[
			22,
			25
		],
		[
			24,
			25
		],
		[
			27,
			28
		],
		[
			27,
			99
		],
		[
			28,
			99
		],
		[
			7,
			89
		],
		[
			8,
			89
		],
		[
			7,
			8
		],
		[
			32,
			98
		],
		[
			33,
			98
		],
		[
			32,
			33
		],
		[
			43,
			86
		],
		[
			45,
			86
		],
		[
			43,
			45
		],
		[
			82,
			83
		],
		[
			7,
			82
		],
		[
			7,
			83
		],
		[
			100,
			101
		],
		[
			37,
			101
		],
		[
			37,
			100
		],
		[
			70,
			82
		],
		[
			82,
			92
		],
		[
			70,
			92
		],
		[
			70,
			87
		],
		[
			49,
			70
		],
		[
			22,
			23
		],
		[
			23,
			24
		],
		[
			43,
			85
		],
		[
			85,
			86
		],
		[
			36,
			37
		],
		[
			36,
			100
		],
		[
			20,
			86
		],
		[
			20,
			85
		],
		[
			14,
			93
		],
		[
			14,
			86
		],
		[
			86,
			93
		],
		[
			29,
			99
		],
		[
			28,
			29
		],
		[
			50,
			70
		],
		[
			49,
			50
		],
		[
			3,
			81
		],
		[
			81,
			92
		],
		[
			3,
			92
		],
		[
			30,
			31
		],
		[
			30,
			32
		],
		[
			31,
			32
		],
		[
			34,
			98
		],
		[
			33,
			34
		],
		[
			40,
			101
		],
		[
			38,
			40
		],
		[
			38,
			101
		],
		[
			35,
			101
		],
		[
			35,
			100
		],
		[
			9,
			88
		],
		[
			10,
			88
		],
		[
			9,
			10
		],
		[
			90,
			91
		],
		[
			70,
			91
		],
		[
			70,
			90
		],
		[
			45,
			48
		],
		[
			46,
			48
		],
		[
			45,
			46
		],
		[
			39,
			40
		],
		[
			38,
			39
		],
		[
			14,
			88
		],
		[
			87,
			88
		],
		[
			14,
			87
		],
		[
			81,
			94
		],
		[
			80,
			81
		],
		[
			80,
			94
		],
		[
			89,
			91
		],
		[
			89,
			90
		],
		[
			34,
			40
		],
		[
			34,
			41
		],
		[
			40,
			41
		],
		[
			9,
			87
		],
		[
			0,
			79
		],
		[
			1,
			79
		],
		[
			0,
			1
		],
		[
			9,
			89
		],
		[
			9,
			90
		],
		[
			47,
			48
		],
		[
			46,
			47
		],
		[
			50,
			51
		],
		[
			50,
			52
		],
		[
			51,
			52
		],
		[
			30,
			99
		],
		[
			29,
			30
		],
		[
			34,
			101
		],
		[
			19,
			93
		],
		[
			14,
			19
		],
		[
			92,
			94
		],
		[
			43,
			44
		],
		[
			44,
			45
		],
		[
			48,
			86
		],
		[
			48,
			49
		],
		[
			52,
			54
		],
		[
			53,
			54
		],
		[
			52,
			53
		],
		[
			20,
			93
		],
		[
			26,
			98
		],
		[
			26,
			34
		],
		[
			41,
			84
		],
		[
			26,
			41
		],
		[
			54,
			68
		],
		[
			55,
			68
		],
		[
			54,
			55
		],
		[
			60,
			104
		],
		[
			61,
			104
		],
		[
			60,
			61
		],
		[
			26,
			27
		],
		[
			26,
			32
		],
		[
			27,
			32
		],
		[
			32,
			99
		],
		[
			64,
			102
		],
		[
			56,
			102
		],
		[
			56,
			64
		],
		[
			21,
			22
		],
		[
			21,
			25
		],
		[
			34,
			35
		],
		[
			55,
			66
		],
		[
			56,
			66
		],
		[
			55,
			56
		],
		[
			71,
			78
		],
		[
			72,
			78
		],
		[
			71,
			72
		],
		[
			52,
			68
		],
		[
			60,
			62
		],
		[
			62,
			104
		],
		[
			58,
			103
		],
		[
			60,
			103
		],
		[
			58,
			60
		],
		[
			10,
			11
		],
		[
			10,
			13
		],
		[
			11,
			13
		],
		[
			20,
			84
		],
		[
			84,
			85
		],
		[
			37,
			38
		],
		[
			14,
			15
		],
		[
			15,
			19
		],
		[
			57,
			64
		],
		[
			57,
			102
		],
		[
			62,
			103
		],
		[
			70,
			94
		],
		[
			5,
			83
		],
		[
			5,
			7
		],
		[
			72,
			73
		],
		[
			72,
			77
		],
		[
			73,
			77
		],
		[
			42,
			84
		],
		[
			41,
			42
		],
		[
			59,
			60
		],
		[
			58,
			59
		],
		[
			2,
			81
		],
		[
			2,
			3
		],
		[
			5,
			6
		],
		[
			6,
			7
		],
		[
			63,
			103
		],
		[
			62,
			63
		],
		[
			57,
			58
		],
		[
			57,
			103
		],
		[
			73,
			74
		],
		[
			73,
			75
		],
		[
			74,
			75
		],
		[
			2,
			79
		],
		[
			1,
			2
		],
		[
			20,
			21
		],
		[
			20,
			25
		],
		[
			57,
			63
		],
		[
			42,
			85
		],
		[
			42,
			43
		],
		[
			50,
			69
		],
		[
			69,
			70
		],
		[
			63,
			64
		],
		[
			73,
			76
		],
		[
			76,
			77
		],
		[
			3,
			96
		],
		[
			3,
			5
		],
		[
			5,
			96
		],
		[
			11,
			97
		],
		[
			13,
			97
		],
		[
			56,
			65
		],
		[
			64,
			65
		],
		[
			2,
			80
		],
		[
			4,
			96
		],
		[
			4,
			5
		],
		[
			8,
			9
		],
		[
			65,
			66
		],
		[
			75,
			76
		],
		[
			3,
			83
		],
		[
			82,
			91
		],
		[
			7,
			91
		],
		[
			66,
			68
		],
		[
			67,
			68
		],
		[
			66,
			67
		],
		[
			83,
			92
		],
		[
			13,
			88
		],
		[
			13,
			14
		],
		[
			71,
			79
		],
		[
			78,
			79
		],
		[
			52,
			69
		],
		[
			68,
			69
		],
		[
			87,
			90
		],
		[
			71,
			80
		],
		[
			2,
			71
		],
		[
			11,
			12
		],
		[
			12,
			97
		],
		[
			93,
			95
		],
		[
			20,
			95
		],
		[
			19,
			95
		],
		[
			77,
			78
		],
		[
			15,
			16
		],
		[
			15,
			17
		],
		[
			16,
			17
		],
		[
			15,
			18
		],
		[
			17,
			18
		],
		[
			18,
			19
		]
	],
	"score": 0.5192307692307693
}