{
	"content_type": "CG_SHOP_2025_Solution",
	"instance_uid": "simple-polygon-exterior_60_ba2c82c0",
	"steiner_points_x": [
		"37983/1226",
		31,
		"1006/41",
		"1241/37",
		41,
		29,
		39,
		10,
		17,
		37,
		21,
		"185/3",
		13,
		23,
		"1545/34",
		"23003/1226",
		20,
		43,
		"493/13",
		48,
		32,
		"107/2",
		50,
		"5957/257",
		"4306/137",
		28,
		"38465/629",
		"10253273788500000/4821755467661621",
		28,
		37,
		"38157/629",
		10,
		"418/53",
		44,
		"1918/221",
		"3599/9061",
		49,
		"36509633323614530720000000000/33165942638979653975894088941",
		44,
		22,
		"2999/226",
		10,
		10,
		29,
		"999/53",
		30,
		58,
		35,
		29,
		"3063/226",
		38,
		"100/17",
		8,
		26,
		"207/4",
		52,
		17,
		"19313/386",
		44,
		35,
		"2050/701",
		9,
		"270323/5882",
		53,
		"3888/137",
		36,
		"19003/386",
		45,
		20,
		18,
		50,
		26,
		"7467/173",
		"41/2",
		"37861/629",
		"85/2",
		48,
		28,
		59,
		"119/82",
		"18711187078352446994000000000000/23249325789924737437101756347641",
		"35463/1226",
		"37511/629",
		"3363073802628000000/1162043067706450661",
		43,
		17,
		48,
		30,
		8,
		"53/82",
		41,
		"400/197",
		5,
		"3497/74",
		"840/221",
		40,
		5,
		6,
		"24205/16154",
		"453/197",
		34,
		6,
		5,
		6,
		47,
		48,
		"15468/8077",
		"37311/629",
		58,
		"39407/629",
		46,
		"2783/61",
		"1386/221",
		"13113/226",
		"3119529/52658",
		"1681/37",
		42,
		46,
		45,
		43,
		4,
		39,
		"1157/29",
		"1157/29",
		42,
		41,
		40,
		28,
		27,
		44,
		"55/2",
		"55/2",
		"97/2",
		48,
		"53/2",
		26,
		45
	],
	"steiner_points_y": [
		"421/1226",
		48,
		"1565/41",
		"1452/37",
		58,
		41,
		42,
		36,
		22,
		33,
		41,
		"130/3",
		21,
		22,
		"2219/34",
		"849/1226",
		58,
		54,
		"99/13",
		25,
		41,
		"71/2",
		50,
		"15128/257",
		"5882/137",
		43,
		"23215/629",
		"134731439538603219/4821755467661621",
		49,
		70,
		"19365/629",
		24,
		"3572/53",
		7,
		"9304/221",
		"385770/9061",
		13,
		"1156560637956652014859869468699/33165942638979653975894088941",
		42,
		26,
		"6791/226",
		29,
		55,
		36,
		"3738/53",
		32,
		31,
		39,
		3,
		"7751/226",
		53,
		"161/17",
		44,
		35,
		"63/4",
		0,
		29,
		"8597/386",
		57,
		48,
		"16679/701",
		33,
		"201817/2941",
		6,
		"6034/137",
		35,
		"9775/386",
		60,
		38,
		33,
		41,
		"1565/41",
		"11946/173",
		30,
		"15665/629",
		"127/2",
		9,
		26,
		25,
		"4269/82",
		"809425532999632035678168497557999/23249325789924737437101756347641",
		"493/1226",
		"11290/629",
		"32708152880696575779/1162043067706450661",
		38,
		36,
		60,
		39,
		48,
		"3675/82",
		33,
		"10328/197",
		37,
		"3845/74",
		"8919/221",
		66,
		56,
		42,
		"847851/16154",
		"11070/197",
		30,
		32,
		45,
		27,
		56,
		56,
		"454215/8077",
		"8790/629",
		56,
		"34990/629",
		49,
		"2004/61",
		"9114/221",
		"13635/226",
		"1640640/26329",
		"1828/37",
		50,
		54,
		52,
		59,
		43,
		35,
		"1080/29",
		38,
		40,
		44,
		49,
		38,
		"77/2",
		40,
		36,
		"69/2",
		"79/2",
		"81/2",
		37,
		37,
		"77/2"
	],
	"edges": [
		[
			65,
			85
		],
		[
			84,
			85
		],
		[
			65,
			84
		],
		[
			71,
			168
		],
		[
			168,
			169
		],
		[
			71,
			169
		],
		[
			13,
			153
		],
		[
			13,
			82
		],
		[
			82,
			153
		],
		[
			18,
			64
		],
		[
			17,
			18
		],
		[
			17,
			64
		],
		[
			10,
			11
		],
		[
			11,
			82
		],
		[
			10,
			82
		],
		[
			11,
			170
		],
		[
			82,
			170
		],
		[
			14,
			173
		],
		[
			14,
			16
		],
		[
			16,
			173
		],
		[
			148,
			162
		],
		[
			112,
			148
		],
		[
			112,
			162
		],
		[
			10,
			71
		],
		[
			10,
			168
		],
		[
			118,
			177
		],
		[
			77,
			177
		],
		[
			77,
			118
		],
		[
			118,
			127
		],
		[
			127,
			164
		],
		[
			118,
			164
		],
		[
			26,
			156
		],
		[
			102,
			156
		],
		[
			26,
			102
		],
		[
			28,
			70
		],
		[
			39,
			70
		],
		[
			28,
			39
		],
		[
			18,
			83
		],
		[
			19,
			83
		],
		[
			18,
			19
		],
		[
			23,
			156
		],
		[
			23,
			102
		],
		[
			21,
			88
		],
		[
			28,
			88
		],
		[
			21,
			28
		],
		[
			66,
			107
		],
		[
			6,
			66
		],
		[
			6,
			107
		],
		[
			17,
			19
		],
		[
			26,
			148
		],
		[
			26,
			27
		],
		[
			27,
			148
		],
		[
			149,
			180
		],
		[
			149,
			162
		],
		[
			162,
			180
		],
		[
			29,
			84
		],
		[
			84,
			119
		],
		[
			29,
			119
		],
		[
			24,
			156
		],
		[
			156,
			159
		],
		[
			24,
			159
		],
		[
			61,
			84
		],
		[
			61,
			119
		],
		[
			25,
			139
		],
		[
			25,
			149
		],
		[
			139,
			149
		],
		[
			27,
			102
		],
		[
			22,
			102
		],
		[
			22,
			27
		],
		[
			19,
			20
		],
		[
			20,
			89
		],
		[
			19,
			89
		],
		[
			13,
			168
		],
		[
			13,
			165
		],
		[
			165,
			168
		],
		[
			95,
			180
		],
		[
			95,
			149
		],
		[
			151,
			156
		],
		[
			151,
			159
		],
		[
			21,
			76
		],
		[
			76,
			83
		],
		[
			21,
			83
		],
		[
			19,
			155
		],
		[
			89,
			155
		],
		[
			18,
			21
		],
		[
			159,
			166
		],
		[
			24,
			166
		],
		[
			23,
			104
		],
		[
			23,
			92
		],
		[
			92,
			104
		],
		[
			151,
			158
		],
		[
			139,
			151
		],
		[
			139,
			158
		],
		[
			132,
			135
		],
		[
			74,
			132
		],
		[
			74,
			135
		],
		[
			17,
			155
		],
		[
			127,
			135
		],
		[
			127,
			179
		],
		[
			135,
			179
		],
		[
			14,
			74
		],
		[
			16,
			74
		],
		[
			25,
			162
		],
		[
			76,
			104
		],
		[
			23,
			76
		],
		[
			23,
			24
		],
		[
			24,
			92
		],
		[
			30,
			125
		],
		[
			30,
			107
		],
		[
			107,
			125
		],
		[
			188,
			194
		],
		[
			187,
			188
		],
		[
			187,
			194
		],
		[
			84,
			124
		],
		[
			85,
			124
		],
		[
			113,
			194
		],
		[
			190,
			194
		],
		[
			113,
			190
		],
		[
			103,
			190
		],
		[
			187,
			190
		],
		[
			103,
			187
		],
		[
			43,
			111
		],
		[
			43,
			44
		],
		[
			44,
			111
		],
		[
			119,
			186
		],
		[
			185,
			186
		],
		[
			119,
			185
		],
		[
			144,
			189
		],
		[
			7,
			189
		],
		[
			7,
			144
		],
		[
			96,
			136
		],
		[
			56,
			136
		],
		[
			56,
			96
		],
		[
			131,
			194
		],
		[
			131,
			188
		],
		[
			122,
			132
		],
		[
			74,
			122
		],
		[
			81,
			130
		],
		[
			10,
			130
		],
		[
			10,
			81
		],
		[
			8,
			196
		],
		[
			192,
			196
		],
		[
			8,
			192
		],
		[
			5,
			7
		],
		[
			5,
			144
		],
		[
			33,
			99
		],
		[
			33,
			137
		],
		[
			99,
			137
		],
		[
			35,
			133
		],
		[
			33,
			35
		],
		[
			33,
			133
		],
		[
			129,
			133
		],
		[
			35,
			129
		],
		[
			12,
			98
		],
		[
			11,
			12
		],
		[
			11,
			98
		],
		[
			9,
			10
		],
		[
			9,
			71
		],
		[
			29,
			63
		],
		[
			63,
			80
		],
		[
			29,
			80
		],
		[
			34,
			131
		],
		[
			62,
			131
		],
		[
			34,
			62
		],
		[
			34,
			188
		],
		[
			116,
			133
		],
		[
			116,
			129
		],
		[
			81,
			192
		],
		[
			130,
			192
		],
		[
			6,
			125
		],
		[
			4,
			79
		],
		[
			53,
			79
		],
		[
			4,
			53
		],
		[
			17,
			135
		],
		[
			17,
			179
		],
		[
			144,
			184
		],
		[
			184,
			189
		],
		[
			147,
			187
		],
		[
			103,
			147
		],
		[
			59,
			136
		],
		[
			123,
			136
		],
		[
			59,
			123
		],
		[
			73,
			137
		],
		[
			73,
			99
		],
		[
			175,
			178
		],
		[
			153,
			178
		],
		[
			153,
			175
		],
		[
			134,
			138
		],
		[
			90,
			138
		],
		[
			90,
			134
		],
		[
			98,
			184
		],
		[
			184,
			185
		],
		[
			98,
			185
		],
		[
			35,
			145
		],
		[
			128,
			145
		],
		[
			35,
			128
		],
		[
			53,
			150
		],
		[
			150,
			171
		],
		[
			53,
			171
		],
		[
			190,
			191
		],
		[
			113,
			191
		],
		[
			100,
			129
		],
		[
			100,
			109
		],
		[
			109,
			129
		],
		[
			135,
			155
		],
		[
			132,
			155
		],
		[
			87,
			143
		],
		[
			41,
			143
		],
		[
			41,
			87
		],
		[
			193,
			196
		],
		[
			192,
			193
		],
		[
			98,
			189
		],
		[
			4,
			171
		],
		[
			182,
			183
		],
		[
			6,
			182
		],
		[
			6,
			183
		],
		[
			36,
			37
		],
		[
			36,
			68
		],
		[
			37,
			68
		],
		[
			30,
			147
		],
		[
			30,
			103
		],
		[
			38,
			145
		],
		[
			38,
			128
		],
		[
			189,
			196
		],
		[
			7,
			196
		],
		[
			146,
			173
		],
		[
			14,
			146
		],
		[
			63,
			107
		],
		[
			29,
			107
		],
		[
			35,
			195
		],
		[
			113,
			195
		],
		[
			35,
			113
		],
		[
			127,
			146
		],
		[
			14,
			127
		],
		[
			25,
			151
		],
		[
			26,
			151
		],
		[
			25,
			26
		],
		[
			66,
			183
		],
		[
			110,
			119
		],
		[
			110,
			186
		],
		[
			130,
			193
		],
		[
			67,
			152
		],
		[
			152,
			172
		],
		[
			67,
			172
		],
		[
			94,
			172
		],
		[
			67,
			94
		],
		[
			22,
			76
		],
		[
			21,
			22
		],
		[
			194,
			195
		],
		[
			25,
			148
		],
		[
			157,
			172
		],
		[
			94,
			157
		],
		[
			131,
			195
		],
		[
			38,
			67
		],
		[
			38,
			109
		],
		[
			67,
			109
		],
		[
			4,
			81
		],
		[
			81,
			106
		],
		[
			4,
			106
		],
		[
			95,
			154
		],
		[
			40,
			154
		],
		[
			40,
			95
		],
		[
			89,
			132
		],
		[
			153,
			170
		],
		[
			170,
			175
		],
		[
			74,
			127
		],
		[
			48,
			57
		],
		[
			48,
			49
		],
		[
			49,
			57
		],
		[
			0,
			58
		],
		[
			0,
			115
		],
		[
			58,
			115
		],
		[
			117,
			138
		],
		[
			138,
			142
		],
		[
			117,
			142
		],
		[
			83,
			104
		],
		[
			20,
			104
		],
		[
			20,
			83
		],
		[
			164,
			177
		],
		[
			13,
			164
		],
		[
			13,
			177
		],
		[
			9,
			90
		],
		[
			9,
			86
		],
		[
			86,
			90
		],
		[
			29,
			66
		],
		[
			18,
			61
		],
		[
			18,
			119
		],
		[
			9,
			81
		],
		[
			9,
			106
		],
		[
			79,
			117
		],
		[
			79,
			126
		],
		[
			117,
			126
		],
		[
			43,
			46
		],
		[
			45,
			46
		],
		[
			43,
			45
		],
		[
			82,
			168
		],
		[
			80,
			84
		],
		[
			66,
			119
		],
		[
			28,
			85
		],
		[
			28,
			124
		],
		[
			27,
			39
		],
		[
			39,
			148
		],
		[
			66,
			185
		],
		[
			66,
			184
		],
		[
			12,
			186
		],
		[
			12,
			185
		],
		[
			55,
			96
		],
		[
			55,
			56
		],
		[
			97,
			140
		],
		[
			87,
			97
		],
		[
			87,
			140
		],
		[
			110,
			176
		],
		[
			77,
			110
		],
		[
			77,
			176
		],
		[
			11,
			193
		],
		[
			11,
			130
		],
		[
			39,
			94
		],
		[
			94,
			112
		],
		[
			39,
			112
		],
		[
			42,
			72
		],
		[
			46,
			72
		],
		[
			42,
			46
		],
		[
			34,
			85
		],
		[
			28,
			34
		],
		[
			58,
			93
		],
		[
			59,
			93
		],
		[
			58,
			59
		],
		[
			97,
			143
		],
		[
			0,
			59
		],
		[
			3,
			96
		],
		[
			96,
			114
		],
		[
			3,
			114
		],
		[
			22,
			23
		],
		[
			91,
			101
		],
		[
			37,
			101
		],
		[
			37,
			91
		],
		[
			49,
			50
		],
		[
			50,
			57
		],
		[
			36,
			133
		],
		[
			36,
			116
		],
		[
			37,
			100
		],
		[
			100,
			116
		],
		[
			37,
			116
		],
		[
			47,
			48
		],
		[
			45,
			48
		],
		[
			45,
			47
		],
		[
			100,
			121
		],
		[
			100,
			101
		],
		[
			101,
			121
		],
		[
			54,
			117
		],
		[
			54,
			79
		],
		[
			62,
			70
		],
		[
			34,
			70
		],
		[
			112,
			157
		],
		[
			157,
			162
		],
		[
			36,
			47
		],
		[
			36,
			73
		],
		[
			47,
			73
		],
		[
			189,
			193
		],
		[
			52,
			150
		],
		[
			52,
			53
		],
		[
			77,
			178
		],
		[
			176,
			178
		],
		[
			62,
			128
		],
		[
			70,
			128
		],
		[
			142,
			167
		],
		[
			114,
			167
		],
		[
			114,
			142
		],
		[
			6,
			181
		],
		[
			125,
			181
		],
		[
			32,
			33
		],
		[
			32,
			137
		],
		[
			65,
			187
		],
		[
			65,
			188
		],
		[
			57,
			108
		],
		[
			48,
			108
		],
		[
			31,
			125
		],
		[
			69,
			125
		],
		[
			31,
			69
		],
		[
			32,
			160
		],
		[
			51,
			160
		],
		[
			32,
			51
		],
		[
			80,
			147
		],
		[
			63,
			147
		],
		[
			51,
			53
		],
		[
			53,
			54
		],
		[
			51,
			54
		],
		[
			37,
			72
		],
		[
			68,
			72
		],
		[
			32,
			105
		],
		[
			33,
			105
		],
		[
			75,
			108
		],
		[
			108,
			141
		],
		[
			75,
			141
		],
		[
			47,
			68
		],
		[
			41,
			42
		],
		[
			41,
			91
		],
		[
			42,
			91
		],
		[
			40,
			97
		],
		[
			40,
			140
		],
		[
			38,
			39
		],
		[
			38,
			70
		],
		[
			3,
			136
		],
		[
			48,
			73
		],
		[
			30,
			63
		],
		[
			45,
			108
		],
		[
			46,
			68
		],
		[
			93,
			136
		],
		[
			42,
			43
		],
		[
			44,
			45
		],
		[
			45,
			75
		],
		[
			44,
			75
		],
		[
			121,
			161
		],
		[
			152,
			161
		],
		[
			121,
			152
		],
		[
			57,
			78
		],
		[
			78,
			108
		],
		[
			60,
			78
		],
		[
			58,
			78
		],
		[
			58,
			60
		],
		[
			56,
			57
		],
		[
			56,
			78
		],
		[
			64,
			77
		],
		[
			64,
			118
		],
		[
			158,
			159
		],
		[
			157,
			180
		],
		[
			154,
			157
		],
		[
			154,
			180
		],
		[
			158,
			166
		],
		[
			5,
			171
		],
		[
			5,
			8
		],
		[
			8,
			171
		],
		[
			31,
			32
		],
		[
			31,
			105
		],
		[
			52,
			160
		],
		[
			51,
			52
		],
		[
			72,
			91
		],
		[
			91,
			163
		],
		[
			101,
			163
		],
		[
			101,
			161
		],
		[
			22,
			28
		],
		[
			146,
			165
		],
		[
			146,
			168
		],
		[
			64,
			110
		],
		[
			15,
			168
		],
		[
			168,
			173
		],
		[
			15,
			173
		],
		[
			27,
			28
		],
		[
			41,
			163
		],
		[
			15,
			169
		],
		[
			12,
			170
		],
		[
			12,
			175
		],
		[
			153,
			177
		],
		[
			164,
			165
		],
		[
			146,
			164
		],
		[
			154,
			172
		],
		[
			175,
			176
		],
		[
			12,
			176
		],
		[
			173,
			174
		],
		[
			15,
			174
		],
		[
			118,
			179
		],
		[
			150,
			181
		],
		[
			5,
			181
		],
		[
			5,
			150
		],
		[
			4,
			8
		],
		[
			35,
			62
		],
		[
			16,
			174
		],
		[
			177,
			178
		],
		[
			176,
			186
		],
		[
			64,
			179
		],
		[
			62,
			195
		],
		[
			50,
			56
		],
		[
			50,
			55
		],
		[
			103,
			191
		],
		[
			55,
			114
		],
		[
			55,
			117
		],
		[
			114,
			117
		],
		[
			103,
			105
		],
		[
			31,
			103
		],
		[
			106,
			126
		],
		[
			106,
			138
		],
		[
			126,
			138
		],
		[
			60,
			108
		],
		[
			60,
			141
		],
		[
			61,
			88
		],
		[
			18,
			88
		],
		[
			134,
			142
		],
		[
			105,
			191
		],
		[
			33,
			191
		],
		[
			69,
			160
		],
		[
			52,
			69
		],
		[
			34,
			65
		],
		[
			50,
			54
		],
		[
			54,
			55
		],
		[
			51,
			137
		],
		[
			109,
			145
		],
		[
			129,
			145
		],
		[
			49,
			137
		],
		[
			49,
			73
		],
		[
			69,
			181
		],
		[
			65,
			80
		],
		[
			65,
			147
		],
		[
			33,
			113
		],
		[
			90,
			106
		],
		[
			183,
			184
		],
		[
			144,
			183
		],
		[
			99,
			133
		],
		[
			7,
			8
		],
		[
			56,
			93
		],
		[
			78,
			93
		],
		[
			0,
			123
		],
		[
			88,
			124
		],
		[
			18,
			110
		],
		[
			61,
			124
		],
		[
			3,
			167
		],
		[
			50,
			51
		],
		[
			98,
			193
		],
		[
			152,
			154
		],
		[
			36,
			99
		],
		[
			109,
			121
		],
		[
			46,
			47
		],
		[
			1,
			123
		],
		[
			2,
			123
		],
		[
			1,
			2
		],
		[
			49,
			51
		],
		[
			69,
			150
		],
		[
			38,
			94
		],
		[
			67,
			121
		],
		[
			3,
			123
		],
		[
			40,
			152
		],
		[
			30,
			31
		],
		[
			161,
			163
		],
		[
			4,
			126
		],
		[
			16,
			122
		],
		[
			0,
			1
		],
		[
			143,
			161
		],
		[
			97,
			161
		],
		[
			8,
			81
		],
		[
			41,
			120
		],
		[
			87,
			120
		],
		[
			42,
			111
		],
		[
			2,
			3
		],
		[
			2,
			167
		],
		[
			42,
			120
		],
		[
			5,
			182
		],
		[
			144,
			182
		],
		[
			1,
			115
		],
		[
			97,
			152
		],
		[
			143,
			163
		],
		[
			181,
			182
		],
		[
			71,
			86
		],
		[
			31,
			160
		]
	],
	"score": 0.5036231884057971
}