{
	"content_type": "CG_SHOP_2025_Solution",
	"instance_uid": "simple-polygon_100_6101abad",
	"steiner_points_x": [
		10025,
		10243,
		9749,
		9627,
		"6618675/697",
		9749,
		"3585358/365",
		3787,
		4124,
		9575,
		6950,
		9501,
		9709,
		7275,
		4196,
		3803,
		"129175/13",
		3825,
		3625,
		"47425/13",
		"651985/169",
		"3251763/845",
		3983,
		3525,
		3865,
		4025,
		"132115/34",
		9974,
		9715,
		9954,
		"3179125/289",
		"3034375/289"
	],
	"steiner_points_y": [
		5200,
		5864,
		5668,
		7932,
		"5727900/697",
		7446,
		"2716791/365",
		4243,
		4447,
		5692,
		4650,
		5851,
		7663,
		7200,
		4441,
		4608,
		"113000/13",
		5400,
		6050,
		"99250/13",
		"1119970/169",
		"5481501/845",
		8006,
		"12550/3",
		4019,
		3700,
		"137821/34",
		4183,
		4250,
		3590,
		"1151250/289",
		"987350/289"
	],
	"edges": [
		[
			26,
			103
		],
		[
			103,
			104
		],
		[
			26,
			104
		],
		[
			21,
			24
		],
		[
			21,
			26
		],
		[
			24,
			26
		],
		[
			86,
			93
		],
		[
			87,
			93
		],
		[
			86,
			87
		],
		[
			71,
			123
		],
		[
			61,
			71
		],
		[
			61,
			123
		],
		[
			30,
			55
		],
		[
			54,
			55
		],
		[
			30,
			54
		],
		[
			8,
			75
		],
		[
			8,
			76
		],
		[
			75,
			76
		],
		[
			72,
			108
		],
		[
			73,
			108
		],
		[
			72,
			73
		],
		[
			79,
			98
		],
		[
			3,
			79
		],
		[
			3,
			98
		],
		[
			26,
			116
		],
		[
			24,
			116
		],
		[
			108,
			114
		],
		[
			73,
			114
		],
		[
			61,
			124
		],
		[
			62,
			124
		],
		[
			61,
			62
		],
		[
			19,
			112
		],
		[
			103,
			112
		],
		[
			19,
			103
		],
		[
			103,
			113
		],
		[
			104,
			113
		],
		[
			14,
			111
		],
		[
			14,
			109
		],
		[
			109,
			111
		],
		[
			108,
			115
		],
		[
			107,
			108
		],
		[
			107,
			115
		],
		[
			53,
			54
		],
		[
			30,
			53
		],
		[
			30,
			52
		],
		[
			52,
			53
		],
		[
			14,
			15
		],
		[
			15,
			111
		],
		[
			29,
			55
		],
		[
			29,
			30
		],
		[
			110,
			113
		],
		[
			27,
			110
		],
		[
			27,
			113
		],
		[
			28,
			110
		],
		[
			27,
			28
		],
		[
			62,
			66
		],
		[
			63,
			66
		],
		[
			62,
			63
		],
		[
			109,
			110
		],
		[
			110,
			111
		],
		[
			28,
			108
		],
		[
			28,
			114
		],
		[
			112,
			113
		],
		[
			38,
			119
		],
		[
			38,
			47
		],
		[
			47,
			119
		],
		[
			57,
			58
		],
		[
			57,
			59
		],
		[
			58,
			59
		],
		[
			75,
			109
		],
		[
			102,
			109
		],
		[
			75,
			102
		],
		[
			32,
			35
		],
		[
			32,
			36
		],
		[
			35,
			36
		],
		[
			64,
			66
		],
		[
			63,
			64
		],
		[
			59,
			60
		],
		[
			59,
			123
		],
		[
			60,
			123
		],
		[
			72,
			107
		],
		[
			5,
			6
		],
		[
			5,
			7
		],
		[
			6,
			7
		],
		[
			33,
			35
		],
		[
			34,
			35
		],
		[
			33,
			34
		],
		[
			111,
			113
		],
		[
			36,
			49
		],
		[
			37,
			49
		],
		[
			36,
			37
		],
		[
			8,
			9
		],
		[
			8,
			101
		],
		[
			9,
			101
		],
		[
			10,
			101
		],
		[
			11,
			101
		],
		[
			10,
			11
		],
		[
			110,
			114
		],
		[
			9,
			10
		],
		[
			15,
			113
		],
		[
			105,
			113
		],
		[
			15,
			105
		],
		[
			32,
			33
		],
		[
			8,
			13
		],
		[
			13,
			101
		],
		[
			41,
			43
		],
		[
			42,
			43
		],
		[
			41,
			42
		],
		[
			13,
			102
		],
		[
			14,
			102
		],
		[
			13,
			14
		],
		[
			28,
			55
		],
		[
			28,
			56
		],
		[
			55,
			56
		],
		[
			64,
			65
		],
		[
			65,
			66
		],
		[
			7,
			100
		],
		[
			8,
			100
		],
		[
			7,
			8
		],
		[
			59,
			115
		],
		[
			59,
			107
		],
		[
			83,
			85
		],
		[
			84,
			85
		],
		[
			83,
			84
		],
		[
			70,
			125
		],
		[
			124,
			125
		],
		[
			70,
			124
		],
		[
			12,
			101
		],
		[
			11,
			12
		],
		[
			85,
			129
		],
		[
			86,
			129
		],
		[
			85,
			86
		],
		[
			3,
			77
		],
		[
			4,
			77
		],
		[
			3,
			4
		],
		[
			124,
			126
		],
		[
			70,
			126
		],
		[
			8,
			102
		],
		[
			12,
			13
		],
		[
			39,
			40
		],
		[
			39,
			41
		],
		[
			40,
			41
		],
		[
			68,
			69
		],
		[
			68,
			70
		],
		[
			69,
			70
		],
		[
			75,
			110
		],
		[
			71,
			124
		],
		[
			71,
			126
		],
		[
			83,
			129
		],
		[
			5,
			100
		],
		[
			56,
			115
		],
		[
			57,
			115
		],
		[
			56,
			57
		],
		[
			20,
			26
		],
		[
			20,
			21
		],
		[
			21,
			23
		],
		[
			23,
			24
		],
		[
			39,
			43
		],
		[
			127,
			128
		],
		[
			80,
			128
		],
		[
			80,
			127
		],
		[
			44,
			122
		],
		[
			45,
			122
		],
		[
			44,
			45
		],
		[
			25,
			116
		],
		[
			24,
			25
		],
		[
			39,
			44
		],
		[
			43,
			44
		],
		[
			17,
			18
		],
		[
			17,
			19
		],
		[
			18,
			19
		],
		[
			105,
			106
		],
		[
			17,
			105
		],
		[
			17,
			106
		],
		[
			16,
			105
		],
		[
			16,
			106
		],
		[
			38,
			46
		],
		[
			46,
			119
		],
		[
			74,
			114
		],
		[
			74,
			110
		],
		[
			37,
			118
		],
		[
			49,
			118
		],
		[
			80,
			81
		],
		[
			81,
			128
		],
		[
			17,
			112
		],
		[
			68,
			125
		],
		[
			21,
			22
		],
		[
			22,
			23
		],
		[
			46,
			122
		],
		[
			45,
			46
		],
		[
			77,
			78
		],
		[
			77,
			79
		],
		[
			78,
			79
		],
		[
			82,
			127
		],
		[
			82,
			128
		],
		[
			37,
			48
		],
		[
			48,
			118
		],
		[
			105,
			112
		],
		[
			66,
			125
		],
		[
			66,
			124
		],
		[
			82,
			83
		],
		[
			82,
			129
		],
		[
			88,
			91
		],
		[
			91,
			131
		],
		[
			88,
			131
		],
		[
			38,
			122
		],
		[
			93,
			129
		],
		[
			48,
			121
		],
		[
			37,
			121
		],
		[
			96,
			127
		],
		[
			97,
			127
		],
		[
			96,
			97
		],
		[
			93,
			95
		],
		[
			93,
			96
		],
		[
			95,
			96
		],
		[
			30,
			51
		],
		[
			51,
			52
		],
		[
			98,
			127
		],
		[
			97,
			98
		],
		[
			50,
			117
		],
		[
			31,
			50
		],
		[
			31,
			117
		],
		[
			87,
			92
		],
		[
			88,
			92
		],
		[
			87,
			88
		],
		[
			89,
			91
		],
		[
			89,
			131
		],
		[
			76,
			100
		],
		[
			59,
			71
		],
		[
			98,
			99
		],
		[
			2,
			98
		],
		[
			2,
			99
		],
		[
			51,
			117
		],
		[
			30,
			117
		],
		[
			67,
			125
		],
		[
			66,
			67
		],
		[
			89,
			90
		],
		[
			89,
			130
		],
		[
			90,
			130
		],
		[
			71,
			107
		],
		[
			93,
			94
		],
		[
			94,
			95
		],
		[
			71,
			72
		],
		[
			67,
			68
		],
		[
			73,
			74
		],
		[
			91,
			92
		],
		[
			38,
			120
		],
		[
			47,
			120
		],
		[
			91,
			130
		],
		[
			92,
			93
		],
		[
			80,
			98
		],
		[
			0,
			2
		],
		[
			0,
			99
		],
		[
			50,
			51
		],
		[
			47,
			121
		],
		[
			120,
			121
		],
		[
			2,
			3
		],
		[
			96,
			129
		],
		[
			0,
			1
		],
		[
			1,
			2
		],
		[
			15,
			16
		],
		[
			28,
			29
		],
		[
			82,
			96
		],
		[
			31,
			32
		],
		[
			31,
			36
		],
		[
			4,
			5
		],
		[
			4,
			100
		],
		[
			56,
			108
		],
		[
			39,
			122
		],
		[
			77,
			100
		],
		[
			47,
			48
		],
		[
			31,
			49
		],
		[
			20,
			103
		],
		[
			19,
			20
		],
		[
			79,
			80
		],
		[
			76,
			77
		],
		[
			49,
			50
		]
	],
	"score": 0.5151515151515151
}