{
	"content_type": "CG_SHOP_2025_Solution",
	"instance_uid": "simple-polygon_150_743d6b9c",
	"steiner_points_x": [
		2795,
		"860789/290",
		2680,
		2816,
		2816,
		2693,
		2265,
		2874,
		"12025/4",
		"866803/290",
		2873,
		2299,
		2220,
		1494,
		1501,
		1479,
		1981,
		"184449233/90793",
		1026,
		868,
		"271726733/261281",
		1354,
		1207,
		1999,
		"99342943/49793",
		1487,
		639,
		772,
		772,
		142,
		"885595619/300977",
		316,
		150,
		"193471/95642",
		"3980797/13210",
		336,
		627,
		1103,
		1244,
		606,
		456,
		294,
		"425/2",
		865,
		"737604995/847549",
		"900473815/847549",
		311,
		"967087/3145",
		"93775/6994",
		629,
		"13158727/17485",
		2044,
		2384,
		"9891/5",
		1768,
		1823,
		2109,
		1466,
		"126036010/100537",
		"56217233/24901",
		"123837413/45533",
		"125040492/45533",
		"111946887/45533",
		"12006/5"
	],
	"steiner_points_y": [
		2063,
		"703817/290",
		2410,
		1479,
		1526,
		1765,
		2087,
		1558,
		"7123/4",
		"601579/290",
		2680,
		2735,
		2952,
		2952,
		2664,
		2951,
		3004,
		"273076848/90793",
		2803,
		3090,
		"837385326/261281",
		3421,
		3689,
		3485,
		"168141371/49793",
		3754,
		3435,
		3989,
		4017,
		4017,
		"1184587041/300977",
		2856,
		3111,
		"269677555/95642",
		"35012311/13210",
		2644,
		2951,
		1718,
		2063,
		1534,
		1344,
		1414,
		"2387/2",
		1145,
		"525918107/847549",
		"896994905/847549",
		1510,
		"4739734/3145",
		"10250699/6994",
		314,
		"4993861/17485",
		1145,
		1109,
		"8442/5",
		543,
		197,
		596,
		286,
		"20325312/100537",
		"8973094/24901",
		"9662758/45533",
		"9161984/45533",
		"14612114/45533",
		"1724/5"
	],
	"edges": [
		[
			53,
			54
		],
		[
			53,
			184
		],
		[
			54,
			184
		],
		[
			80,
			82
		],
		[
			80,
			196
		],
		[
			82,
			196
		],
		[
			171,
			172
		],
		[
			23,
			171
		],
		[
			23,
			172
		],
		[
			44,
			176
		],
		[
			45,
			176
		],
		[
			44,
			45
		],
		[
			123,
			205
		],
		[
			123,
			204
		],
		[
			204,
			205
		],
		[
			181,
			182
		],
		[
			53,
			181
		],
		[
			53,
			182
		],
		[
			16,
			166
		],
		[
			13,
			166
		],
		[
			13,
			16
		],
		[
			46,
			64
		],
		[
			46,
			65
		],
		[
			64,
			65
		],
		[
			15,
			166
		],
		[
			15,
			16
		],
		[
			13,
			161
		],
		[
			109,
			161
		],
		[
			13,
			109
		],
		[
			90,
			190
		],
		[
			190,
			193
		],
		[
			90,
			193
		],
		[
			83,
			196
		],
		[
			196,
			197
		],
		[
			83,
			197
		],
		[
			48,
			59
		],
		[
			48,
			63
		],
		[
			59,
			63
		],
		[
			29,
			173
		],
		[
			35,
			173
		],
		[
			29,
			35
		],
		[
			49,
			52
		],
		[
			51,
			52
		],
		[
			49,
			51
		],
		[
			82,
			83
		],
		[
			4,
			160
		],
		[
			151,
			160
		],
		[
			4,
			151
		],
		[
			84,
			196
		],
		[
			84,
			197
		],
		[
			31,
			33
		],
		[
			33,
			180
		],
		[
			31,
			180
		],
		[
			80,
			81
		],
		[
			81,
			82
		],
		[
			30,
			31
		],
		[
			30,
			33
		],
		[
			80,
			84
		],
		[
			48,
			182
		],
		[
			48,
			181
		],
		[
			119,
			204
		],
		[
			122,
			204
		],
		[
			119,
			122
		],
		[
			84,
			190
		],
		[
			190,
			191
		],
		[
			84,
			191
		],
		[
			52,
			182
		],
		[
			52,
			53
		],
		[
			191,
			192
		],
		[
			190,
			192
		],
		[
			36,
			173
		],
		[
			173,
			175
		],
		[
			36,
			175
		],
		[
			28,
			29
		],
		[
			28,
			173
		],
		[
			86,
			88
		],
		[
			88,
			198
		],
		[
			86,
			198
		],
		[
			68,
			168
		],
		[
			69,
			168
		],
		[
			68,
			69
		],
		[
			11,
			162
		],
		[
			12,
			162
		],
		[
			11,
			12
		],
		[
			143,
			155
		],
		[
			144,
			155
		],
		[
			143,
			144
		],
		[
			37,
			175
		],
		[
			36,
			37
		],
		[
			193,
			194
		],
		[
			90,
			194
		],
		[
			53,
			57
		],
		[
			57,
			184
		],
		[
			171,
			175
		],
		[
			26,
			175
		],
		[
			26,
			171
		],
		[
			49,
			182
		],
		[
			18,
			163
		],
		[
			163,
			165
		],
		[
			18,
			165
		],
		[
			101,
			193
		],
		[
			76,
			193
		],
		[
			76,
			101
		],
		[
			201,
			202
		],
		[
			114,
			201
		],
		[
			114,
			202
		],
		[
			173,
			174
		],
		[
			28,
			174
		],
		[
			23,
			39
		],
		[
			23,
			176
		],
		[
			39,
			176
		],
		[
			58,
			181
		],
		[
			48,
			58
		],
		[
			144,
			153
		],
		[
			144,
			154
		],
		[
			153,
			154
		],
		[
			38,
			175
		],
		[
			172,
			175
		],
		[
			38,
			172
		],
		[
			95,
			199
		],
		[
			96,
			199
		],
		[
			95,
			96
		],
		[
			56,
			185
		],
		[
			55,
			56
		],
		[
			55,
			185
		],
		[
			87,
			198
		],
		[
			86,
			87
		],
		[
			80,
			190
		],
		[
			32,
			33
		],
		[
			32,
			180
		],
		[
			94,
			199
		],
		[
			94,
			95
		],
		[
			97,
			199
		],
		[
			96,
			97
		],
		[
			89,
			190
		],
		[
			89,
			192
		],
		[
			22,
			46
		],
		[
			22,
			65
		],
		[
			7,
			161
		],
		[
			12,
			161
		],
		[
			7,
			12
		],
		[
			10,
			162
		],
		[
			10,
			11
		],
		[
			23,
			45
		],
		[
			57,
			185
		],
		[
			184,
			185
		],
		[
			56,
			57
		],
		[
			89,
			90
		],
		[
			163,
			164
		],
		[
			164,
			165
		],
		[
			29,
			34
		],
		[
			34,
			35
		],
		[
			35,
			36
		],
		[
			30,
			34
		],
		[
			33,
			34
		],
		[
			57,
			181
		],
		[
			57,
			58
		],
		[
			42,
			179
		],
		[
			41,
			42
		],
		[
			41,
			179
		],
		[
			60,
			186
		],
		[
			61,
			186
		],
		[
			60,
			61
		],
		[
			108,
			164
		],
		[
			13,
			164
		],
		[
			13,
			108
		],
		[
			177,
			178
		],
		[
			177,
			179
		],
		[
			178,
			179
		],
		[
			39,
			172
		],
		[
			38,
			39
		],
		[
			91,
			92
		],
		[
			91,
			99
		],
		[
			92,
			99
		],
		[
			62,
			186
		],
		[
			63,
			186
		],
		[
			62,
			63
		],
		[
			19,
			165
		],
		[
			20,
			165
		],
		[
			19,
			20
		],
		[
			107,
			188
		],
		[
			70,
			188
		],
		[
			70,
			107
		],
		[
			20,
			164
		],
		[
			69,
			164
		],
		[
			20,
			69
		],
		[
			85,
			86
		],
		[
			85,
			88
		],
		[
			71,
			188
		],
		[
			75,
			188
		],
		[
			71,
			75
		],
		[
			42,
			177
		],
		[
			37,
			38
		],
		[
			67,
			168
		],
		[
			67,
			68
		],
		[
			88,
			191
		],
		[
			88,
			192
		],
		[
			40,
			177
		],
		[
			40,
			178
		],
		[
			84,
			85
		],
		[
			85,
			191
		],
		[
			59,
			60
		],
		[
			59,
			186
		],
		[
			39,
			40
		],
		[
			39,
			177
		],
		[
			115,
			201
		],
		[
			117,
			201
		],
		[
			115,
			117
		],
		[
			79,
			189
		],
		[
			189,
			190
		],
		[
			79,
			190
		],
		[
			58,
			59
		],
		[
			109,
			156
		],
		[
			110,
			156
		],
		[
			109,
			110
		],
		[
			138,
			202
		],
		[
			139,
			202
		],
		[
			138,
			139
		],
		[
			106,
			188
		],
		[
			106,
			107
		],
		[
			118,
			201
		],
		[
			138,
			201
		],
		[
			118,
			138
		],
		[
			204,
			206
		],
		[
			205,
			206
		],
		[
			91,
			194
		],
		[
			90,
			91
		],
		[
			43,
			177
		],
		[
			42,
			43
		],
		[
			176,
			177
		],
		[
			93,
			199
		],
		[
			93,
			94
		],
		[
			101,
			187
		],
		[
			102,
			187
		],
		[
			101,
			102
		],
		[
			97,
			200
		],
		[
			98,
			200
		],
		[
			97,
			98
		],
		[
			97,
			99
		],
		[
			99,
			200
		],
		[
			21,
			168
		],
		[
			21,
			69
		],
		[
			61,
			62
		],
		[
			130,
			137
		],
		[
			136,
			137
		],
		[
			130,
			136
		],
		[
			71,
			74
		],
		[
			74,
			75
		],
		[
			143,
			202
		],
		[
			114,
			143
		],
		[
			47,
			63
		],
		[
			47,
			48
		],
		[
			92,
			93
		],
		[
			92,
			199
		],
		[
			205,
			207
		],
		[
			123,
			207
		],
		[
			66,
			169
		],
		[
			67,
			169
		],
		[
			66,
			67
		],
		[
			92,
			97
		],
		[
			103,
			187
		],
		[
			106,
			187
		],
		[
			103,
			106
		],
		[
			102,
			103
		],
		[
			100,
			101
		],
		[
			100,
			193
		],
		[
			130,
			206
		],
		[
			137,
			206
		],
		[
			27,
			175
		],
		[
			27,
			173
		],
		[
			43,
			176
		],
		[
			145,
			146
		],
		[
			145,
			157
		],
		[
			146,
			157
		],
		[
			187,
			188
		],
		[
			75,
			187
		],
		[
			22,
			45
		],
		[
			45,
			46
		],
		[
			141,
			202
		],
		[
			139,
			141
		],
		[
			168,
			169
		],
		[
			43,
			44
		],
		[
			72,
			74
		],
		[
			73,
			74
		],
		[
			72,
			73
		],
		[
			21,
			169
		],
		[
			51,
			183
		],
		[
			50,
			51
		],
		[
			50,
			183
		],
		[
			99,
			194
		],
		[
			71,
			72
		],
		[
			150,
			155
		],
		[
			150,
			158
		],
		[
			155,
			158
		],
		[
			123,
			124
		],
		[
			124,
			207
		],
		[
			76,
			187
		],
		[
			75,
			76
		],
		[
			131,
			209
		],
		[
			136,
			209
		],
		[
			131,
			136
		],
		[
			65,
			169
		],
		[
			65,
			66
		],
		[
			138,
			206
		],
		[
			118,
			206
		],
		[
			27,
			174
		],
		[
			125,
			207
		],
		[
			129,
			207
		],
		[
			125,
			129
		],
		[
			193,
			195
		],
		[
			194,
			195
		],
		[
			155,
			157
		],
		[
			157,
			158
		],
		[
			49,
			183
		],
		[
			100,
			195
		],
		[
			22,
			169
		],
		[
			5,
			6
		],
		[
			5,
			161
		],
		[
			6,
			161
		],
		[
			134,
			210
		],
		[
			210,
			211
		],
		[
			134,
			211
		],
		[
			145,
			154
		],
		[
			154,
			157
		],
		[
			131,
			132
		],
		[
			131,
			213
		],
		[
			132,
			213
		],
		[
			103,
			105
		],
		[
			105,
			106
		],
		[
			135,
			211
		],
		[
			134,
			135
		],
		[
			133,
			212
		],
		[
			210,
			212
		],
		[
			133,
			210
		],
		[
			115,
			116
		],
		[
			115,
			203
		],
		[
			116,
			203
		],
		[
			103,
			104
		],
		[
			104,
			105
		],
		[
			117,
			203
		],
		[
			136,
			213
		],
		[
			108,
			109
		],
		[
			16,
			164
		],
		[
			142,
			202
		],
		[
			142,
			143
		],
		[
			46,
			63
		],
		[
			46,
			47
		],
		[
			150,
			151
		],
		[
			150,
			152
		],
		[
			151,
			152
		],
		[
			6,
			7
		],
		[
			139,
			140
		],
		[
			140,
			141
		],
		[
			114,
			115
		],
		[
			3,
			160
		],
		[
			3,
			4
		],
		[
			114,
			155
		],
		[
			22,
			23
		],
		[
			5,
			109
		],
		[
			107,
			164
		],
		[
			70,
			164
		],
		[
			130,
			209
		],
		[
			63,
			64
		],
		[
			152,
			156
		],
		[
			5,
			156
		],
		[
			5,
			152
		],
		[
			212,
			213
		],
		[
			132,
			212
		],
		[
			78,
			79
		],
		[
			78,
			189
		],
		[
			111,
			156
		],
		[
			110,
			111
		],
		[
			137,
			138
		],
		[
			112,
			155
		],
		[
			112,
			150
		],
		[
			147,
			157
		],
		[
			146,
			147
		],
		[
			117,
			118
		],
		[
			4,
			152
		],
		[
			122,
			123
		],
		[
			141,
			142
		],
		[
			7,
			8
		],
		[
			7,
			162
		],
		[
			8,
			162
		],
		[
			118,
			119
		],
		[
			118,
			204
		],
		[
			4,
			5
		],
		[
			9,
			162
		],
		[
			8,
			9
		],
		[
			113,
			114
		],
		[
			113,
			155
		],
		[
			79,
			80
		],
		[
			125,
			127
		],
		[
			125,
			208
		],
		[
			127,
			208
		],
		[
			189,
			193
		],
		[
			154,
			155
		],
		[
			120,
			122
		],
		[
			121,
			122
		],
		[
			120,
			121
		],
		[
			147,
			158
		],
		[
			111,
			150
		],
		[
			111,
			112
		],
		[
			133,
			134
		],
		[
			77,
			189
		],
		[
			77,
			193
		],
		[
			9,
			10
		],
		[
			119,
			120
		],
		[
			29,
			30
		],
		[
			112,
			113
		],
		[
			124,
			125
		],
		[
			1,
			2
		],
		[
			1,
			3
		],
		[
			2,
			3
		],
		[
			14,
			167
		],
		[
			166,
			167
		],
		[
			14,
			166
		],
		[
			150,
			159
		],
		[
			151,
			159
		],
		[
			25,
			26
		],
		[
			25,
			171
		],
		[
			148,
			149
		],
		[
			0,
			148
		],
		[
			0,
			149
		],
		[
			125,
			128
		],
		[
			128,
			208
		],
		[
			14,
			15
		],
		[
			130,
			205
		],
		[
			12,
			13
		],
		[
			125,
			126
		],
		[
			126,
			127
		],
		[
			158,
			159
		],
		[
			18,
			19
		],
		[
			111,
			152
		],
		[
			13,
			167
		],
		[
			145,
			153
		],
		[
			16,
			163
		],
		[
			26,
			27
		],
		[
			148,
			160
		],
		[
			148,
			151
		],
		[
			69,
			70
		],
		[
			0,
			160
		],
		[
			1,
			160
		],
		[
			0,
			1
		],
		[
			169,
			170
		],
		[
			21,
			170
		],
		[
			77,
			78
		],
		[
			107,
			108
		],
		[
			17,
			163
		],
		[
			17,
			18
		],
		[
			132,
			133
		],
		[
			22,
			170
		],
		[
			16,
			17
		],
		[
			70,
			71
		],
		[
			23,
			24
		],
		[
			24,
			171
		],
		[
			129,
			205
		],
		[
			76,
			77
		],
		[
			24,
			25
		],
		[
			20,
			21
		],
		[
			128,
			129
		]
	],
	"score": 0.5076923076923077
}