{
	"content_type": "CG_SHOP_2025_Solution",
	"instance_uid": "simple-polygon-exterior_20_87cff693",
	"steiner_points_x": [
		"31250/277",
		"122570600/19601",
		"711950/97",
		"2336300/373",
		350,
		"62500/277",
		"132370600/19601",
		400,
		"5661075/7673",
		"2119648650/2862029",
		500,
		600,
		"6893175/7673",
		"2588623650/2862029",
		400,
		"51000/277",
		6150,
		500,
		6250,
		6250,
		600,
		6450,
		6450,
		"2430050/373",
		6850,
		"703450/97",
		600,
		6150,
		6250,
		"869861775/139129",
		"17537461875/2862029",
		6850,
		500,
		"17537461875/2862029",
		6150,
		"79493350/12869",
		"1558966591400/252245269",
		"5661075/7673",
		600,
		6250,
		6850,
		"670950/97",
		6450,
		"17537461875/2862029",
		600,
		"53043150/99749",
		"102683175/199498",
		600,
		6850,
		"5661075/7673",
		600,
		6850,
		"252640/37",
		"132370600/19601",
		"10685591492/1578457",
		"6893175/7673",
		"133990052925/117749858",
		"25230807469575/21960348517",
		6750,
		"10685591492/1578457",
		"6893175/7673",
		"10685591492/1578457",
		"1017635520737/153110329",
		6850,
		"687200/97",
		"1017635520737/153110329",
		"10685591492/1578457",
		"1017635520737/153110329",
		"10685591492/1578457",
		6750,
		"2593344670600/384199201"
	],
	"steiner_points_y": [
		"493350/277",
		"791500/19601",
		"70500/97",
		"842250/373",
		4500,
		"349600/277",
		"861500/19601",
		4000,
		"35922875/7673",
		"13417568000/2862029",
		1300,
		4000,
		"35312375/7673",
		"13211219000/2862029",
		1500,
		"402500/277",
		1800,
		2300,
		1800,
		2000,
		1300,
		1800,
		2000,
		"801000/373",
		800,
		"92600/97",
		2000,
		1300,
		"842250/373",
		"314853625/139129",
		"5755777875/2862029",
		"92600/97",
		2000,
		2000,
		800,
		"6351500/12869",
		"10054424500/252245269",
		"35312375/7673",
		4450,
		1300,
		1800,
		"177100/97",
		1300,
		1800,
		"35312375/7673",
		"463598375/99749",
		"930599875/199498",
		2300,
		"70500/97",
		4450,
		1500,
		500,
		"16970/37",
		"16970/37",
		"772813166/1578457",
		4000,
		"527927072375/117749858",
		"99007632177625/21960348517",
		"16970/37",
		500,
		"527927072375/117749858",
		"70500/97",
		"92414364513/153110329",
		1300,
		"134850/97",
		500,
		800,
		"16970/37",
		"92600/97",
		"861500/19601",
		"16877322500/384199201"
	],
	"edges": [
		[
			27,
			37
		],
		[
			9,
			37
		],
		[
			9,
			27
		],
		[
			22,
			68
		],
		[
			44,
			68
		],
		[
			22,
			44
		],
		[
			13,
			27
		],
		[
			12,
			27
		],
		[
			12,
			13
		],
		[
			37,
			46
		],
		[
			37,
			67
		],
		[
			46,
			67
		],
		[
			40,
			70
		],
		[
			47,
			70
		],
		[
			40,
			47
		],
		[
			47,
			63
		],
		[
			36,
			63
		],
		[
			36,
			47
		],
		[
			39,
			41
		],
		[
			38,
			41
		],
		[
			38,
			39
		],
		[
			14,
			64
		],
		[
			64,
			65
		],
		[
			14,
			65
		],
		[
			38,
			62
		],
		[
			41,
			62
		],
		[
			39,
			42
		],
		[
			41,
			42
		],
		[
			37,
			52
		],
		[
			9,
			52
		],
		[
			31,
			67
		],
		[
			31,
			37
		],
		[
			65,
			66
		],
		[
			14,
			66
		],
		[
			23,
			39
		],
		[
			23,
			42
		],
		[
			28,
			64
		],
		[
			14,
			28
		],
		[
			53,
			63
		],
		[
			36,
			53
		],
		[
			15,
			38
		],
		[
			36,
			38
		],
		[
			15,
			36
		],
		[
			15,
			53
		],
		[
			50,
			53
		],
		[
			15,
			50
		],
		[
			21,
			55
		],
		[
			21,
			56
		],
		[
			55,
			56
		],
		[
			18,
			78
		],
		[
			78,
			85
		],
		[
			18,
			85
		],
		[
			23,
			43
		],
		[
			42,
			43
		],
		[
			2,
			55
		],
		[
			2,
			56
		],
		[
			69,
			80
		],
		[
			57,
			69
		],
		[
			57,
			80
		],
		[
			50,
			75
		],
		[
			50,
			67
		],
		[
			67,
			75
		],
		[
			42,
			60
		],
		[
			16,
			42
		],
		[
			16,
			60
		],
		[
			41,
			83
		],
		[
			41,
			60
		],
		[
			60,
			83
		],
		[
			68,
			71
		],
		[
			22,
			71
		],
		[
			46,
			52
		],
		[
			0,
			47
		],
		[
			47,
			59
		],
		[
			0,
			59
		],
		[
			58,
			69
		],
		[
			31,
			69
		],
		[
			31,
			58
		],
		[
			44,
			45
		],
		[
			22,
			45
		],
		[
			17,
			72
		],
		[
			71,
			72
		],
		[
			17,
			71
		],
		[
			86,
			88
		],
		[
			19,
			86
		],
		[
			19,
			88
		],
		[
			73,
			74
		],
		[
			18,
			73
		],
		[
			18,
			74
		],
		[
			1,
			82
		],
		[
			82,
			85
		],
		[
			1,
			85
		],
		[
			54,
			55
		],
		[
			2,
			54
		],
		[
			6,
			70
		],
		[
			5,
			70
		],
		[
			5,
			6
		],
		[
			85,
			87
		],
		[
			1,
			87
		],
		[
			36,
			59
		],
		[
			75,
			76
		],
		[
			50,
			76
		],
		[
			40,
			54
		],
		[
			47,
			54
		],
		[
			71,
			81
		],
		[
			68,
			81
		],
		[
			15,
			48
		],
		[
			39,
			48
		],
		[
			15,
			39
		],
		[
			46,
			53
		],
		[
			46,
			63
		],
		[
			17,
			22
		],
		[
			75,
			80
		],
		[
			76,
			80
		],
		[
			51,
			83
		],
		[
			45,
			83
		],
		[
			45,
			51
		],
		[
			26,
			73
		],
		[
			72,
			73
		],
		[
			26,
			72
		],
		[
			48,
			50
		],
		[
			72,
			74
		],
		[
			71,
			74
		],
		[
			57,
			58
		],
		[
			23,
			48
		],
		[
			48,
			49
		],
		[
			23,
			49
		],
		[
			0,
			54
		],
		[
			8,
			10
		],
		[
			8,
			20
		],
		[
			10,
			20
		],
		[
			44,
			51
		],
		[
			74,
			79
		],
		[
			71,
			79
		],
		[
			83,
			84
		],
		[
			60,
			84
		],
		[
			60,
			61
		],
		[
			16,
			61
		],
		[
			19,
			82
		],
		[
			1,
			19
		],
		[
			76,
			77
		],
		[
			32,
			76
		],
		[
			32,
			77
		],
		[
			7,
			52
		],
		[
			6,
			52
		],
		[
			6,
			7
		],
		[
			46,
			50
		],
		[
			81,
			86
		],
		[
			68,
			86
		],
		[
			48,
			76
		],
		[
			48,
			77
		],
		[
			73,
			78
		],
		[
			32,
			57
		],
		[
			28,
			57
		],
		[
			28,
			32
		],
		[
			45,
			84
		],
		[
			62,
			88
		],
		[
			62,
			83
		],
		[
			83,
			88
		],
		[
			26,
			78
		],
		[
			6,
			46
		],
		[
			6,
			63
		],
		[
			44,
			86
		],
		[
			44,
			88
		],
		[
			19,
			81
		],
		[
			57,
			64
		],
		[
			32,
			80
		],
		[
			81,
			82
		],
		[
			1,
			55
		],
		[
			1,
			54
		],
		[
			58,
			64
		],
		[
			1,
			21
		],
		[
			18,
			82
		],
		[
			18,
			81
		],
		[
			19,
			59
		],
		[
			59,
			62
		],
		[
			19,
			62
		],
		[
			61,
			84
		],
		[
			24,
			65
		],
		[
			24,
			66
		],
		[
			5,
			7
		],
		[
			0,
			19
		],
		[
			2,
			40
		],
		[
			78,
			87
		],
		[
			27,
			58
		],
		[
			27,
			31
		],
		[
			8,
			52
		],
		[
			8,
			9
		],
		[
			87,
			89
		],
		[
			78,
			89
		],
		[
			51,
			88
		],
		[
			4,
			35
		],
		[
			4,
			25
		],
		[
			25,
			35
		],
		[
			16,
			43
		],
		[
			0,
			1
		],
		[
			34,
			35
		],
		[
			4,
			34
		],
		[
			26,
			89
		],
		[
			3,
			4
		],
		[
			3,
			25
		],
		[
			9,
			11
		],
		[
			11,
			27
		],
		[
			89,
			90
		],
		[
			26,
			90
		],
		[
			8,
			35
		],
		[
			8,
			34
		],
		[
			49,
			77
		],
		[
			28,
			29
		],
		[
			14,
			29
		],
		[
			7,
			34
		],
		[
			7,
			8
		],
		[
			5,
			40
		],
		[
			20,
			35
		],
		[
			13,
			58
		],
		[
			13,
			64
		],
		[
			9,
			10
		],
		[
			5,
			30
		],
		[
			30,
			40
		],
		[
			4,
			30
		],
		[
			3,
			30
		],
		[
			13,
			65
		],
		[
			13,
			24
		],
		[
			21,
			89
		],
		[
			21,
			87
		],
		[
			32,
			33
		],
		[
			33,
			77
		],
		[
			18,
			79
		],
		[
			12,
			24
		],
		[
			28,
			33
		],
		[
			29,
			33
		],
		[
			5,
			34
		],
		[
			4,
			5
		],
		[
			2,
			30
		],
		[
			2,
			3
		],
		[
			63,
			70
		],
		[
			69,
			75
		],
		[
			31,
			75
		],
		[
			11,
			12
		],
		[
			10,
			11
		],
		[
			79,
			81
		],
		[
			17,
			26
		],
		[
			38,
			59
		],
		[
			21,
			90
		]
	],
	"score": 0.5069444444444444
}