{
	"content_type": "CG_SHOP_2025_Solution",
	"instance_uid": "ortho_150_53eb4022",
	"steiner_points_x": [
		691193,
		1040030,
		213208,
		1051750,
		160143,
		269841,
		998251,
		583827,
		424168,
		800686,
		1084731,
		"2873876/5",
		-294671,
		1075996,
		79277,
		592804,
		683179,
		323079,
		800686,
		867975,
		1202364,
		1256733,
		99923,
		710595,
		619374,
		463556,
		1027695,
		561542,
		710594,
		900166,
		-479882,
		-56100,
		685531,
		359291,
		790655,
		402553,
		359291,
		65096,
		964609
	],
	"steiner_points_y": [
		1005116,
		549809,
		-40344,
		-214950,
		-10137,
		-14104,
		-420606,
		-443133,
		-758392,
		-562501,
		808381,
		-847097,
		665320,
		-277965,
		-670,
		-460210,
		862938,
		660735,
		-385956,
		1000000,
		-356528,
		-402226,
		-3086,
		-385956,
		-638260,
		-847097,
		-243964,
		-703375,
		-317351,
		0,
		819848,
		720432,
		177743,
		177743,
		470545,
		46589,
		-1,
		2893,
		0
	],
	"edges": [
		[
			8,
			10
		],
		[
			8,
			11
		],
		[
			84,
			86
		],
		[
			84,
			151
		],
		[
			20,
			158
		],
		[
			20,
			23
		],
		[
			49,
			170
		],
		[
			55,
			170
		],
		[
			49,
			55
		],
		[
			168,
			173
		],
		[
			37,
			173
		],
		[
			103,
			105
		],
		[
			103,
			106
		],
		[
			128,
			182
		],
		[
			182,
			183
		],
		[
			128,
			183
		],
		[
			34,
			159
		],
		[
			34,
			168
		],
		[
			4,
			186
		],
		[
			136,
			186
		],
		[
			4,
			136
		],
		[
			139,
			141
		],
		[
			139,
			142
		],
		[
			45,
			156
		],
		[
			44,
			156
		],
		[
			138,
			155
		],
		[
			139,
			155
		],
		[
			17,
			177
		],
		[
			18,
			177
		],
		[
			123,
			181
		],
		[
			167,
			181
		],
		[
			123,
			167
		],
		[
			31,
			33
		],
		[
			143,
			146
		],
		[
			143,
			172
		],
		[
			146,
			172
		],
		[
			0,
			187
		],
		[
			1,
			187
		],
		[
			28,
			30
		],
		[
			28,
			31
		],
		[
			151,
			184
		],
		[
			87,
			184
		],
		[
			38,
			45
		],
		[
			60,
			178
		],
		[
			5,
			178
		],
		[
			5,
			60
		],
		[
			130,
			132
		],
		[
			130,
			133
		],
		[
			24,
			26
		],
		[
			56,
			59
		],
		[
			59,
			153
		],
		[
			80,
			82
		],
		[
			68,
			188
		],
		[
			71,
			188
		],
		[
			68,
			71
		],
		[
			143,
			145
		],
		[
			41,
			156
		],
		[
			39,
			41
		],
		[
			163,
			170
		],
		[
			55,
			163
		],
		[
			2,
			164
		],
		[
			1,
			164
		],
		[
			133,
			135
		],
		[
			17,
			27
		],
		[
			17,
			174
		],
		[
			27,
			174
		],
		[
			28,
			174
		],
		[
			31,
			174
		],
		[
			65,
			179
		],
		[
			75,
			179
		],
		[
			65,
			75
		],
		[
			8,
			157
		],
		[
			11,
			157
		],
		[
			33,
			174
		],
		[
			16,
			174
		],
		[
			16,
			33
		],
		[
			69,
			71
		],
		[
			79,
			151
		],
		[
			80,
			151
		],
		[
			56,
			163
		],
		[
			94,
			97
		],
		[
			95,
			97
		],
		[
			119,
			122
		],
		[
			120,
			122
		],
		[
			12,
			157
		],
		[
			128,
			130
		],
		[
			125,
			127
		],
		[
			66,
			68
		],
		[
			46,
			48
		],
		[
			46,
			171
		],
		[
			92,
			94
		],
		[
			115,
			180
		],
		[
			115,
			118
		],
		[
			45,
			163
		],
		[
			45,
			170
		],
		[
			65,
			72
		],
		[
			72,
			75
		],
		[
			12,
			16
		],
		[
			13,
			16
		],
		[
			77,
			182
		],
		[
			182,
			184
		],
		[
			77,
			184
		],
		[
			26,
			161
		],
		[
			58,
			153
		],
		[
			91,
			99
		],
		[
			91,
			169
		],
		[
			99,
			169
		],
		[
			87,
			167
		],
		[
			88,
			167
		],
		[
			108,
			110
		],
		[
			154,
			172
		],
		[
			2,
			154
		],
		[
			2,
			172
		],
		[
			42,
			44
		],
		[
			50,
			52
		],
		[
			142,
			154
		],
		[
			143,
			154
		],
		[
			135,
			185
		],
		[
			136,
			185
		],
		[
			59,
			176
		],
		[
			60,
			176
		],
		[
			37,
			178
		],
		[
			37,
			60
		],
		[
			64,
			179
		],
		[
			76,
			182
		],
		[
			157,
			173
		],
		[
			8,
			173
		],
		[
			38,
			163
		],
		[
			26,
			177
		],
		[
			27,
			177
		],
		[
			119,
			181
		],
		[
			122,
			181
		],
		[
			46,
			170
		],
		[
			34,
			36
		],
		[
			12,
			165
		],
		[
			16,
			165
		],
		[
			110,
			167
		],
		[
			110,
			181
		],
		[
			127,
			184
		],
		[
			87,
			127
		],
		[
			147,
			187
		],
		[
			1,
			147
		],
		[
			80,
			84
		],
		[
			61,
			76
		],
		[
			62,
			76
		],
		[
			97,
			99
		],
		[
			157,
			165
		],
		[
			91,
			160
		],
		[
			92,
			160
		],
		[
			123,
			125
		],
		[
			72,
			188
		],
		[
			94,
			160
		],
		[
			19,
			161
		],
		[
			19,
			26
		],
		[
			127,
			167
		],
		[
			130,
			183
		],
		[
			49,
			52
		],
		[
			38,
			60
		],
		[
			7,
			173
		],
		[
			7,
			178
		],
		[
			173,
			178
		],
		[
			125,
			167
		],
		[
			5,
			7
		],
		[
			90,
			169
		],
		[
			90,
			101
		],
		[
			20,
			175
		],
		[
			106,
			108
		],
		[
			97,
			160
		],
		[
			19,
			177
		],
		[
			115,
			162
		],
		[
			52,
			54
		],
		[
			99,
			160
		],
		[
			46,
			49
		],
		[
			115,
			117
		],
		[
			19,
			175
		],
		[
			4,
			185
		],
		[
			5,
			185
		],
		[
			33,
			173
		],
		[
			34,
			173
		],
		[
			106,
			150
		],
		[
			108,
			150
		],
		[
			38,
			176
		],
		[
			163,
			176
		],
		[
			56,
			176
		],
		[
			128,
			184
		],
		[
			62,
			179
		],
		[
			63,
			179
		],
		[
			165,
			173
		],
		[
			142,
			152
		],
		[
			152,
			154
		],
		[
			110,
			112
		],
		[
			88,
			166
		],
		[
			166,
			167
		],
		[
			79,
			184
		],
		[
			112,
			181
		],
		[
			114,
			181
		],
		[
			112,
			114
		],
		[
			3,
			155
		],
		[
			155,
			186
		],
		[
			3,
			186
		],
		[
			133,
			183
		],
		[
			108,
			166
		],
		[
			108,
			167
		],
		[
			139,
			152
		],
		[
			62,
			75
		],
		[
			2,
			152
		],
		[
			77,
			79
		],
		[
			5,
			182
		],
		[
			182,
			185
		],
		[
			20,
			22
		],
		[
			150,
			166
		],
		[
			72,
			74
		],
		[
			103,
			150
		],
		[
			101,
			166
		],
		[
			101,
			150
		],
		[
			13,
			15
		],
		[
			136,
			138
		],
		[
			101,
			103
		],
		[
			41,
			44
		],
		[
			61,
			182
		],
		[
			3,
			152
		],
		[
			52,
			55
		],
		[
			147,
			164
		],
		[
			5,
			61
		],
		[
			135,
			183
		],
		[
			82,
			84
		],
		[
			135,
			182
		],
		[
			114,
			162
		],
		[
			114,
			119
		],
		[
			33,
			165
		],
		[
			88,
			90
		],
		[
			90,
			166
		],
		[
			164,
			172
		],
		[
			146,
			164
		],
		[
			152,
			155
		],
		[
			149,
			187
		],
		[
			148,
			187
		],
		[
			138,
			186
		]
	],
	"score": 0.5125,
	"obtuse num": 0,
	"steiner num": 189
}