{
	"content_type": "CG_SHOP_2025_Solution",
	"instance_uid": "ortho_250_3b977f7e",
	"steiner_points_x": [
		1476213,
		48799,
		502871,
		1334339,
		1013380,
		1362495,
		883325,
		1000245,
		281381,
		1466142,
		224036,
		1148510,
		845374,
		1741058,
		201729,
		479319,
		1338927,
		1472173,
		1054724,
		500030,
		981439,
		1736334,
		725490,
		1579790,
		346108,
		1870200,
		1429728,
		577948,
		1501136,
		1000000,
		725490,
		1369187,
		280227,
		"3752933/3",
		1576899,
		1338927,
		602312,
		725490,
		1349462,
		895961,
		283721,
		1464438,
		1212632,
		1054724,
		1264049,
		1501136,
		1042353,
		699853,
		"3481969/2",
		384077,
		797908,
		845374,
		459978,
		895961,
		1427876,
		76684,
		1459550,
		602312,
		270004,
		1264049,
		201875,
		443005,
		0,
		1785352,
		1305764,
		1464438,
		1244913,
		"4881053292155348/9759836645",
		1334339,
		586852,
		586852,
		1870200,
		1361429,
		568437,
		1528082,
		218925,
		74826,
		1059503,
		76684,
		981439,
		1070656,
		1099731
	],
	"steiner_points_y": [
		89689,
		836721,
		299087,
		-1355,
		1189144,
		250218,
		291336,
		1056336,
		126620,
		316780,
		-239947,
		1146080,
		291336,
		1384189,
		126620,
		8722,
		542151,
		208323,
		635527,
		-55923,
		772243,
		983151,
		409582,
		810928,
		1211611,
		1073466,
		111852,
		748486,
		65910,
		305340,
		299087,
		682544,
		396509,
		508220,
		681567,
		600939,
		311004,
		607082,
		1060777,
		1133664,
		733990,
		317704,
		-44556,
		607082,
		604299,
		185474,
		70296,
		1242880,
		859335,
		-203918,
		1242880,
		607082,
		1242880,
		748486,
		970228,
		1000000,
		635527,
		-2053,
		-176321,
		553243,
		699810,
		1168377,
		793898,
		1142762,
		956489,
		335788,
		956489,
		"5836072448939246/9759836645",
		"378951/2",
		-55923,
		-203918,
		1384189,
		910183,
		409582,
		1060776,
		875370,
		838899,
		1138801,
		804943,
		834929,
		772242,
		768852
	],
	"edges": [
		[
			122,
			273
		],
		[
			123,
			273
		],
		[
			130,
			132
		],
		[
			102,
			104
		],
		[
			250,
			278
		],
		[
			53,
			250
		],
		[
			53,
			278
		],
		[
			98,
			100
		],
		[
			190,
			274
		],
		[
			191,
			274
		],
		[
			156,
			327
		],
		[
			157,
			327
		],
		[
			69,
			295
		],
		[
			70,
			295
		],
		[
			132,
			324
		],
		[
			133,
			324
		],
		[
			151,
			153
		],
		[
			67,
			267
		],
		[
			68,
			267
		],
		[
			42,
			45
		],
		[
			42,
			292
		],
		[
			45,
			292
		],
		[
			304,
			322
		],
		[
			167,
			322
		],
		[
			167,
			304
		],
		[
			32,
			286
		],
		[
			280,
			286
		],
		[
			32,
			280
		],
		[
			175,
			268
		],
		[
			176,
			268
		],
		[
			94,
			96
		],
		[
			8,
			299
		],
		[
			299,
			308
		],
		[
			100,
			115
		],
		[
			101,
			115
		],
		[
			148,
			150
		],
		[
			148,
			151
		],
		[
			102,
			113
		],
		[
			104,
			113
		],
		[
			87,
			89
		],
		[
			64,
			259
		],
		[
			57,
			259
		],
		[
			57,
			64
		],
		[
			124,
			126
		],
		[
			85,
			268
		],
		[
			268,
			293
		],
		[
			137,
			275
		],
		[
			155,
			254
		],
		[
			271,
			298
		],
		[
			130,
			271
		],
		[
			130,
			298
		],
		[
			231,
			323
		],
		[
			232,
			323
		],
		[
			73,
			276
		],
		[
			78,
			276
		],
		[
			73,
			78
		],
		[
			146,
			324
		],
		[
			133,
			146
		],
		[
			132,
			271
		],
		[
			117,
			119
		],
		[
			117,
			120
		],
		[
			73,
			76
		],
		[
			73,
			318
		],
		[
			76,
			318
		],
		[
			221,
			310
		],
		[
			222,
			310
		],
		[
			187,
			274
		],
		[
			187,
			190
		],
		[
			133,
			135
		],
		[
			54,
			69
		],
		[
			128,
			130
		],
		[
			89,
			91
		],
		[
			146,
			148
		],
		[
			50,
			250
		],
		[
			288,
			304
		],
		[
			166,
			304
		],
		[
			166,
			288
		],
		[
			59,
			291
		],
		[
			60,
			291
		],
		[
			202,
			328
		],
		[
			202,
			310
		],
		[
			310,
			328
		],
		[
			252,
			323
		],
		[
			286,
			323
		],
		[
			252,
			286
		],
		[
			64,
			267
		],
		[
			64,
			67
		],
		[
			81,
			296
		],
		[
			279,
			296
		],
		[
			81,
			279
		],
		[
			92,
			94
		],
		[
			87,
			268
		],
		[
			87,
			293
		],
		[
			24,
			269
		],
		[
			265,
			269
		],
		[
			24,
			265
		],
		[
			164,
			327
		],
		[
			157,
			164
		],
		[
			72,
			276
		],
		[
			35,
			256
		],
		[
			256,
			262
		],
		[
			96,
			322
		],
		[
			96,
			304
		],
		[
			100,
			281
		],
		[
			221,
			328
		],
		[
			218,
			328
		],
		[
			218,
			221
		],
		[
			253,
			276
		],
		[
			50,
			276
		],
		[
			50,
			253
		],
		[
			76,
			255
		],
		[
			12,
			14
		],
		[
			12,
			15
		],
		[
			196,
			297
		],
		[
			196,
			302
		],
		[
			188,
			190
		],
		[
			196,
			300
		],
		[
			192,
			274
		],
		[
			12,
			260
		],
		[
			10,
			12
		],
		[
			124,
			284
		],
		[
			123,
			284
		],
		[
			284,
			306
		],
		[
			117,
			284
		],
		[
			117,
			306
		],
		[
			120,
			123
		],
		[
			185,
			302
		],
		[
			5,
			7
		],
		[
			97,
			306
		],
		[
			97,
			284
		],
		[
			281,
			306
		],
		[
			115,
			281
		],
		[
			196,
			198
		],
		[
			127,
			271
		],
		[
			105,
			112
		],
		[
			105,
			309
		],
		[
			96,
			126
		],
		[
			96,
			127
		],
		[
			17,
			19
		],
		[
			17,
			20
		],
		[
			195,
			302
		],
		[
			185,
			195
		],
		[
			101,
			285
		],
		[
			285,
			294
		],
		[
			1,
			3
		],
		[
			1,
			4
		],
		[
			21,
			23
		],
		[
			21,
			320
		],
		[
			185,
			187
		],
		[
			185,
			274
		],
		[
			101,
			114
		],
		[
			192,
			194
		],
		[
			94,
			322
		],
		[
			105,
			283
		],
		[
			112,
			283
		],
		[
			104,
			309
		],
		[
			9,
			16
		],
		[
			16,
			260
		],
		[
			1,
			249
		],
		[
			113,
			294
		],
		[
			97,
			124
		],
		[
			97,
			126
		],
		[
			271,
			324
		],
		[
			92,
			322
		],
		[
			272,
			323
		],
		[
			272,
			286
		],
		[
			85,
			181
		],
		[
			85,
			182
		],
		[
			201,
			226
		],
		[
			226,
			290
		],
		[
			169,
			330
		],
		[
			170,
			330
		],
		[
			92,
			314
		],
		[
			92,
			167
		],
		[
			182,
			199
		],
		[
			199,
			303
		],
		[
			268,
			330
		],
		[
			330,
			331
		],
		[
			268,
			331
		],
		[
			91,
			314
		],
		[
			41,
			296
		],
		[
			48,
			296
		],
		[
			41,
			48
		],
		[
			34,
			230
		],
		[
			34,
			231
		],
		[
			35,
			83
		],
		[
			35,
			84
		],
		[
			39,
			296
		],
		[
			39,
			279
		],
		[
			39,
			41
		],
		[
			24,
			252
		],
		[
			252,
			265
		],
		[
			83,
			256
		],
		[
			84,
			301
		],
		[
			85,
			301
		],
		[
			169,
			331
		],
		[
			127,
			304
		],
		[
			91,
			316
		],
		[
			35,
			301
		],
		[
			60,
			62
		],
		[
			34,
			287
		],
		[
			230,
			287
		],
		[
			60,
			63
		],
		[
			60,
			315
		],
		[
			120,
			284
		],
		[
			52,
			278
		],
		[
			45,
			47
		],
		[
			42,
			44
		],
		[
			173,
			175
		],
		[
			24,
			286
		],
		[
			25,
			286
		],
		[
			75,
			255
		],
		[
			59,
			259
		],
		[
			259,
			291
		],
		[
			231,
			272
		],
		[
			42,
			48
		],
		[
			178,
			180
		],
		[
			69,
			267
		],
		[
			178,
			329
		],
		[
			178,
			270
		],
		[
			7,
			258
		],
		[
			258,
			265
		],
		[
			7,
			265
		],
		[
			142,
			144
		],
		[
			38,
			279
		],
		[
			38,
			83
		],
		[
			164,
			166
		],
		[
			248,
			258
		],
		[
			5,
			258
		],
		[
			5,
			248
		],
		[
			192,
			311
		],
		[
			194,
			311
		],
		[
			170,
			172
		],
		[
			170,
			173
		],
		[
			89,
			331
		],
		[
			89,
			169
		],
		[
			64,
			66
		],
		[
			153,
			261
		],
		[
			261,
			327
		],
		[
			153,
			327
		],
		[
			183,
			198
		],
		[
			198,
			300
		],
		[
			87,
			331
		],
		[
			225,
			310
		],
		[
			202,
			225
		],
		[
			79,
			81
		],
		[
			158,
			160
		],
		[
			158,
			161
		],
		[
			142,
			313
		],
		[
			145,
			313
		],
		[
			142,
			145
		],
		[
			226,
			317
		],
		[
			228,
			317
		],
		[
			226,
			228
		],
		[
			287,
			301
		],
		[
			34,
			301
		],
		[
			58,
			259
		],
		[
			161,
			163
		],
		[
			161,
			257
		],
		[
			140,
			321
		],
		[
			156,
			254
		],
		[
			7,
			269
		],
		[
			195,
			311
		],
		[
			185,
			311
		],
		[
			54,
			267
		],
		[
			222,
			225
		],
		[
			175,
			330
		],
		[
			176,
			270
		],
		[
			176,
			181
		],
		[
			142,
			263
		],
		[
			182,
			301
		],
		[
			54,
			57
		],
		[
			55,
			57
		],
		[
			169,
			316
		],
		[
			54,
			64
		],
		[
			138,
			275
		],
		[
			164,
			261
		],
		[
			79,
			296
		],
		[
			48,
			79
		],
		[
			141,
			313
		],
		[
			70,
			72
		],
		[
			181,
			268
		],
		[
			157,
			257
		],
		[
			8,
			269
		],
		[
			17,
			269
		],
		[
			8,
			17
		],
		[
			38,
			256
		],
		[
			176,
			178
		],
		[
			230,
			277
		],
		[
			277,
			287
		],
		[
			166,
			261
		],
		[
			141,
			321
		],
		[
			230,
			317
		],
		[
			277,
			317
		],
		[
			304,
			324
		],
		[
			127,
			324
		],
		[
			201,
			317
		],
		[
			201,
			277
		],
		[
			199,
			301
		],
		[
			108,
			111
		],
		[
			108,
			266
		],
		[
			218,
			220
		],
		[
			251,
			312
		],
		[
			251,
			328
		],
		[
			312,
			328
		],
		[
			222,
			224
		],
		[
			108,
			112
		],
		[
			108,
			110
		],
		[
			198,
			289
		],
		[
			232,
			234
		],
		[
			173,
			330
		],
		[
			251,
			326
		],
		[
			326,
			328
		],
		[
			199,
			289
		],
		[
			212,
			251
		],
		[
			212,
			326
		],
		[
			70,
			250
		],
		[
			53,
			70
		],
		[
			212,
			215
		],
		[
			215,
			251
		],
		[
			237,
			239
		],
		[
			215,
			312
		],
		[
			235,
			237
		],
		[
			105,
			107
		],
		[
			228,
			230
		],
		[
			210,
			325
		],
		[
			211,
			325
		],
		[
			232,
			235
		],
		[
			237,
			240
		],
		[
			199,
			287
		],
		[
			36,
			256
		],
		[
			36,
			38
		],
		[
			28,
			307
		],
		[
			26,
			28
		],
		[
			207,
			210
		],
		[
			261,
			288
		],
		[
			218,
			312
		],
		[
			28,
			31
		],
		[
			29,
			31
		],
		[
			252,
			258
		],
		[
			89,
			316
		],
		[
			203,
			328
		],
		[
			246,
			252
		],
		[
			246,
			258
		],
		[
			225,
			290
		],
		[
			138,
			313
		],
		[
			138,
			141
		],
		[
			288,
			324
		],
		[
			146,
			288
		],
		[
			241,
			245
		],
		[
			245,
			282
		],
		[
			240,
			323
		],
		[
			237,
			323
		],
		[
			241,
			323
		],
		[
			241,
			252
		],
		[
			203,
			206
		],
		[
			206,
			328
		],
		[
			250,
			276
		],
		[
			15,
			260
		],
		[
			244,
			282
		],
		[
			148,
			261
		],
		[
			151,
			261
		],
		[
			25,
			31
		],
		[
			25,
			32
		],
		[
			148,
			288
		],
		[
			153,
			156
		],
		[
			242,
			244
		],
		[
			235,
			323
		],
		[
			133,
			145
		],
		[
			135,
			145
		],
		[
			31,
			307
		],
		[
			211,
			326
		],
		[
			245,
			252
		],
		[
			206,
			211
		],
		[
			158,
			257
		],
		[
			72,
			250
		],
		[
			135,
			138
		],
		[
			1,
			264
		],
		[
			4,
			264
		],
		[
			206,
			326
		],
		[
			20,
			269
		],
		[
			21,
			269
		],
		[
			269,
			319
		],
		[
			21,
			319
		],
		[
			16,
			308
		],
		[
			79,
			253
		],
		[
			78,
			253
		],
		[
			4,
			248
		],
		[
			135,
			313
		],
		[
			246,
			248
		],
		[
			208,
			210
		],
		[
			274,
			311
		],
		[
			203,
			205
		],
		[
			210,
			305
		],
		[
			212,
			214
		]
	],
	"score": 0.5060240963855421,
	"obtuse num": 0,
	"steiner num": 332
}