{
	"content_type": "CG_SHOP_2025_Solution",
	"instance_uid": "point-set_40_8cbf31aa",
	"steiner_points_x": [
		"2283079850/236681",
		4886,
		6035,
		6998,
		3460,
		10686,
		"109804214621/16040149",
		2200,
		2829,
		6552,
		8766,
		"8599902387/1747093",
		9008,
		"2039836333/2434706",
		8631,
		8266,
		11325,
		"14238836852/1747093",
		9439,
		"1924732475/205426",
		11325,
		10337,
		"2125509557/205426",
		4183,
		"167265/94",
		"1085691600/1205089",
		3501
	],
	"steiner_points_y": [
		"2096286670/236681",
		2295,
		3525,
		2625,
		0,
		1420,
		"3325655820/16040149",
		1110,
		0,
		5687,
		2215,
		"14528203648/1747093",
		2741,
		"2026024485/2434706",
		7629,
		5405,
		3345,
		"15488943058/1747093",
		3944,
		"88308625/205426",
		6210,
		626,
		"108341815/205426",
		6211,
		6210,
		"5728502140/1205089",
		4043
	],
	"edges": [
		[
			35,
			39
		],
		[
			35,
			45
		],
		[
			39,
			45
		],
		[
			8,
			64
		],
		[
			16,
			64
		],
		[
			8,
			16
		],
		[
			1,
			35
		],
		[
			1,
			45
		],
		[
			36,
			58
		],
		[
			36,
			56
		],
		[
			56,
			58
		],
		[
			5,
			14
		],
		[
			5,
			59
		],
		[
			18,
			49
		],
		[
			0,
			49
		],
		[
			0,
			18
		],
		[
			42,
			49
		],
		[
			0,
			42
		],
		[
			3,
			21
		],
		[
			21,
			46
		],
		[
			14,
			50
		],
		[
			5,
			50
		],
		[
			12,
			45
		],
		[
			16,
			18
		],
		[
			8,
			18
		],
		[
			15,
			47
		],
		[
			11,
			47
		],
		[
			11,
			15
		],
		[
			7,
			31
		],
		[
			23,
			31
		],
		[
			7,
			23
		],
		[
			38,
			41
		],
		[
			22,
			41
		],
		[
			22,
			38
		],
		[
			16,
			34
		],
		[
			35,
			52
		],
		[
			24,
			52
		],
		[
			24,
			35
		],
		[
			17,
			23
		],
		[
			2,
			17
		],
		[
			2,
			23
		],
		[
			15,
			48
		],
		[
			11,
			48
		],
		[
			24,
			32
		],
		[
			32,
			58
		],
		[
			24,
			58
		],
		[
			28,
			64
		],
		[
			28,
			65
		],
		[
			45,
			61
		],
		[
			39,
			61
		],
		[
			33,
			49
		],
		[
			49,
			51
		],
		[
			33,
			51
		],
		[
			49,
			54
		],
		[
			54,
			55
		],
		[
			49,
			55
		],
		[
			11,
			22
		],
		[
			21,
			22
		],
		[
			11,
			21
		],
		[
			25,
			65
		],
		[
			25,
			28
		],
		[
			10,
			32
		],
		[
			32,
			52
		],
		[
			10,
			52
		],
		[
			2,
			13
		],
		[
			13,
			23
		],
		[
			19,
			32
		],
		[
			19,
			58
		],
		[
			41,
			42
		],
		[
			38,
			42
		],
		[
			28,
			66
		],
		[
			25,
			66
		],
		[
			23,
			40
		],
		[
			33,
			54
		],
		[
			34,
			63
		],
		[
			51,
			63
		],
		[
			27,
			38
		],
		[
			22,
			27
		],
		[
			30,
			48
		],
		[
			30,
			44
		],
		[
			17,
			54
		],
		[
			17,
			33
		],
		[
			37,
			53
		],
		[
			9,
			37
		],
		[
			10,
			55
		],
		[
			10,
			49
		],
		[
			42,
			43
		],
		[
			41,
			43
		],
		[
			6,
			25
		],
		[
			25,
			26
		],
		[
			6,
			26
		],
		[
			17,
			31
		],
		[
			26,
			47
		],
		[
			37,
			47
		],
		[
			26,
			37
		],
		[
			2,
			51
		],
		[
			2,
			33
		],
		[
			59,
			61
		],
		[
			61,
			62
		],
		[
			15,
			37
		],
		[
			9,
			15
		],
		[
			11,
			30
		],
		[
			0,
			66
		],
		[
			0,
			27
		],
		[
			27,
			66
		],
		[
			32,
			55
		],
		[
			43,
			46
		],
		[
			14,
			43
		],
		[
			49,
			63
		],
		[
			8,
			28
		],
		[
			21,
			41
		],
		[
			41,
			46
		],
		[
			25,
			27
		],
		[
			8,
			66
		],
		[
			18,
			66
		],
		[
			6,
			37
		],
		[
			4,
			15
		],
		[
			18,
			63
		],
		[
			10,
			42
		],
		[
			16,
			63
		],
		[
			19,
			36
		],
		[
			36,
			60
		],
		[
			7,
			36
		],
		[
			20,
			61
		],
		[
			29,
			61
		],
		[
			19,
			54
		],
		[
			19,
			55
		],
		[
			31,
			54
		],
		[
			19,
			31
		],
		[
			39,
			50
		],
		[
			5,
			39
		],
		[
			1,
			24
		],
		[
			24,
			56
		],
		[
			3,
			30
		],
		[
			21,
			30
		],
		[
			29,
			45
		],
		[
			50,
			52
		],
		[
			10,
			50
		],
		[
			35,
			50
		],
		[
			31,
			36
		],
		[
			43,
			50
		],
		[
			5,
			61
		],
		[
			10,
			43
		],
		[
			0,
			38
		],
		[
			11,
			26
		],
		[
			2,
			57
		],
		[
			26,
			27
		],
		[
			22,
			26
		]
	],
	"score": 0.5178571428571429,
	"obtuse num": 0,
	"steiner num": 67
}