{
	"content_type": "CG_SHOP_2025_Solution",
	"instance_uid": "point-set_60_ac318d72",
	"steiner_points_x": [
		20,
		41,
		37,
		27,
		41,
		"600623/6250",
		39,
		51,
		87,
		20,
		55,
		"127909/3041",
		60,
		"3350/37",
		78,
		"30662/353",
		"606047/6250",
		"3263/50",
		"8041/1370",
		"6012/73",
		"7669/1105",
		54,
		27,
		"103654/3041",
		"7713/1370",
		33,
		5,
		"1349/221",
		"329/4",
		"298744/3125",
		"122101/1250",
		"1496/19",
		"13770/277",
		"300658/3125",
		"40878/1385",
		68,
		20,
		72,
		56,
		"4101/370",
		82,
		49,
		66,
		34,
		83,
		65,
		71,
		"174549/3041",
		87
	],
	"steiner_points_y": [
		24,
		83,
		19,
		23,
		63,
		"356511/6250",
		67,
		7,
		15,
		45,
		73,
		"296788/3041",
		23,
		"213/37",
		86,
		"31710/353",
		"213679/6250",
		"4791/50",
		"17583/1370",
		"2218/73",
		"91723/1105",
		87,
		51,
		"298552/3041",
		"29719/1370",
		49,
		55,
		"16820/221",
		92,
		"219533/3125",
		"19257/1250",
		"72/19",
		"645/277",
		"169131/3125",
		"6249/1385",
		28,
		62,
		35,
		82,
		"2663/370",
		54,
		46,
		48,
		52,
		39,
		94,
		73,
		"293396/3041",
		85
	],
	"edges": [
		[
			14,
			42
		],
		[
			14,
			54
		],
		[
			42,
			54
		],
		[
			22,
			97
		],
		[
			5,
			22
		],
		[
			5,
			97
		],
		[
			30,
			101
		],
		[
			30,
			39
		],
		[
			39,
			101
		],
		[
			38,
			67
		],
		[
			7,
			38
		],
		[
			7,
			67
		],
		[
			8,
			69
		],
		[
			60,
			69
		],
		[
			8,
			60
		],
		[
			61,
			83
		],
		[
			71,
			83
		],
		[
			61,
			71
		],
		[
			7,
			36
		],
		[
			7,
			91
		],
		[
			36,
			91
		],
		[
			31,
			96
		],
		[
			17,
			31
		],
		[
			17,
			96
		],
		[
			19,
			63
		],
		[
			19,
			52
		],
		[
			52,
			63
		],
		[
			89,
			108
		],
		[
			23,
			108
		],
		[
			23,
			89
		],
		[
			16,
			61
		],
		[
			16,
			83
		],
		[
			4,
			70
		],
		[
			9,
			70
		],
		[
			4,
			9
		],
		[
			46,
			72
		],
		[
			39,
			46
		],
		[
			39,
			72
		],
		[
			41,
			84
		],
		[
			41,
			78
		],
		[
			78,
			84
		],
		[
			17,
			35
		],
		[
			35,
			96
		],
		[
			41,
			56
		],
		[
			56,
			78
		],
		[
			0,
			89
		],
		[
			0,
			108
		],
		[
			100,
			104
		],
		[
			42,
			100
		],
		[
			42,
			104
		],
		[
			15,
			105
		],
		[
			15,
			59
		],
		[
			59,
			105
		],
		[
			53,
			63
		],
		[
			40,
			63
		],
		[
			40,
			53
		],
		[
			44,
			60
		],
		[
			53,
			60
		],
		[
			44,
			53
		],
		[
			29,
			88
		],
		[
			3,
			29
		],
		[
			3,
			88
		],
		[
			2,
			64
		],
		[
			64,
			103
		],
		[
			2,
			103
		],
		[
			20,
			47
		],
		[
			20,
			61
		],
		[
			47,
			61
		],
		[
			31,
			82
		],
		[
			17,
			82
		],
		[
			41,
			99
		],
		[
			56,
			99
		],
		[
			45,
			52
		],
		[
			45,
			85
		],
		[
			52,
			85
		],
		[
			7,
			26
		],
		[
			26,
			91
		],
		[
			6,
			10
		],
		[
			6,
			15
		],
		[
			10,
			15
		],
		[
			8,
			44
		],
		[
			44,
			84
		],
		[
			8,
			84
		],
		[
			30,
			102
		],
		[
			9,
			30
		],
		[
			9,
			102
		],
		[
			26,
			68
		],
		[
			68,
			91
		],
		[
			26,
			27
		],
		[
			27,
			58
		],
		[
			26,
			58
		],
		[
			29,
			74
		],
		[
			29,
			37
		],
		[
			37,
			74
		],
		[
			5,
			100
		],
		[
			5,
			104
		],
		[
			21,
			32
		],
		[
			21,
			80
		],
		[
			32,
			80
		],
		[
			29,
			105
		],
		[
			3,
			105
		],
		[
			70,
			106
		],
		[
			9,
			106
		],
		[
			35,
			69
		],
		[
			17,
			69
		],
		[
			18,
			73
		],
		[
			18,
			50
		],
		[
			50,
			73
		],
		[
			77,
			105
		],
		[
			59,
			77
		],
		[
			64,
			66
		],
		[
			2,
			66
		],
		[
			50,
			90
		],
		[
			18,
			90
		],
		[
			26,
			51
		],
		[
			51,
			68
		],
		[
			3,
			77
		],
		[
			20,
			98
		],
		[
			70,
			98
		],
		[
			20,
			70
		],
		[
			0,
			106
		],
		[
			74,
			106
		],
		[
			0,
			74
		],
		[
			27,
			72
		],
		[
			7,
			27
		],
		[
			7,
			72
		],
		[
			75,
			108
		],
		[
			23,
			75
		],
		[
			16,
			31
		],
		[
			2,
			16
		],
		[
			2,
			31
		],
		[
			45,
			103
		],
		[
			85,
			103
		],
		[
			98,
			106
		],
		[
			6,
			98
		],
		[
			6,
			106
		],
		[
			11,
			21
		],
		[
			13,
			21
		],
		[
			11,
			13
		],
		[
			57,
			97
		],
		[
			57,
			58
		],
		[
			58,
			97
		],
		[
			42,
			76
		],
		[
			42,
			93
		],
		[
			76,
			93
		],
		[
			34,
			63
		],
		[
			34,
			52
		],
		[
			0,
			12
		],
		[
			12,
			74
		],
		[
			15,
			107
		],
		[
			59,
			107
		],
		[
			5,
			57
		],
		[
			57,
			104
		],
		[
			47,
			98
		],
		[
			47,
			81
		],
		[
			81,
			98
		],
		[
			55,
			104
		],
		[
			42,
			55
		],
		[
			31,
			103
		],
		[
			48,
			106
		],
		[
			9,
			48
		],
		[
			31,
			45
		],
		[
			45,
			82
		],
		[
			10,
			105
		],
		[
			40,
			62
		],
		[
			62,
			67
		],
		[
			40,
			67
		],
		[
			16,
			33
		],
		[
			33,
			66
		],
		[
			16,
			66
		],
		[
			16,
			32
		],
		[
			32,
			83
		],
		[
			34,
			49
		],
		[
			49,
			62
		],
		[
			34,
			62
		],
		[
			25,
			53
		],
		[
			25,
			40
		],
		[
			47,
			71
		],
		[
			71,
			81
		],
		[
			41,
			44
		],
		[
			14,
			89
		],
		[
			1,
			14
		],
		[
			1,
			89
		],
		[
			13,
			96
		],
		[
			13,
			16
		],
		[
			16,
			96
		],
		[
			38,
			62
		],
		[
			28,
			102
		],
		[
			28,
			30
		],
		[
			28,
			43
		],
		[
			30,
			43
		],
		[
			9,
			101
		],
		[
			64,
			101
		],
		[
			9,
			64
		],
		[
			25,
			41
		],
		[
			25,
			99
		],
		[
			46,
			49
		],
		[
			46,
			62
		],
		[
			71,
			107
		],
		[
			15,
			71
		],
		[
			34,
			40
		],
		[
			19,
			82
		],
		[
			19,
			69
		],
		[
			69,
			82
		],
		[
			1,
			48
		],
		[
			1,
			106
		],
		[
			12,
			37
		],
		[
			48,
			102
		],
		[
			4,
			66
		],
		[
			4,
			64
		],
		[
			46,
			101
		],
		[
			24,
			32
		],
		[
			24,
			80
		],
		[
			49,
			85
		],
		[
			49,
			52
		],
		[
			13,
			32
		],
		[
			51,
			90
		],
		[
			51,
			55
		],
		[
			55,
			90
		],
		[
			4,
			33
		],
		[
			38,
			46
		],
		[
			101,
			103
		],
		[
			85,
			101
		],
		[
			40,
			94
		],
		[
			25,
			94
		],
		[
			33,
			70
		],
		[
			49,
			101
		],
		[
			0,
			1
		],
		[
			27,
			95
		],
		[
			72,
			95
		],
		[
			20,
			33
		],
		[
			33,
			61
		],
		[
			36,
			67
		],
		[
			51,
			79
		],
		[
			26,
			79
		],
		[
			10,
			74
		],
		[
			10,
			29
		],
		[
			12,
			108
		],
		[
			12,
			75
		],
		[
			39,
			43
		],
		[
			58,
			79
		],
		[
			41,
			53
		],
		[
			11,
			96
		],
		[
			54,
			89
		],
		[
			55,
			57
		],
		[
			22,
			102
		],
		[
			22,
			28
		],
		[
			1,
			100
		],
		[
			14,
			100
		],
		[
			68,
			90
		],
		[
			100,
			102
		],
		[
			22,
			100
		],
		[
			8,
			35
		],
		[
			28,
			97
		],
		[
			60,
			63
		],
		[
			19,
			60
		],
		[
			11,
			35
		],
		[
			35,
			86
		],
		[
			11,
			86
		],
		[
			15,
			81
		],
		[
			38,
			72
		],
		[
			40,
			92
		],
		[
			92,
			94
		],
		[
			57,
			79
		],
		[
			55,
			79
		],
		[
			55,
			76
		],
		[
			58,
			95
		],
		[
			21,
			87
		],
		[
			80,
			87
		],
		[
			43,
			95
		],
		[
			43,
			97
		],
		[
			95,
			97
		],
		[
			24,
			83
		],
		[
			6,
			81
		],
		[
			37,
			75
		],
		[
			8,
			86
		],
		[
			48,
			100
		],
		[
			54,
			65
		],
		[
			65,
			89
		],
		[
			52,
			82
		],
		[
			11,
			87
		],
		[
			54,
			93
		],
		[
			10,
			106
		],
		[
			43,
			72
		],
		[
			37,
			88
		],
		[
			75,
			88
		],
		[
			18,
			91
		],
		[
			73,
			91
		],
		[
			65,
			93
		],
		[
			67,
			92
		],
		[
			18,
			68
		],
		[
			76,
			90
		],
		[
			36,
			92
		]
	],
	"score": 0.51,
	"obtuse num": 0,
	"steiner num": 109
}