{
	"content_type": "CG_SHOP_2025_Solution",
	"instance_uid": "point-set_40_9451c229",
	"steiner_points_x": [
		"77977445/4933",
		"2447075/293",
		16425,
		15827,
		16425,
		16425,
		15842,
		15825,
		"7478825/457",
		15825,
		15825,
		15825,
		8780,
		16425,
		16425,
		"11389825/1377",
		8796,
		15825,
		16425,
		15825,
		8175,
		8175,
		8175,
		8175,
		8756,
		8754,
		8175,
		8775,
		8375,
		"43285155/4933"
	],
	"steiner_points_y": [
		"23212460/4933",
		"3311700/293",
		7000,
		10698,
		6400,
		9800,
		9971,
		7000,
		"4919500/457",
		7200,
		5400,
		5632,
		11310,
		5400,
		8700,
		"860225/81",
		10541,
		8700,
		8900,
		8000,
		5450,
		6200,
		8050,
		8700,
		9661,
		6062,
		6469,
		6400,
		5399,
		"24096340/4933"
	],
	"edges": [
		[
			57,
			59
		],
		[
			12,
			57
		],
		[
			12,
			59
		],
		[
			6,
			42
		],
		[
			6,
			19
		],
		[
			19,
			42
		],
		[
			32,
			64
		],
		[
			4,
			32
		],
		[
			4,
			64
		],
		[
			23,
			59
		],
		[
			12,
			23
		],
		[
			43,
			56
		],
		[
			43,
			46
		],
		[
			46,
			56
		],
		[
			26,
			28
		],
		[
			14,
			28
		],
		[
			14,
			26
		],
		[
			14,
			27
		],
		[
			14,
			63
		],
		[
			22,
			28
		],
		[
			7,
			28
		],
		[
			7,
			22
		],
		[
			8,
			65
		],
		[
			9,
			65
		],
		[
			8,
			9
		],
		[
			5,
			17
		],
		[
			17,
			48
		],
		[
			2,
			13
		],
		[
			13,
			69
		],
		[
			2,
			68
		],
		[
			13,
			68
		],
		[
			11,
			33
		],
		[
			33,
			41
		],
		[
			35,
			67
		],
		[
			65,
			67
		],
		[
			35,
			65
		],
		[
			24,
			32
		],
		[
			4,
			24
		],
		[
			22,
			62
		],
		[
			28,
			62
		],
		[
			21,
			32
		],
		[
			21,
			24
		],
		[
			21,
			45
		],
		[
			5,
			21
		],
		[
			37,
			57
		],
		[
			26,
			37
		],
		[
			26,
			57
		],
		[
			16,
			36
		],
		[
			36,
			66
		],
		[
			17,
			18
		],
		[
			17,
			39
		],
		[
			7,
			37
		],
		[
			7,
			26
		],
		[
			14,
			38
		],
		[
			17,
			34
		],
		[
			21,
			25
		],
		[
			25,
			45
		],
		[
			35,
			66
		],
		[
			0,
			35
		],
		[
			0,
			66
		],
		[
			16,
			22
		],
		[
			51,
			65
		],
		[
			51,
			67
		],
		[
			10,
			59
		],
		[
			10,
			37
		],
		[
			37,
			59
		],
		[
			4,
			26
		],
		[
			26,
			64
		],
		[
			28,
			63
		],
		[
			32,
			46
		],
		[
			32,
			56
		],
		[
			7,
			10
		],
		[
			15,
			50
		],
		[
			1,
			50
		],
		[
			3,
			52
		],
		[
			33,
			52
		],
		[
			3,
			33
		],
		[
			50,
			53
		],
		[
			50,
			51
		],
		[
			51,
			53
		],
		[
			23,
			29
		],
		[
			23,
			54
		],
		[
			60,
			68
		],
		[
			8,
			60
		],
		[
			8,
			68
		],
		[
			31,
			44
		],
		[
			6,
			31
		],
		[
			6,
			44
		],
		[
			25,
			58
		],
		[
			34,
			43
		],
		[
			17,
			43
		],
		[
			34,
			52
		],
		[
			52,
			56
		],
		[
			33,
			56
		],
		[
			33,
			55
		],
		[
			55,
			56
		],
		[
			19,
			30
		],
		[
			22,
			36
		],
		[
			23,
			49
		],
		[
			19,
			23
		],
		[
			19,
			49
		],
		[
			23,
			30
		],
		[
			12,
			24
		],
		[
			24,
			25
		],
		[
			12,
			25
		],
		[
			38,
			56
		],
		[
			0,
			65
		],
		[
			44,
			51
		],
		[
			0,
			61
		],
		[
			0,
			20
		],
		[
			19,
			47
		],
		[
			47,
			49
		],
		[
			10,
			35
		],
		[
			35,
			36
		],
		[
			10,
			36
		],
		[
			9,
			51
		],
		[
			56,
			64
		],
		[
			38,
			64
		],
		[
			47,
			67
		],
		[
			10,
			67
		],
		[
			10,
			47
		],
		[
			24,
			57
		],
		[
			4,
			57
		],
		[
			31,
			47
		],
		[
			31,
			67
		],
		[
			31,
			51
		],
		[
			6,
			47
		],
		[
			21,
			46
		],
		[
			5,
			46
		],
		[
			14,
			64
		],
		[
			13,
			40
		],
		[
			13,
			50
		],
		[
			40,
			50
		],
		[
			17,
			46
		],
		[
			9,
			68
		],
		[
			49,
			59
		],
		[
			20,
			65
		],
		[
			9,
			13
		],
		[
			9,
			50
		],
		[
			8,
			20
		],
		[
			43,
			52
		],
		[
			12,
			54
		],
		[
			25,
			54
		],
		[
			7,
			36
		],
		[
			10,
			49
		]
	],
	"score": 0.5161290322580645,
	"obtuse num": 0,
	"steiner num": 70
}