{
	"content_type": "CG_SHOP_2025_Solution",
	"instance_uid": "point-set_100_dd67678e",
	"steiner_points_x": [
		2276,
		1488,
		641,
		1853,
		2280,
		638,
		456,
		669,
		1519,
		"1003/2",
		1272,
		2762,
		1523,
		2866,
		1481,
		"112885/901",
		1228,
		572,
		689,
		1687,
		"312537/3445",
		2067,
		1732,
		2315,
		2987,
		2926,
		756,
		1551,
		205,
		720,
		1154,
		"89531/67",
		2245,
		1551,
		1851,
		2315,
		669,
		721,
		1157,
		"46647399/132626",
		2164,
		"1917413623/628140",
		2590,
		"4279/2",
		482,
		405,
		1363,
		2362,
		2067,
		1613,
		1476,
		"890721/290",
		859,
		213,
		"881651/290",
		2906,
		952,
		2559,
		"9813207/58565",
		"18737/22",
		2392,
		"528813/5626",
		1157,
		2205,
		2331,
		921,
		2326,
		2192,
		2005,
		2118,
		528,
		2505,
		2431,
		2402,
		2480
	],
	"steiner_points_y": [
		630,
		208,
		221,
		520,
		730,
		735,
		1097,
		519,
		1276,
		1276,
		981,
		83,
		1053,
		1276,
		1057,
		"678762/901",
		1276,
		1042,
		206,
		954,
		"1290776/3445",
		189,
		69,
		221,
		310,
		846,
		69,
		69,
		1276,
		151,
		475,
		69,
		1077,
		670,
		1276,
		630,
		69,
		753,
		151,
		"30128185/132626",
		493,
		"411469129/628140",
		1078,
		1276,
		1223,
		525,
		740,
		169,
		69,
		188,
		728,
		"96663/290",
		282,
		102,
		"250853/290",
		317,
		1078,
		1276,
		"71239501/58565",
		69,
		531,
		"397121/5626",
		69,
		69,
		69,
		1276,
		741,
		159,
		911,
		1227,
		69,
		193,
		203,
		69,
		69
	],
	"edges": [
		[
			117,
			156
		],
		[
			137,
			156
		],
		[
			117,
			137
		],
		[
			3,
			92
		],
		[
			86,
			92
		],
		[
			3,
			86
		],
		[
			16,
			150
		],
		[
			16,
			146
		],
		[
			146,
			150
		],
		[
			40,
			157
		],
		[
			84,
			157
		],
		[
			40,
			84
		],
		[
			26,
			55
		],
		[
			13,
			26
		],
		[
			13,
			55
		],
		[
			16,
			86
		],
		[
			86,
			146
		],
		[
			41,
			126
		],
		[
			41,
			159
		],
		[
			126,
			159
		],
		[
			65,
			123
		],
		[
			65,
			89
		],
		[
			89,
			123
		],
		[
			70,
			168
		],
		[
			119,
			168
		],
		[
			70,
			119
		],
		[
			114,
			146
		],
		[
			110,
			146
		],
		[
			110,
			114
		],
		[
			138,
			162
		],
		[
			131,
			138
		],
		[
			131,
			162
		],
		[
			101,
			149
		],
		[
			127,
			149
		],
		[
			101,
			127
		],
		[
			121,
			167
		],
		[
			148,
			167
		],
		[
			121,
			148
		],
		[
			6,
			13
		],
		[
			6,
			66
		],
		[
			13,
			66
		],
		[
			49,
			167
		],
		[
			37,
			167
		],
		[
			37,
			49
		],
		[
			1,
			63
		],
		[
			63,
			170
		],
		[
			1,
			170
		],
		[
			105,
			117
		],
		[
			105,
			137
		],
		[
			76,
			79
		],
		[
			79,
			113
		],
		[
			76,
			113
		],
		[
			88,
			132
		],
		[
			88,
			168
		],
		[
			132,
			168
		],
		[
			45,
			174
		],
		[
			45,
			60
		],
		[
			60,
			174
		],
		[
			13,
			18
		],
		[
			18,
			66
		],
		[
			143,
			169
		],
		[
			29,
			169
		],
		[
			29,
			143
		],
		[
			2,
			107
		],
		[
			2,
			4
		],
		[
			4,
			107
		],
		[
			33,
			45
		],
		[
			33,
			172
		],
		[
			45,
			172
		],
		[
			90,
			118
		],
		[
			42,
			90
		],
		[
			42,
			118
		],
		[
			24,
			88
		],
		[
			88,
			104
		],
		[
			24,
			104
		],
		[
			72,
			97
		],
		[
			97,
			128
		],
		[
			72,
			128
		],
		[
			139,
			153
		],
		[
			0,
			139
		],
		[
			0,
			153
		],
		[
			56,
			148
		],
		[
			56,
			121
		],
		[
			4,
			137
		],
		[
			4,
			105
		],
		[
			50,
			54
		],
		[
			50,
			140
		],
		[
			54,
			140
		],
		[
			38,
			141
		],
		[
			38,
			154
		],
		[
			141,
			154
		],
		[
			112,
			114
		],
		[
			112,
			150
		],
		[
			114,
			150
		],
		[
			15,
			171
		],
		[
			171,
			172
		],
		[
			15,
			172
		],
		[
			68,
			127
		],
		[
			68,
			101
		],
		[
			28,
			58
		],
		[
			6,
			58
		],
		[
			6,
			28
		],
		[
			3,
			130
		],
		[
			75,
			130
		],
		[
			3,
			75
		],
		[
			75,
			137
		],
		[
			4,
			75
		],
		[
			15,
			82
		],
		[
			82,
			171
		],
		[
			80,
			97
		],
		[
			80,
			128
		],
		[
			28,
			69
		],
		[
			28,
			94
		],
		[
			69,
			94
		],
		[
			33,
			173
		],
		[
			45,
			173
		],
		[
			27,
			83
		],
		[
			83,
			96
		],
		[
			27,
			96
		],
		[
			84,
			132
		],
		[
			40,
			132
		],
		[
			8,
			145
		],
		[
			98,
			145
		],
		[
			8,
			98
		],
		[
			82,
			155
		],
		[
			111,
			155
		],
		[
			82,
			111
		],
		[
			7,
			166
		],
		[
			57,
			166
		],
		[
			7,
			57
		],
		[
			17,
			136
		],
		[
			17,
			25
		],
		[
			25,
			136
		],
		[
			81,
			120
		],
		[
			81,
			91
		],
		[
			91,
			120
		],
		[
			98,
			115
		],
		[
			97,
			115
		],
		[
			97,
			98
		],
		[
			30,
			165
		],
		[
			30,
			47
		],
		[
			47,
			165
		],
		[
			73,
			135
		],
		[
			7,
			73
		],
		[
			7,
			135
		],
		[
			73,
			166
		],
		[
			49,
			123
		],
		[
			37,
			123
		],
		[
			173,
			174
		],
		[
			43,
			82
		],
		[
			43,
			155
		],
		[
			32,
			36
		],
		[
			36,
			56
		],
		[
			32,
			56
		],
		[
			115,
			120
		],
		[
			81,
			115
		],
		[
			10,
			33
		],
		[
			10,
			147
		],
		[
			33,
			147
		],
		[
			134,
			169
		],
		[
			29,
			134
		],
		[
			41,
			152
		],
		[
			138,
			152
		],
		[
			41,
			138
		],
		[
			27,
			35
		],
		[
			35,
			83
		],
		[
			34,
			147
		],
		[
			33,
			34
		],
		[
			48,
			103
		],
		[
			95,
			103
		],
		[
			48,
			95
		],
		[
			62,
			90
		],
		[
			46,
			90
		],
		[
			46,
			62
		],
		[
			10,
			173
		],
		[
			164,
			173
		],
		[
			10,
			164
		],
		[
			81,
			153
		],
		[
			81,
			139
		],
		[
			26,
			32
		],
		[
			32,
			149
		],
		[
			26,
			149
		],
		[
			32,
			55
		],
		[
			59,
			79
		],
		[
			59,
			113
		],
		[
			119,
			133
		],
		[
			95,
			119
		],
		[
			95,
			133
		],
		[
			69,
			93
		],
		[
			93,
			130
		],
		[
			69,
			130
		],
		[
			17,
			96
		],
		[
			17,
			63
		],
		[
			63,
			96
		],
		[
			36,
			55
		],
		[
			108,
			114
		],
		[
			108,
			112
		],
		[
			31,
			50
		],
		[
			31,
			65
		],
		[
			50,
			65
		],
		[
			19,
			26
		],
		[
			13,
			19
		],
		[
			27,
			63
		],
		[
			63,
			139
		],
		[
			27,
			139
		],
		[
			78,
			147
		],
		[
			78,
			123
		],
		[
			123,
			147
		],
		[
			59,
			84
		],
		[
			59,
			157
		],
		[
			48,
			99
		],
		[
			54,
			99
		],
		[
			48,
			54
		],
		[
			81,
			98
		],
		[
			31,
			89
		],
		[
			23,
			31
		],
		[
			23,
			89
		],
		[
			39,
			40
		],
		[
			39,
			143
		],
		[
			40,
			143
		],
		[
			46,
			118
		],
		[
			75,
			107
		],
		[
			51,
			156
		],
		[
			77,
			156
		],
		[
			51,
			77
		],
		[
			2,
			105
		],
		[
			22,
			75
		],
		[
			22,
			137
		],
		[
			51,
			108
		],
		[
			51,
			114
		],
		[
			73,
			104
		],
		[
			104,
			166
		],
		[
			30,
			77
		],
		[
			77,
			165
		],
		[
			61,
			106
		],
		[
			106,
			144
		],
		[
			61,
			144
		],
		[
			44,
			105
		],
		[
			2,
			44
		],
		[
			65,
			71
		],
		[
			71,
			123
		],
		[
			74,
			82
		],
		[
			15,
			74
		],
		[
			87,
			124
		],
		[
			5,
			124
		],
		[
			5,
			87
		],
		[
			23,
			160
		],
		[
			15,
			160
		],
		[
			15,
			23
		],
		[
			11,
			91
		],
		[
			91,
			153
		],
		[
			11,
			153
		],
		[
			42,
			152
		],
		[
			14,
			152
		],
		[
			14,
			42
		],
		[
			132,
			166
		],
		[
			132,
			142
		],
		[
			142,
			166
		],
		[
			36,
			64
		],
		[
			36,
			103
		],
		[
			64,
			103
		],
		[
			14,
			41
		],
		[
			35,
			145
		],
		[
			27,
			145
		],
		[
			38,
			125
		],
		[
			125,
			154
		],
		[
			3,
			22
		],
		[
			22,
			92
		],
		[
			81,
			145
		],
		[
			27,
			81
		],
		[
			16,
			66
		],
		[
			66,
			150
		],
		[
			6,
			53
		],
		[
			6,
			19
		],
		[
			19,
			53
		],
		[
			34,
			89
		],
		[
			15,
			89
		],
		[
			15,
			34
		],
		[
			36,
			121
		],
		[
			111,
			171
		],
		[
			6,
			16
		],
		[
			16,
			58
		],
		[
			2,
			8
		],
		[
			8,
			44
		],
		[
			43,
			151
		],
		[
			43,
			141
		],
		[
			141,
			151
		],
		[
			64,
			71
		],
		[
			67,
			71
		],
		[
			64,
			67
		],
		[
			30,
			117
		],
		[
			30,
			156
		],
		[
			91,
			161
		],
		[
			11,
			161
		],
		[
			79,
			154
		],
		[
			76,
			154
		],
		[
			22,
			156
		],
		[
			67,
			121
		],
		[
			64,
			121
		],
		[
			39,
			169
		],
		[
			35,
			46
		],
		[
			46,
			83
		],
		[
			19,
			101
		],
		[
			26,
			101
		],
		[
			44,
			98
		],
		[
			98,
			117
		],
		[
			44,
			117
		],
		[
			47,
			117
		],
		[
			54,
			88
		],
		[
			24,
			54
		],
		[
			90,
			93
		],
		[
			62,
			93
		],
		[
			53,
			101
		],
		[
			53,
			68
		],
		[
			97,
			158
		],
		[
			115,
			158
		],
		[
			3,
			58
		],
		[
			58,
			130
		],
		[
			99,
			119
		],
		[
			95,
			99
		],
		[
			49,
			164
		],
		[
			49,
			78
		],
		[
			78,
			164
		],
		[
			25,
			102
		],
		[
			102,
			118
		],
		[
			25,
			118
		],
		[
			39,
			132
		],
		[
			37,
			67
		],
		[
			67,
			167
		],
		[
			57,
			74
		],
		[
			43,
			57
		],
		[
			43,
			74
		],
		[
			17,
			102
		],
		[
			70,
			169
		],
		[
			168,
			169
		],
		[
			24,
			100
		],
		[
			54,
			100
		],
		[
			5,
			151
		],
		[
			12,
			151
		],
		[
			5,
			12
		],
		[
			97,
			106
		],
		[
			97,
			144
		],
		[
			72,
			144
		],
		[
			138,
			159
		],
		[
			98,
			106
		],
		[
			106,
			117
		],
		[
			25,
			52
		],
		[
			52,
			136
		],
		[
			69,
			152
		],
		[
			93,
			152
		],
		[
			46,
			102
		],
		[
			83,
			102
		],
		[
			8,
			107
		],
		[
			35,
			107
		],
		[
			8,
			35
		],
		[
			68,
			131
		],
		[
			127,
			131
		],
		[
			112,
			119
		],
		[
			119,
			150
		],
		[
			48,
			140
		],
		[
			103,
			140
		],
		[
			10,
			78
		],
		[
			80,
			158
		],
		[
			60,
			111
		],
		[
			21,
			111
		],
		[
			21,
			60
		],
		[
			38,
			43
		],
		[
			110,
			156
		],
		[
			22,
			110
		],
		[
			21,
			155
		],
		[
			62,
			107
		],
		[
			35,
			62
		],
		[
			9,
			155
		],
		[
			9,
			21
		],
		[
			79,
			125
		],
		[
			58,
			86
		],
		[
			60,
			171
		],
		[
			75,
			93
		],
		[
			92,
			110
		],
		[
			64,
			140
		],
		[
			71,
			140
		],
		[
			55,
			103
		],
		[
			55,
			95
		],
		[
			61,
			117
		],
		[
			47,
			61
		],
		[
			109,
			144
		],
		[
			72,
			109
		],
		[
			92,
			146
		],
		[
			69,
			138
		],
		[
			39,
			168
		],
		[
			62,
			75
		],
		[
			51,
			116
		],
		[
			108,
			116
		],
		[
			28,
			53
		],
		[
			14,
			126
		],
		[
			122,
			149
		],
		[
			122,
			127
		],
		[
			24,
			73
		],
		[
			73,
			100
		],
		[
			20,
			108
		],
		[
			20,
			112
		],
		[
			66,
			133
		],
		[
			18,
			133
		],
		[
			70,
			134
		],
		[
			20,
			70
		],
		[
			20,
			134
		],
		[
			56,
			149
		],
		[
			56,
			122
		],
		[
			135,
			160
		],
		[
			23,
			135
		],
		[
			45,
			171
		],
		[
			159,
			162
		],
		[
			38,
			57
		],
		[
			57,
			125
		],
		[
			70,
			112
		],
		[
			124,
			151
		],
		[
			43,
			124
		],
		[
			7,
			160
		],
		[
			87,
			155
		],
		[
			9,
			87
		],
		[
			133,
			150
		],
		[
			104,
			132
		],
		[
			37,
			71
		],
		[
			74,
			160
		],
		[
			85,
			91
		],
		[
			85,
			161
		],
		[
			50,
			100
		],
		[
			17,
			170
		],
		[
			136,
			170
		],
		[
			14,
			129
		],
		[
			126,
			129
		],
		[
			99,
			168
		],
		[
			88,
			99
		],
		[
			58,
			69
		],
		[
			31,
			100
		],
		[
			118,
			129
		],
		[
			52,
			129
		],
		[
			52,
			118
		],
		[
			96,
			102
		],
		[
			18,
			95
		],
		[
			18,
			55
		],
		[
			34,
			172
		],
		[
			51,
			110
		],
		[
			50,
			71
		],
		[
			125,
			142
		],
		[
			79,
			142
		],
		[
			163,
			167
		],
		[
			148,
			163
		],
		[
			34,
			123
		],
		[
			85,
			120
		],
		[
			90,
			152
		],
		[
			68,
			94
		],
		[
			94,
			131
		],
		[
			49,
			163
		],
		[
			84,
			142
		],
		[
			59,
			142
		],
		[
			7,
			74
		],
		[
			31,
			135
		],
		[
			61,
			109
		],
		[
			47,
			109
		],
		[
			124,
			155
		],
		[
			42,
			129
		],
		[
			52,
			126
		],
		[
			126,
			136
		],
		[
			100,
			135
		],
		[
			122,
			148
		],
		[
			77,
			116
		],
		[
			1,
			139
		],
		[
			0,
			1
		],
		[
			28,
			68
		],
		[
			57,
			142
		],
		[
			94,
			138
		],
		[
			0,
			11
		],
		[
			163,
			164
		]
	],
	"score": 0.506578947368421,
	"obtuse num": 0,
	"steiner num": 175
}