{
	"content_type": "CG_SHOP_2025_Solution",
	"instance_uid": "simple-polygon-exterior-20_20_1e719235",
	"steiner_points_x": [
		865,
		351,
		2046,
		"7369/3",
		763,
		"87931116/145909",
		920,
		1021,
		1952,
		"121420845/12288994",
		"621242811/12288994",
		134,
		"648724326/629977",
		1346,
		"210876785778606901937/95564757057600774",
		500,
		"240760170/6144497",
		464,
		"6450492189/2561210",
		1368,
		"1486900808/3668437",
		"497799491081571/22540700141189",
		"1295799801/1397345",
		879,
		"124217343/246154",
		"19370393862245139/45081400282378",
		"798169759695945/3220711836514",
		"43865388/145909"
	],
	"steiner_points_y": [
		1857,
		2840,
		1114,
		"2992/3",
		556,
		"11280775/145909",
		1290,
		3496,
		1638,
		"8782923085/12288994",
		"36590478495/12288994",
		2976,
		"2220763817/629977",
		933,
		"303087410170922738249/95564757057600774",
		3191,
		"14408514955/6144497",
		3182,
		"7187270767/2561210",
		2146,
		"5087313131/3668437",
		"31414250701723270/22540700141189",
		"4242871353/1397345",
		2803,
		"760073499/246154",
		"16460811712193578/22540700141189",
		"500996864291255/1610355918257",
		"17692455/145909"
	],
	"edges": [
		[
			17,
			21
		],
		[
			18,
			21
		],
		[
			22,
			33
		],
		[
			6,
			22
		],
		[
			8,
			28
		],
		[
			9,
			28
		],
		[
			21,
			44
		],
		[
			20,
			26
		],
		[
			7,
			20
		],
		[
			7,
			26
		],
		[
			3,
			25
		],
		[
			31,
			37
		],
		[
			16,
			37
		],
		[
			16,
			31
		],
		[
			9,
			22
		],
		[
			8,
			22
		],
		[
			17,
			43
		],
		[
			39,
			43
		],
		[
			17,
			39
		],
		[
			5,
			22
		],
		[
			22,
			23
		],
		[
			9,
			23
		],
		[
			18,
			20
		],
		[
			20,
			40
		],
		[
			12,
			39
		],
		[
			12,
			43
		],
		[
			16,
			35
		],
		[
			35,
			37
		],
		[
			17,
			20
		],
		[
			29,
			45
		],
		[
			19,
			29
		],
		[
			3,
			6
		],
		[
			4,
			6
		],
		[
			1,
			47
		],
		[
			1,
			25
		],
		[
			3,
			24
		],
		[
			2,
			24
		],
		[
			13,
			27
		],
		[
			13,
			35
		],
		[
			27,
			35
		],
		[
			7,
			39
		],
		[
			8,
			39
		],
		[
			14,
			35
		],
		[
			14,
			37
		],
		[
			0,
			46
		],
		[
			1,
			46
		],
		[
			26,
			40
		],
		[
			19,
			46
		],
		[
			29,
			46
		],
		[
			29,
			40
		],
		[
			13,
			17
		],
		[
			13,
			44
		],
		[
			20,
			39
		],
		[
			40,
			41
		],
		[
			13,
			16
		],
		[
			15,
			37
		],
		[
			30,
			31
		],
		[
			31,
			36
		],
		[
			24,
			26
		],
		[
			26,
			33
		],
		[
			24,
			33
		],
		[
			18,
			36
		],
		[
			18,
			41
		],
		[
			2,
			46
		],
		[
			34,
			42
		],
		[
			12,
			34
		],
		[
			24,
			45
		],
		[
			19,
			24
		],
		[
			10,
			28
		],
		[
			12,
			28
		],
		[
			10,
			12
		],
		[
			28,
			39
		],
		[
			8,
			33
		],
		[
			27,
			42
		],
		[
			3,
			33
		],
		[
			21,
			31
		],
		[
			31,
			44
		],
		[
			12,
			38
		],
		[
			42,
			43
		],
		[
			13,
			43
		],
		[
			21,
			36
		],
		[
			26,
			45
		],
		[
			2,
			19
		],
		[
			27,
			32
		],
		[
			27,
			34
		],
		[
			15,
			31
		],
		[
			14,
			27
		],
		[
			2,
			25
		]
	],
	"score": 0.5172413793103449,
	"obtuse num": 0,
	"steiner num": 48
}