{
	"content_type": "CG_SHOP_2025_Solution",
	"instance_uid": "simple-polygon-exterior_10_40642b31",
	"steiner_points_x": [
		"581175162859157/228163336738",
		"14308737504/7580681",
		"86531925/43496",
		"75855337/30098",
		"29167/11",
		"2592944085/1388869",
		427,
		1468
	],
	"steiner_points_y": [
		"200054331009926/114081668369",
		"13767874824/7580681",
		"3314128/5437",
		"44241191/30098",
		"12764/11",
		"1162538291/1388869",
		1589,
		660
	],
	"edges": [
		[
			3,
			11
		],
		[
			0,
			17
		],
		[
			3,
			17
		],
		[
			0,
			3
		],
		[
			12,
			15
		],
		[
			14,
			15
		],
		[
			11,
			13
		],
		[
			5,
			16
		],
		[
			6,
			16
		],
		[
			9,
			17
		],
		[
			7,
			16
		],
		[
			1,
			13
		],
		[
			1,
			3
		],
		[
			3,
			15
		],
		[
			0,
			12
		],
		[
			3,
			16
		],
		[
			3,
			7
		],
		[
			8,
			17
		],
		[
			4,
			16
		],
		[
			10,
			13
		],
		[
			7,
			17
		],
		[
			1,
			14
		]
	],
	"score": 0.5555555555555556,
	"obtuse num": 0,
	"steiner num": 18
}