{
	"content_type": "CG_SHOP_2025_Solution",
	"instance_uid": "simple-polygon-exterior-20_60_57cd1db6",
	"steiner_points_x": [
		"4539777825/1695101",
		"156453/41",
		6942,
		3725,
		"11511725/1466",
		4947,
		4503,
		"13104050008/2730473",
		"22206850882275/8504321717",
		4051,
		4412,
		"6978541388/2730473",
		"12040335468/2730473",
		7588,
		"820125/157",
		"10824489900/2730473",
		"265815060/44101",
		"41503573840/5489437",
		"41248275/5333",
		"13426307300/2730473",
		3583,
		4806,
		4947,
		"307916151/130442",
		"1374016800/183013",
		"41775/7",
		"39741774/5333",
		"44942075/5333",
		"921425/197",
		"13175/3",
		5173,
		7305,
		"287760060/44101",
		"1592251064506900/355559463587",
		7971,
		7591,
		"306149970/44101",
		4060,
		"9027650800/2730473",
		5434,
		"43314394/5333",
		"6140706460/2730473",
		2249,
		7376,
		7785,
		"56619480/7489",
		"671732970220/144715069",
		"148613/41",
		7167,
		4399,
		"22889/5",
		4585,
		4339,
		4191,
		8125
	],
	"steiner_points_y": [
		"5146036250/1695101",
		"154379/41",
		1576,
		3089,
		"2678575/1466",
		2610,
		3400,
		"4313602052/2730473",
		"26453011133000/8504321717",
		3490,
		1695,
		"4450795647/2730473",
		"4337426167/2730473",
		2995,
		"362775/157",
		"4364657575/2730473",
		"69137225/44101",
		"8648820275/5489437",
		"19854900/5333",
		"4306384425/2730473",
		3516,
		1884,
		2325,
		"376448789/130442",
		"355808800/183013",
		"26400/7",
		"19896174/5333",
		"19753700/5333",
		"747075/197",
		"11350/3",
		2293,
		1898,
		"69241725/44101",
		"564269466958625/355559463587",
		2683,
		3152,
		"69329296/44101",
		2855,
		"4404901550/2730473",
		2993,
		"19798294/5333",
		"4469560715/2730473",
		1639,
		2112,
		2820,
		"11801575/7489",
		"264777914815/144715069",
		"154134/41",
		2344,
		3044,
		"16352/5",
		3265,
		3364,
		2758,
		3276
	],
	"edges": [
		[
			9,
			91
		],
		[
			84,
			91
		],
		[
			9,
			84
		],
		[
			101,
			102
		],
		[
			71,
			102
		],
		[
			71,
			101
		],
		[
			32,
			33
		],
		[
			31,
			33
		],
		[
			31,
			32
		],
		[
			23,
			95
		],
		[
			22,
			23
		],
		[
			22,
			95
		],
		[
			58,
			65
		],
		[
			58,
			113
		],
		[
			65,
			113
		],
		[
			54,
			97
		],
		[
			54,
			109
		],
		[
			97,
			109
		],
		[
			42,
			54
		],
		[
			43,
			54
		],
		[
			42,
			43
		],
		[
			74,
			90
		],
		[
			28,
			90
		],
		[
			28,
			74
		],
		[
			4,
			5
		],
		[
			5,
			62
		],
		[
			4,
			62
		],
		[
			52,
			60
		],
		[
			60,
			63
		],
		[
			52,
			63
		],
		[
			8,
			20
		],
		[
			8,
			104
		],
		[
			20,
			104
		],
		[
			35,
			36
		],
		[
			36,
			88
		],
		[
			35,
			88
		],
		[
			6,
			62
		],
		[
			5,
			6
		],
		[
			58,
			82
		],
		[
			65,
			82
		],
		[
			55,
			56
		],
		[
			51,
			56
		],
		[
			51,
			55
		],
		[
			8,
			84
		],
		[
			84,
			103
		],
		[
			8,
			103
		],
		[
			1,
			106
		],
		[
			1,
			81
		],
		[
			81,
			106
		],
		[
			26,
			95
		],
		[
			73,
			95
		],
		[
			26,
			73
		],
		[
			24,
			26
		],
		[
			24,
			95
		],
		[
			47,
			51
		],
		[
			50,
			51
		],
		[
			47,
			50
		],
		[
			55,
			57
		],
		[
			55,
			58
		],
		[
			57,
			58
		],
		[
			33,
			99
		],
		[
			33,
			34
		],
		[
			34,
			99
		],
		[
			109,
			113
		],
		[
			97,
			113
		],
		[
			49,
			102
		],
		[
			49,
			101
		],
		[
			11,
			84
		],
		[
			9,
			11
		],
		[
			28,
			29
		],
		[
			29,
			74
		],
		[
			27,
			29
		],
		[
			27,
			74
		],
		[
			56,
			57
		],
		[
			41,
			109
		],
		[
			40,
			41
		],
		[
			40,
			109
		],
		[
			3,
			90
		],
		[
			3,
			74
		],
		[
			58,
			59
		],
		[
			58,
			106
		],
		[
			59,
			106
		],
		[
			67,
			106
		],
		[
			67,
			81
		],
		[
			28,
			65
		],
		[
			29,
			65
		],
		[
			24,
			25
		],
		[
			25,
			26
		],
		[
			64,
			105
		],
		[
			11,
			105
		],
		[
			11,
			64
		],
		[
			52,
			55
		],
		[
			52,
			53
		],
		[
			53,
			55
		],
		[
			41,
			54
		],
		[
			57,
			75
		],
		[
			56,
			75
		],
		[
			70,
			72
		],
		[
			72,
			75
		],
		[
			70,
			75
		],
		[
			32,
			65
		],
		[
			31,
			65
		],
		[
			12,
			94
		],
		[
			19,
			94
		],
		[
			12,
			19
		],
		[
			73,
			104
		],
		[
			7,
			104
		],
		[
			7,
			73
		],
		[
			3,
			27
		],
		[
			30,
			99
		],
		[
			26,
			99
		],
		[
			26,
			30
		],
		[
			5,
			108
		],
		[
			6,
			108
		],
		[
			57,
			59
		],
		[
			23,
			24
		],
		[
			4,
			76
		],
		[
			4,
			92
		],
		[
			76,
			92
		],
		[
			2,
			79
		],
		[
			2,
			3
		],
		[
			3,
			79
		],
		[
			26,
			108
		],
		[
			73,
			108
		],
		[
			47,
			102
		],
		[
			50,
			102
		],
		[
			30,
			31
		],
		[
			30,
			33
		],
		[
			0,
			59
		],
		[
			0,
			106
		],
		[
			13,
			19
		],
		[
			12,
			13
		],
		[
			17,
			23
		],
		[
			17,
			22
		],
		[
			1,
			82
		],
		[
			2,
			82
		],
		[
			1,
			2
		],
		[
			51,
			52
		],
		[
			27,
			30
		],
		[
			29,
			30
		],
		[
			1,
			58
		],
		[
			53,
			54
		],
		[
			53,
			63
		],
		[
			54,
			63
		],
		[
			6,
			91
		],
		[
			62,
			91
		],
		[
			29,
			31
		],
		[
			44,
			45
		],
		[
			45,
			61
		],
		[
			44,
			61
		],
		[
			4,
			27
		],
		[
			27,
			76
		],
		[
			89,
			112
		],
		[
			66,
			89
		],
		[
			66,
			112
		],
		[
			62,
			96
		],
		[
			10,
			62
		],
		[
			10,
			96
		],
		[
			0,
			67
		],
		[
			7,
			103
		],
		[
			7,
			8
		],
		[
			6,
			103
		],
		[
			6,
			7
		],
		[
			78,
			86
		],
		[
			24,
			78
		],
		[
			24,
			86
		],
		[
			48,
			49
		],
		[
			48,
			102
		],
		[
			50,
			71
		],
		[
			0,
			93
		],
		[
			67,
			93
		],
		[
			25,
			34
		],
		[
			25,
			99
		],
		[
			79,
			81
		],
		[
			67,
			79
		],
		[
			34,
			36
		],
		[
			34,
			35
		],
		[
			36,
			37
		],
		[
			37,
			88
		],
		[
			46,
			80
		],
		[
			45,
			46
		],
		[
			45,
			80
		],
		[
			7,
			108
		],
		[
			110,
			111
		],
		[
			38,
			110
		],
		[
			38,
			111
		],
		[
			60,
			80
		],
		[
			63,
			80
		],
		[
			21,
			104
		],
		[
			20,
			21
		],
		[
			39,
			110
		],
		[
			39,
			40
		],
		[
			40,
			110
		],
		[
			44,
			80
		],
		[
			62,
			92
		],
		[
			92,
			96
		],
		[
			43,
			69
		],
		[
			42,
			69
		],
		[
			59,
			70
		],
		[
			57,
			70
		],
		[
			39,
			111
		],
		[
			32,
			111
		],
		[
			32,
			39
		],
		[
			41,
			42
		],
		[
			82,
			90
		],
		[
			28,
			82
		],
		[
			10,
			105
		],
		[
			77,
			105
		],
		[
			10,
			77
		],
		[
			33,
			111
		],
		[
			70,
			93
		],
		[
			72,
			93
		],
		[
			35,
			85
		],
		[
			34,
			85
		],
		[
			0,
			70
		],
		[
			43,
			63
		],
		[
			37,
			38
		],
		[
			36,
			38
		],
		[
			64,
			77
		],
		[
			56,
			98
		],
		[
			51,
			98
		],
		[
			26,
			27
		],
		[
			5,
			26
		],
		[
			5,
			27
		],
		[
			44,
			63
		],
		[
			91,
			103
		],
		[
			34,
			38
		],
		[
			40,
			112
		],
		[
			40,
			66
		],
		[
			50,
			98
		],
		[
			66,
			110
		],
		[
			55,
			113
		],
		[
			55,
			97
		],
		[
			45,
			107
		],
		[
			61,
			107
		],
		[
			9,
			62
		],
		[
			9,
			10
		],
		[
			42,
			89
		],
		[
			42,
			112
		],
		[
			37,
			66
		],
		[
			37,
			89
		],
		[
			38,
			66
		],
		[
			14,
			114
		],
		[
			16,
			114
		],
		[
			14,
			16
		],
		[
			71,
			98
		],
		[
			88,
			89
		],
		[
			75,
			98
		],
		[
			69,
			89
		],
		[
			47,
			48
		],
		[
			33,
			38
		],
		[
			44,
			69
		],
		[
			61,
			69
		],
		[
			2,
			90
		],
		[
			22,
			73
		],
		[
			22,
			104
		],
		[
			3,
			76
		],
		[
			2,
			81
		],
		[
			41,
			112
		],
		[
			61,
			89
		],
		[
			43,
			44
		],
		[
			46,
			107
		],
		[
			39,
			65
		],
		[
			53,
			97
		],
		[
			100,
			114
		],
		[
			16,
			100
		],
		[
			65,
			109
		],
		[
			11,
			12
		],
		[
			12,
			64
		],
		[
			20,
			94
		],
		[
			8,
			94
		],
		[
			9,
			105
		],
		[
			8,
			11
		],
		[
			39,
			109
		],
		[
			21,
			22
		],
		[
			85,
			86
		],
		[
			25,
			86
		],
		[
			25,
			85
		],
		[
			51,
			60
		],
		[
			11,
			94
		],
		[
			14,
			18
		],
		[
			18,
			114
		],
		[
			78,
			100
		],
		[
			23,
			100
		],
		[
			23,
			78
		],
		[
			17,
			18
		],
		[
			17,
			114
		],
		[
			87,
			100
		],
		[
			16,
			87
		],
		[
			15,
			16
		],
		[
			15,
			87
		],
		[
			48,
			83
		],
		[
			47,
			83
		],
		[
			60,
			83
		],
		[
			47,
			60
		],
		[
			18,
			21
		],
		[
			18,
			22
		],
		[
			18,
			19
		],
		[
			19,
			21
		],
		[
			46,
			60
		],
		[
			13,
			18
		],
		[
			13,
			14
		],
		[
			14,
			15
		],
		[
			17,
			100
		],
		[
			60,
			68
		],
		[
			46,
			68
		],
		[
			68,
			83
		],
		[
			19,
			20
		]
	],
	"score": 0.5089285714285714,
	"obtuse num": 0,
	"steiner num": 115
}