{
	"content_type": "CG_SHOP_2025_Solution",
	"instance_uid": "simple-polygon-exterior_40_785575e7",
	"steiner_points_x": [
		2211,
		"378911566/144241",
		"152031036/86461",
		2935,
		416,
		"231399795/89641",
		1426,
		2245,
		"617278/197",
		1474,
		1949,
		2204,
		"780202509696/470434301",
		"14908275/9484",
		"3685626063/4519957",
		"2516239971/915865",
		"1714999059/546905",
		"561264/197",
		"4397164/1943",
		"184030226/86593",
		"5543221194/4519957",
		2838,
		"23676489/6850",
		"25107440/7193",
		"50060875/14386",
		3351,
		3225,
		1383,
		"142025261/129533",
		1276,
		"17164978/158657"
	],
	"steiner_points_y": [
		569,
		"144839198/144241",
		"125434947/86461",
		476,
		580,
		"55987994/89641",
		559,
		1009,
		"347404/197",
		798,
		588,
		870,
		"849335714616/470434301",
		"1446495/33194",
		"432347172/4519957",
		"2076312/915865",
		"876481598/546905",
		"351405/197",
		"3547213/1943",
		"142121384/86593",
		"304478766/4519957",
		1718,
		"10300723/6850",
		"2785621/7193",
		"4349469/14386",
		433,
		1606,
		926,
		"107784732/129533",
		1454,
		"155517288/158657"
	],
	"edges": [
		[
			31,
			51
		],
		[
			31,
			47
		],
		[
			47,
			51
		],
		[
			30,
			42
		],
		[
			23,
			45
		],
		[
			21,
			23
		],
		[
			21,
			41
		],
		[
			20,
			41
		],
		[
			34,
			49
		],
		[
			33,
			49
		],
		[
			31,
			49
		],
		[
			49,
			67
		],
		[
			31,
			67
		],
		[
			4,
			36
		],
		[
			4,
			35
		],
		[
			33,
			46
		],
		[
			33,
			50
		],
		[
			46,
			50
		],
		[
			19,
			61
		],
		[
			56,
			61
		],
		[
			12,
			64
		],
		[
			0,
			37
		],
		[
			37,
			70
		],
		[
			22,
			40
		],
		[
			7,
			22
		],
		[
			7,
			40
		],
		[
			7,
			9
		],
		[
			9,
			22
		],
		[
			18,
			66
		],
		[
			19,
			66
		],
		[
			17,
			62
		],
		[
			9,
			43
		],
		[
			10,
			43
		],
		[
			44,
			70
		],
		[
			1,
			44
		],
		[
			42,
			52
		],
		[
			26,
			42
		],
		[
			29,
			47
		],
		[
			30,
			47
		],
		[
			4,
			46
		],
		[
			5,
			46
		],
		[
			2,
			44
		],
		[
			3,
			44
		],
		[
			37,
			39
		],
		[
			28,
			30
		],
		[
			3,
			54
		],
		[
			28,
			67
		],
		[
			28,
			31
		],
		[
			9,
			55
		],
		[
			23,
			47
		],
		[
			23,
			51
		],
		[
			39,
			69
		],
		[
			67,
			69
		],
		[
			39,
			67
		],
		[
			58,
			59
		],
		[
			16,
			20
		],
		[
			17,
			20
		],
		[
			56,
			66
		],
		[
			20,
			66
		],
		[
			20,
			24
		],
		[
			24,
			56
		],
		[
			6,
			8
		],
		[
			40,
			51
		],
		[
			22,
			51
		],
		[
			13,
			64
		],
		[
			34,
			46
		],
		[
			12,
			65
		],
		[
			13,
			65
		],
		[
			43,
			45
		],
		[
			21,
			43
		],
		[
			38,
			67
		],
		[
			36,
			44
		],
		[
			3,
			36
		],
		[
			27,
			69
		],
		[
			0,
			69
		],
		[
			36,
			68
		],
		[
			35,
			68
		],
		[
			9,
			45
		],
		[
			32,
			51
		],
		[
			32,
			40
		],
		[
			17,
			66
		],
		[
			14,
			65
		],
		[
			13,
			63
		],
		[
			6,
			53
		],
		[
			35,
			38
		],
		[
			34,
			38
		],
		[
			39,
			68
		],
		[
			37,
			44
		],
		[
			6,
			40
		],
		[
			4,
			54
		],
		[
			19,
			48
		],
		[
			4,
			60
		],
		[
			57,
			61
		],
		[
			19,
			57
		],
		[
			15,
			20
		],
		[
			25,
			41
		],
		[
			25,
			61
		],
		[
			25,
			58
		],
		[
			58,
			61
		],
		[
			24,
			61
		],
		[
			5,
			50
		],
		[
			12,
			43
		],
		[
			43,
			65
		],
		[
			4,
			53
		],
		[
			6,
			50
		],
		[
			40,
			50
		],
		[
			28,
			52
		],
		[
			21,
			65
		],
		[
			35,
			46
		],
		[
			26,
			29
		],
		[
			25,
			47
		],
		[
			41,
			47
		],
		[
			32,
			49
		],
		[
			29,
			59
		],
		[
			14,
			20
		],
		[
			5,
			53
		],
		[
			25,
			29
		],
		[
			32,
			50
		],
		[
			28,
			69
		],
		[
			38,
			49
		],
		[
			14,
			21
		],
		[
			10,
			12
		]
	],
	"score": 0.515625,
	"obtuse num": 0,
	"steiner num": 71
}