{
	"content_type": "CG_SHOP_2025_Solution",
	"instance_uid": "simple-polygon-exterior-20_100_512f0fc4",
	"steiner_points_x": [
		20,
		41,
		"13617/485",
		7,
		"1097/29",
		"185/113",
		55,
		45,
		11,
		30,
		"77/113",
		7,
		"273/226",
		59,
		52,
		47,
		40,
		"19781/313",
		49,
		35,
		8,
		10,
		17,
		48,
		"203/17",
		"1481/23",
		57,
		63,
		58,
		18,
		11,
		"23717/485",
		47,
		45,
		49,
		41,
		35,
		29,
		"68296/5525",
		26,
		"2831/65",
		10,
		48,
		"40213/626",
		29,
		"1450/53",
		"1380193/31525",
		"3187/89",
		53,
		"30381/493",
		"19969/313",
		"19403/485",
		"119941/1878",
		"5933/101",
		"25717/485",
		"19881/313",
		59,
		"20254/313",
		11,
		17,
		"1011/82"
	],
	"steiner_points_y": [
		15,
		74,
		"156/485",
		23,
		"1858/29",
		"2310/113",
		39,
		71,
		31,
		19,
		"3930/113",
		19,
		"6075/226",
		29,
		46,
		74,
		42,
		"14726/313",
		45,
		25,
		47,
		60,
		30,
		22,
		"302/17",
		"396/23",
		43,
		21,
		18,
		51,
		41,
		"6766/5335",
		11,
		51,
		59,
		9,
		57,
		74,
		"71387/5525",
		63,
		"392/65",
		15,
		35,
		"13177/626",
		27,
		"1047/53",
		"32644/31525",
		"1646/89",
		49,
		"30608/493",
		"10026/313",
		"419/485",
		"56981/1878",
		"5209/101",
		"706/485",
		"12226/313",
		35,
		"2901/313",
		23,
		13,
		"79/82"
	],
	"edges": [
		[
			38,
			57
		],
		[
			57,
			61
		],
		[
			38,
			61
		],
		[
			75,
			152
		],
		[
			75,
			150
		],
		[
			15,
			16
		],
		[
			15,
			17
		],
		[
			30,
			46
		],
		[
			46,
			158
		],
		[
			30,
			158
		],
		[
			32,
			108
		],
		[
			31,
			108
		],
		[
			131,
			140
		],
		[
			68,
			131
		],
		[
			31,
			33
		],
		[
			31,
			103
		],
		[
			33,
			103
		],
		[
			60,
			123
		],
		[
			60,
			84
		],
		[
			42,
			159
		],
		[
			138,
			159
		],
		[
			40,
			138
		],
		[
			40,
			159
		],
		[
			140,
			146
		],
		[
			10,
			14
		],
		[
			14,
			149
		],
		[
			76,
			155
		],
		[
			76,
			117
		],
		[
			43,
			138
		],
		[
			42,
			43
		],
		[
			138,
			141
		],
		[
			41,
			141
		],
		[
			106,
			156
		],
		[
			76,
			106
		],
		[
			76,
			156
		],
		[
			80,
			106
		],
		[
			80,
			156
		],
		[
			43,
			45
		],
		[
			45,
			124
		],
		[
			77,
			126
		],
		[
			78,
			126
		],
		[
			22,
			94
		],
		[
			94,
			121
		],
		[
			22,
			121
		],
		[
			75,
			155
		],
		[
			21,
			23
		],
		[
			60,
			63
		],
		[
			63,
			147
		],
		[
			59,
			144
		],
		[
			119,
			144
		],
		[
			59,
			119
		],
		[
			93,
			120
		],
		[
			26,
			120
		],
		[
			26,
			93
		],
		[
			45,
			158
		],
		[
			44,
			158
		],
		[
			9,
			117
		],
		[
			0,
			1
		],
		[
			1,
			136
		],
		[
			82,
			123
		],
		[
			92,
			120
		],
		[
			11,
			13
		],
		[
			42,
			53
		],
		[
			42,
			54
		],
		[
			25,
			93
		],
		[
			8,
			114
		],
		[
			114,
			118
		],
		[
			8,
			118
		],
		[
			20,
			137
		],
		[
			19,
			137
		],
		[
			47,
			122
		],
		[
			48,
			122
		],
		[
			92,
			94
		],
		[
			94,
			129
		],
		[
			92,
			129
		],
		[
			70,
			72
		],
		[
			71,
			72
		],
		[
			34,
			141
		],
		[
			34,
			41
		],
		[
			9,
			153
		],
		[
			18,
			134
		],
		[
			17,
			134
		],
		[
			80,
			142
		],
		[
			79,
			142
		],
		[
			49,
			144
		],
		[
			50,
			144
		],
		[
			48,
			50
		],
		[
			75,
			156
		],
		[
			42,
			45
		],
		[
			88,
			96
		],
		[
			88,
			95
		],
		[
			34,
			111
		],
		[
			105,
			111
		],
		[
			2,
			116
		],
		[
			3,
			116
		],
		[
			33,
			110
		],
		[
			32,
			110
		],
		[
			30,
			47
		],
		[
			11,
			148
		],
		[
			9,
			11
		],
		[
			37,
			151
		],
		[
			37,
			67
		],
		[
			67,
			151
		],
		[
			87,
			116
		],
		[
			4,
			116
		],
		[
			4,
			87
		],
		[
			69,
			83
		],
		[
			72,
			83
		],
		[
			69,
			72
		],
		[
			83,
			132
		],
		[
			69,
			132
		],
		[
			58,
			144
		],
		[
			50,
			58
		],
		[
			17,
			107
		],
		[
			107,
			115
		],
		[
			17,
			115
		],
		[
			77,
			148
		],
		[
			9,
			77
		],
		[
			13,
			153
		],
		[
			14,
			153
		],
		[
			125,
			127
		],
		[
			127,
			143
		],
		[
			89,
			144
		],
		[
			49,
			89
		],
		[
			0,
			104
		],
		[
			104,
			136
		],
		[
			27,
			32
		],
		[
			26,
			32
		],
		[
			67,
			146
		],
		[
			78,
			118
		],
		[
			78,
			114
		],
		[
			1,
			97
		],
		[
			97,
			99
		],
		[
			1,
			99
		],
		[
			5,
			123
		],
		[
			5,
			82
		],
		[
			88,
			97
		],
		[
			72,
			157
		],
		[
			73,
			157
		],
		[
			21,
			137
		],
		[
			23,
			121
		],
		[
			114,
			148
		],
		[
			27,
			120
		],
		[
			91,
			130
		],
		[
			90,
			91
		],
		[
			90,
			130
		],
		[
			86,
			144
		],
		[
			85,
			144
		],
		[
			57,
			100
		],
		[
			39,
			57
		],
		[
			39,
			100
		],
		[
			68,
			69
		],
		[
			68,
			132
		],
		[
			4,
			85
		],
		[
			4,
			86
		],
		[
			4,
			142
		],
		[
			5,
			142
		],
		[
			0,
			133
		],
		[
			1,
			133
		],
		[
			14,
			16
		],
		[
			83,
			128
		],
		[
			72,
			128
		],
		[
			19,
			101
		],
		[
			8,
			11
		],
		[
			60,
			119
		],
		[
			84,
			119
		],
		[
			82,
			128
		],
		[
			96,
			129
		],
		[
			95,
			129
		],
		[
			18,
			107
		],
		[
			1,
			2
		],
		[
			2,
			133
		],
		[
			86,
			89
		],
		[
			29,
			90
		],
		[
			28,
			90
		],
		[
			58,
			109
		],
		[
			109,
			145
		],
		[
			111,
			141
		],
		[
			59,
			147
		],
		[
			127,
			152
		],
		[
			74,
			82
		],
		[
			74,
			128
		],
		[
			39,
			159
		],
		[
			46,
			53
		],
		[
			45,
			53
		],
		[
			7,
			133
		],
		[
			2,
			7
		],
		[
			59,
			109
		],
		[
			8,
			12
		],
		[
			96,
			98
		],
		[
			98,
			129
		],
		[
			85,
			119
		],
		[
			79,
			106
		],
		[
			33,
			112
		],
		[
			33,
			105
		],
		[
			88,
			90
		],
		[
			65,
			135
		],
		[
			66,
			135
		],
		[
			20,
			136
		],
		[
			19,
			136
		],
		[
			22,
			139
		],
		[
			21,
			139
		],
		[
			51,
			58
		],
		[
			38,
			67
		],
		[
			37,
			38
		],
		[
			6,
			118
		],
		[
			79,
			118
		],
		[
			6,
			79
		],
		[
			81,
			156
		],
		[
			113,
			156
		],
		[
			81,
			113
		],
		[
			3,
			97
		],
		[
			3,
			88
		],
		[
			64,
			83
		],
		[
			64,
			132
		],
		[
			24,
			121
		],
		[
			25,
			121
		],
		[
			5,
			81
		],
		[
			69,
			131
		],
		[
			70,
			131
		],
		[
			13,
			15
		],
		[
			14,
			15
		],
		[
			94,
			98
		],
		[
			51,
			56
		],
		[
			51,
			145
		],
		[
			56,
			145
		],
		[
			81,
			142
		],
		[
			80,
			81
		],
		[
			8,
			133
		],
		[
			12,
			133
		],
		[
			0,
			18
		],
		[
			96,
			99
		],
		[
			28,
			130
		],
		[
			27,
			130
		],
		[
			73,
			125
		],
		[
			48,
			52
		],
		[
			48,
			51
		],
		[
			30,
			31
		],
		[
			31,
			158
		],
		[
			73,
			128
		],
		[
			99,
			139
		],
		[
			20,
			139
		],
		[
			20,
			99
		],
		[
			37,
			39
		],
		[
			36,
			39
		],
		[
			90,
			95
		],
		[
			77,
			114
		],
		[
			91,
			95
		],
		[
			30,
			108
		],
		[
			29,
			108
		],
		[
			3,
			87
		],
		[
			37,
			102
		],
		[
			1,
			3
		],
		[
			20,
			21
		],
		[
			98,
			139
		],
		[
			22,
			98
		],
		[
			82,
			113
		],
		[
			74,
			113
		],
		[
			120,
			130
		],
		[
			91,
			120
		],
		[
			65,
			132
		],
		[
			65,
			68
		],
		[
			4,
			84
		],
		[
			55,
			100
		],
		[
			54,
			100
		],
		[
			4,
			6
		],
		[
			6,
			116
		],
		[
			78,
			106
		],
		[
			15,
			134
		],
		[
			13,
			134
		],
		[
			93,
			121
		],
		[
			38,
			39
		],
		[
			111,
			124
		],
		[
			124,
			141
		],
		[
			35,
			41
		],
		[
			35,
			40
		],
		[
			67,
			135
		],
		[
			28,
			32
		],
		[
			109,
			147
		],
		[
			118,
			133
		],
		[
			7,
			118
		],
		[
			36,
			40
		],
		[
			51,
			55
		],
		[
			52,
			55
		],
		[
			106,
			126
		],
		[
			76,
			126
		],
		[
			42,
			100
		],
		[
			117,
			126
		],
		[
			62,
			147
		],
		[
			7,
			116
		],
		[
			101,
			104
		],
		[
			70,
			154
		],
		[
			61,
			135
		],
		[
			38,
			135
		],
		[
			100,
			159
		],
		[
			47,
			52
		],
		[
			6,
			142
		],
		[
			29,
			122
		],
		[
			30,
			122
		],
		[
			6,
			7
		],
		[
			43,
			141
		],
		[
			66,
			68
		],
		[
			66,
			140
		],
		[
			49,
			122
		],
		[
			89,
			122
		],
		[
			98,
			99
		],
		[
			53,
			55
		],
		[
			57,
			109
		],
		[
			90,
			122
		],
		[
			62,
			65
		],
		[
			62,
			135
		],
		[
			46,
			52
		],
		[
			113,
			152
		],
		[
			75,
			113
		],
		[
			56,
			100
		],
		[
			9,
			126
		],
		[
			5,
			84
		],
		[
			104,
			107
		],
		[
			101,
			107
		],
		[
			63,
			123
		],
		[
			103,
			158
		],
		[
			44,
			103
		],
		[
			92,
			95
		],
		[
			91,
			92
		],
		[
			61,
			109
		],
		[
			87,
			89
		],
		[
			113,
			127
		],
		[
			74,
			127
		],
		[
			28,
			108
		],
		[
			44,
			111
		],
		[
			12,
			134
		],
		[
			103,
			105
		],
		[
			103,
			111
		],
		[
			63,
			83
		],
		[
			40,
			160
		],
		[
			12,
			18
		],
		[
			73,
			127
		],
		[
			0,
			12
		],
		[
			62,
			64
		]
	],
	"score": 0.5080645161290323,
	"obtuse num": 0,
	"steiner num": 161
}