{
	"content_type": "CG_SHOP_2025_Solution",
	"instance_uid": "ortho_250_3b977f7e",
	"steiner_points_x": [
		1501136,
		1870200,
		1338927,
		699853,
		568437,
		1256640,
		1472173,
		1169208,
		1054724,
		1148510,
		1013380,
		1059503,
		1000245,
		280227,
		459978,
		487194,
		1338927,
		1785352,
		1000000,
		1361429,
		1870200,
		895961,
		201729,
		1349462,
		439535,
		1528082,
		487194,
		218925,
		48799,
		1042353,
		281381,
		1501136,
		1476213,
		346108,
		76684,
		1212632,
		586852,
		1054724,
		883325,
		74826,
		0,
		1736334,
		443005,
		1244913,
		224036,
		"3481969/2",
		1741058,
		725490,
		76684,
		602312,
		1305764,
		1156905,
		1264049,
		1466142,
		515797,
		1429728,
		1358372,
		"3752933/3",
		1264049,
		270004,
		586852,
		1369187,
		1579790,
		1334339,
		725490,
		384077,
		1464438,
		1427876,
		1459550,
		1464438,
		1255597,
		602312,
		797908,
		1579632,
		579388,
		845374,
		1362495,
		432039,
		579388,
		283721,
		586852,
		514706,
		201875,
		725490,
		895961,
		981439,
		985079,
		981439,
		845374,
		1054724,
		1070656,
		609455,
		1459550
	],
	"steiner_points_y": [
		185474,
		1073466,
		542151,
		1242880,
		396509,
		-1355,
		208323,
		785001,
		635527,
		1146080,
		1189144,
		1138801,
		1056336,
		396509,
		1242880,
		126620,
		600939,
		1142762,
		305340,
		910183,
		1384189,
		1133664,
		126620,
		1060777,
		-176321,
		1060776,
		299087,
		875370,
		836721,
		70296,
		126620,
		65910,
		89689,
		1211611,
		804943,
		-44556,
		-55923,
		607082,
		291336,
		838899,
		793898,
		983151,
		1168377,
		956489,
		-239947,
		859335,
		1384189,
		126620,
		1000000,
		126620,
		956489,
		849196,
		553243,
		316780,
		-55923,
		111852,
		-1355,
		508220,
		604299,
		-176321,
		-203918,
		682544,
		810928,
		"378951/2",
		299087,
		-203918,
		335788,
		970228,
		645037,
		317704,
		834929,
		-2053,
		1242880,
		681570,
		748486,
		291336,
		250218,
		658985,
		733989,
		733990,
		299087,
		450374,
		699810,
		607082,
		748486,
		826442,
		826442,
		"5977306706/7177",
		607082,
		787904,
		785495,
		391661,
		635527
	],
	"edges": [
		[
			26,
			321
		],
		[
			28,
			321
		],
		[
			26,
			28
		],
		[
			141,
			267
		],
		[
			142,
			267
		],
		[
			141,
			142
		],
		[
			92,
			93
		],
		[
			92,
			94
		],
		[
			93,
			94
		],
		[
			85,
			181
		],
		[
			85,
			182
		],
		[
			181,
			182
		],
		[
			1,
			3
		],
		[
			1,
			4
		],
		[
			3,
			4
		],
		[
			142,
			144
		],
		[
			142,
			296
		],
		[
			144,
			296
		],
		[
			339,
			340
		],
		[
			175,
			340
		],
		[
			175,
			339
		],
		[
			265,
			330
		],
		[
			299,
			330
		],
		[
			265,
			299
		],
		[
			29,
			30
		],
		[
			29,
			31
		],
		[
			30,
			31
		],
		[
			133,
			134
		],
		[
			133,
			135
		],
		[
			134,
			135
		],
		[
			314,
			330
		],
		[
			299,
			314
		],
		[
			94,
			95
		],
		[
			94,
			96
		],
		[
			95,
			96
		],
		[
			153,
			259
		],
		[
			259,
			261
		],
		[
			153,
			261
		],
		[
			10,
			11
		],
		[
			10,
			12
		],
		[
			11,
			12
		],
		[
			112,
			307
		],
		[
			108,
			112
		],
		[
			108,
			307
		],
		[
			176,
			177
		],
		[
			176,
			178
		],
		[
			177,
			178
		],
		[
			140,
			270
		],
		[
			141,
			270
		],
		[
			140,
			141
		],
		[
			178,
			179
		],
		[
			178,
			180
		],
		[
			179,
			180
		],
		[
			27,
			28
		],
		[
			26,
			27
		],
		[
			117,
			118
		],
		[
			117,
			119
		],
		[
			118,
			119
		],
		[
			116,
			342
		],
		[
			117,
			342
		],
		[
			116,
			117
		],
		[
			167,
			317
		],
		[
			269,
			317
		],
		[
			167,
			269
		],
		[
			336,
			337
		],
		[
			335,
			336
		],
		[
			335,
			337
		],
		[
			182,
			338
		],
		[
			199,
			338
		],
		[
			182,
			199
		],
		[
			24,
			304
		],
		[
			265,
			304
		],
		[
			24,
			265
		],
		[
			178,
			337
		],
		[
			180,
			337
		],
		[
			237,
			331
		],
		[
			240,
			331
		],
		[
			237,
			240
		],
		[
			161,
			162
		],
		[
			161,
			163
		],
		[
			162,
			163
		],
		[
			333,
			338
		],
		[
			199,
			333
		],
		[
			145,
			267
		],
		[
			142,
			145
		],
		[
			108,
			252
		],
		[
			112,
			252
		],
		[
			9,
			16
		],
		[
			16,
			294
		],
		[
			9,
			294
		],
		[
			168,
			301
		],
		[
			169,
			301
		],
		[
			168,
			169
		],
		[
			34,
			338
		],
		[
			35,
			338
		],
		[
			34,
			35
		],
		[
			201,
			328
		],
		[
			327,
			328
		],
		[
			201,
			327
		],
		[
			158,
			160
		],
		[
			158,
			161
		],
		[
			160,
			161
		],
		[
			297,
			299
		],
		[
			297,
			314
		],
		[
			222,
			332
		],
		[
			225,
			332
		],
		[
			222,
			225
		],
		[
			156,
			261
		],
		[
			157,
			261
		],
		[
			156,
			157
		],
		[
			21,
			310
		],
		[
			21,
			286
		],
		[
			286,
			310
		],
		[
			108,
			109
		],
		[
			108,
			110
		],
		[
			109,
			110
		],
		[
			34,
			341
		],
		[
			231,
			341
		],
		[
			34,
			231
		],
		[
			108,
			111
		],
		[
			110,
			111
		],
		[
			98,
			311
		],
		[
			100,
			311
		],
		[
			98,
			100
		],
		[
			101,
			114
		],
		[
			101,
			115
		],
		[
			114,
			115
		],
		[
			127,
			317
		],
		[
			275,
			317
		],
		[
			127,
			275
		],
		[
			1,
			2
		],
		[
			2,
			3
		],
		[
			178,
			336
		],
		[
			170,
			172
		],
		[
			170,
			173
		],
		[
			172,
			173
		],
		[
			7,
			265
		],
		[
			7,
			304
		],
		[
			111,
			252
		],
		[
			99,
			100
		],
		[
			98,
			99
		],
		[
			170,
			171
		],
		[
			171,
			172
		],
		[
			139,
			270
		],
		[
			139,
			140
		],
		[
			276,
			330
		],
		[
			265,
			276
		],
		[
			173,
			174
		],
		[
			173,
			339
		],
		[
			174,
			339
		],
		[
			87,
			340
		],
		[
			257,
			340
		],
		[
			87,
			257
		],
		[
			28,
			31
		],
		[
			28,
			29
		],
		[
			161,
			262
		],
		[
			163,
			262
		],
		[
			137,
			251
		],
		[
			138,
			251
		],
		[
			137,
			138
		],
		[
			72,
			305
		],
		[
			73,
			305
		],
		[
			72,
			73
		],
		[
			164,
			261
		],
		[
			157,
			164
		],
		[
			164,
			259
		],
		[
			240,
			254
		],
		[
			241,
			254
		],
		[
			240,
			241
		],
		[
			254,
			341
		],
		[
			231,
			254
		],
		[
			136,
			251
		],
		[
			136,
			137
		],
		[
			78,
			305
		],
		[
			73,
			78
		],
		[
			157,
			262
		],
		[
			164,
			262
		],
		[
			286,
			304
		],
		[
			24,
			286
		],
		[
			199,
			334
		],
		[
			182,
			334
		],
		[
			32,
			33
		],
		[
			32,
			297
		],
		[
			33,
			297
		],
		[
			142,
			143
		],
		[
			143,
			144
		],
		[
			164,
			165
		],
		[
			164,
			166
		],
		[
			165,
			166
		],
		[
			12,
			294
		],
		[
			10,
			294
		],
		[
			24,
			299
		],
		[
			254,
			276
		],
		[
			241,
			276
		],
		[
			291,
			295
		],
		[
			130,
			291
		],
		[
			130,
			295
		],
		[
			78,
			79
		],
		[
			78,
			255
		],
		[
			79,
			255
		],
		[
			97,
			311
		],
		[
			97,
			318
		],
		[
			311,
			318
		],
		[
			202,
			203
		],
		[
			202,
			284
		],
		[
			203,
			284
		],
		[
			68,
			256
		],
		[
			69,
			256
		],
		[
			68,
			69
		],
		[
			275,
			291
		],
		[
			132,
			275
		],
		[
			132,
			291
		],
		[
			231,
			232
		],
		[
			232,
			254
		],
		[
			202,
			332
		],
		[
			284,
			332
		],
		[
			96,
			126
		],
		[
			96,
			127
		],
		[
			126,
			127
		],
		[
			330,
			341
		],
		[
			254,
			330
		],
		[
			206,
			277
		],
		[
			206,
			211
		],
		[
			211,
			277
		],
		[
			75,
			326
		],
		[
			76,
			326
		],
		[
			75,
			76
		],
		[
			254,
			331
		],
		[
			225,
			329
		],
		[
			226,
			329
		],
		[
			225,
			226
		],
		[
			153,
			156
		],
		[
			156,
			260
		],
		[
			153,
			260
		],
		[
			41,
			279
		],
		[
			48,
			279
		],
		[
			41,
			48
		],
		[
			39,
			41
		],
		[
			39,
			279
		],
		[
			127,
			295
		],
		[
			127,
			291
		],
		[
			232,
			235
		],
		[
			232,
			331
		],
		[
			235,
			331
		],
		[
			35,
			288
		],
		[
			35,
			83
		],
		[
			83,
			288
		],
		[
			228,
			328
		],
		[
			230,
			328
		],
		[
			228,
			230
		],
		[
			135,
			251
		],
		[
			135,
			138
		],
		[
			25,
			299
		],
		[
			32,
			299
		],
		[
			25,
			32
		],
		[
			138,
			141
		],
		[
			138,
			270
		],
		[
			133,
			145
		],
		[
			133,
			146
		],
		[
			145,
			146
		],
		[
			138,
			267
		],
		[
			198,
			271
		],
		[
			199,
			271
		],
		[
			198,
			199
		],
		[
			221,
			284
		],
		[
			221,
			332
		],
		[
			39,
			268
		],
		[
			268,
			279
		],
		[
			278,
			289
		],
		[
			284,
			289
		],
		[
			278,
			284
		],
		[
			135,
			267
		],
		[
			38,
			288
		],
		[
			38,
			83
		],
		[
			303,
			319
		],
		[
			64,
			303
		],
		[
			64,
			319
		],
		[
			211,
			289
		],
		[
			212,
			289
		],
		[
			211,
			212
		],
		[
			148,
			259
		],
		[
			151,
			259
		],
		[
			148,
			151
		],
		[
			235,
			237
		],
		[
			96,
			317
		],
		[
			135,
			145
		],
		[
			92,
			269
		],
		[
			94,
			269
		],
		[
			212,
			215
		],
		[
			212,
			278
		],
		[
			215,
			278
		],
		[
			84,
			338
		],
		[
			35,
			84
		],
		[
			148,
			273
		],
		[
			259,
			273
		],
		[
			74,
			326
		],
		[
			74,
			75
		],
		[
			206,
			289
		],
		[
			206,
			284
		],
		[
			41,
			42
		],
		[
			42,
			48
		],
		[
			230,
			231
		],
		[
			34,
			230
		],
		[
			221,
			222
		],
		[
			151,
			153
		],
		[
			210,
			277
		],
		[
			210,
			211
		],
		[
			91,
			92
		],
		[
			91,
			300
		],
		[
			92,
			300
		],
		[
			175,
			258
		],
		[
			176,
			258
		],
		[
			175,
			176
		],
		[
			245,
			276
		],
		[
			246,
			276
		],
		[
			245,
			246
		],
		[
			167,
			300
		],
		[
			92,
			167
		],
		[
			241,
			263
		],
		[
			241,
			245
		],
		[
			245,
			263
		],
		[
			257,
			301
		],
		[
			169,
			257
		],
		[
			203,
			206
		],
		[
			248,
			272
		],
		[
			4,
			248
		],
		[
			4,
			272
		],
		[
			91,
			293
		],
		[
			293,
			300
		],
		[
			64,
			65
		],
		[
			64,
			66
		],
		[
			65,
			66
		],
		[
			176,
			336
		],
		[
			246,
			280
		],
		[
			248,
			280
		],
		[
			246,
			248
		],
		[
			328,
			333
		],
		[
			199,
			328
		],
		[
			195,
			292
		],
		[
			185,
			292
		],
		[
			185,
			195
		],
		[
			207,
			277
		],
		[
			207,
			210
		],
		[
			192,
			292
		],
		[
			194,
			292
		],
		[
			192,
			194
		],
		[
			166,
			273
		],
		[
			166,
			259
		],
		[
			158,
			262
		],
		[
			324,
			328
		],
		[
			201,
			324
		],
		[
			87,
			175
		],
		[
			87,
			258
		],
		[
			183,
			198
		],
		[
			183,
			271
		],
		[
			201,
			329
		],
		[
			201,
			226
		],
		[
			173,
			340
		],
		[
			7,
			8
		],
		[
			7,
			274
		],
		[
			8,
			274
		],
		[
			85,
			338
		],
		[
			84,
			85
		],
		[
			60,
			316
		],
		[
			60,
			319
		],
		[
			316,
			319
		],
		[
			293,
			301
		],
		[
			168,
			293
		],
		[
			83,
			84
		],
		[
			198,
			322
		],
		[
			196,
			198
		],
		[
			196,
			322
		],
		[
			64,
			67
		],
		[
			66,
			67
		],
		[
			0,
			249
		],
		[
			1,
			249
		],
		[
			0,
			1
		],
		[
			120,
			123
		],
		[
			123,
			312
		],
		[
			120,
			312
		],
		[
			117,
			318
		],
		[
			318,
			323
		],
		[
			117,
			323
		],
		[
			318,
			342
		],
		[
			228,
			327
		],
		[
			154,
			260
		],
		[
			155,
			260
		],
		[
			154,
			155
		],
		[
			120,
			323
		],
		[
			117,
			120
		],
		[
			102,
			113
		],
		[
			104,
			113
		],
		[
			102,
			104
		],
		[
			105,
			106
		],
		[
			105,
			107
		],
		[
			106,
			107
		],
		[
			158,
			159
		],
		[
			159,
			160
		],
		[
			100,
			115
		],
		[
			100,
			101
		],
		[
			155,
			156
		],
		[
			226,
			327
		],
		[
			104,
			302
		],
		[
			105,
			302
		],
		[
			104,
			105
		],
		[
			103,
			104
		],
		[
			102,
			103
		],
		[
			105,
			307
		],
		[
			107,
			307
		],
		[
			151,
			152
		],
		[
			152,
			153
		],
		[
			185,
			264
		],
		[
			184,
			185
		],
		[
			184,
			264
		],
		[
			38,
			268
		],
		[
			83,
			268
		],
		[
			212,
			214
		],
		[
			214,
			215
		],
		[
			53,
			282
		],
		[
			70,
			282
		],
		[
			53,
			70
		],
		[
			60,
			62
		],
		[
			60,
			63
		],
		[
			62,
			63
		],
		[
			212,
			213
		],
		[
			213,
			214
		],
		[
			88,
			257
		],
		[
			257,
			320
		],
		[
			88,
			320
		],
		[
			222,
			224
		],
		[
			224,
			225
		],
		[
			203,
			204
		],
		[
			203,
			205
		],
		[
			204,
			205
		],
		[
			314,
			341
		],
		[
			89,
			293
		],
		[
			89,
			91
		],
		[
			222,
			223
		],
		[
			223,
			224
		],
		[
			79,
			80
		],
		[
			79,
			81
		],
		[
			80,
			81
		],
		[
			191,
			283
		],
		[
			192,
			283
		],
		[
			191,
			192
		],
		[
			81,
			82
		],
		[
			81,
			268
		],
		[
			82,
			268
		],
		[
			210,
			298
		],
		[
			207,
			298
		],
		[
			227,
			327
		],
		[
			227,
			228
		],
		[
			283,
			292
		],
		[
			200,
			324
		],
		[
			200,
			201
		],
		[
			196,
			253
		],
		[
			253,
			322
		],
		[
			190,
			283
		],
		[
			190,
			191
		],
		[
			185,
			187
		],
		[
			186,
			187
		],
		[
			185,
			186
		],
		[
			194,
			195
		],
		[
			218,
			290
		],
		[
			217,
			218
		],
		[
			217,
			290
		],
		[
			195,
			264
		],
		[
			195,
			196
		],
		[
			196,
			264
		],
		[
			169,
			340
		],
		[
			228,
			229
		],
		[
			229,
			230
		],
		[
			63,
			316
		],
		[
			183,
			322
		],
		[
			218,
			220
		],
		[
			218,
			221
		],
		[
			220,
			221
		],
		[
			187,
			190
		],
		[
			188,
			190
		],
		[
			187,
			188
		],
		[
			185,
			283
		],
		[
			60,
			61
		],
		[
			61,
			62
		],
		[
			218,
			284
		],
		[
			188,
			189
		],
		[
			189,
			190
		],
		[
			218,
			219
		],
		[
			219,
			220
		],
		[
			205,
			206
		],
		[
			253,
			264
		],
		[
			187,
			283
		],
		[
			208,
			209
		],
		[
			208,
			210
		],
		[
			209,
			210
		],
		[
			192,
			193
		],
		[
			193,
			194
		],
		[
			196,
			197
		],
		[
			197,
			198
		],
		[
			284,
			290
		],
		[
			208,
			298
		],
		[
			215,
			216
		],
		[
			215,
			290
		],
		[
			216,
			290
		],
		[
			59,
			303
		],
		[
			59,
			319
		],
		[
			34,
			333
		],
		[
			235,
			236
		],
		[
			236,
			237
		],
		[
			130,
			132
		],
		[
			73,
			326
		],
		[
			73,
			76
		],
		[
			202,
			225
		],
		[
			181,
			336
		],
		[
			181,
			335
		],
		[
			244,
			263
		],
		[
			244,
			245
		],
		[
			242,
			263
		],
		[
			242,
			244
		],
		[
			64,
			256
		],
		[
			67,
			256
		],
		[
			246,
			247
		],
		[
			247,
			248
		],
		[
			85,
			287
		],
		[
			85,
			258
		],
		[
			258,
			287
		],
		[
			5,
			6
		],
		[
			5,
			7
		],
		[
			6,
			7
		],
		[
			1,
			272
		],
		[
			128,
			295
		],
		[
			128,
			130
		],
		[
			59,
			60
		],
		[
			237,
			238
		],
		[
			237,
			239
		],
		[
			238,
			239
		],
		[
			73,
			313
		],
		[
			76,
			313
		],
		[
			230,
			333
		],
		[
			129,
			130
		],
		[
			128,
			129
		],
		[
			67,
			68
		],
		[
			239,
			240
		],
		[
			243,
			244
		],
		[
			242,
			243
		],
		[
			69,
			250
		],
		[
			70,
			250
		],
		[
			69,
			70
		],
		[
			131,
			132
		],
		[
			130,
			131
		],
		[
			232,
			233
		],
		[
			232,
			234
		],
		[
			233,
			234
		],
		[
			81,
			279
		],
		[
			97,
			124
		],
		[
			97,
			126
		],
		[
			124,
			126
		],
		[
			87,
			287
		],
		[
			113,
			302
		],
		[
			124,
			125
		],
		[
			125,
			126
		],
		[
			96,
			269
		],
		[
			97,
			323
		],
		[
			122,
			312
		],
		[
			122,
			123
		],
		[
			115,
			311
		],
		[
			115,
			318
		],
		[
			16,
			309
		],
		[
			9,
			309
		],
		[
			112,
			302
		],
		[
			105,
			112
		],
		[
			5,
			248
		],
		[
			4,
			5
		],
		[
			249,
			272
		],
		[
			115,
			342
		],
		[
			234,
			235
		],
		[
			113,
			308
		],
		[
			102,
			308
		],
		[
			170,
			340
		],
		[
			169,
			170
		],
		[
			114,
			266
		],
		[
			101,
			266
		],
		[
			266,
			308
		],
		[
			113,
			266
		],
		[
			124,
			323
		],
		[
			121,
			312
		],
		[
			121,
			122
		],
		[
			54,
			256
		],
		[
			54,
			69
		],
		[
			5,
			280
		],
		[
			7,
			280
		],
		[
			119,
			120
		],
		[
			123,
			124
		],
		[
			123,
			323
		],
		[
			101,
			308
		],
		[
			176,
			181
		],
		[
			54,
			64
		],
		[
			17,
			18
		],
		[
			17,
			19
		],
		[
			18,
			19
		],
		[
			17,
			20
		],
		[
			19,
			20
		],
		[
			53,
			250
		],
		[
			58,
			59
		],
		[
			58,
			303
		],
		[
			12,
			13
		],
		[
			12,
			14
		],
		[
			13,
			14
		],
		[
			57,
			64
		],
		[
			54,
			57
		],
		[
			181,
			258
		],
		[
			89,
			90
		],
		[
			90,
			91
		],
		[
			86,
			287
		],
		[
			86,
			87
		],
		[
			49,
			306
		],
		[
			50,
			306
		],
		[
			49,
			50
		],
		[
			274,
			304
		],
		[
			87,
			88
		],
		[
			54,
			55
		],
		[
			55,
			57
		],
		[
			76,
			77
		],
		[
			77,
			313
		],
		[
			265,
			280
		],
		[
			278,
			290
		],
		[
			56,
			57
		],
		[
			55,
			56
		],
		[
			52,
			281
		],
		[
			53,
			281
		],
		[
			52,
			53
		],
		[
			145,
			296
		],
		[
			79,
			279
		],
		[
			48,
			79
		],
		[
			78,
			313
		],
		[
			148,
			149
		],
		[
			148,
			150
		],
		[
			149,
			150
		],
		[
			146,
			147
		],
		[
			146,
			148
		],
		[
			147,
			148
		],
		[
			42,
			285
		],
		[
			48,
			285
		],
		[
			12,
			15
		],
		[
			14,
			15
		],
		[
			301,
			320
		],
		[
			89,
			301
		],
		[
			89,
			320
		],
		[
			21,
			22
		],
		[
			21,
			23
		],
		[
			22,
			23
		],
		[
			24,
			25
		],
		[
			57,
			303
		],
		[
			57,
			58
		],
		[
			133,
			275
		],
		[
			132,
			133
		],
		[
			70,
			71
		],
		[
			70,
			72
		],
		[
			71,
			72
		],
		[
			23,
			310
		],
		[
			150,
			151
		],
		[
			51,
			281
		],
		[
			51,
			52
		],
		[
			48,
			255
		],
		[
			50,
			282
		],
		[
			50,
			305
		],
		[
			282,
			305
		],
		[
			78,
			306
		],
		[
			255,
			306
		],
		[
			72,
			282
		],
		[
			305,
			306
		],
		[
			146,
			275
		],
		[
			273,
			275
		],
		[
			146,
			273
		],
		[
			96,
			97
		],
		[
			157,
			158
		],
		[
			166,
			317
		],
		[
			166,
			167
		],
		[
			199,
			324
		],
		[
			271,
			334
		],
		[
			226,
			227
		],
		[
			202,
			329
		],
		[
			21,
			304
		],
		[
			35,
			325
		],
		[
			288,
			325
		],
		[
			45,
			46
		],
		[
			45,
			47
		],
		[
			46,
			47
		],
		[
			8,
			17
		],
		[
			17,
			274
		],
		[
			42,
			45
		],
		[
			45,
			285
		],
		[
			25,
			31
		],
		[
			31,
			32
		],
		[
			273,
			317
		],
		[
			276,
			280
		],
		[
			20,
			274
		],
		[
			20,
			304
		],
		[
			309,
			315
		],
		[
			16,
			315
		],
		[
			42,
			43
		],
		[
			42,
			44
		],
		[
			43,
			44
		],
		[
			281,
			282
		],
		[
			54,
			250
		],
		[
			31,
			321
		],
		[
			15,
			16
		],
		[
			15,
			294
		],
		[
			25,
			321
		],
		[
			47,
			285
		],
		[
			50,
			281
		],
		[
			36,
			288
		],
		[
			36,
			325
		],
		[
			36,
			38
		],
		[
			37,
			38
		],
		[
			36,
			37
		],
		[
			44,
			45
		],
		[
			8,
			315
		],
		[
			17,
			315
		],
		[
			39,
			40
		],
		[
			40,
			41
		],
		[
			34,
			314
		],
		[
			8,
			309
		],
		[
			20,
			21
		],
		[
			38,
			39
		]
	],
	"score": 0.5053191489361702,
	"obtuse num": 0,
	"steiner num": 343
}