{
	"content_type": "CG_SHOP_2025_Solution",
	"instance_uid": "point-set_100_dd67678e",
	"steiner_points_x": [
		2845,
		1613,
		2362,
		"1917413623/628140",
		2762,
		1360,
		1851,
		2987,
		"17322/7",
		1519,
		"881651/290",
		1481,
		669,
		720,
		1386,
		2337,
		2402,
		1551,
		"528813/5626",
		638,
		1157,
		2569,
		"18737/22",
		2315,
		721,
		2392,
		"4279/2",
		2067,
		2118,
		572,
		2362,
		"4537959/58565",
		2005,
		1488,
		2067,
		2299,
		328,
		1546,
		214,
		2341,
		859,
		2621,
		1732,
		528,
		2205,
		1272,
		2906,
		2681,
		"890721/290",
		641,
		669,
		2188,
		1853,
		1523,
		2149,
		2315,
		"1003/2",
		"112885/901",
		2245,
		405,
		2331,
		"312537/3445",
		2276,
		2500,
		1581,
		2328,
		482,
		1476,
		1687,
		205,
		456,
		"9813207/58565",
		2441,
		952,
		689,
		2192,
		921,
		2833,
		2866,
		756,
		1228,
		"89531/67",
		1157,
		1849,
		1154
	],
	"steiner_points_y": [
		853,
		188,
		169,
		"411469129/628140",
		83,
		740,
		1276,
		310,
		69,
		1276,
		"250853/290",
		1057,
		519,
		151,
		732,
		870,
		141,
		69,
		"397121/5626",
		735,
		151,
		1276,
		69,
		630,
		753,
		531,
		1276,
		69,
		1227,
		1042,
		69,
		"13451557/58565",
		911,
		208,
		189,
		714,
		134,
		722,
		193,
		706,
		282,
		920,
		69,
		69,
		69,
		981,
		317,
		659,
		"96663/290",
		221,
		69,
		384,
		520,
		1053,
		499,
		284,
		1276,
		"678762/901",
		1077,
		525,
		69,
		"1290776/3445",
		630,
		187,
		702,
		207,
		1223,
		728,
		954,
		1276,
		1097,
		"71239501/58565",
		205,
		1078,
		206,
		159,
		1276,
		1213,
		1276,
		69,
		1276,
		69,
		69,
		885,
		475
	],
	"edges": [
		[
			104,
			146
		],
		[
			21,
			146
		],
		[
			21,
			104
		],
		[
			66,
			167
		],
		[
			137,
			167
		],
		[
			66,
			137
		],
		[
			13,
			18
		],
		[
			13,
			66
		],
		[
			18,
			66
		],
		[
			21,
			60
		],
		[
			60,
			104
		],
		[
			94,
			181
		],
		[
			120,
			181
		],
		[
			94,
			120
		],
		[
			82,
			147
		],
		[
			43,
			147
		],
		[
			43,
			82
		],
		[
			14,
			41
		],
		[
			41,
			179
		],
		[
			14,
			179
		],
		[
			24,
			135
		],
		[
			73,
			135
		],
		[
			24,
			73
		],
		[
			2,
			44
		],
		[
			44,
			119
		],
		[
			2,
			119
		],
		[
			50,
			162
		],
		[
			50,
			54
		],
		[
			54,
			162
		],
		[
			73,
			123
		],
		[
			123,
			162
		],
		[
			73,
			162
		],
		[
			15,
			23
		],
		[
			15,
			89
		],
		[
			23,
			89
		],
		[
			25,
			149
		],
		[
			17,
			25
		],
		[
			17,
			149
		],
		[
			127,
			175
		],
		[
			144,
			175
		],
		[
			127,
			144
		],
		[
			68,
			133
		],
		[
			53,
			68
		],
		[
			53,
			133
		],
		[
			7,
			73
		],
		[
			73,
			139
		],
		[
			7,
			139
		],
		[
			60,
			163
		],
		[
			104,
			163
		],
		[
			8,
			159
		],
		[
			8,
			35
		],
		[
			35,
			159
		],
		[
			10,
			78
		],
		[
			10,
			130
		],
		[
			78,
			130
		],
		[
			9,
			146
		],
		[
			87,
			146
		],
		[
			9,
			87
		],
		[
			81,
			138
		],
		[
			27,
			81
		],
		[
			27,
			138
		],
		[
			3,
			58
		],
		[
			58,
			184
		],
		[
			3,
			184
		],
		[
			60,
			108
		],
		[
			45,
			108
		],
		[
			45,
			60
		],
		[
			49,
			144
		],
		[
			49,
			175
		],
		[
			10,
			116
		],
		[
			10,
			33
		],
		[
			33,
			116
		],
		[
			69,
			94
		],
		[
			69,
			120
		],
		[
			42,
			113
		],
		[
			14,
			42
		],
		[
			14,
			113
		],
		[
			27,
			136
		],
		[
			136,
			138
		],
		[
			28,
			94
		],
		[
			28,
			69
		],
		[
			69,
			184
		],
		[
			58,
			69
		],
		[
			48,
			154
		],
		[
			152,
			154
		],
		[
			48,
			152
		],
		[
			9,
			21
		],
		[
			120,
			122
		],
		[
			120,
			182
		],
		[
			122,
			182
		],
		[
			105,
			114
		],
		[
			86,
			114
		],
		[
			86,
			105
		],
		[
			17,
			150
		],
		[
			25,
			150
		],
		[
			22,
			124
		],
		[
			22,
			75
		],
		[
			75,
			124
		],
		[
			46,
			83
		],
		[
			35,
			83
		],
		[
			35,
			46
		],
		[
			32,
			36
		],
		[
			32,
			55
		],
		[
			36,
			55
		],
		[
			92,
			105
		],
		[
			86,
			92
		],
		[
			22,
			145
		],
		[
			92,
			145
		],
		[
			22,
			92
		],
		[
			95,
			183
		],
		[
			99,
			183
		],
		[
			95,
			99
		],
		[
			27,
			35
		],
		[
			27,
			83
		],
		[
			153,
			167
		],
		[
			111,
			167
		],
		[
			111,
			153
		],
		[
			153,
			168
		],
		[
			70,
			153
		],
		[
			70,
			168
		],
		[
			67,
			71
		],
		[
			67,
			151
		],
		[
			71,
			151
		],
		[
			109,
			111
		],
		[
			109,
			153
		],
		[
			4,
			112
		],
		[
			4,
			75
		],
		[
			75,
			112
		],
		[
			2,
			8
		],
		[
			2,
			112
		],
		[
			8,
			112
		],
		[
			57,
			139
		],
		[
			7,
			57
		],
		[
			48,
			54
		],
		[
			54,
			154
		],
		[
			7,
			123
		],
		[
			7,
			125
		],
		[
			123,
			125
		],
		[
			76,
			79
		],
		[
			79,
			178
		],
		[
			76,
			178
		],
		[
			111,
			114
		],
		[
			105,
			111
		],
		[
			15,
			74
		],
		[
			74,
			82
		],
		[
			15,
			82
		],
		[
			49,
			78
		],
		[
			78,
			160
		],
		[
			49,
			160
		],
		[
			24,
			88
		],
		[
			88,
			135
		],
		[
			25,
			52
		],
		[
			52,
			150
		],
		[
			97,
			171
		],
		[
			97,
			157
		],
		[
			157,
			171
		],
		[
			79,
			110
		],
		[
			76,
			110
		],
		[
			44,
			129
		],
		[
			119,
			129
		],
		[
			10,
			102
		],
		[
			33,
			102
		],
		[
			44,
			98
		],
		[
			98,
			129
		],
		[
			62,
			75
		],
		[
			62,
			112
		],
		[
			91,
			118
		],
		[
			11,
			91
		],
		[
			11,
			118
		],
		[
			43,
			148
		],
		[
			43,
			103
		],
		[
			103,
			148
		],
		[
			81,
			159
		],
		[
			81,
			98
		],
		[
			98,
			159
		],
		[
			35,
			112
		],
		[
			80,
			97
		],
		[
			80,
			171
		],
		[
			84,
			177
		],
		[
			84,
			121
		],
		[
			121,
			177
		],
		[
			137,
			153
		],
		[
			82,
			146
		],
		[
			43,
			146
		],
		[
			41,
			120
		],
		[
			41,
			140
		],
		[
			120,
			140
		],
		[
			64,
			67
		],
		[
			67,
			134
		],
		[
			64,
			134
		],
		[
			46,
			62
		],
		[
			62,
			90
		],
		[
			46,
			90
		],
		[
			62,
			93
		],
		[
			90,
			93
		],
		[
			3,
			92
		],
		[
			3,
			22
		],
		[
			98,
			157
		],
		[
			97,
			98
		],
		[
			15,
			34
		],
		[
			34,
			89
		],
		[
			3,
			86
		],
		[
			48,
			99
		],
		[
			48,
			95
		],
		[
			8,
			98
		],
		[
			168,
			183
		],
		[
			164,
			183
		],
		[
			164,
			168
		],
		[
			16,
			86
		],
		[
			16,
			114
		],
		[
			57,
			115
		],
		[
			115,
			139
		],
		[
			6,
			16
		],
		[
			16,
			66
		],
		[
			6,
			66
		],
		[
			97,
			170
		],
		[
			98,
			170
		],
		[
			113,
			174
		],
		[
			42,
			174
		],
		[
			24,
			162
		],
		[
			24,
			54
		],
		[
			90,
			174
		],
		[
			46,
			174
		],
		[
			93,
			140
		],
		[
			69,
			93
		],
		[
			69,
			140
		],
		[
			36,
			64
		],
		[
			36,
			134
		],
		[
			91,
			138
		],
		[
			11,
			138
		],
		[
			151,
			154
		],
		[
			50,
			154
		],
		[
			50,
			151
		],
		[
			93,
			184
		],
		[
			75,
			93
		],
		[
			75,
			184
		],
		[
			72,
			97
		],
		[
			97,
			169
		],
		[
			72,
			169
		],
		[
			181,
			182
		],
		[
			81,
			157
		],
		[
			51,
			173
		],
		[
			77,
			173
		],
		[
			51,
			77
		],
		[
			54,
			99
		],
		[
			135,
			139
		],
		[
			39,
			158
		],
		[
			39,
			40
		],
		[
			40,
			158
		],
		[
			59,
			121
		],
		[
			59,
			177
		],
		[
			6,
			58
		],
		[
			6,
			28
		],
		[
			28,
			58
		],
		[
			63,
			136
		],
		[
			27,
			63
		],
		[
			80,
			169
		],
		[
			65,
			71
		],
		[
			65,
			155
		],
		[
			71,
			155
		],
		[
			131,
			138
		],
		[
			81,
			131
		],
		[
			97,
			166
		],
		[
			166,
			170
		],
		[
			42,
			90
		],
		[
			79,
			100
		],
		[
			100,
			177
		],
		[
			79,
			177
		],
		[
			87,
			107
		],
		[
			5,
			107
		],
		[
			5,
			87
		],
		[
			115,
			135
		],
		[
			88,
			99
		],
		[
			99,
			132
		],
		[
			88,
			132
		],
		[
			101,
			133
		],
		[
			101,
			117
		],
		[
			117,
			133
		],
		[
			40,
			84
		],
		[
			84,
			158
		],
		[
			100,
			110
		],
		[
			2,
			4
		],
		[
			74,
			147
		],
		[
			82,
			104
		],
		[
			107,
			148
		],
		[
			43,
			107
		],
		[
			5,
			148
		],
		[
			12,
			148
		],
		[
			5,
			12
		],
		[
			34,
			102
		],
		[
			102,
			165
		],
		[
			34,
			165
		],
		[
			20,
			109
		],
		[
			20,
			153
		],
		[
			33,
			34
		],
		[
			68,
			181
		],
		[
			68,
			117
		],
		[
			117,
			181
		],
		[
			106,
			128
		],
		[
			29,
			106
		],
		[
			29,
			128
		],
		[
			3,
			75
		],
		[
			45,
			163
		],
		[
			45,
			172
		],
		[
			163,
			172
		],
		[
			101,
			142
		],
		[
			117,
			142
		],
		[
			108,
			116
		],
		[
			45,
			116
		],
		[
			114,
			167
		],
		[
			70,
			183
		],
		[
			70,
			132
		],
		[
			132,
			183
		],
		[
			15,
			125
		],
		[
			74,
			125
		],
		[
			95,
			152
		],
		[
			115,
			132
		],
		[
			88,
			115
		],
		[
			84,
			141
		],
		[
			141,
			177
		],
		[
			124,
			129
		],
		[
			129,
			173
		],
		[
			124,
			173
		],
		[
			144,
			160
		],
		[
			22,
			173
		],
		[
			8,
			44
		],
		[
			130,
			160
		],
		[
			105,
			145
		],
		[
			111,
			145
		],
		[
			4,
			119
		],
		[
			61,
			129
		],
		[
			129,
			170
		],
		[
			61,
			170
		],
		[
			47,
			129
		],
		[
			47,
			61
		],
		[
			16,
			167
		],
		[
			126,
			128
		],
		[
			29,
			126
		],
		[
			134,
			175
		],
		[
			67,
			175
		],
		[
			54,
			88
		],
		[
			37,
			155
		],
		[
			37,
			71
		],
		[
			46,
			149
		],
		[
			83,
			149
		],
		[
			56,
			134
		],
		[
			127,
			134
		],
		[
			56,
			127
		],
		[
			91,
			131
		],
		[
			1,
			63
		],
		[
			63,
			143
		],
		[
			1,
			143
		],
		[
			100,
			141
		],
		[
			36,
			56
		],
		[
			52,
			179
		],
		[
			150,
			179
		],
		[
			41,
			122
		],
		[
			122,
			179
		],
		[
			84,
			115
		],
		[
			115,
			141
		],
		[
			17,
			143
		],
		[
			143,
			150
		],
		[
			38,
			147
		],
		[
			38,
			43
		],
		[
			57,
			141
		],
		[
			31,
			71
		],
		[
			31,
			65
		],
		[
			50,
			71
		],
		[
			31,
			50
		],
		[
			18,
			55
		],
		[
			18,
			95
		],
		[
			55,
			95
		],
		[
			63,
			96
		],
		[
			27,
			96
		],
		[
			57,
			100
		],
		[
			100,
			147
		],
		[
			38,
			100
		],
		[
			19,
			55
		],
		[
			13,
			19
		],
		[
			13,
			55
		],
		[
			6,
			53
		],
		[
			28,
			53
		],
		[
			51,
			111
		],
		[
			51,
			109
		],
		[
			15,
			172
		],
		[
			15,
			163
		],
		[
			51,
			145
		],
		[
			107,
			146
		],
		[
			149,
			174
		],
		[
			17,
			96
		],
		[
			17,
			63
		],
		[
			34,
			172
		],
		[
			55,
			152
		],
		[
			40,
			121
		],
		[
			20,
			70
		],
		[
			7,
			74
		],
		[
			31,
			162
		],
		[
			27,
			159
		],
		[
			19,
			26
		],
		[
			26,
			55
		],
		[
			57,
			147
		],
		[
			57,
			74
		],
		[
			37,
			67
		],
		[
			115,
			158
		],
		[
			119,
			124
		],
		[
			4,
			124
		],
		[
			0,
			136
		],
		[
			1,
			136
		],
		[
			0,
			1
		],
		[
			70,
			128
		],
		[
			128,
			132
		],
		[
			59,
			79
		],
		[
			137,
			164
		],
		[
			18,
			164
		],
		[
			18,
			137
		],
		[
			37,
			165
		],
		[
			49,
			165
		],
		[
			37,
			49
		],
		[
			95,
			164
		],
		[
			0,
			138
		],
		[
			0,
			11
		],
		[
			127,
			142
		],
		[
			56,
			142
		],
		[
			82,
			163
		],
		[
			156,
			166
		],
		[
			72,
			166
		],
		[
			72,
			156
		],
		[
			83,
			96
		],
		[
			30,
			173
		],
		[
			30,
			129
		],
		[
			155,
			165
		],
		[
			34,
			155
		],
		[
			96,
			149
		],
		[
			58,
			86
		],
		[
			137,
			168
		],
		[
			85,
			131
		],
		[
			85,
			91
		],
		[
			39,
			128
		],
		[
			39,
			132
		],
		[
			132,
			158
		],
		[
			33,
			172
		],
		[
			33,
			45
		],
		[
			61,
			166
		],
		[
			113,
			179
		],
		[
			145,
			173
		],
		[
			30,
			77
		],
		[
			78,
			102
		],
		[
			59,
			178
		],
		[
			16,
			58
		],
		[
			25,
			174
		],
		[
			78,
			165
		],
		[
			51,
			180
		],
		[
			77,
			180
		],
		[
			116,
			130
		],
		[
			36,
			152
		],
		[
			64,
			152
		],
		[
			31,
			123
		],
		[
			23,
			123
		],
		[
			23,
			31
		],
		[
			109,
			180
		],
		[
			52,
			113
		],
		[
			32,
			56
		],
		[
			56,
			101
		],
		[
			32,
			101
		],
		[
			52,
			174
		],
		[
			90,
			140
		],
		[
			42,
			140
		],
		[
			61,
			156
		],
		[
			47,
			156
		],
		[
			14,
			140
		],
		[
			37,
			175
		],
		[
			35,
			62
		],
		[
			65,
			89
		],
		[
			23,
			65
		],
		[
			64,
			151
		],
		[
			68,
			94
		],
		[
			89,
			155
		],
		[
			26,
			101
		],
		[
			26,
			32
		],
		[
			64,
			154
		],
		[
			70,
			106
		],
		[
			20,
			106
		],
		[
			28,
			68
		],
		[
			38,
			103
		],
		[
			38,
			110
		],
		[
			103,
			110
		],
		[
			6,
			13
		],
		[
			39,
			126
		],
		[
			108,
			130
		],
		[
			26,
			133
		],
		[
			40,
			126
		],
		[
			19,
			133
		],
		[
			19,
			53
		],
		[
			131,
			161
		],
		[
			81,
			161
		],
		[
			85,
			118
		],
		[
			23,
			125
		],
		[
			30,
			47
		],
		[
			157,
			161
		],
		[
			13,
			53
		],
		[
			30,
			176
		],
		[
			77,
			176
		],
		[
			47,
			176
		]
	],
	"score": 0.5058139534883721,
	"obtuse num": 0,
	"steiner num": 185
}