{
	"content_type": "CG_SHOP_2025_Solution",
	"instance_uid": "point-set_20_fa3fd7e0",
	"steiner_points_x": [
		439,
		"618551669/1735633",
		860,
		"422864309/1735633",
		"53292085/1793762",
		2123,
		"2206620931/5005025",
		"3012/7",
		"45214089/1772522",
		"79824631/52973",
		1560,
		"4199460773/1791413",
		"8049239739/5005025",
		"10958863807/5005025",
		2197,
		2208,
		"1198326956/439633",
		"4433325953/1791413"
	],
	"steiner_points_y": [
		71,
		"5443077809/1735633",
		1326,
		"4995739469/1735633",
		"2863549337/1793762",
		255,
		"66975383/5005025",
		"365/28",
		"417937993/1772522",
		"173598571/52973",
		2526,
		"511552137/1791413",
		"257722777/5005025",
		"352714976/5005025",
		598,
		1757,
		"648688802/439633",
		"1155321057/1791413"
	],
	"edges": [
		[
			5,
			33
		],
		[
			1,
			5
		],
		[
			35,
			36
		],
		[
			8,
			35
		],
		[
			25,
			32
		],
		[
			5,
			25
		],
		[
			5,
			32
		],
		[
			6,
			14
		],
		[
			14,
			21
		],
		[
			14,
			29
		],
		[
			18,
			37
		],
		[
			16,
			18
		],
		[
			2,
			30
		],
		[
			30,
			35
		],
		[
			2,
			35
		],
		[
			3,
			32
		],
		[
			3,
			17
		],
		[
			17,
			32
		],
		[
			0,
			30
		],
		[
			29,
			30
		],
		[
			0,
			35
		],
		[
			12,
			27
		],
		[
			12,
			13
		],
		[
			7,
			31
		],
		[
			7,
			18
		],
		[
			18,
			31
		],
		[
			14,
			30
		],
		[
			3,
			28
		],
		[
			3,
			12
		],
		[
			12,
			28
		],
		[
			11,
			15
		],
		[
			9,
			11
		],
		[
			9,
			15
		],
		[
			15,
			24
		],
		[
			10,
			19
		],
		[
			10,
			35
		],
		[
			19,
			35
		],
		[
			7,
			25
		],
		[
			25,
			34
		],
		[
			7,
			34
		],
		[
			18,
			34
		],
		[
			12,
			20
		],
		[
			20,
			27
		],
		[
			22,
			24
		],
		[
			4,
			22
		],
		[
			1,
			7
		],
		[
			9,
			23
		],
		[
			14,
			23
		],
		[
			9,
			14
		],
		[
			3,
			20
		],
		[
			2,
			15
		],
		[
			2,
			9
		],
		[
			19,
			34
		],
		[
			17,
			34
		],
		[
			17,
			19
		],
		[
			9,
			30
		],
		[
			5,
			7
		],
		[
			19,
			36
		],
		[
			18,
			19
		],
		[
			16,
			19
		],
		[
			2,
			10
		],
		[
			10,
			15
		],
		[
			3,
			22
		],
		[
			17,
			22
		],
		[
			15,
			22
		],
		[
			3,
			4
		],
		[
			10,
			22
		],
		[
			10,
			17
		],
		[
			20,
			26
		],
		[
			20,
			32
		],
		[
			17,
			25
		]
	],
	"score": 0.5263157894736842,
	"obtuse num": 0,
	"steiner num": 38
}