{
	"content_type": "CG_SHOP_2025_Solution",
	"instance_uid": "point-set_80_1675b331",
	"steiner_points_x": [
		"1011/82",
		"12181/257",
		24,
		46,
		57,
		"7221/257",
		48,
		56,
		23,
		"273/226",
		"10325/257",
		57,
		40,
		"297989/10897",
		38,
		"20121/493",
		13,
		"749/17",
		15,
		9,
		"379/226",
		32,
		9,
		63,
		30,
		29,
		13,
		"13221/257",
		48,
		"921/17",
		"77/113",
		63,
		63,
		21,
		56,
		54,
		13,
		4,
		14,
		48,
		35,
		49
	],
	"steiner_points_y": [
		"79/82",
		"424/257",
		60,
		50,
		59,
		"114/257",
		36,
		39,
		12,
		"6075/226",
		"308/257",
		34,
		9,
		"767296/10897",
		39,
		"33054/493",
		35,
		"1126/17",
		12,
		61,
		"4485/226",
		60,
		47,
		45,
		48,
		26,
		52,
		"489/257",
		46,
		"1083/17",
		"3930/113",
		39,
		20,
		38,
		42,
		15,
		24,
		20,
		14,
		13,
		25,
		21
	],
	"edges": [
		[
			6,
			44
		],
		[
			6,
			11
		],
		[
			11,
			44
		],
		[
			30,
			58
		],
		[
			58,
			117
		],
		[
			30,
			117
		],
		[
			10,
			25
		],
		[
			25,
			50
		],
		[
			10,
			50
		],
		[
			63,
			99
		],
		[
			21,
			99
		],
		[
			21,
			63
		],
		[
			100,
			117
		],
		[
			4,
			117
		],
		[
			13,
			112
		],
		[
			13,
			49
		],
		[
			53,
			116
		],
		[
			6,
			53
		],
		[
			6,
			116
		],
		[
			35,
			51
		],
		[
			51,
			85
		],
		[
			68,
			72
		],
		[
			68,
			102
		],
		[
			72,
			102
		],
		[
			59,
			73
		],
		[
			73,
			121
		],
		[
			59,
			121
		],
		[
			45,
			82
		],
		[
			69,
			82
		],
		[
			45,
			69
		],
		[
			21,
			102
		],
		[
			74,
			102
		],
		[
			21,
			74
		],
		[
			87,
			91
		],
		[
			1,
			91
		],
		[
			1,
			87
		],
		[
			83,
			108
		],
		[
			15,
			83
		],
		[
			15,
			108
		],
		[
			56,
			118
		],
		[
			3,
			118
		],
		[
			3,
			56
		],
		[
			57,
			99
		],
		[
			61,
			99
		],
		[
			57,
			61
		],
		[
			55,
			120
		],
		[
			24,
			120
		],
		[
			24,
			55
		],
		[
			19,
			107
		],
		[
			12,
			19
		],
		[
			3,
			98
		],
		[
			34,
			98
		],
		[
			3,
			34
		],
		[
			14,
			17
		],
		[
			16,
			17
		],
		[
			14,
			16
		],
		[
			13,
			115
		],
		[
			13,
			60
		],
		[
			60,
			115
		],
		[
			38,
			75
		],
		[
			7,
			75
		],
		[
			7,
			38
		],
		[
			42,
			119
		],
		[
			119,
			121
		],
		[
			42,
			121
		],
		[
			10,
			104
		],
		[
			48,
			104
		],
		[
			10,
			48
		],
		[
			77,
			119
		],
		[
			17,
			119
		],
		[
			17,
			77
		],
		[
			0,
			43
		],
		[
			0,
			106
		],
		[
			43,
			106
		],
		[
			43,
			61
		],
		[
			43,
			57
		],
		[
			69,
			101
		],
		[
			69,
			95
		],
		[
			95,
			101
		],
		[
			28,
			49
		],
		[
			28,
			111
		],
		[
			56,
			58
		],
		[
			56,
			117
		],
		[
			8,
			78
		],
		[
			78,
			108
		],
		[
			8,
			108
		],
		[
			67,
			110
		],
		[
			30,
			67
		],
		[
			30,
			110
		],
		[
			58,
			116
		],
		[
			71,
			116
		],
		[
			58,
			71
		],
		[
			27,
			105
		],
		[
			27,
			32
		],
		[
			32,
			105
		],
		[
			31,
			99
		],
		[
			39,
			99
		],
		[
			14,
			81
		],
		[
			16,
			81
		],
		[
			38,
			88
		],
		[
			88,
			98
		],
		[
			38,
			98
		],
		[
			64,
			108
		],
		[
			8,
			64
		],
		[
			3,
			76
		],
		[
			3,
			4
		],
		[
			33,
			75
		],
		[
			33,
			44
		],
		[
			44,
			75
		],
		[
			37,
			98
		],
		[
			34,
			37
		],
		[
			77,
			92
		],
		[
			52,
			92
		],
		[
			52,
			77
		],
		[
			22,
			66
		],
		[
			66,
			108
		],
		[
			22,
			108
		],
		[
			40,
			50
		],
		[
			40,
			105
		],
		[
			50,
			105
		],
		[
			2,
			29
		],
		[
			29,
			109
		],
		[
			2,
			109
		],
		[
			57,
			106
		],
		[
			21,
			106
		],
		[
			21,
			57
		],
		[
			46,
			121
		],
		[
			77,
			121
		],
		[
			46,
			77
		],
		[
			28,
			87
		],
		[
			87,
			114
		],
		[
			28,
			114
		],
		[
			10,
			113
		],
		[
			0,
			113
		],
		[
			0,
			10
		],
		[
			34,
			76
		],
		[
			46,
			52
		],
		[
			34,
			35
		],
		[
			35,
			37
		],
		[
			16,
			119
		],
		[
			4,
			56
		],
		[
			64,
			66
		],
		[
			47,
			78
		],
		[
			48,
			78
		],
		[
			47,
			48
		],
		[
			36,
			59
		],
		[
			55,
			59
		],
		[
			36,
			55
		],
		[
			98,
			118
		],
		[
			38,
			118
		],
		[
			67,
			96
		],
		[
			18,
			96
		],
		[
			18,
			67
		],
		[
			79,
			93
		],
		[
			39,
			79
		],
		[
			22,
			114
		],
		[
			22,
			103
		],
		[
			103,
			114
		],
		[
			2,
			84
		],
		[
			84,
			109
		],
		[
			64,
			86
		],
		[
			1,
			64
		],
		[
			1,
			86
		],
		[
			64,
			87
		],
		[
			50,
			113
		],
		[
			5,
			84
		],
		[
			9,
			84
		],
		[
			32,
			50
		],
		[
			32,
			53
		],
		[
			50,
			53
		],
		[
			47,
			83
		],
		[
			2,
			47
		],
		[
			2,
			83
		],
		[
			78,
			83
		],
		[
			55,
			121
		],
		[
			8,
			36
		],
		[
			8,
			86
		],
		[
			36,
			86
		],
		[
			79,
			82
		],
		[
			69,
			79
		],
		[
			105,
			120
		],
		[
			24,
			105
		],
		[
			61,
			79
		],
		[
			39,
			61
		],
		[
			78,
			94
		],
		[
			48,
			94
		],
		[
			18,
			58
		],
		[
			18,
			116
		],
		[
			46,
			120
		],
		[
			46,
			55
		],
		[
			18,
			30
		],
		[
			51,
			90
		],
		[
			56,
			71
		],
		[
			71,
			118
		],
		[
			49,
			91
		],
		[
			28,
			91
		],
		[
			47,
			101
		],
		[
			29,
			101
		],
		[
			29,
			47
		],
		[
			19,
			65
		],
		[
			19,
			115
		],
		[
			65,
			115
		],
		[
			45,
			47
		],
		[
			47,
			104
		],
		[
			45,
			104
		],
		[
			23,
			37
		],
		[
			23,
			51
		],
		[
			37,
			51
		],
		[
			30,
			100
		],
		[
			68,
			96
		],
		[
			68,
			113
		],
		[
			96,
			113
		],
		[
			69,
			93
		],
		[
			11,
			27
		],
		[
			27,
			44
		],
		[
			72,
			106
		],
		[
			21,
			72
		],
		[
			25,
			40
		],
		[
			25,
			36
		],
		[
			36,
			40
		],
		[
			17,
			92
		],
		[
			52,
			54
		],
		[
			23,
			52
		],
		[
			23,
			54
		],
		[
			11,
			32
		],
		[
			11,
			53
		],
		[
			71,
			75
		],
		[
			38,
			71
		],
		[
			16,
			107
		],
		[
			62,
			103
		],
		[
			5,
			62
		],
		[
			45,
			101
		],
		[
			20,
			90
		],
		[
			20,
			81
		],
		[
			28,
			103
		],
		[
			53,
			113
		],
		[
			59,
			70
		],
		[
			70,
			73
		],
		[
			43,
			45
		],
		[
			43,
			104
		],
		[
			70,
			91
		],
		[
			73,
			91
		],
		[
			61,
			82
		],
		[
			43,
			82
		],
		[
			13,
			73
		],
		[
			49,
			73
		],
		[
			53,
			96
		],
		[
			29,
			97
		],
		[
			67,
			68
		],
		[
			67,
			102
		],
		[
			23,
			92
		],
		[
			20,
			92
		],
		[
			20,
			23
		],
		[
			30,
			89
		],
		[
			26,
			62
		],
		[
			26,
			84
		],
		[
			62,
			84
		],
		[
			0,
			68
		],
		[
			41,
			105
		],
		[
			27,
			41
		],
		[
			23,
			88
		],
		[
			37,
			88
		],
		[
			59,
			86
		],
		[
			15,
			22
		],
		[
			44,
			88
		],
		[
			44,
			54
		],
		[
			54,
			88
		],
		[
			41,
			120
		],
		[
			34,
			80
		],
		[
			0,
			104
		],
		[
			20,
			51
		],
		[
			1,
			70
		],
		[
			14,
			92
		],
		[
			14,
			20
		],
		[
			8,
			94
		],
		[
			7,
			88
		],
		[
			18,
			53
		],
		[
			25,
			94
		],
		[
			25,
			48
		],
		[
			7,
			44
		],
		[
			19,
			119
		],
		[
			115,
			119
		],
		[
			0,
			72
		],
		[
			42,
			115
		],
		[
			66,
			87
		],
		[
			66,
			114
		],
		[
			22,
			62
		],
		[
			33,
			71
		],
		[
			33,
			116
		],
		[
			27,
			54
		],
		[
			27,
			52
		],
		[
			67,
			74
		],
		[
			6,
			33
		],
		[
			41,
			52
		],
		[
			2,
			15
		],
		[
			24,
			40
		],
		[
			16,
			19
		],
		[
			42,
			73
		],
		[
			13,
			42
		],
		[
			41,
			46
		],
		[
			29,
			95
		],
		[
			22,
			26
		],
		[
			2,
			26
		],
		[
			15,
			26
		],
		[
			70,
			86
		],
		[
			24,
			36
		],
		[
			36,
			94
		]
	],
	"score": 0.5116279069767442,
	"obtuse num": 0,
	"steiner num": 122
}