{
	"content_type": "CG_SHOP_2025_Solution",
	"instance_uid": "point-set_40_f511c8ce",
	"steiner_points_x": [
		"90740436671/12690197",
		4948,
		"20639337/246682",
		5200,
		"87072707853/13061218",
		"21320212131/3932245",
		"25633896474/6530609",
		6707,
		"94928751555/12690197",
		3544,
		"89580590111/12690197",
		"310413684/93809",
		"27169415431658839/3927831704849",
		4376,
		6562,
		"425113814/93809",
		"86599824437/12690197",
		"89108017901/12690197",
		"58022836329/13061218",
		"81075693/11681",
		6543,
		"381017524/93809",
		5599,
		4741,
		"50224889381/7864490",
		6052,
		5830,
		6508,
		4759,
		6335,
		"92793332757/12690197",
		"35728674651/6530609",
		5178,
		"7483633647071736/1528795975073",
		5768,
		"41034339393/6530609",
		5084,
		6797,
		6494,
		6492
	],
	"steiner_points_y": [
		"35709443557/12690197",
		977,
		"30782295/246682",
		3080,
		"58408988407/13061218",
		"2192188083/3932245",
		"23037917551/6530609",
		1116,
		"16687057811/12690197",
		2077,
		"40977206197/12690197",
		"26507628/93809",
		"15214273745638911/3927831704849",
		2767,
		3286,
		"37037476/93809",
		"54515174578/12690197",
		"43123523062/12690197",
		"48402638163/13061218",
		"10472841/11681",
		3358,
		"32989292/93809",
		2783,
		3555,
		"6077510323/7864490",
		2237,
		2902,
		2744,
		1649,
		3851,
		"26385650498/12690197",
		"26515106288/6530609",
		3535,
		"5903869371240445/1528795975073",
		3405,
		"28342664790/6530609",
		3266,
		2553,
		2275,
		2293
	],
	"edges": [
		[
			36,
			53
		],
		[
			5,
			36
		],
		[
			5,
			53
		],
		[
			11,
			43
		],
		[
			43,
			62
		],
		[
			11,
			62
		],
		[
			23,
			40
		],
		[
			23,
			50
		],
		[
			10,
			47
		],
		[
			29,
			47
		],
		[
			10,
			29
		],
		[
			10,
			48
		],
		[
			10,
			70
		],
		[
			47,
			59
		],
		[
			10,
			59
		],
		[
			2,
			43
		],
		[
			2,
			62
		],
		[
			9,
			37
		],
		[
			11,
			37
		],
		[
			9,
			11
		],
		[
			22,
			76
		],
		[
			37,
			76
		],
		[
			22,
			37
		],
		[
			13,
			75
		],
		[
			13,
			71
		],
		[
			43,
			76
		],
		[
			37,
			43
		],
		[
			31,
			49
		],
		[
			21,
			31
		],
		[
			21,
			49
		],
		[
			49,
			53
		],
		[
			36,
			49
		],
		[
			12,
			15
		],
		[
			15,
			79
		],
		[
			12,
			79
		],
		[
			8,
			16
		],
		[
			16,
			52
		],
		[
			8,
			52
		],
		[
			10,
			27
		],
		[
			8,
			54
		],
		[
			54,
			60
		],
		[
			8,
			60
		],
		[
			25,
			36
		],
		[
			36,
			46
		],
		[
			1,
			28
		],
		[
			28,
			67
		],
		[
			1,
			67
		],
		[
			11,
			17
		],
		[
			9,
			17
		],
		[
			16,
			60
		],
		[
			13,
			44
		],
		[
			62,
			65
		],
		[
			62,
			66
		],
		[
			65,
			66
		],
		[
			18,
			39
		],
		[
			18,
			71
		],
		[
			39,
			71
		],
		[
			2,
			66
		],
		[
			12,
			77
		],
		[
			15,
			77
		],
		[
			63,
			72
		],
		[
			63,
			73
		],
		[
			72,
			73
		],
		[
			28,
			77
		],
		[
			23,
			28
		],
		[
			23,
			77
		],
		[
			58,
			63
		],
		[
			34,
			35
		],
		[
			35,
			42
		],
		[
			20,
			65
		],
		[
			24,
			65
		],
		[
			20,
			24
		],
		[
			15,
			70
		],
		[
			70,
			77
		],
		[
			26,
			65
		],
		[
			26,
			66
		],
		[
			16,
			19
		],
		[
			19,
			52
		],
		[
			65,
			79
		],
		[
			26,
			79
		],
		[
			19,
			56
		],
		[
			1,
			66
		],
		[
			0,
			66
		],
		[
			0,
			1
		],
		[
			9,
			68
		],
		[
			31,
			68
		],
		[
			9,
			31
		],
		[
			3,
			54
		],
		[
			3,
			8
		],
		[
			17,
			65
		],
		[
			17,
			62
		],
		[
			66,
			67
		],
		[
			26,
			67
		],
		[
			18,
			73
		],
		[
			28,
			54
		],
		[
			3,
			28
		],
		[
			24,
			78
		],
		[
			29,
			78
		],
		[
			24,
			29
		],
		[
			31,
			32
		],
		[
			6,
			32
		],
		[
			6,
			31
		],
		[
			7,
			19
		],
		[
			19,
			44
		],
		[
			13,
			16
		],
		[
			13,
			19
		],
		[
			39,
			69
		],
		[
			69,
			74
		],
		[
			39,
			74
		],
		[
			65,
			78
		],
		[
			23,
			70
		],
		[
			4,
			72
		],
		[
			18,
			72
		],
		[
			4,
			18
		],
		[
			21,
			34
		],
		[
			21,
			35
		],
		[
			63,
			76
		],
		[
			22,
			63
		],
		[
			38,
			74
		],
		[
			38,
			69
		],
		[
			2,
			74
		],
		[
			66,
			74
		],
		[
			4,
			39
		],
		[
			9,
			22
		],
		[
			9,
			53
		],
		[
			22,
			53
		],
		[
			34,
			49
		],
		[
			25,
			49
		],
		[
			17,
			20
		],
		[
			15,
			78
		],
		[
			78,
			79
		],
		[
			12,
			26
		],
		[
			5,
			58
		],
		[
			5,
			46
		],
		[
			20,
			33
		],
		[
			24,
			33
		],
		[
			1,
			54
		],
		[
			4,
			43
		],
		[
			2,
			4
		],
		[
			16,
			69
		],
		[
			16,
			38
		],
		[
			21,
			51
		],
		[
			6,
			51
		],
		[
			6,
			61
		],
		[
			6,
			55
		],
		[
			0,
			74
		],
		[
			0,
			38
		],
		[
			72,
			76
		],
		[
			14,
			33
		],
		[
			33,
			45
		],
		[
			69,
			71
		],
		[
			3,
			23
		],
		[
			3,
			50
		],
		[
			15,
			29
		],
		[
			29,
			70
		],
		[
			1,
			60
		],
		[
			4,
			74
		],
		[
			20,
			68
		],
		[
			17,
			68
		],
		[
			3,
			57
		],
		[
			12,
			28
		],
		[
			24,
			47
		],
		[
			47,
			64
		],
		[
			24,
			64
		],
		[
			12,
			67
		],
		[
			6,
			21
		],
		[
			32,
			68
		],
		[
			33,
			41
		],
		[
			20,
			41
		],
		[
			8,
			57
		],
		[
			32,
			55
		],
		[
			33,
			64
		],
		[
			0,
			60
		],
		[
			13,
			69
		],
		[
			14,
			32
		],
		[
			32,
			41
		],
		[
			14,
			41
		],
		[
			4,
			76
		],
		[
			5,
			63
		],
		[
			41,
			68
		],
		[
			31,
			53
		],
		[
			5,
			22
		],
		[
			38,
			60
		]
	],
	"score": 0.5121951219512195,
	"obtuse num": 0,
	"steiner num": 80
}