{
	"content_type": "CG_SHOP_2025_Solution",
	"instance_uid": "point-set_20_54ab0b47",
	"steiner_points_x": [
		"23102/661",
		0,
		0,
		37,
		0,
		21,
		46,
		"4535/82",
		32,
		"2233/41",
		29,
		"14673/443"
	],
	"steiner_points_y": [
		"41175/661",
		36,
		21,
		30,
		8,
		23,
		47,
		"3423/82",
		50,
		"1401/41",
		41,
		"5257/443"
	],
	"edges": [
		[
			1,
			28
		],
		[
			1,
			17
		],
		[
			17,
			28
		],
		[
			11,
			26
		],
		[
			20,
			26
		],
		[
			11,
			20
		],
		[
			6,
			16
		],
		[
			16,
			21
		],
		[
			6,
			21
		],
		[
			2,
			3
		],
		[
			2,
			25
		],
		[
			3,
			25
		],
		[
			7,
			11
		],
		[
			7,
			26
		],
		[
			2,
			18
		],
		[
			18,
			25
		],
		[
			15,
			28
		],
		[
			1,
			15
		],
		[
			8,
			30
		],
		[
			8,
			15
		],
		[
			15,
			30
		],
		[
			2,
			12
		],
		[
			2,
			23
		],
		[
			12,
			23
		],
		[
			6,
			15
		],
		[
			1,
			6
		],
		[
			26,
			28
		],
		[
			20,
			28
		],
		[
			0,
			22
		],
		[
			4,
			22
		],
		[
			0,
			4
		],
		[
			9,
			26
		],
		[
			9,
			28
		],
		[
			6,
			8
		],
		[
			8,
			16
		],
		[
			16,
			22
		],
		[
			21,
			22
		],
		[
			9,
			15
		],
		[
			10,
			18
		],
		[
			18,
			31
		],
		[
			10,
			31
		],
		[
			19,
			26
		],
		[
			13,
			26
		],
		[
			13,
			19
		],
		[
			7,
			29
		],
		[
			7,
			27
		],
		[
			27,
			29
		],
		[
			2,
			31
		],
		[
			3,
			23
		],
		[
			9,
			19
		],
		[
			5,
			25
		],
		[
			3,
			5
		],
		[
			17,
			20
		],
		[
			12,
			13
		],
		[
			13,
			29
		],
		[
			12,
			29
		],
		[
			5,
			30
		],
		[
			3,
			30
		],
		[
			4,
			5
		],
		[
			4,
			25
		],
		[
			4,
			8
		],
		[
			5,
			8
		],
		[
			19,
			30
		],
		[
			9,
			30
		],
		[
			0,
			10
		],
		[
			10,
			24
		],
		[
			0,
			24
		],
		[
			0,
			18
		],
		[
			4,
			16
		],
		[
			13,
			23
		],
		[
			19,
			23
		],
		[
			3,
			19
		],
		[
			0,
			25
		],
		[
			7,
			13
		],
		[
			11,
			27
		],
		[
			12,
			31
		],
		[
			22,
			24
		],
		[
			14,
			24
		],
		[
			10,
			14
		]
	],
	"score": 0.5384615384615384,
	"obtuse num": 0,
	"steiner num": 32
}