{
	"content_type": "CG_SHOP_2025_Solution",
	"instance_uid": "point-set_80_d77fb670",
	"steiner_points_x": [
		4175,
		10465,
		2200,
		11325,
		3243,
		1643,
		9350,
		"85769200/53441",
		3974,
		"45547622/21019",
		2565,
		2288,
		8793,
		3152,
		2103,
		9985,
		8720,
		3460,
		6919,
		3784,
		8792,
		4534,
		1471,
		3460,
		10610,
		7200,
		4503,
		10234,
		8168,
		7987,
		"28353279715/10062749",
		"1427375/533",
		1017,
		"258318190/67283",
		7150,
		"47091880/53441",
		"68772385/6866",
		9350,
		7787,
		0,
		9985,
		1018,
		7151,
		7195,
		7180,
		"40462/5",
		9350
	],
	"steiner_points_y": [
		424,
		4397,
		3660,
		1985,
		6520,
		3175,
		6210,
		"474446820/53441",
		594,
		"169923090/861779",
		2419,
		738,
		9070,
		2075,
		626,
		0,
		5099,
		3175,
		4837,
		7971,
		7296,
		3109,
		7650,
		9070,
		0,
		7047,
		3661,
		7260,
		9070,
		5388,
		"1341208800/10062749",
		9070,
		1110,
		"2218050/67283",
		9070,
		"461964594/53441",
		"60826745/6866",
		2860,
		3785,
		2860,
		8275,
		3183,
		1420,
		219,
		0,
		0,
		1110
	],
	"edges": [
		[
			51,
			74
		],
		[
			22,
			74
		],
		[
			22,
			51
		],
		[
			35,
			86
		],
		[
			7,
			86
		],
		[
			7,
			35
		],
		[
			38,
			84
		],
		[
			15,
			84
		],
		[
			15,
			38
		],
		[
			34,
			105
		],
		[
			34,
			65
		],
		[
			65,
			105
		],
		[
			19,
			84
		],
		[
			19,
			38
		],
		[
			17,
			27
		],
		[
			17,
			107
		],
		[
			27,
			107
		],
		[
			101,
			122
		],
		[
			4,
			122
		],
		[
			4,
			101
		],
		[
			123,
			124
		],
		[
			123,
			125
		],
		[
			27,
			86
		],
		[
			17,
			86
		],
		[
			18,
			117
		],
		[
			1,
			18
		],
		[
			1,
			117
		],
		[
			67,
			107
		],
		[
			62,
			107
		],
		[
			62,
			67
		],
		[
			59,
			92
		],
		[
			54,
			59
		],
		[
			54,
			92
		],
		[
			23,
			72
		],
		[
			58,
			72
		],
		[
			23,
			58
		],
		[
			8,
			126
		],
		[
			117,
			126
		],
		[
			8,
			117
		],
		[
			75,
			94
		],
		[
			89,
			94
		],
		[
			47,
			49
		],
		[
			49,
			87
		],
		[
			85,
			121
		],
		[
			33,
			85
		],
		[
			33,
			121
		],
		[
			10,
			80
		],
		[
			80,
			124
		],
		[
			19,
			69
		],
		[
			19,
			30
		],
		[
			30,
			69
		],
		[
			44,
			89
		],
		[
			0,
			44
		],
		[
			0,
			89
		],
		[
			54,
			108
		],
		[
			54,
			114
		],
		[
			13,
			88
		],
		[
			21,
			88
		],
		[
			13,
			21
		],
		[
			28,
			97
		],
		[
			28,
			32
		],
		[
			32,
			97
		],
		[
			58,
			83
		],
		[
			25,
			53
		],
		[
			25,
			48
		],
		[
			48,
			53
		],
		[
			3,
			105
		],
		[
			3,
			34
		],
		[
			35,
			96
		],
		[
			68,
			96
		],
		[
			35,
			68
		],
		[
			50,
			86
		],
		[
			17,
			50
		],
		[
			54,
			65
		],
		[
			59,
			65
		],
		[
			50,
			100
		],
		[
			17,
			100
		],
		[
			52,
			123
		],
		[
			80,
			123
		],
		[
			52,
			80
		],
		[
			69,
			102
		],
		[
			61,
			69
		],
		[
			61,
			102
		],
		[
			71,
			94
		],
		[
			26,
			71
		],
		[
			26,
			94
		],
		[
			69,
			121
		],
		[
			119,
			121
		],
		[
			96,
			118
		],
		[
			18,
			96
		],
		[
			18,
			118
		],
		[
			17,
			63
		],
		[
			63,
			107
		],
		[
			4,
			42
		],
		[
			42,
			93
		],
		[
			4,
			93
		],
		[
			7,
			27
		],
		[
			27,
			67
		],
		[
			7,
			67
		],
		[
			71,
			75
		],
		[
			56,
			118
		],
		[
			18,
			56
		],
		[
			51,
			63
		],
		[
			37,
			63
		],
		[
			37,
			51
		],
		[
			14,
			95
		],
		[
			14,
			104
		],
		[
			33,
			119
		],
		[
			33,
			112
		],
		[
			112,
			119
		],
		[
			45,
			107
		],
		[
			20,
			45
		],
		[
			20,
			107
		],
		[
			46,
			49
		],
		[
			46,
			61
		],
		[
			49,
			61
		],
		[
			5,
			84
		],
		[
			5,
			99
		],
		[
			84,
			99
		],
		[
			4,
			11
		],
		[
			4,
			16
		],
		[
			11,
			16
		],
		[
			11,
			101
		],
		[
			16,
			97
		],
		[
			16,
			77
		],
		[
			77,
			97
		],
		[
			68,
			86
		],
		[
			50,
			68
		],
		[
			0,
			21
		],
		[
			0,
			88
		],
		[
			33,
			79
		],
		[
			71,
			79
		],
		[
			33,
			71
		],
		[
			7,
			81
		],
		[
			7,
			64
		],
		[
			64,
			81
		],
		[
			56,
			122
		],
		[
			24,
			122
		],
		[
			24,
			56
		],
		[
			3,
			99
		],
		[
			31,
			99
		],
		[
			3,
			31
		],
		[
			73,
			109
		],
		[
			98,
			109
		],
		[
			73,
			98
		],
		[
			71,
			90
		],
		[
			26,
			90
		],
		[
			29,
			81
		],
		[
			57,
			81
		],
		[
			29,
			57
		],
		[
			24,
			101
		],
		[
			16,
			93
		],
		[
			21,
			91
		],
		[
			91,
			93
		],
		[
			21,
			93
		],
		[
			30,
			85
		],
		[
			28,
			30
		],
		[
			28,
			85
		],
		[
			71,
			112
		],
		[
			75,
			112
		],
		[
			77,
			90
		],
		[
			79,
			90
		],
		[
			77,
			79
		],
		[
			77,
			85
		],
		[
			28,
			77
		],
		[
			53,
			125
		],
		[
			53,
			60
		],
		[
			40,
			81
		],
		[
			9,
			48
		],
		[
			9,
			53
		],
		[
			56,
			117
		],
		[
			48,
			117
		],
		[
			48,
			56
		],
		[
			39,
			105
		],
		[
			100,
			105
		],
		[
			39,
			100
		],
		[
			37,
			100
		],
		[
			65,
			100
		],
		[
			37,
			65
		],
		[
			59,
			74
		],
		[
			51,
			59
		],
		[
			90,
			93
		],
		[
			26,
			93
		],
		[
			0,
			110
		],
		[
			63,
			100
		],
		[
			31,
			34
		],
		[
			36,
			72
		],
		[
			30,
			82
		],
		[
			28,
			82
		],
		[
			80,
			113
		],
		[
			1,
			35
		],
		[
			35,
			81
		],
		[
			1,
			81
		],
		[
			70,
			103
		],
		[
			70,
			111
		],
		[
			43,
			111
		],
		[
			43,
			47
		],
		[
			16,
			90
		],
		[
			41,
			102
		],
		[
			46,
			102
		],
		[
			41,
			46
		],
		[
			61,
			115
		],
		[
			61,
			76
		],
		[
			43,
			46
		],
		[
			41,
			43
		],
		[
			29,
			117
		],
		[
			1,
			29
		],
		[
			6,
			15
		],
		[
			6,
			73
		],
		[
			15,
			73
		],
		[
			45,
			63
		],
		[
			14,
			72
		],
		[
			72,
			104
		],
		[
			43,
			49
		],
		[
			3,
			6
		],
		[
			6,
			84
		],
		[
			3,
			84
		],
		[
			49,
			115
		],
		[
			41,
			84
		],
		[
			5,
			41
		],
		[
			70,
			99
		],
		[
			31,
			70
		],
		[
			11,
			106
		],
		[
			101,
			106
		],
		[
			88,
			113
		],
		[
			80,
			88
		],
		[
			5,
			111
		],
		[
			5,
			43
		],
		[
			13,
			122
		],
		[
			52,
			122
		],
		[
			13,
			52
		],
		[
			44,
			94
		],
		[
			8,
			14
		],
		[
			8,
			72
		],
		[
			40,
			64
		],
		[
			64,
			66
		],
		[
			42,
			122
		],
		[
			13,
			42
		],
		[
			48,
			126
		],
		[
			14,
			60
		],
		[
			9,
			60
		],
		[
			32,
			106
		],
		[
			32,
			38
		],
		[
			38,
			106
		],
		[
			79,
			85
		],
		[
			12,
			112
		],
		[
			98,
			118
		],
		[
			24,
			118
		],
		[
			24,
			98
		],
		[
			64,
			67
		],
		[
			52,
			53
		],
		[
			53,
			123
		],
		[
			0,
			113
		],
		[
			45,
			78
		],
		[
			45,
			120
		],
		[
			78,
			120
		],
		[
			19,
			41
		],
		[
			55,
			120
		],
		[
			38,
			82
		],
		[
			19,
			82
		],
		[
			15,
			98
		],
		[
			21,
			42
		],
		[
			6,
			105
		],
		[
			51,
			120
		],
		[
			22,
			120
		],
		[
			5,
			70
		],
		[
			19,
			102
		],
		[
			96,
			109
		],
		[
			109,
			118
		],
		[
			8,
			58
		],
		[
			8,
			29
		],
		[
			29,
			58
		],
		[
			66,
			67
		],
		[
			68,
			109
		],
		[
			11,
			97
		],
		[
			73,
			105
		],
		[
			25,
			122
		],
		[
			25,
			52
		],
		[
			31,
			114
		],
		[
			2,
			31
		],
		[
			98,
			106
		],
		[
			24,
			106
		],
		[
			34,
			54
		],
		[
			45,
			51
		],
		[
			1,
			96
		],
		[
			37,
			59
		],
		[
			2,
			70
		],
		[
			22,
			55
		],
		[
			22,
			116
		],
		[
			15,
			106
		],
		[
			13,
			80
		],
		[
			9,
			14
		],
		[
			8,
			9
		],
		[
			39,
			109
		],
		[
			39,
			68
		],
		[
			26,
			44
		],
		[
			32,
			82
		],
		[
			26,
			91
		],
		[
			9,
			126
		],
		[
			34,
			114
		],
		[
			39,
			50
		],
		[
			39,
			73
		],
		[
			44,
			91
		],
		[
			0,
			91
		],
		[
			30,
			121
		],
		[
			29,
			83
		],
		[
			11,
			32
		],
		[
			25,
			56
		]
	],
	"score": 0.5104166666666666,
	"obtuse num": 0,
	"steiner num": 127
}