{
	"content_type": "CG_SHOP_2025_Solution",
	"instance_uid": "point-set_40_ae33a7ea",
	"steiner_points_x": [
		"2095636511/783197",
		3698,
		2650,
		2283,
		93,
		2648,
		2397,
		"417769106/108197",
		290,
		806,
		"840868507/216394",
		968,
		"76295/181",
		"666803425/316402",
		1316,
		"141733/3770",
		"1157644336/326993",
		742,
		"101186344/140233",
		"422420666/108197",
		2048,
		"6682/3",
		"411659726/108197",
		2235,
		"836571007/216394",
		3669,
		"3779736466/1420945",
		"461695/349",
		"285070975/316402",
		1616,
		917,
		"4821632674/1420945",
		2221,
		"280065479/158201",
		"64946140/140233",
		3468,
		3799,
		2630
	],
	"steiner_points_y": [
		"1492899168/783197",
		257,
		1225,
		1618,
		911,
		264,
		901,
		"89543061/108197",
		927,
		856,
		"233928935/216394",
		1560,
		"43826/181",
		"599133815/316402",
		1053,
		"3000539/3770",
		"563953627/326993",
		982,
		"238638324/140233",
		"137402445/108197",
		1331,
		"21/2",
		"26684329/108197",
		1436,
		"189712435/216394",
		1093,
		"10277838/1420945",
		"640850/349",
		"571235365/316402",
		"5573/3",
		1416,
		"2411172/1420945",
		410,
		"295668894/158201",
		"213576105/140233",
		702,
		828,
		898
	],
	"edges": [
		[
			19,
			20
		],
		[
			19,
			40
		],
		[
			1,
			7
		],
		[
			7,
			65
		],
		[
			1,
			65
		],
		[
			28,
			41
		],
		[
			18,
			41
		],
		[
			8,
			57
		],
		[
			49,
			57
		],
		[
			8,
			49
		],
		[
			16,
			19
		],
		[
			16,
			20
		],
		[
			4,
			5
		],
		[
			4,
			70
		],
		[
			5,
			70
		],
		[
			38,
			42
		],
		[
			6,
			42
		],
		[
			6,
			38
		],
		[
			14,
			61
		],
		[
			14,
			66
		],
		[
			1,
			31
		],
		[
			1,
			56
		],
		[
			30,
			72
		],
		[
			61,
			72
		],
		[
			54,
			70
		],
		[
			25,
			70
		],
		[
			25,
			54
		],
		[
			57,
			70
		],
		[
			0,
			70
		],
		[
			0,
			57
		],
		[
			24,
			75
		],
		[
			45,
			75
		],
		[
			24,
			45
		],
		[
			7,
			31
		],
		[
			14,
			24
		],
		[
			14,
			72
		],
		[
			24,
			72
		],
		[
			24,
			46
		],
		[
			6,
			46
		],
		[
			6,
			24
		],
		[
			22,
			44
		],
		[
			44,
			48
		],
		[
			22,
			48
		],
		[
			2,
			71
		],
		[
			2,
			28
		],
		[
			34,
			46
		],
		[
			6,
			34
		],
		[
			30,
			49
		],
		[
			0,
			49
		],
		[
			0,
			30
		],
		[
			8,
			48
		],
		[
			8,
			22
		],
		[
			17,
			34
		],
		[
			17,
			60
		],
		[
			34,
			60
		],
		[
			2,
			41
		],
		[
			29,
			39
		],
		[
			29,
			52
		],
		[
			25,
			51
		],
		[
			26,
			51
		],
		[
			25,
			26
		],
		[
			51,
			67
		],
		[
			26,
			67
		],
		[
			0,
			54
		],
		[
			5,
			58
		],
		[
			5,
			74
		],
		[
			17,
			46
		],
		[
			8,
			29
		],
		[
			29,
			49
		],
		[
			30,
			54
		],
		[
			17,
			72
		],
		[
			46,
			72
		],
		[
			5,
			57
		],
		[
			48,
			57
		],
		[
			5,
			48
		],
		[
			8,
			39
		],
		[
			19,
			37
		],
		[
			16,
			37
		],
		[
			4,
			58
		],
		[
			37,
			38
		],
		[
			37,
			42
		],
		[
			17,
			30
		],
		[
			16,
			42
		],
		[
			16,
			27
		],
		[
			27,
			42
		],
		[
			10,
			11
		],
		[
			10,
			60
		],
		[
			11,
			60
		],
		[
			60,
			63
		],
		[
			32,
			60
		],
		[
			32,
			63
		],
		[
			51,
			70
		],
		[
			10,
			32
		],
		[
			10,
			33
		],
		[
			32,
			33
		],
		[
			41,
			62
		],
		[
			41,
			76
		],
		[
			62,
			76
		],
		[
			7,
			50
		],
		[
			7,
			59
		],
		[
			11,
			26
		],
		[
			11,
			25
		],
		[
			26,
			69
		],
		[
			11,
			69
		],
		[
			50,
			65
		],
		[
			13,
			65
		],
		[
			13,
			35
		],
		[
			35,
			65
		],
		[
			12,
			43
		],
		[
			12,
			19
		],
		[
			19,
			43
		],
		[
			43,
			63
		],
		[
			37,
			43
		],
		[
			37,
			63
		],
		[
			33,
			53
		],
		[
			12,
			33
		],
		[
			4,
			23
		],
		[
			23,
			51
		],
		[
			4,
			51
		],
		[
			11,
			17
		],
		[
			17,
			25
		],
		[
			10,
			69
		],
		[
			36,
			48
		],
		[
			5,
			36
		],
		[
			14,
			45
		],
		[
			15,
			47
		],
		[
			15,
			64
		],
		[
			23,
			67
		],
		[
			35,
			41
		],
		[
			35,
			76
		],
		[
			13,
			47
		],
		[
			13,
			15
		],
		[
			47,
			76
		],
		[
			2,
			45
		],
		[
			2,
			66
		],
		[
			45,
			66
		],
		[
			23,
			58
		],
		[
			35,
			75
		],
		[
			27,
			75
		],
		[
			27,
			35
		],
		[
			15,
			50
		],
		[
			13,
			76
		],
		[
			21,
			23
		],
		[
			41,
			75
		],
		[
			38,
			63
		],
		[
			34,
			38
		],
		[
			34,
			63
		],
		[
			6,
			77
		],
		[
			24,
			77
		],
		[
			15,
			65
		],
		[
			1,
			16
		],
		[
			1,
			27
		],
		[
			23,
			68
		],
		[
			1,
			20
		],
		[
			22,
			39
		],
		[
			3,
			44
		],
		[
			3,
			22
		],
		[
			22,
			55
		],
		[
			2,
			75
		],
		[
			17,
			54
		],
		[
			10,
			73
		],
		[
			27,
			65
		],
		[
			33,
			73
		],
		[
			29,
			30
		],
		[
			36,
			44
		],
		[
			32,
			43
		],
		[
			33,
			43
		],
		[
			75,
			77
		],
		[
			9,
			44
		],
		[
			27,
			77
		],
		[
			42,
			77
		]
	],
	"score": 0.5128205128205128,
	"obtuse num": 0,
	"steiner num": 78
}