{
	"content_type": "CG_SHOP_2025_Solution",
	"instance_uid": "point-set_60_27bc003d",
	"steiner_points_x": [
		999,
		1699,
		4100,
		3267,
		3486,
		3500,
		6936,
		3286,
		3006,
		"22200970/1769",
		"20255180/1769",
		"59193819044/78637551",
		"15394695/1769",
		2400,
		9926,
		8278,
		4451,
		6119,
		3104,
		200,
		"7364100/1601",
		"202966400/52093",
		749,
		9434,
		"12118240/1769",
		"73778188/52093",
		"186144428/52093",
		1776,
		2793,
		"99519493115904/47637537803",
		6097,
		2228,
		7594,
		2625,
		4336,
		11233,
		10521,
		10466,
		10759,
		"190045750/15529",
		10195,
		10654,
		12938,
		10151,
		12550,
		10628,
		9671,
		8965,
		"474853120959876400/42140746798321",
		"412396421/31058",
		8404,
		10650,
		8085,
		10310,
		10050,
		"13479625/1033",
		9350,
		8900,
		6988,
		8400,
		7034,
		6120,
		8090,
		9063,
		"69531326/52093",
		2213,
		2400,
		8343,
		2400,
		7680,
		"17956940/1769",
		10197,
		9356,
		12510,
		12535,
		12940,
		12967,
		12900,
		12942,
		"203653919/15529"
	],
	"steiner_points_y": [
		10309,
		10340,
		10309,
		7317,
		7600,
		7800,
		1244,
		10036,
		9132,
		"85790/1769",
		"71160/1769",
		"229220747118/26212517",
		"34615/1769",
		10310,
		2506,
		1700,
		1756,
		1700,
		5750,
		"417400/41",
		"60050/1601",
		"30177500/52093",
		10309,
		1798,
		"9980/1769",
		"365751758/52093",
		"73873598/52093",
		8584,
		5411,
		"251213702861764/47637537803",
		1049,
		8732,
		10700,
		5651,
		9604,
		6894,
		6177,
		8075,
		5555,
		"125051700/15529",
		5750,
		5354,
		2450,
		5351,
		900,
		2451,
		5493,
		6941,
		"438781237789029450/42140746798321",
		"171510831/31058",
		8407,
		"27565964069300/2713680649",
		5741,
		10187,
		"27565964069300/2713680649",
		"307575/1033",
		9959,
		10158,
		7555,
		10157,
		8227,
		5551,
		10137,
		2886,
		"376783241/52093",
		7571,
		7300,
		3055,
		7700,
		10267,
		"53880/1769",
		750,
		815,
		2192,
		2445,
		2275,
		2055,
		5366,
		5850,
		"91945259/15529"
	],
	"edges": [
		[
			83,
			131
		],
		[
			131,
			132
		],
		[
			83,
			132
		],
		[
			76,
			88
		],
		[
			3,
			88
		],
		[
			3,
			76
		],
		[
			116,
			117
		],
		[
			14,
			117
		],
		[
			14,
			116
		],
		[
			123,
			127
		],
		[
			106,
			127
		],
		[
			106,
			123
		],
		[
			92,
			129
		],
		[
			94,
			129
		],
		[
			92,
			94
		],
		[
			42,
			95
		],
		[
			42,
			99
		],
		[
			95,
			99
		],
		[
			97,
			99
		],
		[
			97,
			111
		],
		[
			99,
			111
		],
		[
			42,
			97
		],
		[
			42,
			107
		],
		[
			97,
			107
		],
		[
			74,
			123
		],
		[
			74,
			83
		],
		[
			83,
			123
		],
		[
			62,
			92
		],
		[
			59,
			62
		],
		[
			59,
			92
		],
		[
			44,
			116
		],
		[
			14,
			44
		],
		[
			12,
			110
		],
		[
			107,
			110
		],
		[
			12,
			107
		],
		[
			13,
			111
		],
		[
			2,
			111
		],
		[
			2,
			13
		],
		[
			60,
			87
		],
		[
			71,
			87
		],
		[
			60,
			71
		],
		[
			28,
			98
		],
		[
			28,
			138
		],
		[
			98,
			138
		],
		[
			5,
			18
		],
		[
			5,
			136
		],
		[
			18,
			136
		],
		[
			95,
			138
		],
		[
			99,
			138
		],
		[
			12,
			112
		],
		[
			107,
			112
		],
		[
			39,
			77
		],
		[
			39,
			54
		],
		[
			54,
			77
		],
		[
			28,
			30
		],
		[
			30,
			32
		],
		[
			28,
			32
		],
		[
			97,
			113
		],
		[
			111,
			113
		],
		[
			110,
			119
		],
		[
			117,
			119
		],
		[
			110,
			117
		],
		[
			47,
			128
		],
		[
			7,
			47
		],
		[
			7,
			128
		],
		[
			32,
			95
		],
		[
			32,
			138
		],
		[
			26,
			102
		],
		[
			26,
			135
		],
		[
			102,
			135
		],
		[
			33,
			38
		],
		[
			33,
			90
		],
		[
			38,
			90
		],
		[
			108,
			111
		],
		[
			31,
			111
		],
		[
			31,
			108
		],
		[
			85,
			125
		],
		[
			125,
			126
		],
		[
			85,
			126
		],
		[
			87,
			128
		],
		[
			125,
			128
		],
		[
			87,
			125
		],
		[
			133,
			135
		],
		[
			133,
			134
		],
		[
			134,
			135
		],
		[
			104,
			136
		],
		[
			5,
			104
		],
		[
			104,
			115
		],
		[
			5,
			115
		],
		[
			23,
			131
		],
		[
			23,
			25
		],
		[
			25,
			131
		],
		[
			0,
			117
		],
		[
			0,
			14
		],
		[
			97,
			110
		],
		[
			110,
			116
		],
		[
			97,
			116
		],
		[
			16,
			114
		],
		[
			16,
			113
		],
		[
			113,
			114
		],
		[
			50,
			114
		],
		[
			16,
			50
		],
		[
			56,
			98
		],
		[
			28,
			56
		],
		[
			114,
			116
		],
		[
			97,
			114
		],
		[
			6,
			40
		],
		[
			38,
			40
		],
		[
			6,
			38
		],
		[
			104,
			133
		],
		[
			133,
			136
		],
		[
			76,
			121
		],
		[
			3,
			121
		],
		[
			41,
			102
		],
		[
			26,
			41
		],
		[
			43,
			126
		],
		[
			27,
			43
		],
		[
			27,
			126
		],
		[
			109,
			137
		],
		[
			137,
			138
		],
		[
			109,
			138
		],
		[
			27,
			93
		],
		[
			93,
			126
		],
		[
			101,
			105
		],
		[
			57,
			101
		],
		[
			57,
			105
		],
		[
			62,
			94
		],
		[
			67,
			94
		],
		[
			62,
			67
		],
		[
			20,
			101
		],
		[
			20,
			57
		],
		[
			11,
			116
		],
		[
			11,
			114
		],
		[
			105,
			134
		],
		[
			105,
			133
		],
		[
			89,
			93
		],
		[
			88,
			93
		],
		[
			88,
			89
		],
		[
			10,
			25
		],
		[
			22,
			25
		],
		[
			10,
			22
		],
		[
			60,
			61
		],
		[
			49,
			60
		],
		[
			49,
			61
		],
		[
			126,
			128
		],
		[
			65,
			118
		],
		[
			65,
			120
		],
		[
			118,
			120
		],
		[
			110,
			122
		],
		[
			119,
			122
		],
		[
			29,
			117
		],
		[
			0,
			29
		],
		[
			32,
			96
		],
		[
			30,
			96
		],
		[
			55,
			127
		],
		[
			55,
			121
		],
		[
			121,
			127
		],
		[
			2,
			113
		],
		[
			2,
			16
		],
		[
			72,
			132
		],
		[
			51,
			132
		],
		[
			51,
			72
		],
		[
			8,
			28
		],
		[
			8,
			30
		],
		[
			64,
			121
		],
		[
			64,
			118
		],
		[
			118,
			121
		],
		[
			4,
			137
		],
		[
			4,
			109
		],
		[
			103,
			105
		],
		[
			101,
			103
		],
		[
			29,
			119
		],
		[
			84,
			90
		],
		[
			66,
			90
		],
		[
			66,
			84
		],
		[
			102,
			134
		],
		[
			134,
			137
		],
		[
			102,
			137
		],
		[
			100,
			103
		],
		[
			56,
			100
		],
		[
			56,
			103
		],
		[
			20,
			98
		],
		[
			98,
			137
		],
		[
			20,
			137
		],
		[
			135,
			136
		],
		[
			95,
			96
		],
		[
			19,
			38
		],
		[
			6,
			19
		],
		[
			15,
			119
		],
		[
			15,
			29
		],
		[
			37,
			129
		],
		[
			37,
			92
		],
		[
			75,
			127
		],
		[
			55,
			75
		],
		[
			12,
			120
		],
		[
			110,
			120
		],
		[
			138,
			139
		],
		[
			109,
			139
		],
		[
			54,
			75
		],
		[
			66,
			75
		],
		[
			54,
			66
		],
		[
			120,
			129
		],
		[
			122,
			129
		],
		[
			120,
			122
		],
		[
			24,
			27
		],
		[
			27,
			45
		],
		[
			24,
			45
		],
		[
			78,
			121
		],
		[
			63,
			78
		],
		[
			63,
			121
		],
		[
			85,
			93
		],
		[
			33,
			76
		],
		[
			33,
			86
		],
		[
			76,
			86
		],
		[
			11,
			44
		],
		[
			9,
			43
		],
		[
			9,
			126
		],
		[
			3,
			45
		],
		[
			45,
			121
		],
		[
			37,
			122
		],
		[
			51,
			131
		],
		[
			10,
			131
		],
		[
			10,
			51
		],
		[
			47,
			91
		],
		[
			91,
			128
		],
		[
			37,
			119
		],
		[
			103,
			106
		],
		[
			100,
			106
		],
		[
			23,
			133
		],
		[
			23,
			105
		],
		[
			34,
			90
		],
		[
			34,
			84
		],
		[
			24,
			88
		],
		[
			24,
			93
		],
		[
			18,
			26
		],
		[
			18,
			135
		],
		[
			61,
			91
		],
		[
			87,
			91
		],
		[
			61,
			87
		],
		[
			19,
			80
		],
		[
			6,
			80
		],
		[
			12,
			118
		],
		[
			96,
			100
		],
		[
			100,
			107
		],
		[
			96,
			107
		],
		[
			75,
			123
		],
		[
			33,
			40
		],
		[
			45,
			78
		],
		[
			27,
			78
		],
		[
			11,
			50
		],
		[
			99,
			139
		],
		[
			15,
			37
		],
		[
			1,
			74
		],
		[
			1,
			83
		],
		[
			103,
			123
		],
		[
			74,
			103
		],
		[
			1,
			131
		],
		[
			75,
			132
		],
		[
			75,
			83
		],
		[
			39,
			75
		],
		[
			61,
			73
		],
		[
			73,
			91
		],
		[
			86,
			88
		],
		[
			86,
			89
		],
		[
			66,
			72
		],
		[
			72,
			75
		],
		[
			1,
			23
		],
		[
			1,
			105
		],
		[
			68,
			94
		],
		[
			65,
			94
		],
		[
			65,
			68
		],
		[
			9,
			63
		],
		[
			43,
			63
		],
		[
			94,
			120
		],
		[
			57,
			137
		],
		[
			7,
			64
		],
		[
			7,
			65
		],
		[
			64,
			65
		],
		[
			72,
			84
		],
		[
			21,
			62
		],
		[
			21,
			59
		],
		[
			42,
			96
		],
		[
			46,
			73
		],
		[
			48,
			73
		],
		[
			46,
			48
		],
		[
			17,
			52
		],
		[
			52,
			79
		],
		[
			17,
			79
		],
		[
			23,
			104
		],
		[
			10,
			130
		],
		[
			10,
			70
		],
		[
			70,
			130
		],
		[
			99,
			108
		],
		[
			52,
			82
		],
		[
			79,
			82
		],
		[
			76,
			90
		],
		[
			22,
			36
		],
		[
			22,
			104
		],
		[
			36,
			104
		],
		[
			124,
			125
		],
		[
			85,
			124
		],
		[
			21,
			67
		],
		[
			51,
			130
		],
		[
			87,
			124
		],
		[
			71,
			124
		],
		[
			67,
			68
		],
		[
			25,
			104
		],
		[
			39,
			55
		],
		[
			56,
			101
		],
		[
			20,
			56
		],
		[
			3,
			24
		],
		[
			67,
			73
		],
		[
			46,
			67
		],
		[
			112,
			121
		],
		[
			112,
			127
		],
		[
			43,
			78
		],
		[
			35,
			60
		],
		[
			60,
			82
		],
		[
			35,
			82
		],
		[
			35,
			49
		],
		[
			76,
			77
		],
		[
			77,
			90
		],
		[
			35,
			52
		],
		[
			13,
			31
		],
		[
			85,
			89
		],
		[
			40,
			81
		],
		[
			6,
			81
		],
		[
			106,
			107
		],
		[
			4,
			102
		],
		[
			72,
			130
		],
		[
			7,
			9
		],
		[
			9,
			64
		],
		[
			30,
			100
		],
		[
			22,
			69
		],
		[
			36,
			69
		],
		[
			9,
			128
		],
		[
			53,
			73
		],
		[
			48,
			53
		],
		[
			54,
			90
		],
		[
			63,
			64
		],
		[
			40,
			86
		],
		[
			19,
			34
		],
		[
			19,
			90
		],
		[
			71,
			82
		],
		[
			71,
			79
		],
		[
			106,
			112
		],
		[
			74,
			105
		],
		[
			36,
			115
		],
		[
			22,
			70
		],
		[
			69,
			70
		],
		[
			53,
			61
		],
		[
			4,
			41
		],
		[
			47,
			68
		],
		[
			68,
			91
		],
		[
			77,
			121
		],
		[
			17,
			58
		],
		[
			58,
			79
		],
		[
			81,
			86
		],
		[
			68,
			73
		],
		[
			55,
			77
		],
		[
			47,
			65
		],
		[
			112,
			118
		],
		[
			57,
			134
		],
		[
			21,
			46
		],
		[
			8,
			56
		],
		[
			49,
			53
		],
		[
			8,
			100
		],
		[
			34,
			80
		]
	],
	"score": 0.5061728395061729,
	"obtuse num": 0,
	"steiner num": 140
}