{
	"content_type": "CG_SHOP_2025_Solution",
	"instance_uid": "simple-polygon-exterior_60_8670ab75",
	"steiner_points_x": [
		"4847/71",
		"3493/73",
		51,
		53,
		42,
		63,
		"4897/169",
		35,
		75,
		56,
		67,
		51,
		"65576/713",
		"259/125",
		"193/274",
		"578151/6250",
		"28823/34250",
		"2527/41",
		0,
		"80254/3041",
		"15572/185",
		"69066/1385",
		"1771/122",
		47,
		75,
		"7692/85",
		91,
		"285033/3125",
		86,
		73,
		"2251/370",
		"1083/17",
		"316/5",
		"244/221",
		22,
		"15572/185",
		63,
		"569373/6250",
		"7379/101",
		"22459107/246875",
		"155213/1961",
		77,
		15,
		"4507/377",
		19,
		"372/145",
		30,
		"801/25",
		"6989/101",
		63,
		"12712/205",
		47,
		"2859/37",
		"13119/169",
		69,
		"9561/137",
		19,
		"948/493",
		57,
		"15572/185",
		"764/17",
		82,
		"6056/281",
		22,
		"35024/401",
		"4596909/50125",
		31,
		22,
		"12805/562",
		28
	],
	"steiner_points_y": [
		"4036/71",
		"34971/365",
		73,
		17,
		43,
		73,
		"512/169",
		16,
		53,
		58,
		32,
		66,
		"70741/2139",
		"1612/125",
		"4915/274",
		"119107/6250",
		"440549/34250",
		"152/41",
		54,
		"296107/3041",
		"2991/37",
		"1068/1385",
		"5207/122",
		89,
		85,
		"6119/85",
		19,
		"166006/3125",
		70,
		60,
		"2293/370",
		"19/17",
		"98/5",
		"16599/221",
		78,
		85,
		66,
		"350261/6250",
		"9453/101",
		"185506/3125",
		"19526/1961",
		29,
		16,
		"25811/377",
		67,
		"11859/145",
		38,
		"1743/25",
		"9492/101",
		42,
		"5394/205",
		28,
		"125/37",
		"6237/169",
		92,
		"12307/137",
		70,
		"40359/493",
		24,
		"16509/185",
		"1839/34",
		51,
		"11025/281",
		39,
		"15973/401",
		"2004938/50125",
		46,
		46,
		"23373/562",
		52
	],
	"edges": [
		[
			59,
			116
		],
		[
			59,
			107
		],
		[
			107,
			116
		],
		[
			68,
			89
		],
		[
			38,
			89
		],
		[
			38,
			68
		],
		[
			75,
			86
		],
		[
			72,
			86
		],
		[
			52,
			65
		],
		[
			49,
			52
		],
		[
			49,
			65
		],
		[
			30,
			101
		],
		[
			31,
			101
		],
		[
			73,
			74
		],
		[
			10,
			74
		],
		[
			39,
			88
		],
		[
			38,
			88
		],
		[
			9,
			82
		],
		[
			82,
			122
		],
		[
			85,
			88
		],
		[
			80,
			88
		],
		[
			80,
			85
		],
		[
			100,
			112
		],
		[
			41,
			115
		],
		[
			84,
			115
		],
		[
			41,
			84
		],
		[
			34,
			121
		],
		[
			113,
			121
		],
		[
			20,
			89
		],
		[
			60,
			89
		],
		[
			28,
			91
		],
		[
			28,
			112
		],
		[
			12,
			73
		],
		[
			60,
			96
		],
		[
			23,
			70
		],
		[
			22,
			70
		],
		[
			5,
			82
		],
		[
			0,
			105
		],
		[
			54,
			94
		],
		[
			79,
			94
		],
		[
			54,
			79
		],
		[
			33,
			113
		],
		[
			61,
			83
		],
		[
			79,
			83
		],
		[
			7,
			128
		],
		[
			7,
			122
		],
		[
			51,
			83
		],
		[
			51,
			61
		],
		[
			88,
			99
		],
		[
			72,
			124
		],
		[
			124,
			125
		],
		[
			45,
			84
		],
		[
			48,
			84
		],
		[
			45,
			48
		],
		[
			0,
			2
		],
		[
			41,
			49
		],
		[
			53,
			79
		],
		[
			53,
			83
		],
		[
			28,
			31
		],
		[
			31,
			100
		],
		[
			63,
			111
		],
		[
			111,
			118
		],
		[
			63,
			118
		],
		[
			58,
			116
		],
		[
			24,
			118
		],
		[
			92,
			118
		],
		[
			26,
			81
		],
		[
			3,
			103
		],
		[
			3,
			58
		],
		[
			32,
			110
		],
		[
			24,
			32
		],
		[
			18,
			22
		],
		[
			18,
			109
		],
		[
			22,
			109
		],
		[
			105,
			117
		],
		[
			55,
			57
		],
		[
			57,
			104
		],
		[
			55,
			104
		],
		[
			64,
			126
		],
		[
			64,
			106
		],
		[
			106,
			126
		],
		[
			21,
			109
		],
		[
			60,
			109
		],
		[
			40,
			65
		],
		[
			41,
			65
		],
		[
			15,
			67
		],
		[
			14,
			67
		],
		[
			33,
			101
		],
		[
			33,
			35
		],
		[
			35,
			101
		],
		[
			18,
			23
		],
		[
			17,
			23
		],
		[
			113,
			124
		],
		[
			21,
			70
		],
		[
			60,
			68
		],
		[
			21,
			68
		],
		[
			25,
			27
		],
		[
			25,
			77
		],
		[
			16,
			64
		],
		[
			17,
			64
		],
		[
			120,
			126
		],
		[
			64,
			120
		],
		[
			8,
			106
		],
		[
			8,
			126
		],
		[
			62,
			65
		],
		[
			65,
			71
		],
		[
			62,
			71
		],
		[
			14,
			102
		],
		[
			15,
			102
		],
		[
			49,
			114
		],
		[
			50,
			114
		],
		[
			34,
			68
		],
		[
			21,
			34
		],
		[
			16,
			67
		],
		[
			60,
			69
		],
		[
			69,
			96
		],
		[
			6,
			9
		],
		[
			6,
			10
		],
		[
			34,
			70
		],
		[
			66,
			67
		],
		[
			26,
			67
		],
		[
			26,
			66
		],
		[
			5,
			78
		],
		[
			53,
			62
		],
		[
			52,
			62
		],
		[
			38,
			121
		],
		[
			36,
			38
		],
		[
			36,
			121
		],
		[
			24,
			31
		],
		[
			31,
			92
		],
		[
			33,
			70
		],
		[
			9,
			123
		],
		[
			15,
			123
		],
		[
			9,
			15
		],
		[
			47,
			114
		],
		[
			108,
			114
		],
		[
			47,
			108
		],
		[
			69,
			71
		],
		[
			69,
			120
		],
		[
			71,
			120
		],
		[
			103,
			104
		],
		[
			16,
			111
		],
		[
			67,
			111
		],
		[
			106,
			123
		],
		[
			15,
			106
		],
		[
			23,
			111
		],
		[
			17,
			111
		],
		[
			19,
			129
		],
		[
			55,
			129
		],
		[
			19,
			55
		],
		[
			5,
			57
		],
		[
			57,
			82
		],
		[
			63,
			92
		],
		[
			32,
			101
		],
		[
			0,
			94
		],
		[
			0,
			79
		],
		[
			28,
			92
		],
		[
			12,
			90
		],
		[
			14,
			66
		],
		[
			30,
			100
		],
		[
			42,
			44
		],
		[
			42,
			84
		],
		[
			44,
			84
		],
		[
			10,
			12
		],
		[
			3,
			5
		],
		[
			2,
			58
		],
		[
			95,
			119
		],
		[
			42,
			88
		],
		[
			63,
			67
		],
		[
			80,
			95
		],
		[
			77,
			91
		],
		[
			20,
			40
		],
		[
			20,
			39
		],
		[
			104,
			116
		],
		[
			103,
			116
		],
		[
			48,
			114
		],
		[
			39,
			42
		],
		[
			122,
			123
		],
		[
			123,
			128
		],
		[
			106,
			128
		],
		[
			2,
			93
		],
		[
			93,
			105
		],
		[
			40,
			42
		],
		[
			70,
			110
		],
		[
			32,
			70
		],
		[
			30,
			35
		],
		[
			45,
			119
		],
		[
			2,
			4
		],
		[
			44,
			80
		],
		[
			44,
			119
		],
		[
			9,
			102
		],
		[
			20,
			65
		],
		[
			3,
			57
		],
		[
			114,
			115
		],
		[
			8,
			127
		],
		[
			7,
			127
		],
		[
			13,
			102
		],
		[
			104,
			107
		],
		[
			46,
			48
		],
		[
			68,
			121
		],
		[
			9,
			12
		],
		[
			47,
			98
		],
		[
			18,
			64
		],
		[
			18,
			69
		],
		[
			69,
			109
		],
		[
			19,
			62
		],
		[
			59,
			94
		],
		[
			94,
			107
		],
		[
			12,
			102
		],
		[
			16,
			106
		],
		[
			36,
			125
		],
		[
			39,
			89
		],
		[
			126,
			127
		],
		[
			56,
			129
		],
		[
			49,
			51
		],
		[
			30,
			86
		],
		[
			29,
			86
		],
		[
			65,
			96
		],
		[
			25,
			63
		],
		[
			110,
			118
		],
		[
			36,
			87
		],
		[
			23,
			118
		],
		[
			26,
			63
		],
		[
			37,
			87
		],
		[
			37,
			97
		],
		[
			19,
			54
		],
		[
			19,
			107
		],
		[
			37,
			99
		],
		[
			35,
			72
		],
		[
			126,
			129
		],
		[
			120,
			129
		],
		[
			38,
			99
		],
		[
			121,
			124
		],
		[
			52,
			83
		],
		[
			54,
			62
		],
		[
			73,
			76
		],
		[
			57,
			127
		],
		[
			82,
			127
		],
		[
			56,
			127
		],
		[
			35,
			86
		],
		[
			56,
			126
		],
		[
			25,
			28
		],
		[
			0,
			58
		]
	],
	"score": 0.5070422535211268,
	"obtuse num": 0,
	"steiner num": 130
}