{
	"content_type": "CG_SHOP_2025_Solution",
	"instance_uid": "simple-polygon-exterior_20_92dcd467",
	"steiner_points_x": [
		"2121968/913",
		1906,
		"1141678726605/465588002",
		"1110063205/509954",
		"1095005375683/440771749",
		1304,
		298,
		"151984959/462634",
		"103292511/492010",
		"75575259677701/158461860314",
		835,
		704,
		"1209481821893420408/2500607386685077",
		"1926544/231317",
		"297075921872/56905138585",
		"75525003/63122",
		"439976238560/526721529",
		1124,
		"43323281/31561",
		1105,
		"369504285/206557",
		1246
	],
	"steiner_points_y": [
		"545139/913",
		414,
		"19146770761/42326182",
		"106549003/509954",
		"28085283891/40070159",
		426,
		628,
		"256228245/462634",
		"299052117/492010",
		"27525095362443/158461860314",
		511,
		1033,
		"49498351556631384/2500607386685077",
		"3247920/231317",
		"860093171184/56905138585",
		"3221339/63122",
		"18543157952/526721529",
		188,
		"1854369/31561",
		743,
		"240200614/206557",
		602
	],
	"edges": [
		[
			8,
			9
		],
		[
			8,
			35
		],
		[
			9,
			35
		],
		[
			13,
			30
		],
		[
			13,
			14
		],
		[
			14,
			30
		],
		[
			16,
			33
		],
		[
			15,
			33
		],
		[
			15,
			16
		],
		[
			25,
			41
		],
		[
			5,
			41
		],
		[
			5,
			25
		],
		[
			26,
			31
		],
		[
			0,
			26
		],
		[
			0,
			31
		],
		[
			14,
			27
		],
		[
			17,
			27
		],
		[
			14,
			17
		],
		[
			15,
			27
		],
		[
			27,
			29
		],
		[
			15,
			29
		],
		[
			21,
			25
		],
		[
			5,
			21
		],
		[
			29,
			36
		],
		[
			14,
			29
		],
		[
			14,
			36
		],
		[
			36,
			37
		],
		[
			14,
			37
		],
		[
			9,
			37
		],
		[
			13,
			37
		],
		[
			9,
			13
		],
		[
			11,
			12
		],
		[
			12,
			39
		],
		[
			11,
			39
		],
		[
			18,
			26
		],
		[
			18,
			19
		],
		[
			19,
			26
		],
		[
			27,
			33
		],
		[
			18,
			33
		],
		[
			18,
			27
		],
		[
			6,
			21
		],
		[
			5,
			6
		],
		[
			20,
			23
		],
		[
			20,
			22
		],
		[
			22,
			23
		],
		[
			0,
			19
		],
		[
			1,
			39
		],
		[
			31,
			39
		],
		[
			1,
			31
		],
		[
			35,
			37
		],
		[
			35,
			36
		],
		[
			7,
			21
		],
		[
			6,
			7
		],
		[
			18,
			28
		],
		[
			28,
			33
		],
		[
			8,
			25
		],
		[
			9,
			25
		],
		[
			39,
			41
		],
		[
			11,
			41
		],
		[
			17,
			18
		],
		[
			30,
			31
		],
		[
			12,
			31
		],
		[
			12,
			30
		],
		[
			6,
			20
		],
		[
			5,
			20
		],
		[
			29,
			32
		],
		[
			15,
			32
		],
		[
			28,
			34
		],
		[
			33,
			34
		],
		[
			17,
			30
		],
		[
			17,
			31
		],
		[
			9,
			10
		],
		[
			10,
			25
		],
		[
			2,
			3
		],
		[
			2,
			40
		],
		[
			3,
			40
		],
		[
			3,
			5
		],
		[
			3,
			20
		],
		[
			6,
			23
		],
		[
			7,
			23
		],
		[
			8,
			21
		],
		[
			7,
			8
		],
		[
			32,
			36
		],
		[
			10,
			13
		],
		[
			12,
			13
		],
		[
			3,
			24
		],
		[
			20,
			24
		],
		[
			16,
			34
		],
		[
			10,
			41
		],
		[
			10,
			11
		],
		[
			2,
			39
		],
		[
			2,
			41
		],
		[
			11,
			13
		],
		[
			2,
			5
		],
		[
			8,
			38
		],
		[
			7,
			38
		],
		[
			35,
			38
		],
		[
			4,
			20
		],
		[
			4,
			24
		],
		[
			17,
			26
		],
		[
			1,
			2
		],
		[
			4,
			22
		],
		[
			0,
			1
		],
		[
			19,
			28
		],
		[
			1,
			40
		]
	],
	"score": 0.5217391304347826,
	"obtuse num": 0,
	"steiner num": 42
}