{
	"content_type": "CG_SHOP_2025_Solution",
	"instance_uid": "simple-polygon-exterior-20_60_53ad6d23",
	"steiner_points_x": [
		"5595/481",
		35,
		"693/82",
		"13267/197",
		50,
		"946554/127465",
		62,
		48,
		"3174/265",
		13,
		"109/17",
		"87/5",
		26,
		50,
		"1121903/16745",
		42,
		"7399/145",
		"7307/106",
		34,
		22,
		"13086/197",
		"13380/197",
		"110490/2213",
		47,
		15,
		"13465/197",
		42,
		59,
		"5557/85",
		"599/10",
		56,
		51,
		"37029/2213",
		"773/82",
		44,
		46,
		41,
		"1145/34",
		"6875/241",
		"88024/2213",
		21
	],
	"steiner_points_y": [
		"6005/481",
		5,
		"4597/82",
		"5286/197",
		5,
		"556541/25493",
		24,
		56,
		"6328/265",
		33,
		"551/17",
		"264/5",
		5,
		6,
		"368222/16745",
		35,
		"8913/145",
		"2601/53",
		48,
		26,
		"2752/197",
		"6868/197",
		"158670/2213",
		"3364/47",
		51,
		"8058/197",
		23,
		38,
		"1879/85",
		14,
		32,
		36,
		"155544/2213",
		"5317/82",
		52,
		44,
		60,
		"2115/34",
		"17060/241",
		"157714/2213",
		59
	],
	"edges": [
		[
			41,
			43
		],
		[
			52,
			95
		],
		[
			53,
			95
		],
		[
			39,
			85
		],
		[
			39,
			77
		],
		[
			50,
			87
		],
		[
			40,
			50
		],
		[
			40,
			87
		],
		[
			13,
			18
		],
		[
			13,
			21
		],
		[
			18,
			21
		],
		[
			68,
			79
		],
		[
			18,
			79
		],
		[
			53,
			75
		],
		[
			10,
			75
		],
		[
			10,
			53
		],
		[
			19,
			65
		],
		[
			19,
			60
		],
		[
			15,
			79
		],
		[
			14,
			79
		],
		[
			28,
			50
		],
		[
			28,
			87
		],
		[
			28,
			51
		],
		[
			28,
			52
		],
		[
			19,
			21
		],
		[
			51,
			95
		],
		[
			22,
			61
		],
		[
			21,
			61
		],
		[
			4,
			62
		],
		[
			24,
			25
		],
		[
			23,
			25
		],
		[
			21,
			72
		],
		[
			10,
			54
		],
		[
			13,
			79
		],
		[
			13,
			22
		],
		[
			6,
			70
		],
		[
			48,
			51
		],
		[
			48,
			50
		],
		[
			61,
			73
		],
		[
			64,
			73
		],
		[
			48,
			67
		],
		[
			47,
			67
		],
		[
			9,
			54
		],
		[
			54,
			94
		],
		[
			94,
			95
		],
		[
			54,
			95
		],
		[
			57,
			83
		],
		[
			57,
			99
		],
		[
			23,
			61
		],
		[
			23,
			73
		],
		[
			55,
			59
		],
		[
			55,
			78
		],
		[
			59,
			78
		],
		[
			25,
			32
		],
		[
			24,
			32
		],
		[
			65,
			68
		],
		[
			19,
			68
		],
		[
			67,
			96
		],
		[
			76,
			96
		],
		[
			67,
			76
		],
		[
			6,
			69
		],
		[
			69,
			70
		],
		[
			12,
			86
		],
		[
			12,
			26
		],
		[
			26,
			86
		],
		[
			56,
			96
		],
		[
			55,
			96
		],
		[
			57,
			98
		],
		[
			33,
			36
		],
		[
			36,
			89
		],
		[
			58,
			98
		],
		[
			97,
			98
		],
		[
			11,
			75
		],
		[
			26,
			75
		],
		[
			11,
			26
		],
		[
			58,
			100
		],
		[
			98,
			100
		],
		[
			25,
			86
		],
		[
			59,
			100
		],
		[
			30,
			90
		],
		[
			31,
			90
		],
		[
			22,
			86
		],
		[
			12,
			22
		],
		[
			59,
			71
		],
		[
			26,
			31
		],
		[
			25,
			31
		],
		[
			15,
			69
		],
		[
			7,
			69
		],
		[
			7,
			15
		],
		[
			66,
			88
		],
		[
			37,
			66
		],
		[
			37,
			63
		],
		[
			63,
			88
		],
		[
			7,
			14
		],
		[
			8,
			14
		],
		[
			67,
			94
		],
		[
			94,
			96
		],
		[
			26,
			30
		],
		[
			9,
			78
		],
		[
			0,
			9
		],
		[
			0,
			78
		],
		[
			27,
			75
		],
		[
			16,
			68
		],
		[
			56,
			97
		],
		[
			0,
			84
		],
		[
			71,
			84
		],
		[
			52,
			91
		],
		[
			28,
			91
		],
		[
			16,
			69
		],
		[
			16,
			70
		],
		[
			34,
			73
		],
		[
			47,
			49
		],
		[
			48,
			49
		],
		[
			1,
			84
		],
		[
			71,
			100
		],
		[
			73,
			89
		],
		[
			24,
			73
		],
		[
			8,
			11
		],
		[
			8,
			10
		],
		[
			35,
			89
		],
		[
			5,
			84
		],
		[
			4,
			84
		],
		[
			0,
			8
		],
		[
			0,
			7
		],
		[
			46,
			96
		],
		[
			43,
			76
		],
		[
			43,
			46
		],
		[
			55,
			94
		],
		[
			54,
			78
		],
		[
			55,
			58
		],
		[
			1,
			4
		],
		[
			15,
			68
		],
		[
			4,
			93
		],
		[
			1,
			93
		],
		[
			1,
			100
		],
		[
			2,
			100
		],
		[
			57,
			96
		],
		[
			6,
			84
		],
		[
			12,
			14
		],
		[
			39,
			81
		],
		[
			38,
			81
		],
		[
			33,
			66
		],
		[
			32,
			33
		],
		[
			32,
			66
		],
		[
			38,
			87
		],
		[
			39,
			87
		],
		[
			29,
			90
		],
		[
			31,
			32
		],
		[
			74,
			88
		],
		[
			27,
			53
		],
		[
			24,
			89
		],
		[
			35,
			36
		],
		[
			39,
			40
		],
		[
			36,
			80
		],
		[
			29,
			87
		],
		[
			29,
			38
		],
		[
			27,
			30
		],
		[
			37,
			90
		],
		[
			38,
			90
		],
		[
			0,
			6
		],
		[
			37,
			81
		],
		[
			2,
			93
		],
		[
			48,
			94
		],
		[
			11,
			14
		],
		[
			27,
			91
		],
		[
			27,
			52
		],
		[
			66,
			90
		],
		[
			56,
			58
		],
		[
			31,
			66
		],
		[
			36,
			74
		],
		[
			41,
			77
		],
		[
			45,
			82
		],
		[
			45,
			83
		],
		[
			33,
			88
		],
		[
			2,
			98
		],
		[
			46,
			57
		],
		[
			24,
			33
		],
		[
			30,
			91
		],
		[
			29,
			91
		],
		[
			40,
			77
		],
		[
			40,
			49
		],
		[
			23,
			86
		],
		[
			2,
			92
		],
		[
			43,
			45
		],
		[
			43,
			44
		],
		[
			46,
			83
		],
		[
			41,
			47
		],
		[
			43,
			47
		],
		[
			41,
			49
		],
		[
			48,
			95
		]
	],
	"score": 0.5119047619047619,
	"obtuse num": 0,
	"steiner num": 101
}