{
	"content_type": "CG_SHOP_2025_Solution",
	"instance_uid": "simple-polygon-exterior-20_10_15783346",
	"steiner_points_x": [
		2168,
		"552311109/1574765",
		1644,
		"1621969/673",
		"2119212917/938209",
		"1808464969/808273",
		"17275568535637/8545870429",
		"3118607580/2562629",
		1662,
		"1735805809/808273",
		"95308788/56845",
		"83922938113141/45946278685"
	],
	"steiner_points_y": [
		"7840/3",
		"3743053938/1574765",
		2476,
		"1652645/673",
		"2564255796/938209",
		"1507026695/808273",
		"17518885758635/8545870429",
		"1083015207/2562629",
		1732,
		"1258197905/808273",
		"28485599/56845",
		"21012982549259/45946278685"
	],
	"edges": [
		[
			10,
			16
		],
		[
			5,
			10
		],
		[
			5,
			16
		],
		[
			6,
			20
		],
		[
			6,
			19
		],
		[
			19,
			20
		],
		[
			4,
			10
		],
		[
			10,
			14
		],
		[
			4,
			14
		],
		[
			3,
			10
		],
		[
			2,
			3
		],
		[
			2,
			10
		],
		[
			3,
			12
		],
		[
			10,
			12
		],
		[
			12,
			18
		],
		[
			12,
			16
		],
		[
			16,
			18
		],
		[
			20,
			21
		],
		[
			19,
			21
		],
		[
			11,
			12
		],
		[
			3,
			11
		],
		[
			11,
			18
		],
		[
			7,
			20
		],
		[
			6,
			7
		],
		[
			6,
			16
		],
		[
			15,
			16
		],
		[
			6,
			15
		],
		[
			4,
			5
		],
		[
			1,
			3
		],
		[
			1,
			2
		],
		[
			9,
			17
		],
		[
			8,
			9
		],
		[
			8,
			17
		],
		[
			7,
			18
		],
		[
			7,
			11
		],
		[
			7,
			9
		],
		[
			9,
			20
		],
		[
			1,
			11
		],
		[
			15,
			19
		],
		[
			8,
			20
		],
		[
			5,
			15
		],
		[
			5,
			13
		],
		[
			13,
			15
		],
		[
			0,
			9
		],
		[
			0,
			17
		],
		[
			4,
			13
		],
		[
			0,
			11
		],
		[
			0,
			7
		],
		[
			6,
			18
		],
		[
			8,
			21
		],
		[
			2,
			14
		]
	],
	"score": 0.5384615384615384,
	"obtuse num": 0,
	"steiner num": 22
}