{
	"content_type": "CG_SHOP_2025_Solution",
	"instance_uid": "simple-polygon-exterior-20_20_52abeef5",
	"steiner_points_x": [
		2307,
		6218,
		"57169/13",
		"24283407037/4040909",
		"9163956283/4040909",
		"278169543/33122",
		"33414555319/7202401",
		1982,
		"854177068/140233",
		6765,
		"52361423/6737",
		"348204673/47747",
		"91613639/13220",
		"1348537447/165610",
		5507,
		"13686727/1853",
		"49411222057/6151657",
		7227,
		"354239169508220027/74585479094041",
		"70237059603/20711282"
	],
	"steiner_points_y": [
		3470,
		4164,
		"52724/13",
		"17138808732/4040909",
		"15397459872/4040909",
		"67225527/33122",
		"20251220162/7202401",
		2771,
		"228748099/140233",
		1872,
		"24912177/6737",
		"199289472/47747",
		"4358924/3305",
		"448856391/165610",
		2274,
		"7442628/1853",
		"8761478671/6151657",
		3735,
		"85854736993950774/74585479094041",
		"21975998137/20711282"
	],
	"edges": [
		[
			16,
			21
		],
		[
			16,
			23
		],
		[
			21,
			23
		],
		[
			0,
			18
		],
		[
			18,
			29
		],
		[
			0,
			29
		],
		[
			7,
			21
		],
		[
			7,
			37
		],
		[
			21,
			37
		],
		[
			7,
			31
		],
		[
			31,
			35
		],
		[
			28,
			38
		],
		[
			4,
			33
		],
		[
			4,
			30
		],
		[
			20,
			22
		],
		[
			9,
			22
		],
		[
			2,
			36
		],
		[
			5,
			30
		],
		[
			5,
			6
		],
		[
			3,
			25
		],
		[
			3,
			33
		],
		[
			0,
			32
		],
		[
			28,
			34
		],
		[
			18,
			34
		],
		[
			2,
			32
		],
		[
			10,
			27
		],
		[
			11,
			27
		],
		[
			16,
			18
		],
		[
			17,
			21
		],
		[
			5,
			35
		],
		[
			8,
			21
		],
		[
			4,
			5
		],
		[
			14,
			39
		],
		[
			14,
			38
		],
		[
			16,
			34
		],
		[
			2,
			25
		],
		[
			0,
			28
		],
		[
			9,
			14
		],
		[
			14,
			20
		],
		[
			26,
			38
		],
		[
			4,
			37
		],
		[
			5,
			37
		],
		[
			3,
			17
		],
		[
			4,
			17
		],
		[
			15,
			23
		],
		[
			17,
			37
		],
		[
			3,
			29
		],
		[
			2,
			29
		],
		[
			34,
			38
		],
		[
			15,
			34
		],
		[
			26,
			34
		],
		[
			29,
			32
		],
		[
			12,
			27
		],
		[
			9,
			26
		],
		[
			9,
			15
		],
		[
			5,
			7
		],
		[
			20,
			24
		],
		[
			20,
			27
		],
		[
			15,
			22
		],
		[
			13,
			27
		],
		[
			14,
			27
		],
		[
			17,
			29
		]
	],
	"score": 0.5238095238095238,
	"obtuse num": 0,
	"steiner num": 40
}