{
	"content_type": "CG_SHOP_2025_Solution",
	"instance_uid": "simple-polygon-exterior_40_ca26cbd4",
	"steiner_points_x": [
		"484662091/297802",
		3672,
		"317677/2813",
		3427,
		"4046346928/1420945",
		"22963497697/7445050",
		2046,
		1548,
		2410,
		"16056780/4121",
		"14579034578/3722525",
		3080,
		3394,
		"19945174027/7445050",
		"13773662114/3722525",
		"1011984572/612545",
		"8540384582/3722525",
		115,
		1722,
		1529,
		"22034129263/7445050",
		"52460990465003/22111762135",
		881,
		"16199250/4121",
		"626334134/355855",
		2759,
		2720,
		"65847041/464617",
		"53126626/464617",
		"291286188/112645",
		2862,
		"6483450074/3722525",
		"2625965699/766610",
		201,
		"5409006083/3722525",
		"2707858/685",
		"58291167/929234",
		"774759004/447961",
		"1976791157/2080825",
		"736543742/552457",
		"97525747/416165",
		1310,
		"34698188/204865",
		"242850716/2080825",
		136,
		"41360083/416165",
		"25189716499/7445050",
		"6003891/5017",
		"20212029/17023",
		"2143437/2353"
	],
	"steiner_points_y": [
		"570780903/297802",
		682,
		"2487230/2813",
		1060,
		"69601504/1420945",
		"13460287029/7445050",
		1401,
		1546,
		694,
		"3589542/4121",
		"6499070746/3722525",
		1749,
		695,
		"13685468839/7445050",
		"6559155498/3722525",
		"915792394/612545",
		"6949583774/3722525",
		918,
		937,
		768,
		"13529622491/7445050",
		"9299281163417/176894097080",
		1345,
		"5413158/4121",
		"43587527/71171",
		1442,
		287,
		"669107045/464617",
		"585503214/464617",
		"171586756/112645",
		1327,
		"7103041218/3722525",
		"814727507/766610",
		1247,
		"7183200031/3722525",
		"1145226/685",
		"855779759/929234",
		"818315290/447961",
		"548238001/2080825",
		"844921432/552457",
		"306717141/416165",
		1540,
		"179095191/204865",
		"1695550213/2080825",
		844,
		"343880789/416165",
		"13294200143/7445050",
		"9652670/5017",
		"33022480/17023",
		"4479148/2353"
	],
	"edges": [
		[
			5,
			46
		],
		[
			5,
			58
		],
		[
			46,
			58
		],
		[
			3,
			36
		],
		[
			2,
			36
		],
		[
			83,
			84
		],
		[
			80,
			84
		],
		[
			61,
			64
		],
		[
			42,
			76
		],
		[
			67,
			73
		],
		[
			68,
			73
		],
		[
			87,
			88
		],
		[
			8,
			80
		],
		[
			7,
			80
		],
		[
			38,
			49
		],
		[
			28,
			51
		],
		[
			29,
			51
		],
		[
			27,
			65
		],
		[
			26,
			65
		],
		[
			39,
			41
		],
		[
			38,
			41
		],
		[
			17,
			87
		],
		[
			13,
			67
		],
		[
			13,
			73
		],
		[
			11,
			82
		],
		[
			8,
			11
		],
		[
			15,
			62
		],
		[
			15,
			81
		],
		[
			62,
			81
		],
		[
			15,
			88
		],
		[
			15,
			89
		],
		[
			58,
			64
		],
		[
			7,
			78
		],
		[
			48,
			66
		],
		[
			61,
			66
		],
		[
			48,
			61
		],
		[
			55,
			58
		],
		[
			20,
			58
		],
		[
			6,
			59
		],
		[
			59,
			64
		],
		[
			4,
			36
		],
		[
			24,
			26
		],
		[
			24,
			27
		],
		[
			7,
			59
		],
		[
			23,
			56
		],
		[
			23,
			71
		],
		[
			30,
			51
		],
		[
			51,
			86
		],
		[
			30,
			86
		],
		[
			0,
			41
		],
		[
			43,
			72
		],
		[
			36,
			43
		],
		[
			80,
			82
		],
		[
			27,
			51
		],
		[
			26,
			69
		],
		[
			57,
			76
		],
		[
			42,
			57
		],
		[
			1,
			44
		],
		[
			38,
			43
		],
		[
			35,
			43
		],
		[
			35,
			38
		],
		[
			47,
			79
		],
		[
			18,
			47
		],
		[
			12,
			62
		],
		[
			8,
			62
		],
		[
			8,
			12
		],
		[
			20,
			79
		],
		[
			24,
			60
		],
		[
			27,
			60
		],
		[
			9,
			11
		],
		[
			13,
			62
		],
		[
			13,
			15
		],
		[
			46,
			69
		],
		[
			25,
			46
		],
		[
			25,
			65
		],
		[
			4,
			48
		],
		[
			5,
			48
		],
		[
			22,
			47
		],
		[
			21,
			47
		],
		[
			18,
			22
		],
		[
			4,
			70
		],
		[
			36,
			70
		],
		[
			19,
			62
		],
		[
			8,
			19
		],
		[
			15,
			17
		],
		[
			17,
			81
		],
		[
			19,
			81
		],
		[
			79,
			81
		],
		[
			29,
			72
		],
		[
			30,
			72
		],
		[
			35,
			63
		],
		[
			21,
			23
		],
		[
			21,
			77
		],
		[
			32,
			54
		],
		[
			32,
			50
		],
		[
			71,
			77
		],
		[
			35,
			49
		],
		[
			30,
			54
		],
		[
			31,
			54
		],
		[
			82,
			84
		],
		[
			0,
			2
		],
		[
			24,
			53
		],
		[
			24,
			56
		],
		[
			4,
			25
		],
		[
			25,
			70
		],
		[
			1,
			66
		],
		[
			1,
			61
		],
		[
			11,
			73
		],
		[
			11,
			57
		],
		[
			57,
			73
		],
		[
			45,
			51
		],
		[
			51,
			60
		],
		[
			7,
			20
		],
		[
			20,
			59
		],
		[
			9,
			85
		],
		[
			31,
			34
		],
		[
			32,
			34
		],
		[
			36,
			52
		],
		[
			2,
			52
		],
		[
			37,
			41
		],
		[
			7,
			19
		],
		[
			58,
			59
		],
		[
			40,
			77
		],
		[
			23,
			69
		],
		[
			0,
			52
		],
		[
			5,
			25
		],
		[
			31,
			72
		],
		[
			23,
			46
		],
		[
			18,
			74
		],
		[
			22,
			74
		],
		[
			47,
			55
		],
		[
			3,
			66
		],
		[
			2,
			66
		],
		[
			3,
			48
		],
		[
			28,
			65
		],
		[
			46,
			55
		],
		[
			21,
			46
		],
		[
			37,
			43
		],
		[
			48,
			64
		],
		[
			65,
			70
		],
		[
			41,
			52
		],
		[
			37,
			52
		],
		[
			32,
			75
		],
		[
			22,
			40
		],
		[
			9,
			42
		],
		[
			18,
			81
		],
		[
			57,
			68
		],
		[
			70,
			72
		],
		[
			28,
			70
		],
		[
			29,
			70
		],
		[
			9,
			84
		],
		[
			84,
			85
		],
		[
			31,
			35
		],
		[
			12,
			73
		],
		[
			20,
			47
		],
		[
			17,
			74
		]
	],
	"score": 0.5098039215686274,
	"obtuse num": 0,
	"steiner num": 90
}