{
	"content_type": "CG_SHOP_2025_Solution",
	"instance_uid": "simple-polygon_40_12969fc3",
	"steiner_points_x": [
		9175,
		10934,
		8038,
		12963,
		9999,
		12004,
		11559,
		"423124100/52597",
		"9639525/1693",
		6375,
		"13119225/2281",
		12940,
		11873,
		"13233415/1063",
		12517,
		12730
	],
	"steiner_points_y": [
		8040,
		10903,
		6176,
		10239,
		"3902225/373",
		9882,
		11127,
		"143476025/52597",
		"4528200/1693",
		9323,
		"23566500/2281",
		9829,
		4813,
		2911,
		3379,
		6143
	],
	"edges": [
		[
			4,
			53
		],
		[
			5,
			53
		],
		[
			38,
			42
		],
		[
			39,
			42
		],
		[
			34,
			42
		],
		[
			34,
			38
		],
		[
			22,
			30
		],
		[
			22,
			31
		],
		[
			16,
			46
		],
		[
			17,
			46
		],
		[
			7,
			55
		],
		[
			8,
			55
		],
		[
			10,
			43
		],
		[
			11,
			43
		],
		[
			53,
			54
		],
		[
			5,
			54
		],
		[
			36,
			38
		],
		[
			25,
			27
		],
		[
			40,
			55
		],
		[
			21,
			40
		],
		[
			21,
			55
		],
		[
			12,
			43
		],
		[
			13,
			43
		],
		[
			41,
			46
		],
		[
			17,
			41
		],
		[
			49,
			50
		],
		[
			25,
			49
		],
		[
			25,
			50
		],
		[
			29,
			49
		],
		[
			30,
			49
		],
		[
			9,
			55
		],
		[
			18,
			41
		],
		[
			41,
			44
		],
		[
			18,
			44
		],
		[
			31,
			42
		],
		[
			32,
			42
		],
		[
			14,
			43
		],
		[
			51,
			55
		],
		[
			45,
			55
		],
		[
			45,
			51
		],
		[
			34,
			36
		],
		[
			28,
			49
		],
		[
			2,
			54
		],
		[
			33,
			42
		],
		[
			23,
			30
		],
		[
			21,
			41
		],
		[
			23,
			49
		],
		[
			22,
			40
		],
		[
			31,
			40
		],
		[
			45,
			46
		],
		[
			15,
			46
		],
		[
			15,
			45
		],
		[
			39,
			52
		],
		[
			2,
			52
		],
		[
			2,
			39
		],
		[
			1,
			39
		],
		[
			39,
			47
		],
		[
			42,
			52
		],
		[
			9,
			51
		],
		[
			10,
			51
		],
		[
			1,
			48
		],
		[
			52,
			54
		],
		[
			7,
			52
		],
		[
			7,
			54
		],
		[
			25,
			28
		],
		[
			43,
			51
		],
		[
			43,
			45
		],
		[
			21,
			45
		],
		[
			41,
			45
		],
		[
			19,
			44
		],
		[
			6,
			54
		],
		[
			52,
			55
		],
		[
			40,
			52
		],
		[
			14,
			45
		],
		[
			31,
			52
		]
	],
	"score": 0.5294117647058824,
	"obtuse num": 0,
	"steiner num": 56
}