{
	"content_type": "CG_SHOP_2025_Solution",
	"instance_uid": "simple-polygon-exterior_60_ba2c82c0",
	"steiner_points_x": [
		"9929/193",
		48,
		8,
		"37311/629",
		"53/82",
		16,
		37,
		31,
		9,
		"38999/629",
		"38465/629",
		"86739600/40714781",
		"270323/5882",
		"999/53",
		"38015/629",
		"37765/629",
		10,
		"100/17",
		"15468/8077",
		31,
		8,
		"264450/168941",
		45,
		"17154/613",
		"453/197",
		"1545/34",
		28,
		"5054/89",
		"1750/221",
		"23283/1226",
		36,
		"1530/113",
		43,
		"119/82",
		7,
		52,
		"185/3",
		34,
		15,
		"2783/61",
		32,
		"493/13",
		49,
		"2050/701",
		"2129/43",
		43,
		56,
		26,
		25,
		"4152/137",
		21
	],
	"steiner_points_y": [
		"3263/193",
		"81/2",
		39,
		"8790/629",
		"3675/82",
		22,
		70,
		37,
		23,
		"29890/629",
		"23215/629",
		"1262602959/40714781",
		"201817/2941",
		"3738/53",
		"17590/629",
		"14465/629",
		55,
		"161/17",
		"454215/8077",
		34,
		48,
		"5213559/168941",
		7,
		"263/613",
		"11070/197",
		"2219/34",
		1,
		"3227/89",
		"9244/221",
		"841/1226",
		33,
		"3853/113",
		54,
		"4269/82",
		28,
		0,
		"130/3",
		30,
		34,
		"2004/61",
		48,
		"99/13",
		14,
		"16679/701",
		"1043/43",
		38,
		48,
		35,
		23,
		"5938/137",
		41
	],
	"edges": [
		[
			79,
			107
		],
		[
			33,
			79
		],
		[
			18,
			100
		],
		[
			21,
			100
		],
		[
			18,
			21
		],
		[
			34,
			67
		],
		[
			34,
			109
		],
		[
			67,
			109
		],
		[
			45,
			47
		],
		[
			5,
			105
		],
		[
			56,
			102
		],
		[
			82,
			102
		],
		[
			56,
			82
		],
		[
			62,
			88
		],
		[
			40,
			62
		],
		[
			21,
			28
		],
		[
			22,
			28
		],
		[
			0,
			2
		],
		[
			49,
			51
		],
		[
			23,
			76
		],
		[
			22,
			76
		],
		[
			41,
			103
		],
		[
			27,
			39
		],
		[
			28,
			39
		],
		[
			8,
			61
		],
		[
			7,
			61
		],
		[
			17,
			19
		],
		[
			19,
			66
		],
		[
			17,
			66
		],
		[
			91,
			94
		],
		[
			62,
			94
		],
		[
			62,
			91
		],
		[
			36,
			98
		],
		[
			37,
			98
		],
		[
			68,
			94
		],
		[
			37,
			94
		],
		[
			37,
			68
		],
		[
			43,
			77
		],
		[
			29,
			100
		],
		[
			100,
			109
		],
		[
			23,
			84
		],
		[
			22,
			27
		],
		[
			27,
			76
		],
		[
			11,
			13
		],
		[
			5,
			90
		],
		[
			5,
			52
		],
		[
			52,
			90
		],
		[
			75,
			104
		],
		[
			60,
			75
		],
		[
			14,
			85
		],
		[
			14,
			17
		],
		[
			19,
			21
		],
		[
			76,
			84
		],
		[
			28,
			34
		],
		[
			51,
			97
		],
		[
			52,
			97
		],
		[
			50,
			54
		],
		[
			50,
			55
		],
		[
			41,
			81
		],
		[
			12,
			29
		],
		[
			6,
			12
		],
		[
			6,
			29
		],
		[
			0,
			58
		],
		[
			25,
			93
		],
		[
			25,
			64
		],
		[
			12,
			92
		],
		[
			13,
			92
		],
		[
			71,
			81
		],
		[
			3,
			59
		],
		[
			0,
			3
		],
		[
			22,
			73
		],
		[
			21,
			73
		],
		[
			55,
			60
		],
		[
			55,
			104
		],
		[
			69,
			106
		],
		[
			15,
			106
		],
		[
			57,
			86
		],
		[
			86,
			101
		],
		[
			28,
			100
		],
		[
			11,
			61
		],
		[
			12,
			61
		],
		[
			33,
			36
		],
		[
			33,
			108
		],
		[
			36,
			108
		],
		[
			14,
			16
		],
		[
			50,
			57
		],
		[
			50,
			56
		],
		[
			96,
			106
		],
		[
			29,
			67
		],
		[
			47,
			108
		],
		[
			48,
			108
		],
		[
			86,
			89
		],
		[
			83,
			86
		],
		[
			60,
			63
		],
		[
			3,
			63
		],
		[
			12,
			100
		],
		[
			92,
			100
		],
		[
			9,
			70
		],
		[
			9,
			96
		],
		[
			10,
			96
		],
		[
			10,
			106
		],
		[
			45,
			48
		],
		[
			49,
			108
		],
		[
			51,
			108
		],
		[
			0,
			95
		],
		[
			13,
			106
		],
		[
			11,
			106
		],
		[
			30,
			67
		],
		[
			33,
			35
		],
		[
			31,
			79
		],
		[
			32,
			79
		],
		[
			46,
			65
		],
		[
			47,
			65
		],
		[
			72,
			85
		],
		[
			78,
			84
		],
		[
			98,
			110
		],
		[
			38,
			98
		],
		[
			38,
			110
		],
		[
			62,
			71
		],
		[
			53,
			104
		],
		[
			4,
			53
		],
		[
			74,
			104
		],
		[
			12,
			105
		],
		[
			31,
			97
		],
		[
			31,
			90
		],
		[
			90,
			97
		],
		[
			58,
			82
		],
		[
			59,
			82
		],
		[
			35,
			107
		],
		[
			82,
			101
		],
		[
			51,
			54
		],
		[
			48,
			86
		],
		[
			45,
			86
		],
		[
			28,
			110
		],
		[
			39,
			110
		],
		[
			38,
			62
		],
		[
			13,
			15
		],
		[
			49,
			57
		],
		[
			48,
			57
		],
		[
			18,
			92
		],
		[
			42,
			68
		],
		[
			46,
			68
		],
		[
			42,
			46
		],
		[
			10,
			87
		],
		[
			55,
			102
		],
		[
			43,
			46
		],
		[
			35,
			98
		],
		[
			52,
			99
		],
		[
			58,
			86
		],
		[
			54,
			104
		],
		[
			61,
			87
		],
		[
			10,
			61
		],
		[
			84,
			93
		],
		[
			30,
			90
		],
		[
			60,
			102
		],
		[
			67,
			79
		],
		[
			30,
			79
		],
		[
			36,
			47
		],
		[
			67,
			107
		],
		[
			5,
			8
		],
		[
			5,
			7
		],
		[
			41,
			68
		],
		[
			4,
			8
		],
		[
			4,
			87
		],
		[
			37,
			65
		],
		[
			65,
			68
		],
		[
			41,
			94
		],
		[
			80,
			88
		],
		[
			39,
			80
		],
		[
			27,
			80
		],
		[
			8,
			99
		],
		[
			34,
			110
		],
		[
			25,
			80
		],
		[
			26,
			80
		],
		[
			64,
			88
		],
		[
			43,
			45
		],
		[
			56,
			101
		],
		[
			64,
			80
		],
		[
			38,
			88
		],
		[
			9,
			74
		],
		[
			4,
			74
		],
		[
			74,
			87
		],
		[
			6,
			90
		],
		[
			71,
			94
		],
		[
			6,
			30
		],
		[
			23,
			73
		],
		[
			51,
			53
		],
		[
			66,
			85
		],
		[
			35,
			110
		],
		[
			36,
			65
		],
		[
			3,
			102
		],
		[
			32,
			97
		],
		[
			17,
			92
		],
		[
			14,
			92
		],
		[
			45,
			89
		],
		[
			32,
			51
		],
		[
			32,
			108
		],
		[
			53,
			99
		],
		[
			26,
			84
		],
		[
			7,
			12
		],
		[
			91,
			98
		],
		[
			26,
			76
		],
		[
			59,
			102
		]
	],
	"score": 0.5096153846153846,
	"obtuse num": 0,
	"steiner num": 111
}