{
	"content_type": "CG_SHOP_2025_Solution",
	"instance_uid": "simple-polygon-exterior_20_ff791267",
	"steiner_points_x": [
		"1448816162669794/174633110665",
		"1464001822/201605",
		"227132073346/72426545",
		"350247468994/72426545",
		"2154083/554",
		5472,
		3917,
		"3580104674/433745",
		"74281569011578/20062152965",
		7562,
		"417894673354/58666745",
		7654,
		"3355566899/433745",
		"234149320882/58666745",
		"301490081578/58666745",
		7154,
		"15759342766/2013085",
		"7221345428/1935337",
		"10433709387/1973465",
		"350010172274/58666745",
		6851,
		"10538200702/1522681",
		"1920141229436180386/286734562314577",
		"98806/13",
		"3075254302/401725",
		7709,
		7736,
		"279310465700274/34849242025",
		4175,
		"387416411874/72426545",
		4178,
		7260,
		6760
	],
	"steiner_points_y": [
		"564906112818482/174633110665",
		"542596674/201605",
		"252112408208/72426545",
		"319862202782/72426545",
		"1914243/554",
		3297,
		3323,
		"1509663937/433745",
		"152179564705843/40124305930",
		3030,
		"78940105952/58666745",
		3396,
		"1470914737/433745",
		"58397896946/58666745",
		"65926402904/58666745",
		1659,
		"6349414298/2013085",
		"5033419753/1935337",
		"4815203716/1973465",
		"71350811362/58666745",
		2732,
		"99623593877/19794853",
		"1559919468472665089/286734562314577",
		"63809/13",
		"1929909511/401725",
		4892,
		4791,
		"169580964836427/34849242025",
		2549,
		"340316088597/72426545",
		2576,
		3413,
		3828
	],
	"edges": [
		[
			37,
			48
		],
		[
			33,
			48
		],
		[
			33,
			37
		],
		[
			18,
			44
		],
		[
			44,
			46
		],
		[
			18,
			46
		],
		[
			21,
			40
		],
		[
			13,
			40
		],
		[
			18,
			31
		],
		[
			17,
			31
		],
		[
			41,
			43
		],
		[
			41,
			49
		],
		[
			1,
			49
		],
		[
			8,
			25
		],
		[
			7,
			25
		],
		[
			27,
			46
		],
		[
			46,
			47
		],
		[
			11,
			25
		],
		[
			8,
			11
		],
		[
			38,
			50
		],
		[
			38,
			48
		],
		[
			48,
			50
		],
		[
			43,
			44
		],
		[
			19,
			44
		],
		[
			19,
			41
		],
		[
			11,
			35
		],
		[
			10,
			35
		],
		[
			9,
			33
		],
		[
			9,
			34
		],
		[
			37,
			50
		],
		[
			7,
			50
		],
		[
			29,
			36
		],
		[
			15,
			29
		],
		[
			35,
			40
		],
		[
			21,
			35
		],
		[
			9,
			48
		],
		[
			16,
			29
		],
		[
			31,
			46
		],
		[
			32,
			46
		],
		[
			31,
			32
		],
		[
			17,
			29
		],
		[
			3,
			49
		],
		[
			3,
			23
		],
		[
			43,
			45
		],
		[
			0,
			45
		],
		[
			20,
			36
		],
		[
			41,
			42
		],
		[
			18,
			51
		],
		[
			19,
			51
		],
		[
			12,
			40
		],
		[
			4,
			28
		],
		[
			4,
			22
		],
		[
			10,
			38
		],
		[
			15,
			27
		],
		[
			15,
			32
		],
		[
			27,
			32
		],
		[
			13,
			29
		],
		[
			21,
			29
		],
		[
			24,
			26
		],
		[
			3,
			26
		],
		[
			11,
			40
		],
		[
			14,
			29
		],
		[
			8,
			50
		],
		[
			17,
			51
		],
		[
			29,
			51
		],
		[
			11,
			38
		],
		[
			44,
			45
		],
		[
			16,
			32
		],
		[
			12,
			52
		],
		[
			13,
			52
		],
		[
			16,
			31
		],
		[
			19,
			52
		],
		[
			41,
			52
		],
		[
			45,
			47
		],
		[
			4,
			6
		],
		[
			4,
			37
		],
		[
			1,
			12
		],
		[
			2,
			12
		],
		[
			13,
			51
		],
		[
			14,
			35
		],
		[
			1,
			52
		],
		[
			51,
			52
		],
		[
			30,
			35
		],
		[
			10,
			30
		],
		[
			26,
			37
		],
		[
			7,
			26
		],
		[
			45,
			46
		],
		[
			10,
			39
		],
		[
			27,
			36
		],
		[
			24,
			28
		],
		[
			23,
			24
		],
		[
			9,
			39
		],
		[
			2,
			49
		],
		[
			3,
			7
		],
		[
			3,
			25
		],
		[
			12,
			25
		],
		[
			4,
			26
		],
		[
			2,
			25
		]
	],
	"score": 0.5147058823529411,
	"obtuse num": 0,
	"steiner num": 53
}