{
	"content_type": "CG_SHOP_2025_Solution",
	"instance_uid": "simple-polygon-exterior-20_10_ce9152de",
	"steiner_points_x": [
		"2482247061/812410",
		"18438081184/7455661",
		"12339328552/7455661",
		"169417091/190313",
		"1246178903677916/1418909211893",
		"4728042058611667/2837818423786",
		2606,
		2705,
		890,
		903,
		1723,
		"19297979044/7455661"
	],
	"steiner_points_y": [
		"988360417/812410",
		"10377280542/7455661",
		"9369877082/7455661",
		"201003614/190313",
		"1601153255149616/1418909211893",
		"3172658316977807/2837818423786",
		1219,
		1233,
		977,
		978,
		412,
		"10519320092/7455661"
	],
	"edges": [
		[
			5,
			13
		],
		[
			13,
			18
		],
		[
			5,
			18
		],
		[
			10,
			17
		],
		[
			9,
			17
		],
		[
			9,
			10
		],
		[
			13,
			15
		],
		[
			12,
			13
		],
		[
			12,
			15
		],
		[
			1,
			20
		],
		[
			6,
			20
		],
		[
			1,
			6
		],
		[
			1,
			16
		],
		[
			16,
			17
		],
		[
			1,
			17
		],
		[
			7,
			8
		],
		[
			8,
			16
		],
		[
			7,
			16
		],
		[
			4,
			18
		],
		[
			3,
			18
		],
		[
			3,
			4
		],
		[
			6,
			15
		],
		[
			15,
			20
		],
		[
			6,
			12
		],
		[
			7,
			21
		],
		[
			7,
			11
		],
		[
			11,
			21
		],
		[
			19,
			20
		],
		[
			15,
			19
		],
		[
			3,
			20
		],
		[
			2,
			20
		],
		[
			2,
			3
		],
		[
			6,
			16
		],
		[
			8,
			17
		],
		[
			13,
			19
		],
		[
			18,
			19
		],
		[
			3,
			19
		],
		[
			6,
			7
		],
		[
			13,
			14
		],
		[
			12,
			14
		],
		[
			5,
			14
		],
		[
			4,
			5
		],
		[
			1,
			2
		],
		[
			8,
			9
		],
		[
			8,
			21
		],
		[
			9,
			21
		],
		[
			6,
			11
		],
		[
			1,
			10
		],
		[
			0,
			10
		],
		[
			0,
			1
		],
		[
			11,
			12
		]
	],
	"score": 0.5384615384615384,
	"obtuse num": 0,
	"steiner num": 22
}