{
	"content_type": "CG_SHOP_2025_Solution",
	"instance_uid": "simple-polygon_20_35585ee3",
	"steiner_points_x": [
		"6354775/949",
		6846,
		8151,
		1635,
		"31860924/54517",
		4124,
		706,
		"83149796/19609"
	],
	"steiner_points_y": [
		"316365/949",
		975,
		5402,
		5866,
		"328226716/54517",
		5196,
		1885,
		"99701844/19609"
	],
	"edges": [
		[
			11,
			26
		],
		[
			12,
			26
		],
		[
			11,
			12
		],
		[
			25,
			26
		],
		[
			23,
			26
		],
		[
			23,
			25
		],
		[
			7,
			25
		],
		[
			8,
			25
		],
		[
			7,
			8
		],
		[
			0,
			21
		],
		[
			15,
			21
		],
		[
			0,
			15
		],
		[
			20,
			21
		],
		[
			19,
			20
		],
		[
			19,
			21
		],
		[
			5,
			22
		],
		[
			6,
			22
		],
		[
			5,
			6
		],
		[
			10,
			26
		],
		[
			10,
			11
		],
		[
			23,
			24
		],
		[
			10,
			23
		],
		[
			10,
			24
		],
		[
			12,
			25
		],
		[
			9,
			23
		],
		[
			9,
			24
		],
		[
			8,
			23
		],
		[
			2,
			15
		],
		[
			1,
			2
		],
		[
			1,
			15
		],
		[
			0,
			1
		],
		[
			6,
			13
		],
		[
			7,
			13
		],
		[
			6,
			7
		],
		[
			3,
			22
		],
		[
			4,
			22
		],
		[
			3,
			4
		],
		[
			13,
			14
		],
		[
			13,
			22
		],
		[
			14,
			22
		],
		[
			8,
			9
		],
		[
			16,
			21
		],
		[
			18,
			21
		],
		[
			16,
			18
		],
		[
			25,
			27
		],
		[
			12,
			27
		],
		[
			0,
			20
		],
		[
			2,
			14
		],
		[
			3,
			14
		],
		[
			2,
			3
		],
		[
			13,
			25
		],
		[
			4,
			5
		],
		[
			13,
			27
		],
		[
			16,
			17
		],
		[
			17,
			18
		],
		[
			14,
			15
		],
		[
			15,
			16
		],
		[
			18,
			19
		]
	],
	"score": 0.5555555555555556,
	"obtuse num": 0,
	"steiner num": 28
}