{
	"content_type": "CG_SHOP_2025_Solution",
	"instance_uid": "simple-polygon-exterior_20_7520a1da",
	"steiner_points_x": [
		"96563344/580297",
		"37620586/82949",
		1672,
		"1387368629/377045",
		"1509629919/1205441",
		1254,
		"215703287/429013",
		"16657945331941091583/12647649490761061",
		"5813767495/2456581",
		2926,
		3197,
		3108,
		"2650007547/782801",
		"2699341607/1451441",
		"79260378469007/42673816841",
		"252803649/84461"
	],
	"steiner_points_y": [
		"370359728/580297",
		"516871459/497694",
		1388,
		"446861818/377045",
		"253288310/1205441",
		238,
		"432555938/429013",
		"5217961061033937875/25295298981522122",
		"4146149321/2456581",
		581,
		1019,
		525,
		"258163723/782801",
		"311949175/1451441",
		"7435484251615/42673816841",
		"14025964/84461"
	],
	"edges": [
		[
			16,
			22
		],
		[
			17,
			22
		],
		[
			1,
			4
		],
		[
			1,
			3
		],
		[
			6,
			29
		],
		[
			29,
			31
		],
		[
			6,
			31
		],
		[
			10,
			25
		],
		[
			24,
			25
		],
		[
			13,
			22
		],
		[
			14,
			22
		],
		[
			10,
			12
		],
		[
			5,
			31
		],
		[
			4,
			31
		],
		[
			0,
			23
		],
		[
			16,
			18
		],
		[
			16,
			30
		],
		[
			18,
			30
		],
		[
			18,
			28
		],
		[
			30,
			31
		],
		[
			4,
			30
		],
		[
			6,
			35
		],
		[
			29,
			30
		],
		[
			14,
			26
		],
		[
			9,
			14
		],
		[
			9,
			26
		],
		[
			8,
			25
		],
		[
			9,
			25
		],
		[
			15,
			22
		],
		[
			0,
			4
		],
		[
			7,
			29
		],
		[
			4,
			32
		],
		[
			8,
			27
		],
		[
			27,
			33
		],
		[
			12,
			21
		],
		[
			12,
			20
		],
		[
			9,
			15
		],
		[
			8,
			15
		],
		[
			21,
			26
		],
		[
			9,
			12
		],
		[
			16,
			29
		],
		[
			33,
			34
		],
		[
			15,
			29
		],
		[
			1,
			23
		],
		[
			19,
			30
		],
		[
			25,
			27
		],
		[
			15,
			33
		],
		[
			7,
			15
		],
		[
			0,
			30
		]
	],
	"score": 0.5294117647058824,
	"obtuse num": 0,
	"steiner num": 36
}